Protein	Protein ID	Entry Name	Gene	Length	Is Decoy	Is Contaminant	Organism	Protein Description	Protein Existence	Coverage	Protein Probability	Top Peptide Probability	Protein Qvalue	Total Peptides	Unique Peptides	Razor Peptides	Total Spectral Count	Unique Spectral Count	Razor Spectral Count	Total Intensity	Unique Intensity	Razor Intensity	Razor Assigned Modifications	Razor Observed Modifications	Indistinguishable Proteins
TraesCS1A03G0046300.1	TraesCS1A03G0046300.1	TraesCS1A03G0046300.1		407	false	false		TraesCS1A03G0046300.1		17.20	1.0000	0.9990	0.00000000000000	4	0	2	6	0	2	     0	     0	     0			TraesCS1A03G0046300.2, TraesCS1B03G0048800.1, TraesCS1D03G0038800.1, TraesCS4A03G0879700.1, TraesCS5B03G1253800.1, TraesCS5D03G1126300.1
TraesCS1A03G0163300.1	TraesCS1A03G0163300.1	TraesCS1A03G0163300.1		503	false	false		TraesCS1A03G0163300.1		8.75	1.0000	0.9990	0.00000000000000	2	0	2	6	0	6	     0	     0	     0			TraesCS1B03G0216400.1, TraesCS1D03G0151500.1
TraesCS1A03G0193000.1	TraesCS1A03G0193000.1	TraesCS1A03G0193000.1		219	false	false		TraesCS1A03G0193000.1		9.13	1.0000	0.9990	0.00000000000000	1	0	1	10	0	10	     0	     0	     0			TraesCS1A03G0193100.1, TraesCS1B03G0260500.1, TraesCS1B03G0260800.1, TraesCS1D03G0185900.1, TraesCS2A03G0085500.1, TraesCS2D03G1120900.1, TraesCS2D03G1120900.2, TraesCS2D03G1314000.1
TraesCS1A03G0194200.1	TraesCS1A03G0194200.1	TraesCS1A03G0194200.1		103	false	false		TraesCS1A03G0194200.1		31.07	1.0000	0.9990	0.00000000000000	1	0	1	3	0	3	     0	     0	     0			TraesCS1A03G0538100.1, TraesCS1A03G0669100.1, TraesCS1A03G0723200.1, TraesCS1A03G0723300.1, TraesCS1A03G0730200.1, TraesCS1A03G0730300.1, TraesCS1A03G0730400.1, TraesCS1A03G0737200.1, TraesCS1A03G0737600.1, TraesCS1A03G0878900.1, TraesCS1A03G0879500.1, TraesCS1A03G0885400.1, TraesCS1B03G0263000.1, TraesCS1B03G0640500.1, TraesCS1B03G0825700.1, TraesCS1B03G0825800.1, TraesCS1B03G0833500.1, TraesCS1B03G0833700.1, TraesCS1B03G0834000.1, TraesCS1B03G0834200.1, TraesCS1B03G0841400.1, TraesCS1B03G1024700.1, TraesCS1B03G1025200.1, TraesCS1B03G1025700.1, TraesCS1B03G1030600.1, TraesCS1B03G1035400.1, TraesCS1D03G0186700.1, TraesCS1D03G0517900.1, TraesCS1D03G0632200.1, TraesCS1D03G0686900.1, TraesCS1D03G0687000.1, TraesCS1D03G0694100.1, TraesCS1D03G0694200.1, TraesCS1D03G0694700.1, TraesCS1D03G0852900.1, TraesCS1D03G0856100.1, TraesCS1D03G0860700.1, TraesCS2A03G0948500.1, TraesCS2A03G0996900.1, TraesCS2A03G0999600.1, TraesCS2A03G0999700.1, TraesCS2A03G1000000.1, TraesCS2A03G1103000.1, TraesCS2B03G1047100.1, TraesCS2B03G1107000.1, TraesCS2B03G1107200.1, TraesCS2B03G1110300.1, TraesCS2B03G1110400.1, TraesCS2B03G1111300.1, TraesCS2B03G1239700.1, TraesCS2B03G1239900.1, TraesCS2D03G0889700.1, TraesCS2D03G0932500.1, TraesCS2D03G0932700.1, TraesCS2D03G0935800.1, TraesCS2D03G0935900.1, TraesCS3A03G0317000.1, TraesCS3A03G0830200.1, TraesCS3A03G0843400.1, TraesCS3B03G0400200.1, TraesCS3B03G0950800.1, TraesCS3D03G0317600.1, TraesCS3D03G0761600.1, TraesCS3D03G0773600.1, TraesCS4A03G0134300.1, TraesCS4B03G0617600.1, TraesCS4B03G0911400.1, TraesCS4D03G0545600.1, TraesCS4D03G0801800.1, TraesCS5A03G0559600.1, TraesCS5A03G0728100.1, TraesCS5A03G0835700.1, TraesCS5A03G0835900.1, TraesCS5A03G0837900.1, TraesCS5A03G0850500.1, TraesCS5B03G0570000.1, TraesCS5B03G0772400.1, TraesCS5B03G0873500.1, TraesCS5B03G0873600.1, TraesCS5B03G0873700.1, TraesCS5B03G0875800.1, TraesCS5B03G0893500.1, TraesCS5D03G0523600.1, TraesCS5D03G0525200.1, TraesCS5D03G0699000.1, TraesCS5D03G0798600.1, TraesCS5D03G0798700.1, TraesCS5D03G0800200.1, TraesCS5D03G0812600.1, TraesCS6A03G0122000.1, TraesCS6A03G0122300.1, TraesCS6A03G0123400LC.1, TraesCS6A03G0124300.1, TraesCS6A03G0132700.1, TraesCS6A03G0137900.1, TraesCS6A03G0138400.1, TraesCS6A03G0140800.1, TraesCS6A03G0141200.1, TraesCS6A03G0170500.1, TraesCS6A03G0175500.1, TraesCS6A03G0700000.1, TraesCS6B03G0173000.1, TraesCS6B03G0184300.1, TraesCS6B03G0184700.1, TraesCS6B03G0185000.1, TraesCS6B03G0185400.1, TraesCS6B03G0186000.1, TraesCS6B03G0186600.1, TraesCS6B03G0193700.1, TraesCS6B03G0194200.1, TraesCS6B03G0196400.1, TraesCS6B03G0199400.1, TraesCS6B03G0199900.1, TraesCS6B03G0237000.1, TraesCS6B03G0832000.1, TraesCS6B03G1142800.1, TraesCS6D03G0130300.1, TraesCS6D03G0131000.1, TraesCS6D03G0132400.1, TraesCS6D03G0133500.1, TraesCS6D03G0588900.1, TraesCS7A03G0418000.1, TraesCS7A03G1052900.1, TraesCS7A03G1053000.1, TraesCS7A03G1053300.1, TraesCS7B03G0898700.1, TraesCS7D03G0407000.1, TraesCSU03G0110400.1, TraesCSU03G0110600.1, TraesCSU03G0237200.1
TraesCS1A03G0233900.1	TraesCS1A03G0233900.1	TraesCS1A03G0233900.1		534	false	false		TraesCS1A03G0233900.1		14.23	1.0000	0.9990	0.00000000000000	2	0	2	4	0	4	     0	     0	     0			TraesCS1B03G0344200.1, TraesCS1D03G0251200.1
TraesCS1A03G0235000.1	TraesCS1A03G0235000.1	TraesCS1A03G0235000.1		367	false	false		TraesCS1A03G0235000.1		17.98	1.0000	0.9990	0.00000000000000	2	0	2	5	0	5	     0	     0	     0			TraesCS1B03G0343800.1, TraesCS1D03G0251500.1
TraesCS1A03G0255900.1	TraesCS1A03G0255900.1	TraesCS1A03G0255900.1		502	false	false		TraesCS1A03G0255900.1		6.97	1.0000	0.9990	0.00000000000000	2	0	2	6	0	6	     0	     0	     0	11M(15.9949), 12M(15.9949)		TraesCS1B03G0356800.1, TraesCS1D03G0258100.1
TraesCS1A03G0302700.1	TraesCS1A03G0302700.1	TraesCS1A03G0302700.1		570	false	false		TraesCS1A03G0302700.1		7.54	1.0000	0.9990	0.00000000000000	2	0	2	6	0	6	     0	     0	     0	5M(15.9949)		TraesCS1B03G0387000.1, TraesCS1B03G0387000.2, TraesCS1D03G0293000.1, TraesCS1D03G0293000.2
TraesCS1A03G0339400.1	TraesCS1A03G0339400.1	TraesCS1A03G0339400.1		673	false	false		TraesCS1A03G0339400.1		6.39	1.0000	0.9990	0.00000000000000	2	0	2	2	0	2	     0	     0	     0	7M(15.9949)		TraesCS1A03G0339400.2
TraesCS1A03G0370700.1	TraesCS1A03G0370700.1	TraesCS1A03G0370700.1		326	false	false		TraesCS1A03G0370700.1		11.96	1.0000	0.9990	0.00000000000000	2	0	2	7	0	7	     0	     0	     0			TraesCS1B03G0413600.2, TraesCS1D03G0322500.1
TraesCS1A03G0428400.1	TraesCS1A03G0428400.1	TraesCS1A03G0428400.1		889	false	false		TraesCS1A03G0428400.1		9.34	1.0000	0.9990	0.00000000000000	3	0	3	9	0	9	     0	     0	     0	N-term(42.0106)		TraesCS1B03G0517800.1, TraesCS1D03G0404500.1
TraesCS1A03G0450000.1	TraesCS1A03G0450000.1	TraesCS1A03G0450000.1		1027	false	false		TraesCS1A03G0450000.1		10.03	1.0000	0.9990	0.00000000000000	5	1	5	6	1	6	     0	     0	     0	12M(15.9949), 14M(15.9949)		
TraesCS1A03G0510800.1	TraesCS1A03G0510800.1	TraesCS1A03G0510800.1		140	false	false		TraesCS1A03G0510800.1		33.57	1.0000	0.9990	0.00000000000000	3	0	2	8	0	6	     0	     0	     0	2M(15.9949)		TraesCS1A03G0595600.1, TraesCS1A03G0596300.1, TraesCS1B03G0566900.1, TraesCS1B03G0694300.1, TraesCS1B03G0694900.1, TraesCS1D03G0571600.1, TraesCS2A03G0776000.1, TraesCS2D03G0716000.1, TraesCS3A03G0196000.1, TraesCS3B03G0239100LC.1, TraesCS3D03G0175700.1, TraesCS4A03G0057500.1, TraesCS4A03G0057600.1, TraesCS4A03G0206500.1, TraesCS4A03G0678100.1, TraesCS4B03G0117000.1, TraesCS4B03G0568700.1, TraesCS4B03G0730900.1, TraesCS4D03G0099200.1, TraesCS4D03G0502300.1, TraesCS4D03G0648900LC.1, TraesCS5A03G0921200.1, TraesCS5B03G0973100.1, TraesCS5D03G0043400.1, TraesCS5D03G0881000.1
TraesCS1A03G0514700.1	TraesCS1A03G0514700.1	TraesCS1A03G0514700.1		387	false	false		TraesCS1A03G0514700.1		14.99	1.0000	0.9987	0.00000000000000	3	0	3	6	0	6	     0	     0	     0	N-term(42.0106)		TraesCS1D03G0499400.1
TraesCS1A03G0538900.2	TraesCS1A03G0538900.2	TraesCS1A03G0538900.2		730	false	false		TraesCS1A03G0538900.2		13.42	1.0000	0.9990	0.00000000000000	4	0	4	4	0	4	     0	     0	     0			TraesCS1A03G0538900.3, TraesCS1B03G0627800.3, TraesCS1D03G0518700.1
TraesCS1A03G0572400.1	TraesCS1A03G0572400.1	TraesCS1A03G0572400.1		150	false	false		TraesCS1A03G0572400.1		38.00	1.0000	0.9988	0.00000000000000	3	0	3	3	0	3	     0	     0	     0	N-term(42.0106)		TraesCS1B03G0662300.1
TraesCS1A03G0578300.1	TraesCS1A03G0578300.1	TraesCS1A03G0578300.1		583	false	false		TraesCS1A03G0578300.1		5.32	1.0000	0.9990	0.00000000000000	2	0	2	4	0	4	     0	     0	     0			TraesCS1A03G0578300.2, TraesCS3A03G0339000.1, TraesCS3A03G0339000.2
TraesCS1A03G0585700.1	TraesCS1A03G0585700.1	TraesCS1A03G0585700.1		222	false	false		TraesCS1A03G0585700.1		21.17	1.0000	0.9990	0.00000000000000	2	0	2	3	0	3	     0	     0	     0	N-term(42.0106)		TraesCS1D03G0556800.1
TraesCS1A03G0628200LC.1	TraesCS1A03G0628200LC.1	TraesCS1A03G0628200LC.1		321	false	false		TraesCS1A03G0628200LC.1		14.33	1.0000	0.9990	0.00000000000000	2	0	2	2	0	2	     0	     0	     0	32M(15.9949), 33M(15.9949)		TraesCS1B03G0717200.1, TraesCS1D03G0589600.1
TraesCS1A03G0652200.1	TraesCS1A03G0652200.1	TraesCS1A03G0652200.1		879	false	false		TraesCS1A03G0652200.1		7.05	1.0000	0.9990	0.00000000000000	2	0	2	3	0	3	     0	     0	     0			TraesCS1A03G0652200.2, TraesCS1A03G0652400.1, TraesCS1A03G0652400.2, TraesCS1A03G0652400.3, TraesCS1B03G0741000.1, TraesCS1B03G0741000.2, TraesCS1B03G0741000.3, TraesCS1D03G0610200.1, TraesCS1D03G0610200.2
TraesCS1A03G0663000.1	TraesCS1A03G0663000.1	TraesCS1A03G0663000.1		445	false	false		TraesCS1A03G0663000.1		17.75	1.0000	0.9990	0.00000000000000	5	0	4	8	0	7	     0	     0	     0			TraesCS1A03G0768600.1, TraesCS1B03G0753200.1, TraesCS1B03G0879400.1, TraesCS1D03G0624600.1, TraesCS1D03G0735500.1
TraesCS1A03G0845300.1	TraesCS1A03G0845300.1	TraesCS1A03G0845300.1		507	false	false		TraesCS1A03G0845300.1		5.33	1.0000	0.9990	0.00000000000000	2	0	2	3	0	3	     0	     0	     0			TraesCS1A03G0845300.2, TraesCS1B03G0971600.1, TraesCS1D03G0813500.1
TraesCS1A03G0858500.1	TraesCS1A03G0858500.1	TraesCS1A03G0858500.1		428	false	false		TraesCS1A03G0858500.1		10.28	1.0000	0.9990	0.00000000000000	2	0	2	10	0	10	     0	     0	     0	21M(15.9949), 22M(15.9949)		TraesCS1A03G0858500.2, TraesCS1A03G0858500.3, TraesCS1A03G0858500.4, TraesCS1B03G0994700.1, TraesCS1B03G0994700.2, TraesCS1B03G0994700.3, TraesCS1B03G0994700.4, TraesCS1D03G0830200.1, TraesCS1D03G0830200.2, TraesCS1D03G0830200.3, TraesCS1D03G0830200.4, TraesCS1D03G0830200.5, TraesCS4A03G0673100.1, TraesCS4B03G0123900.1, TraesCS4B03G0123900.2, TraesCS4D03G0105300.1
TraesCS1A03G0874200LC.1	TraesCS1A03G0874200LC.1	TraesCS1A03G0874200LC.1		275	false	false		TraesCS1A03G0874200LC.1		24.36	1.0000	0.9990	0.00000000000000	3	1	3	5	2	5	     0	     0	     0			
TraesCS1A03G0893900.1	TraesCS1A03G0893900.1	TraesCS1A03G0893900.1		153	false	false		TraesCS1A03G0893900.1		41.18	1.0000	0.9990	0.00000000000000	4	0	4	13	0	13	     0	     0	     0	2M(15.9949), 5M(15.9949), N-term(42.0106)		TraesCS1A03G0894000.1, TraesCS1B03G1030100.1, TraesCS1B03G1049800.1, TraesCS1B03G1050300.1, TraesCS1B03G1050500.1, TraesCS1B03G1050700.1, TraesCS1D03G0855800.1, TraesCS1D03G0870400.1, TraesCS1D03G0870500.1
TraesCS1A03G0913900.1	TraesCS1A03G0913900.1	TraesCS1A03G0913900.1		335	false	false		TraesCS1A03G0913900.1		9.25	1.0000	0.9990	0.00000000000000	2	2	2	2	2	2	     0	     0	     0			
TraesCS1A03G0915700.1	TraesCS1A03G0915700.1	TraesCS1A03G0915700.1		553	false	false		TraesCS1A03G0915700.1		28.75	1.0000	0.9990	0.00000000000000	9	0	9	22	0	22	     0	     0	     0	9M(15.9949)		TraesCS1B03G1079500.2, TraesCS1D03G0895200LC.1
TraesCS1A03G0930100LC.1	TraesCS1A03G0930100LC.1	TraesCS1A03G0930100LC.1		353	false	false		TraesCS1A03G0930100LC.1		23.80	1.0000	0.9990	0.00000000000000	6	0	6	15	0	15	     0	     0	     0	3M(15.9949), 9M(15.9949)		TraesCS2D03G0040800.1
TraesCS1A03G0931600LC.1	TraesCS1A03G0931600LC.1	TraesCS1A03G0931600LC.1		320	false	false		TraesCS1A03G0931600LC.1		18.12	1.0000	0.9990	0.00000000000000	3	0	3	7	0	7	     0	     0	     0			TraesCS1B03G1090900LC.1, TraesCS2D03G0133300LC.1, TraesCS3B03G0446700LC.1, TraesCS3D03G0096900.1, TraesCS5D03G0936100.1
TraesCS1A03G0934000LC.1	TraesCS1A03G0934000LC.1	TraesCS1A03G0934000LC.1		734	false	false		TraesCS1A03G0934000LC.1		5.31	1.0000	0.9990	0.00000000000000	2	0	2	4	0	4	     0	     0	     0			TraesCS1B03G1090500LC.1, TraesCS1D03G0466000.1, TraesCS5D03G1016100LC.1, TraesCS7B03G1065900LC.1
TraesCS1A03G0934200LC.1	TraesCS1A03G0934200LC.1	TraesCS1A03G0934200LC.1		227	false	false		TraesCS1A03G0934200LC.1		24.23	1.0000	0.9990	0.00000000000000	3	0	3	4	0	4	     0	     0	     0			TraesCS1D03G0462000.1, TraesCS4A03G0391100LC.1, TraesCSU03G0199700LC.1
TraesCS1A03G0956200.1	TraesCS1A03G0956200.1	TraesCS1A03G0956200.1		153	false	false		TraesCS1A03G0956200.1		12.42	1.0000	0.9990	0.00000000000000	1	0	1	5	0	5	     0	     0	     0	18M(15.9949)		TraesCS1D03G0931800.1, TraesCS3A03G0689600.1, TraesCS3B03G0784900.1, TraesCS3D03G0626700.1, TraesCS5A03G0480900.1, TraesCS5B03G0079300LC.1, TraesCS5B03G0479800.2, TraesCS5D03G0444000.2
TraesCS1A03G0982700.1	TraesCS1A03G0982700.1	TraesCS1A03G0982700.1		378	false	false		TraesCS1A03G0982700.1		16.93	1.0000	0.9990	0.00000000000000	4	0	4	11	0	11	     0	     0	     0	N-term(42.0106)		TraesCS1B03G1166600.1, TraesCS1D03G0951700.1
TraesCS1A03G0986900.1	TraesCS1A03G0986900.1	TraesCS1A03G0986900.1		266	false	false		TraesCS1A03G0986900.1		42.48	1.0000	0.9990	0.00000000000000	3	0	3	27	0	27	     0	     0	     0	18M(15.9949)		TraesCS1B03G1169100.1, TraesCS1D03G0954200.1
TraesCS1A03G0988100.1	TraesCS1A03G0988100.1	TraesCS1A03G0988100.1		266	false	false		TraesCS1A03G0988100.1		27.82	1.0000	0.9990	0.00000000000000	2	0	2	17	0	17	     0	     0	     0			TraesCS1B03G1170500.1, TraesCS1D03G0873500.1, TraesCS1D03G0954900.1, TraesCS5B03G1135300.1, TraesCS5B03G1135900.1, TraesCS5D03G1027800.1, TraesCS5D03G1028000.1, TraesCS6A03G0216400.1, TraesCS7B03G0270500.1, TraesCS7B03G0270600.1, TraesCS7D03G0445500.1
TraesCS1A03G0990000.1	TraesCS1A03G0990000.1	TraesCS1A03G0990000.1		509	false	false		TraesCS1A03G0990000.1		12.77	1.0000	0.9990	0.00000000000000	3	0	3	4	0	4	     0	     0	     0	3M(15.9949), 8M(15.9949)		TraesCS1B03G1171700.1, TraesCS1D03G0956000.2
TraesCS1A03G1011400.1	TraesCS1A03G1011400.1	TraesCS1A03G1011400.1		244	false	false		TraesCS1A03G1011400.1		27.46	1.0000	0.9990	0.00000000000000	2	0	2	3	0	3	     0	     0	     0			TraesCS7A03G0196800.1
TraesCS1A03G1024400.1	TraesCS1A03G1024400.1	TraesCS1A03G1024400.1		522	false	false		TraesCS1A03G1024400.1		8.81	1.0000	0.9990	0.00000000000000	2	0	2	2	0	2	     0	     0	     0			TraesCS1A03G1024400.2, TraesCS1B03G1206000.1, TraesCS1B03G1206000.2, TraesCS1D03G0983500.1, TraesCS1D03G0983500.2
TraesCS1B03G0109500.1	TraesCS1B03G0109500.1	TraesCS1B03G0109500.1		154	false	false		TraesCS1B03G0109500.1		27.92	1.0000	0.9990	0.00000000000000	4	0	4	5	0	5	     0	     0	     0			TraesCS1B03G0109700.1
TraesCS1B03G0275700.1	TraesCS1B03G0275700.1	TraesCS1B03G0275700.1		482	false	false		TraesCS1B03G0275700.1		9.13	1.0000	0.9990	0.00000000000000	2	0	2	3	0	3	     0	     0	     0			TraesCS1D03G0200400.1
TraesCS1B03G0509100.1	TraesCS1B03G0509100.1	TraesCS1B03G0509100.1		333	false	false		TraesCS1B03G0509100.1		17.12	1.0000	0.9990	0.00000000000000	4	0	3	8	0	5	     0	     0	     0			
TraesCS1B03G0725800.1	TraesCS1B03G0725800.1	TraesCS1B03G0725800.1		522	false	false		TraesCS1B03G0725800.1		11.49	1.0000	0.9990	0.00000000000000	2	0	2	5	0	5	     0	     0	     0	5M(15.9949)		TraesCS1B03G0725800.2, TraesCS1D03G0597400.1, TraesCS1D03G0597400.2, TraesCS1D03G0597400.3
TraesCS1B03G0892400.1	TraesCS1B03G0892400.1	TraesCS1B03G0892400.1		568	false	false		TraesCS1B03G0892400.1		31.34	1.0000	0.9990	0.00000000000000	10	0	10	31	0	31	     0	     0	     0	20M(15.9949), 37M(15.9949)		TraesCS1D03G0745400.1
TraesCS1B03G1002400.1	TraesCS1B03G1002400.1	TraesCS1B03G1002400.1		376	false	false		TraesCS1B03G1002400.1		6.12	1.0000	0.9990	0.00000000000000	1	0	1	3	0	3	     0	     0	     0	N-term(42.0106)		TraesCS1D03G0836200.1
TraesCS1B03G1018900.1	TraesCS1B03G1018900.1	TraesCS1B03G1018900.1		288	false	false		TraesCS1B03G1018900.1		23.26	1.0000	0.9990	0.00000000000000	3	0	1	5	0	2	     0	     0	     0			TraesCS1D03G0848600.1
TraesCS1B03G1190400.1	TraesCS1B03G1190400.1	TraesCS1B03G1190400.1		341	false	false		TraesCS1B03G1190400.1		32.55	1.0000	0.9990	0.00000000000000	5	0	5	11	0	11	     0	     0	     0	7M(15.9949)		TraesCS1D03G0971000.1
TraesCS1B03G1209500.1	TraesCS1B03G1209500.1	TraesCS1B03G1209500.1		268	false	false		TraesCS1B03G1209500.1		27.24	1.0000	0.9990	0.00000000000000	2	0	2	6	0	6	     0	     0	     0			TraesCS1D03G0985100.1, TraesCS2A03G0430100.1
TraesCS1B03G1246000LC.1	TraesCS1B03G1246000LC.1	TraesCS1B03G1246000LC.1		214	false	false		TraesCS1B03G1246000LC.1		28.50	1.0000	0.9990	0.00000000000000	3	0	3	29	0	29	     0	     0	     0	12M(15.9949), 16M(15.9949), 7M(15.9949), 8M(15.9949)		TraesCS5A03G0857500LC.1, TraesCS5B03G0133500LC.1, TraesCS5D03G0464500LC.1, TraesCS5D03G1016000.1
TraesCS1D03G0096400.1	TraesCS1D03G0096400.1	TraesCS1D03G0096400.1		358	false	false		TraesCS1D03G0096400.1		27.09	1.0000	0.9990	0.00000000000000	5	2	5	16	3	16	     0	     0	     0	17M(15.9949), 7M(15.9949)		
TraesCS1D03G0096500LC.1	TraesCS1D03G0096500LC.1	TraesCS1D03G0096500LC.1		196	false	false		TraesCS1D03G0096500LC.1		48.47	1.0000	0.9990	0.00000000000000	4	0	4	8	0	8	     0	     0	     0			
TraesCS1D03G0221100.1	TraesCS1D03G0221100.1	TraesCS1D03G0221100.1		566	false	false		TraesCS1D03G0221100.1		7.95	1.0000	0.9990	0.00000000000000	2	0	2	3	0	3	     0	     0	     0	N-term(42.0106)		
TraesCS1D03G0339900.1	TraesCS1D03G0339900.1	TraesCS1D03G0339900.1		341	false	false		TraesCS1D03G0339900.1		30.21	1.0000	0.9990	0.00000000000000	4	0	1	42	0	6	     0	     0	     0			
TraesCS1D03G0398800.1	TraesCS1D03G0398800.1	TraesCS1D03G0398800.1		333	false	false		TraesCS1D03G0398800.1		17.12	1.0000	0.9990	0.00000000000000	4	2	2	8	2	2	     0	     0	     0			
TraesCS1D03G0426100.1	TraesCS1D03G0426100.1	TraesCS1D03G0426100.1		225	false	false		TraesCS1D03G0426100.1		34.22	1.0000	0.9990	0.00000000000000	4	1	4	5	2	5	     0	     0	     0			
TraesCS1D03G0463200LC.1	TraesCS1D03G0463200LC.1	TraesCS1D03G0463200LC.1		285	false	false		TraesCS1D03G0463200LC.1		29.12	1.0000	0.9990	0.00000000000000	5	0	5	35	0	35	     0	     0	     0	12M(15.9949), 13M(15.9949), 5M(15.9949), 6M(15.9949)		TraesCS5D03G1011800LC.1
TraesCS1D03G0467500LC.1	TraesCS1D03G0467500LC.1	TraesCS1D03G0467500LC.1		177	false	false		TraesCS1D03G0467500LC.1		48.02	1.0000	0.9990	0.00000000000000	4	1	1	15	9	9	     0	     0	     0	11M(15.9949), 27M(15.9949)		
TraesCS1D03G0493900.1	TraesCS1D03G0493900.1	TraesCS1D03G0493900.1		528	false	false		TraesCS1D03G0493900.1		14.58	1.0000	0.9990	0.00000000000000	4	0	4	10	0	10	     0	     0	     0	12M(15.9949), 1M(15.9949)		TraesCS5A03G0048000.1, TraesCS6A03G0392200.1, TraesCS7A03G0228700.1, TraesCS7A03G0231600.1, TraesCS7B03G1347300LC.1
TraesCS1D03G0645100.1	TraesCS1D03G0645100.1	TraesCS1D03G0645100.1		310	false	false		TraesCS1D03G0645100.1		22.90	1.0000	0.9988	0.00000000000000	2	0	2	6	0	6	     0	     0	     0			
TraesCS1D03G0777300.1	TraesCS1D03G0777300.1	TraesCS1D03G0777300.1		126	false	false		TraesCS1D03G0777300.1		30.16	1.0000	0.9990	0.00000000000000	2	2	2	7	7	7	     0	     0	     0	28M(15.9949), N-term(42.0106)		
TraesCS1D03G0811100.1	TraesCS1D03G0811100.1	TraesCS1D03G0811100.1		447	false	false		TraesCS1D03G0811100.1		12.53	1.0000	0.9990	0.00000000000000	3	2	3	4	3	4	     0	     0	     0	N-term(42.0106)		
TraesCS2A03G0071800.1	TraesCS2A03G0071800.1	TraesCS2A03G0071800.1		248	false	false		TraesCS2A03G0071800.1		11.29	1.0000	0.9990	0.00000000000000	2	0	2	4	0	4	     0	     0	     0			TraesCS2B03G0106500.1, TraesCS2D03G0067000.1, TraesCS6A03G0134800LC.1
TraesCS2A03G0131600.1	TraesCS2A03G0131600.1	TraesCS2A03G0131600.1		174	false	false		TraesCS2A03G0131600.1		14.37	1.0000	0.9990	0.00000000000000	2	0	2	5	0	5	     0	     0	     0			TraesCS2A03G0131700.1, TraesCS2A03G0131800.1, TraesCS2A03G0131900.1, TraesCS2A03G0132000.1, TraesCS2A03G0132100.1, TraesCS2A03G0132200.1, TraesCS2B03G0178600.1, TraesCS2B03G0178600.2, TraesCS2B03G0178600.3, TraesCS2B03G0178800.1, TraesCS2B03G0178800.2, TraesCS2B03G0179100.1, TraesCS2B03G0179200.1, TraesCS2B03G0179200.2, TraesCS2B03G0179300.1, TraesCS2B03G0179600.1, TraesCS2D03G0128700.1, TraesCS2D03G0128800.1, TraesCS2D03G0128900.1, TraesCS2D03G0129100.1, TraesCS2D03G0129200.1, TraesCS2D03G0129300.1, TraesCS5A03G0447800.1, TraesCS5A03G0447800.2, TraesCS5A03G0448500.1, TraesCS5B03G0441800.1, TraesCS5B03G0441800.2, TraesCS5B03G0442000.1, TraesCS5D03G0413700.1, TraesCS5D03G0413700.2, TraesCS5D03G0414200.1, TraesCS5D03G0414200.2
TraesCS2A03G0160200.1	TraesCS2A03G0160200.1	TraesCS2A03G0160200.1		408	false	false		TraesCS2A03G0160200.1		9.07	1.0000	0.9990	0.00000000000000	2	0	2	4	0	4	     0	     0	     0			TraesCS2B03G0223300.1, TraesCS2D03G0157900.1
TraesCS2A03G0181000.1	TraesCS2A03G0181000.1	TraesCS2A03G0181000.1		449	false	false		TraesCS2A03G0181000.1		22.49	1.0000	0.9990	0.00000000000000	5	0	5	6	0	6	     0	     0	     0			TraesCS2B03G0247700.1, TraesCS2D03G0175400.1
TraesCS2A03G0192600.1	TraesCS2A03G0192600.1	TraesCS2A03G0192600.1		211	false	false		TraesCS2A03G0192600.1		8.06	1.0000	0.9990	0.00000000000000	1	0	1	6	0	6	     0	     0	     0	13M(15.9949)		TraesCS2A03G0224200.1, TraesCS2B03G0257400.1, TraesCS2B03G0309800.1, TraesCS2D03G0193300.1, TraesCS2D03G0231300.1, TraesCS4A03G0297400.1, TraesCS4D03G0422600.1, TraesCS4D03G0422600.2
TraesCS2A03G0209800.1	TraesCS2A03G0209800.1	TraesCS2A03G0209800.1		373	false	false		TraesCS2A03G0209800.1		12.87	1.0000	0.9990	0.00000000000000	3	0	3	12	0	12	     0	     0	     0			TraesCS2A03G0209800.2, TraesCS2B03G0288900.1, TraesCS2B03G0288900.2, TraesCS2D03G0214800.1, TraesCS2D03G0214800.2
TraesCS2A03G0236400.1	TraesCS2A03G0236400.1	TraesCS2A03G0236400.1		81	false	false		TraesCS2A03G0236400.1		19.75	1.0000	0.9990	0.00000000000000	2	0	2	4	0	4	     0	     0	     0	8M(15.9949), N-term(42.0106)		TraesCS2B03G0125100.1, TraesCS2B03G0326300.1, TraesCS2D03G0242000.1, TraesCS3B03G0078200.1, TraesCS4A03G0308700.1, TraesCS4B03G0030400LC.1, TraesCS4D03G0415800.1, TraesCS6B03G0399600LC.1
TraesCS2A03G0251800.1	TraesCS2A03G0251800.1	TraesCS2A03G0251800.1		333	false	false		TraesCS2A03G0251800.1		9.01	1.0000	0.9981	0.00000000000000	2	0	2	3	0	3	     0	     0	     0	9M(15.9949)		TraesCS2A03G0251800.2, TraesCS2A03G0251800.3, TraesCS2D03G0262900.1
TraesCS2A03G0265600.1	TraesCS2A03G0265600.1	TraesCS2A03G0265600.1		559	false	false		TraesCS2A03G0265600.1		7.87	1.0000	0.9990	0.00000000000000	2	0	2	4	0	4	     0	     0	     0			TraesCS2A03G0265600.2, TraesCS2A03G0265600.3, TraesCS2D03G0275800.1
TraesCS2A03G0267400.1	TraesCS2A03G0267400.1	TraesCS2A03G0267400.1		1606	false	false		TraesCS2A03G0267400.1		11.27	1.0000	0.9990	0.00000000000000	8	0	8	15	0	15	     0	     0	     0	13M(15.9949)		TraesCS2B03G0370500.1
TraesCS2A03G0347900.1	TraesCS2A03G0347900.1	TraesCS2A03G0347900.1		556	false	false		TraesCS2A03G0347900.1		15.11	1.0000	0.9990	0.00000000000000	3	0	3	5	0	5	     0	     0	     0			TraesCS2B03G0467200.1, TraesCS2D03G0365600.1
TraesCS2A03G0354100.2	TraesCS2A03G0354100.2	TraesCS2A03G0354100.2		226	false	false		TraesCS2A03G0354100.2		29.65	1.0000	0.9969	0.00287562904385	2	0	2	4	0	4	     0	     0	     0	N-term(42.0106)		
TraesCS2A03G0388400.1	TraesCS2A03G0388400.1	TraesCS2A03G0388400.1		257	false	false		TraesCS2A03G0388400.1		10.89	1.0000	0.9990	0.00000000000000	2	0	2	5	0	5	     0	     0	     0			TraesCS2B03G0532800.1, TraesCS2D03G0420300.1
TraesCS2A03G0416500.1	TraesCS2A03G0416500.1	TraesCS2A03G0416500.1		335	false	false		TraesCS2A03G0416500.1		13.43	1.0000	0.9990	0.00000000000000	3	0	3	5	0	5	     0	     0	     0			TraesCS2B03G0545900.1
TraesCS2A03G0433700.1	TraesCS2A03G0433700.1	TraesCS2A03G0433700.1		286	false	false		TraesCS2A03G0433700.1		10.14	1.0000	0.9990	0.00000000000000	3	0	3	5	0	5	     0	     0	     0			TraesCS2D03G0438600.1
TraesCS2A03G0460300.1	TraesCS2A03G0460300.1	TraesCS2A03G0460300.1		214	false	false		TraesCS2A03G0460300.1		27.10	1.0000	0.9990	0.00000000000000	4	0	4	37	0	37	     0	     0	     0			TraesCS2B03G0580900.1, TraesCS2D03G0467500.1
TraesCS2A03G0460500.1	TraesCS2A03G0460500.1	TraesCS2A03G0460500.1		503	false	false		TraesCS2A03G0460500.1		7.55	1.0000	0.9990	0.00000000000000	2	0	2	3	0	3	     0	     0	     0			TraesCS2A03G0460500.2, TraesCS2B03G0581100.1, TraesCS2B03G0581100.2, TraesCS2D03G0467600.1, TraesCS2D03G0467600.2, TraesCS2D03G0467600.3
TraesCS2A03G0481600.1	TraesCS2A03G0481600.1	TraesCS2A03G0481600.1		358	false	false		TraesCS2A03G0481600.1		15.08	1.0000	0.9990	0.00000000000000	4	0	4	12	0	12	     0	     0	     0	1M(15.9949)		TraesCS2B03G0600500.1, TraesCS2D03G0485100.1
TraesCS2A03G0588700.1	TraesCS2A03G0588700.1	TraesCS2A03G0588700.1		332	false	false		TraesCS2A03G0588700.1		41.27	1.0000	0.9990	0.00000000000000	7	0	7	19	0	19	     0	     0	     0			TraesCS2A03G0588700.3, TraesCS2B03G0705000.2, TraesCS2D03G0569700.1, TraesCS2D03G0569700.2
TraesCS2A03G0591500.1	TraesCS2A03G0591500.1	TraesCS2A03G0591500.1		1124	false	false		TraesCS2A03G0591500.1		8.01	1.0000	0.9990	0.00000000000000	3	0	3	3	0	3	     0	     0	     0			TraesCS2A03G0591500.2, TraesCS2A03G0591500.3, TraesCS2A03G0591500.4, TraesCS2A03G0591500.5, TraesCS2B03G0677400.1, TraesCS2B03G0677400.2, TraesCS2B03G0677400.3, TraesCS2B03G0677400.4, TraesCS2D03G0571700.1, TraesCS2D03G0571700.2, TraesCS2D03G0571700.3, TraesCS2D03G0571700.4
TraesCS2A03G0603800.1	TraesCS2A03G0603800.1	TraesCS2A03G0603800.1		342	false	false		TraesCS2A03G0603800.1		26.61	1.0000	0.9990	0.00000000000000	3	0	3	6	0	6	     0	     0	     0	12M(15.9949), 3M(15.9949), 6M(15.9949)		TraesCS2A03G0603800.2, TraesCS2B03G0679100.1, TraesCS2B03G0679100.2, TraesCS2D03G0580700.1, TraesCS2D03G0580700.2
TraesCS2A03G0613800.1	TraesCS2A03G0613800.1	TraesCS2A03G0613800.1		209	false	false		TraesCS2A03G0613800.1		58.85	1.0000	0.9990	0.00000000000000	7	0	7	39	0	39	     0	     0	     0			TraesCS2A03G0613800.3, TraesCS2A03G0613800.4, TraesCS2B03G0695000.1, TraesCS2B03G0695000.2, TraesCS2D03G0588300.1
TraesCS2A03G0643800.2	TraesCS2A03G0643800.2	TraesCS2A03G0643800.2		479	false	false		TraesCS2A03G0643800.2		24.43	1.0000	0.9990	0.00000000000000	6	0	6	20	0	20	     0	     0	     0	10M(15.9949), 14M(15.9949), 35M(15.9949), 6M(15.9949)		TraesCS2D03G0605000.2
TraesCS2A03G0705800.1	TraesCS2A03G0705800.1	TraesCS2A03G0705800.1		321	false	false		TraesCS2A03G0705800.1		17.45	1.0000	0.9990	0.00000000000000	3	0	3	3	0	3	     0	     0	     0			TraesCS2D03G0653100.1
TraesCS2A03G0709300.1	TraesCS2A03G0709300.1	TraesCS2A03G0709300.1		1016	false	false		TraesCS2A03G0709300.1		3.64	1.0000	0.9990	0.00000000000000	2	0	2	3	0	3	     0	     0	     0			TraesCS2B03G0788700.1, TraesCS2B03G0788700.2, TraesCS2D03G0656400.1, TraesCS2D03G0656400.2
TraesCS2A03G0715000.1	TraesCS2A03G0715000.1	TraesCS2A03G0715000.1		158	false	false		TraesCS2A03G0715000.1		41.77	1.0000	0.9990	0.00000000000000	2	1	2	2	1	2	     0	     0	     0	4C(57.0214), N-term(42.0106)		
TraesCS2A03G0721300.1	TraesCS2A03G0721300.1	TraesCS2A03G0721300.1		273	false	false		TraesCS2A03G0721300.1		15.02	1.0000	0.9990	0.00000000000000	2	0	2	3	0	3	     0	     0	     0			TraesCS2A03G0721300.2, TraesCS2B03G0797800.1, TraesCS2B03G0797800.2, TraesCS2D03G0665500.1, TraesCS2D03G0665500.2
TraesCS2A03G0733400.1	TraesCS2A03G0733400.1	TraesCS2A03G0733400.1		113	false	false		TraesCS2A03G0733400.1		15.04	1.0000	0.9990	0.00000000000000	1	0	1	5	0	5	     0	     0	     0	11M(15.9949)		TraesCS2B03G0809700.1, TraesCS2D03G0676400.1
TraesCS2A03G0734400LC.1	TraesCS2A03G0734400LC.1	TraesCS2A03G0734400LC.1		72	false	false		TraesCS2A03G0734400LC.1		83.33	1.0000	0.9985	0.00000000000000	3	2	2	16	15	15	     0	     0	     0			
TraesCS2A03G0800200.1	TraesCS2A03G0800200.1	TraesCS2A03G0800200.1		255	false	false		TraesCS2A03G0800200.1		25.10	1.0000	0.9990	0.00000000000000	4	0	4	12	0	12	     0	     0	     0			TraesCS2B03G0885800.1, TraesCS2D03G0738900.1
TraesCS2A03G0804000.1	TraesCS2A03G0804000.1	TraesCS2A03G0804000.1		401	false	false		TraesCS2A03G0804000.1		22.94	1.0000	0.9990	0.00000000000000	4	0	4	7	0	7	     0	     0	     0			TraesCS2B03G0889300.1, TraesCS2D03G0743200.1
TraesCS2A03G0852000.1	TraesCS2A03G0852000.1	TraesCS2A03G0852000.1		360	false	false		TraesCS2A03G0852000.1		10.28	1.0000	0.9990	0.00000000000000	2	0	2	7	0	7	     0	     0	     0	13M(15.9949)		TraesCS2B03G0944700.1, TraesCS2D03G0794800.1
TraesCS2A03G0920600.1	TraesCS2A03G0920600.1	TraesCS2A03G0920600.1		290	false	false		TraesCS2A03G0920600.1		10.34	1.0000	0.9990	0.00000000000000	2	0	2	6	0	6	     0	     0	     0			TraesCS2B03G1009100.1, TraesCS2B03G1009100.2, TraesCS2D03G0860000.1, TraesCS2D03G0860000.2
TraesCS2A03G0935300.1	TraesCS2A03G0935300.1	TraesCS2A03G0935300.1		768	false	false		TraesCS2A03G0935300.1		10.29	1.0000	0.9990	0.00000000000000	4	0	4	6	0	6	     0	     0	     0	1M(15.9949)		TraesCS2B03G1029600.1, TraesCS2D03G0875000.1
TraesCS2A03G1012400.1	TraesCS2A03G1012400.1	TraesCS2A03G1012400.1		387	false	false		TraesCS2A03G1012400.1		8.79	1.0000	0.9990	0.00000000000000	2	0	2	2	0	2	     0	     0	     0			TraesCS2A03G1012400.2, TraesCS2A03G1012400.3, TraesCS2B03G1127800.1, TraesCS2B03G1127800.3, TraesCS2B03G1127800.4, TraesCS2B03G1127800.5, TraesCS2D03G0950900.1
TraesCS2A03G1100700.1	TraesCS2A03G1100700.1	TraesCS2A03G1100700.1		476	false	false		TraesCS2A03G1100700.1		8.82	1.0000	0.9990	0.00000000000000	2	0	2	8	0	8	     0	     0	     0			TraesCS2D03G1044700.1
TraesCS2A03G1152000.1	TraesCS2A03G1152000.1	TraesCS2A03G1152000.1		471	false	false		TraesCS2A03G1152000.1		27.81	1.0000	0.9990	0.00000000000000	5	0	5	10	0	10	     0	     0	     0	34M(15.9949)		TraesCS2B03G1308200.1, TraesCS2D03G1101000.1
TraesCS2A03G1166300.1	TraesCS2A03G1166300.1	TraesCS2A03G1166300.1		427	false	false		TraesCS2A03G1166300.1		28.57	1.0000	0.9990	0.00000000000000	8	0	8	21	0	21	     0	     0	     0	14M(15.9949), 17M(15.9949), 6M(15.9949)		TraesCS2A03G1166300.2, TraesCS2D03G1115800.1
TraesCS2A03G1167900.1	TraesCS2A03G1167900.1	TraesCS2A03G1167900.1		334	false	false		TraesCS2A03G1167900.1		16.17	1.0000	0.9990	0.00000000000000	3	0	3	3	0	3	     0	     0	     0	N-term(42.0106)		TraesCS2D03G1118200.1
TraesCS2A03G1169300.3	TraesCS2A03G1169300.3	TraesCS2A03G1169300.3		951	false	false		TraesCS2A03G1169300.3		8.41	1.0000	0.9990	0.00000000000000	4	0	3	15	0	14	     0	     0	     0	N-term(42.0106)		TraesCS2A03G1169300.4, TraesCS2B03G1328200.1, TraesCS2D03G1119800.1
TraesCS2B03G0131300LC.1	TraesCS2B03G0131300LC.1	TraesCS2B03G0131300LC.1		550	false	false		TraesCS2B03G0131300LC.1		17.64	1.0000	0.9990	0.00000000000000	5	1	5	7	3	7	     0	     0	     0	13M(15.9949), 8M(15.9949)		
TraesCS2B03G0381400.3	TraesCS2B03G0381400.3	TraesCS2B03G0381400.3		1154	false	false		TraesCS2B03G0381400.3		2.51	1.0000	0.9990	0.00000000000000	2	0	2	3	0	3	     0	     0	     0	8M(15.9949)		TraesCS2B03G0381400.4, TraesCS2D03G0283400.1, TraesCS2D03G0283400.2, TraesCS2D03G0283400.3, TraesCS2D03G0283400.4, TraesCS2D03G0283400.5, TraesCS2D03G0283400.7
TraesCS2B03G0421100.1	TraesCS2B03G0421100.1	TraesCS2B03G0421100.1		561	false	false		TraesCS2B03G0421100.1		10.34	1.0000	0.9990	0.00000000000000	2	0	2	4	0	4	     0	     0	     0			TraesCS2D03G0318700.1, TraesCS2D03G0318700.2
TraesCS2B03G0441100.1	TraesCS2B03G0441100.1	TraesCS2B03G0441100.1		278	false	false		TraesCS2B03G0441100.1		31.65	1.0000	0.9990	0.00000000000000	4	1	4	8	4	8	     0	     0	     0			
TraesCS2B03G1075300.1	TraesCS2B03G1075300.1	TraesCS2B03G1075300.1		120	false	false		TraesCS2B03G1075300.1		23.33	1.0000	0.9990	0.00000000000000	3	2	2	4	3	3	     0	     0	     0			
TraesCS2B03G1160400.1	TraesCS2B03G1160400.1	TraesCS2B03G1160400.1		377	false	false		TraesCS2B03G1160400.1		20.69	1.0000	0.9990	0.00000000000000	3	0	3	4	0	4	     0	     0	     0			TraesCS2D03G0977800.1
TraesCS2B03G1260400.1	TraesCS2B03G1260400.1	TraesCS2B03G1260400.1		534	false	false		TraesCS2B03G1260400.1		9.74	1.0000	0.9990	0.00000000000000	2	0	2	4	0	4	     0	     0	     0			TraesCS2D03G1067000.2
TraesCS2B03G1322200.1	TraesCS2B03G1322200.1	TraesCS2B03G1322200.1		369	false	false		TraesCS2B03G1322200.1		33.06	1.0000	0.9990	0.00000000000000	8	0	1	18	0	3	     0	     0	     0	17M(15.9949)		TraesCS2B03G1322200.2
TraesCS2B03G1440200.1	TraesCS2B03G1440200.1	TraesCS2B03G1440200.1		469	false	false		TraesCS2B03G1440200.1		6.40	1.0000	0.9990	0.00000000000000	2	0	2	2	0	2	     0	     0	     0			TraesCS2D03G1213200.1
TraesCS2D03G0203800.1	TraesCS2D03G0203800.1	TraesCS2D03G0203800.1		299	false	false		TraesCS2D03G0203800.1		13.71	1.0000	0.9990	0.00000000000000	2	0	2	4	0	4	     0	     0	     0			TraesCS2D03G0203800.2
TraesCS2D03G0411500.1	TraesCS2D03G0411500.1	TraesCS2D03G0411500.1		496	false	false		TraesCS2D03G0411500.1		13.10	1.0000	0.9990	0.00000000000000	3	1	3	5	1	5	     0	     0	     0	N-term(42.0106)		
TraesCS2D03G0455700.2	TraesCS2D03G0455700.2	TraesCS2D03G0455700.2		257	false	false		TraesCS2D03G0455700.2		28.40	1.0000	0.9990	0.00000000000000	2	0	2	6	0	6	     0	     0	     0			
TraesCS2D03G0507800.1	TraesCS2D03G0507800.1	TraesCS2D03G0507800.1		323	false	false		TraesCS2D03G0507800.1		22.29	1.0000	0.9990	0.00000000000000	3	2	3	5	2	5	     0	     0	     0			
TraesCS2D03G0659500.1	TraesCS2D03G0659500.1	TraesCS2D03G0659500.1		498	false	false		TraesCS2D03G0659500.1		39.96	1.0000	0.9990	0.00000000000000	12	0	12	72	0	72	     0	     0	     0	11M(15.9949), 14M(15.9949), 15M(15.9949), 1M(15.9949), 2M(15.9949), 4M(15.9949), 9M(15.9949), N-term(42.0106)		
TraesCS2D03G0784100.1	TraesCS2D03G0784100.1	TraesCS2D03G0784100.1		318	false	false		TraesCS2D03G0784100.1		18.24	1.0000	0.9990	0.00000000000000	2	0	2	2	0	2	     0	     0	     0			
TraesCS2D03G1213000.3	TraesCS2D03G1213000.3	TraesCS2D03G1213000.3		415	false	false		TraesCS2D03G1213000.3		17.59	1.0000	0.9990	0.00000000000000	4	1	4	6	1	6	     0	     0	     0			
TraesCS2D03G1302700LC.2	TraesCS2D03G1302700LC.2	TraesCS2D03G1302700LC.2		476	false	false		TraesCS2D03G1302700LC.2		48.11	1.0000	0.9990	0.00000000000000	16	0	16	302	0	302	     0	     0	     0	11M(15.9949), 14M(15.9949), 18M(15.9949), 27M(15.9949), 2M(15.9949), 7M(15.9949)		
TraesCS3A03G0030800.1	TraesCS3A03G0030800.1	TraesCS3A03G0030800.1		1071	false	false		TraesCS3A03G0030800.1		3.73	1.0000	0.9990	0.00000000000000	2	0	2	3	0	3	     0	     0	     0			TraesCS3A03G0030800.2, TraesCS3D03G0024300.1, TraesCS3D03G0024300.2, TraesCSU03G0033800.1, TraesCSU03G0033800.2
TraesCS3A03G0041700.1	TraesCS3A03G0041700.1	TraesCS3A03G0041700.1		423	false	false		TraesCS3A03G0041700.1		11.35	1.0000	0.9990	0.00000000000000	2	0	2	7	0	7	     0	     0	     0			TraesCS3B03G0057500.1, TraesCS3D03G0046800.1
TraesCS3A03G0074000.1	TraesCS3A03G0074000.1	TraesCS3A03G0074000.1		554	false	false		TraesCS3A03G0074000.1		6.14	1.0000	0.9990	0.00000000000000	2	0	2	5	0	5	     0	     0	     0	23M(15.9949), 29M(15.9949)		TraesCS3A03G0074000.2, TraesCS3B03G0105800.1, TraesCS3B03G0105800.2, TraesCS3D03G0077300.1, TraesCS3D03G0077300.2
TraesCS3A03G0107800.1	TraesCS3A03G0107800.1	TraesCS3A03G0107800.1		209	false	false		TraesCS3A03G0107800.1		20.10	1.0000	0.9990	0.00000000000000	2	0	2	13	0	13	     0	     0	     0			TraesCS3D03G0095000.1
TraesCS3A03G0116000.2	TraesCS3A03G0116000.2	TraesCS3A03G0116000.2		262	false	false		TraesCS3A03G0116000.2		35.11	1.0000	0.9990	0.00000000000000	5	0	5	16	0	16	     0	     0	     0	11M(15.9949), 14M(15.9949), 15M(15.9949), 18M(15.9949), 25M(15.9949), N-term(42.0106)		TraesCS3D03G0102900.1
TraesCS3A03G0161300.1	TraesCS3A03G0161300.1	TraesCS3A03G0161300.1		253	false	false		TraesCS3A03G0161300.1		33.20	1.0000	0.9990	0.00000000000000	4	1	4	15	4	15	     0	     0	     0	6M(15.9949)		
TraesCS3A03G0257700.1	TraesCS3A03G0257700.1	TraesCS3A03G0257700.1		791	false	false		TraesCS3A03G0257700.1		5.31	1.0000	0.9907	0.00287562904385	4	0	4	5	0	5	     0	     0	     0			TraesCS3A03G0257700.2
TraesCS3A03G0288100.1	TraesCS3A03G0288100.1	TraesCS3A03G0288100.1		812	false	false		TraesCS3A03G0288100.1		10.10	1.0000	0.9990	0.00000000000000	5	0	5	7	0	7	     0	     0	     0	6M(15.9949)		TraesCS3B03G0355200.1, TraesCS3D03G0275600.1
TraesCS3A03G0460300.1	TraesCS3A03G0460300.1	TraesCS3A03G0460300.1		439	false	false		TraesCS3A03G0460300.1		9.79	1.0000	0.9990	0.00000000000000	2	0	2	3	0	3	     0	     0	     0			TraesCS3B03G0532300.1, TraesCS3D03G0423100.1
TraesCS3A03G0482500.1	TraesCS3A03G0482500.1	TraesCS3A03G0482500.1		394	false	false		TraesCS3A03G0482500.1		18.02	1.0000	0.9990	0.00000000000000	3	0	3	9	0	9	     0	     0	     0	13M(15.9949), 14M(15.9949), 25M(15.9949), N-term(42.0106)		TraesCS3D03G0444800.1
TraesCS3A03G0535900.1	TraesCS3A03G0535900.1	TraesCS3A03G0535900.1		1172	false	false		TraesCS3A03G0535900.1		8.19	1.0000	0.9984	0.00000000000000	4	0	4	5	0	5	     0	     0	     0			TraesCS3B03G0614200.1, TraesCS3D03G0495500.1
TraesCS3A03G0545500.1	TraesCS3A03G0545500.1	TraesCS3A03G0545500.1		275	false	false		TraesCS3A03G0545500.1		8.00	1.0000	0.9990	0.00000000000000	1	0	1	3	0	3	     0	     0	     0			TraesCS3B03G0629400.1, TraesCS3D03G0508600.1
TraesCS3A03G0573500.1	TraesCS3A03G0573500.1	TraesCS3A03G0573500.1		440	false	false		TraesCS3A03G0573500.1		13.64	1.0000	0.9990	0.00000000000000	3	0	3	3	0	3	     0	     0	     0			TraesCS3B03G0654000.1, TraesCS3D03G0530200.1
TraesCS3A03G0593600.1	TraesCS3A03G0593600.1	TraesCS3A03G0593600.1		220	false	false		TraesCS3A03G0593600.1		26.82	1.0000	0.9990	0.00000000000000	4	0	4	13	0	13	     0	     0	     0			TraesCS3A03G0593600.2, TraesCS3A03G0593600.3, TraesCS3B03G0675200.1, TraesCS3B03G0675200.2, TraesCS3D03G0548000.1, TraesCS3D03G0548000.2, TraesCS3D03G0548000.3, TraesCS3D03G0548000.4
TraesCS3A03G0642900.1	TraesCS3A03G0642900.1	TraesCS3A03G0642900.1		1033	false	false		TraesCS3A03G0642900.1		11.04	1.0000	0.9990	0.00000000000000	4	0	4	17	0	17	     0	     0	     0			TraesCS3B03G0721900.1
TraesCS3A03G0643700.1	TraesCS3A03G0643700.1	TraesCS3A03G0643700.1		488	false	false		TraesCS3A03G0643700.1		7.79	1.0000	0.9990	0.00000000000000	2	0	2	6	0	6	     0	     0	     0			TraesCS3B03G0722500.1, TraesCS3D03G0588900.1, TraesCS6A03G0468400.1, TraesCS6B03G0586500.1, TraesCS6D03G0390600.1, TraesCS7A03G0885000.1, TraesCS7B03G0729200.1, TraesCS7B03G0729200.2, TraesCS7D03G0851100.1
TraesCS3A03G0670300.1	TraesCS3A03G0670300.1	TraesCS3A03G0670300.1		332	false	false		TraesCS3A03G0670300.1		21.08	1.0000	0.9990	0.00000000000000	4	0	4	8	0	8	     0	     0	     0			TraesCS3B03G0766400.1, TraesCS3D03G0612000.1
TraesCS3A03G0685300.1	TraesCS3A03G0685300.1	TraesCS3A03G0685300.1		162	false	false		TraesCS3A03G0685300.1		35.19	1.0000	0.9990	0.00000000000000	2	1	2	3	2	3	     0	     0	     0			
TraesCS3A03G0737300.1	TraesCS3A03G0737300.1	TraesCS3A03G0737300.1		380	false	false		TraesCS3A03G0737300.1		11.32	1.0000	0.9990	0.00000000000000	2	0	2	3	0	3	     0	     0	     0	1M(15.9949)		TraesCS3A03G0737300.2, TraesCS3B03G0844300.1, TraesCS3B03G0844300.2, TraesCS3D03G0680700LC.1
TraesCS3A03G0814700.1	TraesCS3A03G0814700.1	TraesCS3A03G0814700.1		557	false	false		TraesCS3A03G0814700.1		9.87	1.0000	0.9990	0.00000000000000	2	0	2	3	0	3	     0	     0	     0			TraesCS3B03G0937500.1, TraesCS3D03G0750800.1
TraesCS3A03G0892000.1	TraesCS3A03G0892000.1	TraesCS3A03G0892000.1		344	false	false		TraesCS3A03G0892000.1		22.09	1.0000	0.9990	0.00000000000000	3	0	3	4	0	4	     0	     0	     0	5M(15.9949)		TraesCS3B03G1018200.1, TraesCS3D03G0819500.1
TraesCS3A03G1006600.2	TraesCS3A03G1006600.2	TraesCS3A03G1006600.2		505	false	false		TraesCS3A03G1006600.2		10.69	1.0000	0.9990	0.00000000000000	1	1	1	4	4	4	     0	     0	     0			
TraesCS3A03G1194500.1	TraesCS3A03G1194500.1	TraesCS3A03G1194500.1		397	false	false		TraesCS3A03G1194500.1		20.91	1.0000	0.9990	0.00000000000000	3	1	3	6	2	6	     0	     0	     0			
TraesCS3B03G0079600.1	TraesCS3B03G0079600.1	TraesCS3B03G0079600.1		610	false	false		TraesCS3B03G0079600.1		6.89	1.0000	0.9990	0.00000000000000	2	0	2	2	0	2	     0	     0	     0			TraesCS3D03G0057400.1
TraesCS3B03G0138600.1	TraesCS3B03G0138600.1	TraesCS3B03G0138600.1		209	false	false		TraesCS3B03G0138600.1		20.10	1.0000	0.9990	0.00000000000000	1	1	1	7	7	7	     0	     0	     0			
TraesCS3B03G0296300.1	TraesCS3B03G0296300.1	TraesCS3B03G0296300.1		554	false	false		TraesCS3B03G0296300.1		6.50	1.0000	0.9990	0.00000000000000	2	0	2	4	0	4	     0	     0	     0			TraesCS3B03G0296300.2, TraesCS3B03G0296300.3, TraesCS3B03G0296300.4, TraesCS3B03G0296300.5
TraesCS3B03G0354200.1	TraesCS3B03G0354200.1	TraesCS3B03G0354200.1		153	false	false		TraesCS3B03G0354200.1		32.03	1.0000	0.9989	0.00000000000000	2	1	2	2	1	2	     0	     0	     0			
TraesCS3B03G0439100.2	TraesCS3B03G0439100.2	TraesCS3B03G0439100.2		204	false	false		TraesCS3B03G0439100.2		49.51	1.0000	0.9990	0.00000000000000	3	1	2	5	1	3	     0	     0	     0			
TraesCS3B03G0522200.1	TraesCS3B03G0522200.1	TraesCS3B03G0522200.1		243	false	false		TraesCS3B03G0522200.1		15.64	1.0000	0.9990	0.00000000000000	2	1	2	3	2	3	     0	     0	     0			
TraesCS3B03G0540400.1	TraesCS3B03G0540400.1	TraesCS3B03G0540400.1		608	false	false		TraesCS3B03G0540400.1		15.13	1.0000	0.9989	0.00000000000000	3	0	3	3	0	3	     0	     0	     0			TraesCS3B03G0540400.2, TraesCS3D03G0427200.1
TraesCS3B03G0892700.1	TraesCS3B03G0892700.1	TraesCS3B03G0892700.1		264	false	false		TraesCS3B03G0892700.1		23.11	1.0000	0.9990	0.00000000000000	2	0	2	4	0	4	     0	     0	     0	N-term(42.0106)		
TraesCS3B03G1346500.1	TraesCS3B03G1346500.1	TraesCS3B03G1346500.1		251	false	false		TraesCS3B03G1346500.1		12.35	1.0000	0.9989	0.00000000000000	2	0	2	2	0	2	     0	     0	     0			TraesCS3D03G1078300.1, TraesCS3D03G1078300.2
TraesCS3B03G1413400.1	TraesCS3B03G1413400.1	TraesCS3B03G1413400.1		479	false	false		TraesCS3B03G1413400.1		6.05	1.0000	0.9990	0.00000000000000	1	0	1	5	0	5	     0	     0	     0	9M(15.9949)		TraesCS3D03G1086600.1, TraesCS4A03G1141700.1, TraesCS7A03G0025000.1, TraesCS7A03G0219700.1, TraesCS7A03G0219700.2, TraesCS7A03G0219700.3, TraesCS7A03G0219700.4, TraesCS7D03G0068000.1
TraesCS3D03G0041800.2	TraesCS3D03G0041800.2	TraesCS3D03G0041800.2		487	false	false		TraesCS3D03G0041800.2		11.29	1.0000	0.9990	0.00000000000000	3	1	3	5	2	5	     0	     0	     0			
TraesCS3D03G0098400.1	TraesCS3D03G0098400.1	TraesCS3D03G0098400.1		385	false	false		TraesCS3D03G0098400.1		30.13	1.0000	0.9990	0.00000000000000	7	0	7	30	0	30	     0	     0	     0	1M(15.9949), 4M(15.9949)		
TraesCS3D03G0143300.1	TraesCS3D03G0143300.1	TraesCS3D03G0143300.1		253	false	false		TraesCS3D03G0143300.1		33.20	1.0000	0.9990	0.00000000000000	4	2	2	9	6	6	     0	     0	     0			
TraesCS3D03G0429300LC.1	TraesCS3D03G0429300LC.1	TraesCS3D03G0429300LC.1		236	false	false		TraesCS3D03G0429300LC.1		10.17	1.0000	0.9989	0.00000000000000	2	2	2	2	2	2	     0	     0	     0	19M(15.9949)		
TraesCS3D03G0588200.1	TraesCS3D03G0588200.1	TraesCS3D03G0588200.1		1031	false	false		TraesCS3D03G0588200.1		11.06	1.0000	0.9990	0.00000000000000	4	1	1	12	7	7	     0	     0	     0			
TraesCS3D03G0681300.1	TraesCS3D03G0681300.1	TraesCS3D03G0681300.1		683	false	false		TraesCS3D03G0681300.1		19.33	1.0000	0.9990	0.00000000000000	3	0	3	4	0	4	     0	     0	     0			
TraesCS3D03G0847000.1	TraesCS3D03G0847000.1	TraesCS3D03G0847000.1		358	false	false		TraesCS3D03G0847000.1		27.09	1.0000	0.9990	0.00000000000000	5	1	5	21	1	21	     0	     0	     0	28M(15.9949)		
TraesCS3D03G0936800.1	TraesCS3D03G0936800.1	TraesCS3D03G0936800.1		489	false	false		TraesCS3D03G0936800.1		11.04	1.0000	0.9990	0.00000000000000	1	1	1	4	4	4	     0	     0	     0			
TraesCS3D03G1041400.1	TraesCS3D03G1041400.1	TraesCS3D03G1041400.1		352	false	false		TraesCS3D03G1041400.1		12.78	1.0000	0.9990	0.00000000000000	2	0	2	2	0	2	     0	     0	     0			TraesCS3D03G1041400.2
TraesCS3D03G1089600.2	TraesCS3D03G1089600.2	TraesCS3D03G1089600.2		1020	false	false		TraesCS3D03G1089600.2		5.20	1.0000	0.9990	0.00000000000000	3	1	3	4	1	4	     0	     0	     0			
TraesCS3D03G1168400.1	TraesCS3D03G1168400.1	TraesCS3D03G1168400.1		391	false	false		TraesCS3D03G1168400.1		8.44	1.0000	0.9974	0.00110987791343	2	1	2	3	2	3	     0	     0	     0			
TraesCS3D03G1169900.1	TraesCS3D03G1169900.1	TraesCS3D03G1169900.1		137	false	false		TraesCS3D03G1169900.1		38.69	1.0000	0.9990	0.00000000000000	2	0	2	4	0	4	     0	     0	     0	2M(15.9949), 3M(15.9949)		TraesCSU03G0049900LC.1
TraesCS4A03G0008000.1	TraesCS4A03G0008000.1	TraesCS4A03G0008000.1		576	false	false		TraesCS4A03G0008000.1		5.03	1.0000	0.9990	0.00000000000000	2	0	2	2	0	2	     0	     0	     0			TraesCS4B03G0788200.1, TraesCS4B03G0788200.2, TraesCS4D03G0706700.1, TraesCS4D03G0706700.2
TraesCS4A03G0032200.1	TraesCS4A03G0032200.1	TraesCS4A03G0032200.1		273	false	false		TraesCS4A03G0032200.1		15.75	1.0000	0.9990	0.00000000000000	2	0	2	3	0	3	     0	     0	     0			TraesCS4B03G0753200.1, TraesCS4D03G0673700.1
TraesCS4A03G0072900.1	TraesCS4A03G0072900.1	TraesCS4A03G0072900.1		143	false	false		TraesCS4A03G0072900.1		22.38	1.0000	0.9986	0.00000000000000	2	0	2	4	0	4	     0	     0	     0			TraesCS4B03G0711800.1, TraesCS4D03G0635200.1
TraesCS4A03G0074200.1	TraesCS4A03G0074200.1	TraesCS4A03G0074200.1		523	false	false		TraesCS4A03G0074200.1		9.94	1.0000	0.9990	0.00000000000000	4	0	4	5	0	5	     0	     0	     0	2M(15.9949)		TraesCS4A03G0074200.2, TraesCS4B03G0710900.1, TraesCS4D03G0634400.1, TraesCS4D03G0634400.2
TraesCS4A03G0086900.1	TraesCS4A03G0086900.1	TraesCS4A03G0086900.1		263	false	false		TraesCS4A03G0086900.1		20.53	1.0000	0.9990	0.00000000000000	3	0	3	10	0	10	     0	     0	     0			TraesCS4B03G0694300.1, TraesCS4D03G0621900.1
TraesCS4A03G0145200.1	TraesCS4A03G0145200.1	TraesCS4A03G0145200.1		128	false	false		TraesCS4A03G0145200.1		27.34	1.0000	0.9990	0.00000000000000	2	0	2	3	0	3	     0	     0	     0			TraesCS4B03G0624700.1, TraesCS4D03G0554300.1
TraesCS4A03G0165200.1	TraesCS4A03G0165200.1	TraesCS4A03G0165200.1		889	false	false		TraesCS4A03G0165200.1		10.91	1.0000	0.9990	0.00000000000000	4	0	4	6	0	6	     0	     0	     0	12M(15.9949), 5C(57.0214), 6C(57.0214), 9M(15.9949)		TraesCS4A03G0165200.2, TraesCS4B03G0610300.1, TraesCS4B03G0610300.2, TraesCS4B03G0610300.3, TraesCS4D03G0540900.1, TraesCS4D03G0540900.2
TraesCS4A03G0191300.1	TraesCS4A03G0191300.1	TraesCS4A03G0191300.1		409	false	false		TraesCS4A03G0191300.1		14.67	1.0000	0.9990	0.00000000000000	2	0	2	4	0	4	     0	     0	     0			TraesCS4B03G0583700.1, TraesCS4D03G0517700.1
TraesCS4A03G0202400.1	TraesCS4A03G0202400.1	TraesCS4A03G0202400.1		651	false	false		TraesCS4A03G0202400.1		18.74	1.0000	0.9990	0.00000000000000	5	0	4	7	0	6	     0	     0	     0			TraesCS4B03G0573700.1, TraesCS4D03G0507200.1
TraesCS4A03G0204700.1	TraesCS4A03G0204700.1	TraesCS4A03G0204700.1		348	false	false		TraesCS4A03G0204700.1		22.99	1.0000	0.9990	0.00000000000000	3	0	3	8	0	8	     0	     0	     0	11M(15.9949), 2M(15.9949)		TraesCS4B03G0570200.1, TraesCS4D03G0504200.1
TraesCS4A03G0212900.1	TraesCS4A03G0212900.1	TraesCS4A03G0212900.1		242	false	false		TraesCS4A03G0212900.1		21.49	1.0000	0.9990	0.00000000000000	3	0	3	9	0	9	     0	     0	     0	N-term(42.0106)		TraesCS4B03G0558600.2, TraesCS4D03G0493400.1, TraesCS4D03G0493400.2, TraesCS4D03G0493400.3
TraesCS4A03G0222100.1	TraesCS4A03G0222100.1	TraesCS4A03G0222100.1		447	false	false		TraesCS4A03G0222100.1		9.84	1.0000	0.9989	0.00000000000000	2	0	2	7	0	7	     0	     0	     0	10M(15.9949)		TraesCS4A03G0222400.1, TraesCS4B03G0551600.1, TraesCS4B03G0551600.2, TraesCS4B03G0551800.2, TraesCS4D03G0485500.1, TraesCS4D03G0485800.1, TraesCS5A03G0984700.1, TraesCS5A03G0985100.1, TraesCS5B03G1031900.1, TraesCS5B03G1032300.1, TraesCS5B03G1032300.2, TraesCS5D03G0933300.1, TraesCS5D03G0933300.2, TraesCS5D03G0933900.1
TraesCS4A03G0228300.1	TraesCS4A03G0228300.1	TraesCS4A03G0228300.1		207	false	false		TraesCS4A03G0228300.1		34.78	1.0000	0.9990	0.00000000000000	4	0	4	5	0	5	     0	     0	     0	N-term(42.0106)		
TraesCS4A03G0234400.1	TraesCS4A03G0234400.1	TraesCS4A03G0234400.1		192	false	false		TraesCS4A03G0234400.1		26.04	1.0000	0.9990	0.00000000000000	3	0	3	6	0	6	     0	     0	     0			TraesCS4B03G0534500.1, TraesCS4D03G0474600.1, TraesCS4D03G0474600.2
TraesCS4A03G0237900.1	TraesCS4A03G0237900.1	TraesCS4A03G0237900.1		464	false	false		TraesCS4A03G0237900.1		15.09	1.0000	0.9990	0.00000000000000	4	0	4	6	0	6	     0	     0	     0	7M(15.9949)		TraesCS4A03G0237900.2, TraesCS4B03G0528700.1, TraesCS4B03G0528700.2, TraesCS4D03G0468800.1, TraesCS4D03G0468800.2
TraesCS4A03G0277700.2	TraesCS4A03G0277700.2	TraesCS4A03G0277700.2		359	false	false		TraesCS4A03G0277700.2		22.01	1.0000	0.9990	0.00000000000000	4	0	4	21	0	21	     0	     0	     0	14M(15.9949)		TraesCS4A03G0277700.3
TraesCS4A03G0451500.1	TraesCS4A03G0451500.1	TraesCS4A03G0451500.1		368	false	false		TraesCS4A03G0451500.1		27.72	1.0000	0.9990	0.00000000000000	3	0	3	9	0	9	     0	     0	     0	N-term(42.0106)		TraesCS4D03G0330600.1, TraesCS4D03G0330600.2
TraesCS4A03G0484800.1	TraesCS4A03G0484800.1	TraesCS4A03G0484800.1		464	false	false		TraesCS4A03G0484800.1		48.71	1.0000	0.9990	0.00000000000000	14	0	14	64	0	64	     0	     0	     0	1M(15.9949), 21M(15.9949), 22M(15.9949), 7M(15.9949), 8M(15.9949)		TraesCS4D03G0267700.6, TraesCS4D03G0267700.8
TraesCS4A03G0495400.1	TraesCS4A03G0495400.1	TraesCS4A03G0495400.1		1715	false	false		TraesCS4A03G0495400.1		5.36	1.0000	0.9990	0.00000000000000	4	0	4	8	0	8	     0	     0	     0	13M(15.9949), 15M(15.9949), 9M(15.9949), N-term(42.0106)		TraesCS4D03G0261000.1, TraesCS5A03G0420600.1, TraesCS5B03G0418200.1, TraesCS5D03G0388200.1
TraesCS4A03G0527700.1	TraesCS4A03G0527700.1	TraesCS4A03G0527700.1		553	false	false		TraesCS4A03G0527700.1		9.04	1.0000	0.9990	0.00000000000000	2	0	2	4	0	4	     0	     0	     0			TraesCS4B03G0269500.1, TraesCS4B03G0269500.2, TraesCS4B03G0269500.3, TraesCS4D03G0230500.1
TraesCS4A03G0540100.1	TraesCS4A03G0540100.1	TraesCS4A03G0540100.1		377	false	false		TraesCS4A03G0540100.1		7.16	1.0000	0.9990	0.00000000000000	1	0	1	5	0	5	     0	     0	     0	13M(15.9949), 24M(15.9949)		TraesCS4A03G0540100.2, TraesCS4B03G0241100.1, TraesCS4B03G0241100.2, TraesCS4D03G0203800.1, TraesCS4D03G0203800.2, TraesCS5A03G0501200.1, TraesCS5B03G0501700.1, TraesCS5D03G0464000.1, TraesCS5D03G0464000.2
TraesCS4A03G0544400.1	TraesCS4A03G0544400.1	TraesCS4A03G0544400.1		401	false	false		TraesCS4A03G0544400.1		11.97	1.0000	0.9989	0.00000000000000	2	0	2	2	0	2	     0	     0	     0			TraesCS4A03G0544400.2, TraesCS4D03G0207600.1
TraesCS4A03G0550400.1	TraesCS4A03G0550400.1	TraesCS4A03G0550400.1		388	false	false		TraesCS4A03G0550400.1		23.45	1.0000	0.9990	0.00000000000000	4	0	4	27	0	27	     0	     0	     0	19M(15.9949)		TraesCS4D03G0211900.1
TraesCS4A03G0598900.2	TraesCS4A03G0598900.2	TraesCS4A03G0598900.2		1058	false	false		TraesCS4A03G0598900.2		5.10	1.0000	0.9990	0.00000000000000	3	0	3	4	0	4	     0	     0	     0	N-term(42.0106)		TraesCS4B03G0208000.1, TraesCS4D03G0171600.2, TraesCS4D03G0171600.3
TraesCS4A03G0603000.3	TraesCS4A03G0603000.3	TraesCS4A03G0603000.3		286	false	false		TraesCS4A03G0603000.3		25.87	1.0000	0.9990	0.00000000000000	5	0	5	13	0	13	     0	     0	     0			TraesCS4B03G0203200.1, TraesCS4D03G0168000.1
TraesCS4A03G0649400.1	TraesCS4A03G0649400.1	TraesCS4A03G0649400.1		510	false	false		TraesCS4A03G0649400.1		36.08	1.0000	0.9990	0.00000000000000	9	0	9	22	0	22	     0	     0	     0			TraesCS4B03G0152200.1, TraesCS4D03G0128500.1
TraesCS4A03G0686500.1	TraesCS4A03G0686500.1	TraesCS4A03G0686500.1		445	false	false		TraesCS4A03G0686500.1		17.98	1.0000	0.9990	0.00000000000000	4	0	4	8	0	8	     0	     0	     0	12M(15.9949)		TraesCS4A03G0686500.2, TraesCS4A03G0686500.3, TraesCS4B03G0109500.1, TraesCS4B03G0109500.2, TraesCS4B03G0109500.3, TraesCS4D03G0092700.1, TraesCS4D03G0092700.2
TraesCS4A03G0692200.1	TraesCS4A03G0692200.1	TraesCS4A03G0692200.1		610	false	false		TraesCS4A03G0692200.1		7.54	1.0000	0.9990	0.00000000000000	2	0	2	3	0	3	     0	     0	     0			TraesCS4B03G0103000.1, TraesCS4D03G0085600.1
TraesCS4A03G0694400.1	TraesCS4A03G0694400.1	TraesCS4A03G0694400.1		652	false	false		TraesCS4A03G0694400.1		26.69	1.0000	0.9990	0.00000000000000	10	3	3	17	4	4	     0	     0	     0			
TraesCS4A03G0695300.1	TraesCS4A03G0695300.1	TraesCS4A03G0695300.1		160	false	false		TraesCS4A03G0695300.1		12.50	1.0000	0.9990	0.00000000000000	1	0	1	4	0	4	     0	     0	     0	11M(15.9949), 19M(15.9949)		TraesCS4B03G0100500.1, TraesCS4D03G0083200.1, TraesCS5A03G0137200.1, TraesCS5A03G0472800.2, TraesCS5A03G0472800.3, TraesCS5A03G0472800.4, TraesCS5A03G0472800.5, TraesCS5B03G0155100.1, TraesCS5B03G0468800.1, TraesCS5D03G0159800.1, TraesCS5D03G0436500.1
TraesCS4A03G0697400.1	TraesCS4A03G0697400.1	TraesCS4A03G0697400.1		261	false	false		TraesCS4A03G0697400.1		29.12	1.0000	0.9990	0.00000000000000	4	0	3	14	0	7	     0	     0	     0	25M(15.9949)		TraesCS4B03G0098100.1, TraesCS4D03G0082800.1
TraesCS4A03G0724400.1	TraesCS4A03G0724400.1	TraesCS4A03G0724400.1		989	false	false		TraesCS4A03G0724400.1		10.62	1.0000	0.9990	0.00000000000000	4	0	4	8	0	8	     0	     0	     0			TraesCS4B03G0069800.1, TraesCS4D03G0048900.1
TraesCS4A03G0754900.1	TraesCS4A03G0754900.1	TraesCS4A03G0754900.1		766	false	false		TraesCS4A03G0754900.1		21.02	1.0000	0.9990	0.00000000000000	10	0	5	22	0	6	     0	     0	     0	10M(15.9949), 8M(15.9949)		TraesCS4B03G0030000.1, TraesCS4B03G0030000.2, TraesCS4D03G0020600.1, TraesCS4D03G0020600.2
TraesCS4A03G0762400.1	TraesCS4A03G0762400.1	TraesCS4A03G0762400.1		435	false	false		TraesCS4A03G0762400.1		8.74	1.0000	0.9990	0.00000000000000	3	0	3	10	0	10	     0	     0	     0			TraesCS4B03G0021300.1, TraesCS4D03G0015700.1
TraesCS4A03G0796000.1	TraesCS4A03G0796000.1	TraesCS4A03G0796000.1		325	false	false		TraesCS4A03G0796000.1		13.23	1.0000	0.9990	0.00000000000000	2	0	2	4	0	4	     0	     0	     0			TraesCS4A03G0796000.2, TraesCS5B03G1356900.1, TraesCS5B03G1356900.2, TraesCS5D03G1209400.1
TraesCS4A03G0815800.1	TraesCS4A03G0815800.1	TraesCS4A03G0815800.1		418	false	false		TraesCS4A03G0815800.1		25.12	1.0000	0.9990	0.00000000000000	5	2	5	9	4	9	     0	     0	     0	N-term(42.0106)		
TraesCS4A03G0896900.1	TraesCS4A03G0896900.1	TraesCS4A03G0896900.1		843	false	false		TraesCS4A03G0896900.1		21.95	1.0000	0.9990	0.00000000000000	8	0	8	16	0	16	     0	     0	     0	15M(15.9949), 2M(15.9949), 3M(15.9949)		TraesCS5B03G1237400.1, TraesCS7A03G1119800.1, TraesCS7B03G0976000.1, TraesCS7D03G1066700.1
TraesCS4A03G0906500LC.1	TraesCS4A03G0906500LC.1	TraesCS4A03G0906500LC.1		765	false	false		TraesCS4A03G0906500LC.1		6.80	1.0000	0.9990	0.00000000000000	2	0	2	3	0	3	     0	     0	     0			TraesCS5B03G1224700.1, TraesCS5B03G1224700.2, TraesCS5B03G1224700.3, TraesCS5D03G1105500LC.1, TraesCS5D03G1105500LC.2
TraesCS4A03G1044800.1	TraesCS4A03G1044800.1	TraesCS4A03G1044800.1		267	false	false		TraesCS4A03G1044800.1		14.98	1.0000	0.9990	0.00000000000000	2	0	2	2	0	2	     0	     0	     0			TraesCS6B03G1009800.1, TraesCS7A03G0147600.1, TraesCS7D03G0136000.1
TraesCS4A03G1133700.1	TraesCS4A03G1133700.1	TraesCS4A03G1133700.1		559	false	false		TraesCS4A03G1133700.1		22.18	1.0000	0.9990	0.00000000000000	7	0	7	28	0	28	     0	     0	     0	12M(15.9949), 24M(15.9949)		TraesCS4A03G1133700.2, TraesCS7A03G0078100.1, TraesCS7A03G0078100.2, TraesCS7D03G0074700.1, TraesCS7D03G0074700.2
TraesCS4A03G1221800.1	TraesCS4A03G1221800.1	TraesCS4A03G1221800.1		783	false	false		TraesCS4A03G1221800.1		4.60	1.0000	0.9990	0.00000000000000	2	0	2	5	0	5	     0	     0	     0	12M(15.9949)		TraesCS4A03G1221800.2, TraesCS7D03G0023000.1
TraesCS4A03G1254000.1	TraesCS4A03G1254000.1	TraesCS4A03G1254000.1		153	false	false		TraesCS4A03G1254000.1		15.69	1.0000	0.9990	0.00000000000000	1	0	1	5	0	5	     0	     0	     0			TraesCS7A03G0001000.1
TraesCS4B03G0101400.1	TraesCS4B03G0101400.1	TraesCS4B03G0101400.1		648	false	false		TraesCS4B03G0101400.1		26.85	1.0000	0.9990	0.00000000000000	10	0	10	21	0	21	     0	     0	     0	15M(15.9949)		TraesCS4D03G0083900.1
TraesCS4B03G0103300.1	TraesCS4B03G0103300.1	TraesCS4B03G0103300.1		779	false	false		TraesCS4B03G0103300.1		8.09	1.0000	0.9988	0.00000000000000	3	1	3	3	1	3	     0	     0	     0	5M(15.9949)		
TraesCS4B03G0188800.1	TraesCS4B03G0188800.1	TraesCS4B03G0188800.1		471	false	false		TraesCS4B03G0188800.1		8.49	1.0000	0.9990	0.00000000000000	2	0	2	2	0	2	     0	     0	     0			TraesCS4D03G0155600.1
TraesCS4B03G0231600.1	TraesCS4B03G0231600.1	TraesCS4B03G0231600.1		488	false	false		TraesCS4B03G0231600.1		14.75	1.0000	0.9990	0.00000000000000	4	0	3	5	0	4	     0	     0	     0			TraesCS4B03G0231600.2, TraesCS4B03G0231600.3, TraesCS4D03G0194000.1
TraesCS4B03G0447500.2	TraesCS4B03G0447500.2	TraesCS4B03G0447500.2		782	false	false		TraesCS4B03G0447500.2		4.86	1.0000	0.9987	0.00000000000000	2	0	2	2	0	2	     0	     0	     0	N-term(42.0106)		TraesCS4D03G0327300.1
TraesCS4B03G0725700.1	TraesCS4B03G0725700.1	TraesCS4B03G0725700.1		419	false	false		TraesCS4B03G0725700.1		25.78	1.0000	0.9990	0.00000000000000	5	2	5	7	4	7	     0	     0	     0			
TraesCS4B03G0837800.1	TraesCS4B03G0837800.1	TraesCS4B03G0837800.1		444	false	false		TraesCS4B03G0837800.1		11.26	1.0000	0.9990	0.00000000000000	2	0	2	3	0	3	     0	     0	     0	11M(15.9949)		TraesCS4D03G0745200.1, TraesCS5A03G1159800.1
TraesCS4B03G0959800.1	TraesCS4B03G0959800.1	TraesCS4B03G0959800.1		1218	false	false		TraesCS4B03G0959800.1		2.71	1.0000	0.9939	0.00287562904385	2	0	2	2	0	2	     0	     0	     0			TraesCS4D03G0833900.1, TraesCS4D03G0833900.2, TraesCS5A03G1264100.1, TraesCS5A03G1264100.2
TraesCS4B03G0972500.1	TraesCS4B03G0972500.1	TraesCS4B03G0972500.1		975	false	false		TraesCS4B03G0972500.1		6.26	1.0000	0.9990	0.00000000000000	3	0	3	4	0	4	     0	     0	     0			TraesCS5A03G1276900.1
TraesCS4B03G0986000.1	TraesCS4B03G0986000.1	TraesCS4B03G0986000.1		187	false	false		TraesCS4B03G0986000.1		39.57	1.0000	0.9990	0.00000000000000	2	0	2	6	0	6	     0	     0	     0	2M(15.9949)		TraesCS5A03G1286100.1
TraesCS4D03G0435400.1	TraesCS4D03G0435400.1	TraesCS4D03G0435400.1		359	false	false		TraesCS4D03G0435400.1		16.71	1.0000	0.9990	0.00000000000000	3	0	1	19	0	7	     0	     0	     0	14M(15.9949)		TraesCS4D03G0435400.2
TraesCS4D03G0594900.1	TraesCS4D03G0594900.1	TraesCS4D03G0594900.1		531	false	false		TraesCS4D03G0594900.1		13.37	1.0000	0.9989	0.00000000000000	3	1	3	5	1	5	     0	     0	     0	12M(15.9949)		
TraesCS4D03G0637000.2	TraesCS4D03G0637000.2	TraesCS4D03G0637000.2		818	false	false		TraesCS4D03G0637000.2		10.88	1.0000	0.9990	0.00000000000000	5	0	5	11	0	11	     0	     0	     0	6M(15.9949), N-term(42.0106)		
TraesCS4D03G0795500.1	TraesCS4D03G0795500.1	TraesCS4D03G0795500.1		222	false	false		TraesCS4D03G0795500.1		21.17	1.0000	0.9990	0.00000000000000	2	1	1	5	3	3	     0	     0	     0	2M(15.9949)		
TraesCS5A03G0033100.2	TraesCS5A03G0033100.2	TraesCS5A03G0033100.2		485	false	false		TraesCS5A03G0033100.2		25.36	1.0000	0.9990	0.00000000000000	5	0	5	11	0	11	     0	     0	     0			TraesCS5A03G0034100.1, TraesCS5B03G0026400.1, TraesCS5B03G0026400.3, TraesCS5B03G0026700.1, TraesCS5B03G0026700.2, TraesCS5D03G0043200.1, TraesCS5D03G0044100.1
TraesCS5A03G0043900.1	TraesCS5A03G0043900.1	TraesCS5A03G0043900.1		235	false	false		TraesCS5A03G0043900.1		8.09	1.0000	0.9990	0.00000000000000	1	0	1	2	0	2	     0	     0	     0			TraesCS5B03G0035300.1, TraesCS5B03G0035900.1
TraesCS5A03G0054700.1	TraesCS5A03G0054700.1	TraesCS5A03G0054700.1		428	false	false		TraesCS5A03G0054700.1		12.15	1.0000	0.9990	0.00000000000000	3	0	3	6	0	6	     0	     0	     0			TraesCS5D03G0067400.1, TraesCS5D03G0067400.2
TraesCS5A03G0060700.1	TraesCS5A03G0060700.1	TraesCS5A03G0060700.1		747	false	false		TraesCS5A03G0060700.1		26.91	1.0000	0.9990	0.00000000000000	12	0	2	28	0	3	     0	     0	     0			TraesCS5A03G0060700.2, TraesCS5A03G0060700.3, TraesCS5D03G0077800.1, TraesCS5D03G0077800.2
TraesCS5A03G0067100.1	TraesCS5A03G0067100.1	TraesCS5A03G0067100.1		435	false	false		TraesCS5A03G0067100.1		18.39	1.0000	0.9990	0.00000000000000	4	2	2	8	2	2	     0	     0	     0	N-term(42.0106)		
TraesCS5A03G0092400.1	TraesCS5A03G0092400.1	TraesCS5A03G0092400.1		421	false	false		TraesCS5A03G0092400.1		25.18	1.0000	0.9990	0.00000000000000	6	0	6	14	0	14	     0	     0	     0			TraesCS5D03G0111300.1
TraesCS5A03G0131700.1	TraesCS5A03G0131700.1	TraesCS5A03G0131700.1		360	false	false		TraesCS5A03G0131700.1		10.56	1.0000	0.9979	0.00110987791343	2	0	2	3	0	3	     0	     0	     0			TraesCS5A03G0131700.2, TraesCS5B03G0160200.1, TraesCS5D03G0154600.1, TraesCS5D03G0154600.2
TraesCS5A03G0237400.1	TraesCS5A03G0237400.1	TraesCS5A03G0237400.1		972	false	false		TraesCS5A03G0237400.1		10.29	1.0000	0.9990	0.00000000000000	4	0	4	6	0	6	     0	     0	     0			TraesCS5B03G0254500.1, TraesCS5B03G0254500.2
TraesCS5A03G0277200.1	TraesCS5A03G0277200.1	TraesCS5A03G0277200.1		652	false	false		TraesCS5A03G0277200.1		9.82	1.0000	0.9990	0.00000000000000	2	0	2	3	0	3	     0	     0	     0			TraesCS5A03G0277200.2, TraesCS5B03G0291100.1, TraesCS5D03G0276100.1
TraesCS5A03G0339000.1	TraesCS5A03G0339000.1	TraesCS5A03G0339000.1		3595	false	false		TraesCS5A03G0339000.1		1.20	1.0000	0.9990	0.00000000000000	2	0	2	2	0	2	     0	     0	     0			TraesCS5B03G0300800.1, TraesCS5D03G0282500.1
TraesCS5A03G0368300.1	TraesCS5A03G0368300.1	TraesCS5A03G0368300.1		627	false	false		TraesCS5A03G0368300.1		6.38	1.0000	0.9990	0.00000000000000	2	0	2	2	0	2	     0	     0	     0			TraesCS5B03G0369100.1, TraesCS5D03G0350700.1, TraesCS5D03G0350700.2
TraesCS5A03G0418600.1	TraesCS5A03G0418600.1	TraesCS5A03G0418600.1		1051	false	false		TraesCS5A03G0418600.1		3.90	1.0000	0.9990	0.00000000000000	2	0	2	5	0	5	     0	     0	     0	6M(15.9949), 9M(15.9949)		TraesCS5A03G0418600.2, TraesCS5B03G0415600.1, TraesCS5D03G0386800.1
TraesCS5A03G0440000.1	TraesCS5A03G0440000.1	TraesCS5A03G0440000.1		651	false	false		TraesCS5A03G0440000.1		6.61	1.0000	0.9990	0.00000000000000	2	0	2	3	0	3	     0	     0	     0			TraesCS5A03G0440000.2, TraesCS5B03G0434000.1, TraesCS5D03G0407800.1, TraesCS5D03G0407800.2
TraesCS5A03G0464900.1	TraesCS5A03G0464900.1	TraesCS5A03G0464900.1		244	false	false		TraesCS5A03G0464900.1		31.15	1.0000	0.9990	0.00000000000000	5	0	5	8	0	8	     0	     0	     0			TraesCS5B03G0460200.1, TraesCS5D03G0429800.1
TraesCS5A03G0481000.1	TraesCS5A03G0481000.1	TraesCS5A03G0481000.1		972	false	false		TraesCS5A03G0481000.1		12.24	1.0000	0.9990	0.00000000000000	5	0	5	7	0	7	     0	     0	     0	14M(15.9949)		TraesCS5B03G0479900.1, TraesCS5D03G0444100.1
TraesCS5A03G0501400.1	TraesCS5A03G0501400.1	TraesCS5A03G0501400.1		225	false	false		TraesCS5A03G0501400.1		14.67	1.0000	0.9990	0.00000000000000	2	0	2	6	0	6	     0	     0	     0			TraesCS5B03G0501500.1, TraesCS5D03G0463700.1
TraesCS5A03G0627200.1	TraesCS5A03G0627200.1	TraesCS5A03G0627200.1		781	false	false		TraesCS5A03G0627200.1		10.88	1.0000	0.9990	0.00000000000000	5	0	5	13	0	13	     0	     0	     0	16M(15.9949)		TraesCS5B03G0646100.2, TraesCS5B03G0646100.3
TraesCS5A03G0647900.1	TraesCS5A03G0647900.1	TraesCS5A03G0647900.1		700	false	false		TraesCS5A03G0647900.1		12.71	1.0000	0.9990	0.00000000000000	5	0	5	9	0	9	     0	     0	     0	11M(15.9949), 16M(15.9949), 2M(15.9949)		TraesCS5A03G0647900.2, TraesCS5A03G0647900.3, TraesCS5B03G0672800.1, TraesCS5B03G0672800.2, TraesCS5B03G0672800.3, TraesCS5D03G0614200.1
TraesCS5A03G0677200.1	TraesCS5A03G0677200.1	TraesCS5A03G0677200.1		409	false	false		TraesCS5A03G0677200.1		18.34	1.0000	0.9990	0.00000000000000	3	0	3	3	0	3	     0	     0	     0	32M(15.9949), 6M(15.9949)		TraesCS5A03G0677200.2
TraesCS5A03G0700200.1	TraesCS5A03G0700200.1	TraesCS5A03G0700200.1		221	false	false		TraesCS5A03G0700200.1		18.10	1.0000	0.9990	0.00000000000000	2	0	2	6	0	6	     0	     0	     0			TraesCS5B03G0736300.1, TraesCS5D03G0666800.1
TraesCS5A03G0712400.2	TraesCS5A03G0712400.2	TraesCS5A03G0712400.2		376	false	false		TraesCS5A03G0712400.2		18.35	1.0000	0.9990	0.00000000000000	2	0	2	2	0	2	     0	     0	     0			TraesCS5B03G0751500.1, TraesCS5D03G0681500.1
TraesCS5A03G0783800.1	TraesCS5A03G0783800.1	TraesCS5A03G0783800.1		263	false	false		TraesCS5A03G0783800.1		38.40	1.0000	0.9990	0.00000000000000	3	0	3	13	0	13	     0	     0	     0			TraesCS5B03G0815100.1, TraesCS5D03G0741600.1
TraesCS5A03G0850600.1	TraesCS5A03G0850600.1	TraesCS5A03G0850600.1		473	false	false		TraesCS5A03G0850600.1		23.68	1.0000	0.9990	0.00000000000000	4	0	4	8	0	8	     0	     0	     0	10M(15.9949)		TraesCS5B03G0893700.1, TraesCS5B03G0893700.2, TraesCS5D03G0812800.1, TraesCS5D03G0812800.2
TraesCS5A03G0887500.1	TraesCS5A03G0887500.1	TraesCS5A03G0887500.1		293	false	false		TraesCS5A03G0887500.1		26.28	1.0000	0.9990	0.00000000000000	4	1	3	8	4	7	     0	     0	     0	7M(15.9949)		
TraesCS5A03G0895100.1	TraesCS5A03G0895100.1	TraesCS5A03G0895100.1		307	false	false		TraesCS5A03G0895100.1		16.29	1.0000	0.9990	0.00000000000000	5	0	1	10	0	2	     0	     0	     0			TraesCS5A03G0895100.2
TraesCS5A03G0942400.1	TraesCS5A03G0942400.1	TraesCS5A03G0942400.1		480	false	false		TraesCS5A03G0942400.1		26.67	1.0000	0.9990	0.00000000000000	5	1	5	11	1	11	     0	     0	     0			
TraesCS5A03G0967000.2	TraesCS5A03G0967000.2	TraesCS5A03G0967000.2		357	false	false		TraesCS5A03G0967000.2		28.01	1.0000	0.9990	0.00000000000000	4	0	4	4	0	4	     0	     0	     0	38M(15.9949)		TraesCS5B03G1017200.2
TraesCS5A03G0987200.1	TraesCS5A03G0987200.1	TraesCS5A03G0987200.1		444	false	false		TraesCS5A03G0987200.1		21.40	1.0000	0.9990	0.00000000000000	6	0	3	9	0	5	     0	     0	     0	15M(15.9949), 8M(15.9949)		TraesCS5B03G1033300.1, TraesCS5D03G0935000.1
TraesCS5A03G1006000.1	TraesCS5A03G1006000.1	TraesCS5A03G1006000.1		370	false	false		TraesCS5A03G1006000.1		29.19	1.0000	0.9990	0.00000000000000	6	0	6	13	0	13	     0	     0	     0	27M(15.9949)		TraesCS5B03G1052300.1, TraesCS5D03G0952600.1
TraesCS5A03G1045500.1	TraesCS5A03G1045500.1	TraesCS5A03G1045500.1		289	false	false		TraesCS5A03G1045500.1		24.57	1.0000	0.9990	0.00000000000000	3	3	3	11	11	11	     0	     0	     0	N-term(42.0106)		
TraesCS5A03G1045700.1	TraesCS5A03G1045700.1	TraesCS5A03G1045700.1		246	false	false		TraesCS5A03G1045700.1		13.82	1.0000	0.9990	0.00000000000000	2	0	2	12	0	12	     0	     0	     0	N-term(42.0106)		TraesCS5A03G1045700.2, TraesCS5B03G1101100.1
TraesCS5A03G1103900.1	TraesCS5A03G1103900.1	TraesCS5A03G1103900.1		594	false	false		TraesCS5A03G1103900.1		6.90	1.0000	0.9990	0.00000000000000	2	0	2	4	0	4	     0	     0	     0			TraesCS5D03G1060400.1
TraesCS5A03G1118300.1	TraesCS5A03G1118300.1	TraesCS5A03G1118300.1		662	false	false		TraesCS5A03G1118300.1		5.59	1.0000	0.9990	0.00000000000000	2	0	2	5	0	5	     0	     0	     0	1M(15.9949)		TraesCS5B03G1186500.1, TraesCS5D03G1070200.1
TraesCS5A03G1123300.1	TraesCS5A03G1123300.1	TraesCS5A03G1123300.1		507	false	false		TraesCS5A03G1123300.1		7.89	1.0000	0.9986	0.00000000000000	2	0	2	2	0	2	     0	     0	     0			TraesCS5B03G1190200.1, TraesCS5D03G1076600.1
TraesCS5A03G1127700.1	TraesCS5A03G1127700.1	TraesCS5A03G1127700.1		648	false	false		TraesCS5A03G1127700.1		20.06	1.0000	0.9990	0.00000000000000	7	0	7	12	0	12	     0	     0	     0			TraesCS5D03G1081100.2, TraesCS5D03G1081100.3
TraesCS5A03G1134200.2	TraesCS5A03G1134200.2	TraesCS5A03G1134200.2		148	false	false		TraesCS5A03G1134200.2		54.05	1.0000	0.9990	0.00000000000000	5	0	5	16	0	16	     0	     0	     0			
TraesCS5A03G1208500.1	TraesCS5A03G1208500.1	TraesCS5A03G1208500.1		222	false	false		TraesCS5A03G1208500.1		20.72	1.0000	0.9990	0.00000000000000	2	1	1	5	3	3	     0	     0	     0	2M(15.9949)		
TraesCS5B03G0028300.1	TraesCS5B03G0028300.1	TraesCS5B03G0028300.1		167	false	false		TraesCS5B03G0028300.1		26.95	1.0000	0.9990	0.00000000000000	2	1	2	2	1	2	     0	     0	     0	13M(15.9949)		
TraesCS5B03G0053200.1	TraesCS5B03G0053200.1	TraesCS5B03G0053200.1		772	false	false		TraesCS5B03G0053200.1		23.32	1.0000	0.9990	0.00000000000000	11	0	11	28	0	28	     0	     0	     0			TraesCS5B03G0053200.3, TraesCS5B03G0053200.4, TraesCS5B03G0053200.5
TraesCS5B03G0678400LC.1	TraesCS5B03G0678400LC.1	TraesCS5B03G0678400LC.1		149	false	false		TraesCS5B03G0678400LC.1		61.07	1.0000	0.9990	0.00000000000000	2	2	2	9	9	9	     0	     0	     0	N-term(42.0106)		
TraesCS5B03G0678500LC.1	TraesCS5B03G0678500LC.1	TraesCS5B03G0678500LC.1		147	false	false		TraesCS5B03G0678500LC.1		65.99	1.0000	0.9990	0.00000000000000	3	3	3	6	6	6	     0	     0	     0	N-term(42.0106)		
TraesCS5B03G0934300.1	TraesCS5B03G0934300.1	TraesCS5B03G0934300.1		295	false	false		TraesCS5B03G0934300.1		26.10	1.0000	0.9990	0.00000000000000	4	0	1	8	0	4	     0	     0	     0	7M(15.9949)		TraesCS5D03G0849500.1
TraesCS5B03G0941500.1	TraesCS5B03G0941500.1	TraesCS5B03G0941500.1		305	false	false		TraesCS5B03G0941500.1		16.39	1.0000	0.9990	0.00000000000000	5	0	5	11	0	11	     0	     0	     0			TraesCS5B03G0941500.2, TraesCS5B03G0941800LC.1, TraesCS5D03G0857200LC.1
TraesCS5B03G0992400.1	TraesCS5B03G0992400.1	TraesCS5B03G0992400.1		480	false	false		TraesCS5B03G0992400.1		26.67	1.0000	0.9990	0.00000000000000	5	1	2	10	2	3	     0	     0	     0			
TraesCS5B03G1099900.1	TraesCS5B03G1099900.1	TraesCS5B03G1099900.1		256	false	false		TraesCS5B03G1099900.1		15.23	1.0000	0.9990	0.00000000000000	2	0	2	14	0	14	     0	     0	     0	N-term(42.0106)		TraesCS5B03G1099900.2
TraesCS5B03G1204900.1	TraesCS5B03G1204900.1	TraesCS5B03G1204900.1		148	false	false		TraesCS5B03G1204900.1		54.05	1.0000	0.9990	0.00000000000000	5	2	2	14	4	4	     0	     0	     0			
TraesCS5D03G0089400.1	TraesCS5D03G0089400.1	TraesCS5D03G0089400.1		420	false	false		TraesCS5D03G0089400.1		17.38	1.0000	0.9990	0.00000000000000	3	1	3	7	1	7	     0	     0	     0			
TraesCS5D03G0513300.1	TraesCS5D03G0513300.1	TraesCS5D03G0513300.1		251	false	false		TraesCS5D03G0513300.1		35.06	1.0000	0.9990	0.00000000000000	3	0	3	5	0	5	     0	     0	     0			
TraesCS5D03G0868300.1	TraesCS5D03G0868300.1	TraesCS5D03G0868300.1		864	false	false		TraesCS5D03G0868300.1		4.51	1.0000	0.9990	0.00000000000000	2	1	2	2	1	2	     0	     0	     0	3M(15.9949)		
TraesCS5D03G0929900.1	TraesCS5D03G0929900.1	TraesCS5D03G0929900.1		503	false	false		TraesCS5D03G0929900.1		7.16	1.0000	0.9990	0.00000000000000	2	1	2	2	1	2	     0	     0	     0			
TraesCS5D03G0989900.1	TraesCS5D03G0989900.1	TraesCS5D03G0989900.1		270	false	false		TraesCS5D03G0989900.1		14.44	1.0000	0.9990	0.00000000000000	2	2	2	7	7	7	     0	     0	     0	N-term(42.0106)		
TraesCS5D03G0990100.1	TraesCS5D03G0990100.1	TraesCS5D03G0990100.1		237	false	false		TraesCS5D03G0990100.1		14.35	1.0000	0.9990	0.00000000000000	2	2	2	12	12	12	     0	     0	     0	N-term(42.0106)		
TraesCS5D03G1087400.2	TraesCS5D03G1087400.2	TraesCS5D03G1087400.2		148	false	false		TraesCS5D03G1087400.2		54.05	1.0000	0.9990	0.00000000000000	5	0	2	12	0	2	     0	     0	     0			
TraesCS5D03G1178100LC.1	TraesCS5D03G1178100LC.1	TraesCS5D03G1178100LC.1		202	false	false		TraesCS5D03G1178100LC.1		32.67	1.0000	0.9989	0.00000000000000	2	1	2	2	1	2	     0	     0	     0			
TraesCS6A03G0000400.1	TraesCS6A03G0000400.1	TraesCS6A03G0000400.1		386	false	false		TraesCS6A03G0000400.1		12.95	1.0000	0.9990	0.00000000000000	3	0	3	9	0	9	     0	     0	     0			TraesCS6B03G0000500.1, TraesCS6D03G0004700.1
TraesCS6A03G0047100.1	TraesCS6A03G0047100.1	TraesCS6A03G0047100.1		532	false	false		TraesCS6A03G0047100.1		6.39	1.0000	0.9990	0.00000000000000	2	0	2	4	0	4	     0	     0	     0			TraesCS6A03G0047100.2, TraesCS6B03G0064400.1
TraesCS6A03G0056000.1	TraesCS6A03G0056000.1	TraesCS6A03G0056000.1		397	false	false		TraesCS6A03G0056000.1		14.11	1.0000	0.9989	0.00000000000000	2	0	2	5	0	5	     0	     0	     0			TraesCS6B03G0084200.1, TraesCS6D03G0057700.1
TraesCS6A03G0093800.1	TraesCS6A03G0093800.1	TraesCS6A03G0093800.1		494	false	false		TraesCS6A03G0093800.1		23.08	1.0000	0.9990	0.00000000000000	6	0	6	9	0	9	     0	     0	     0			TraesCS6A03G0093800.2, TraesCS6B03G0133900.1, TraesCS6B03G0133900.2, TraesCS6D03G0101500.1, TraesCS6D03G0101500.2, TraesCS6D03G0101500.3
TraesCS6A03G0096800.1	TraesCS6A03G0096800.1	TraesCS6A03G0096800.1		737	false	false		TraesCS6A03G0096800.1		5.43	1.0000	0.9990	0.00000000000000	2	0	2	9	0	9	     0	     0	     0			TraesCS6B03G0137600.1, TraesCS6D03G0103400.1
TraesCS6A03G0107000.1	TraesCS6A03G0107000.1	TraesCS6A03G0107000.1		206	false	false		TraesCS6A03G0107000.1		11.65	1.0000	0.9990	0.00000000000000	1	0	1	3	0	3	     0	     0	     0	20M(15.9949)		TraesCS6A03G0107000.2, TraesCS6B03G0149600.1, TraesCS6B03G0149600.2, TraesCS6D03G0114300.1
TraesCS6A03G0154800.1	TraesCS6A03G0154800.1	TraesCS6A03G0154800.1		185	false	false		TraesCS6A03G0154800.1		26.49	1.0000	0.9990	0.00000000000000	3	0	3	4	0	4	     0	     0	     0			TraesCS6B03G0221200.1
TraesCS6A03G0156900.1	TraesCS6A03G0156900.1	TraesCS6A03G0156900.1		373	false	false		TraesCS6A03G0156900.1		12.60	1.0000	0.9888	0.00287562904385	2	0	2	3	0	3	     0	     0	     0			TraesCS6B03G0223100.1, TraesCS6D03G0142900.1
TraesCS6A03G0212600.1	TraesCS6A03G0212600.1	TraesCS6A03G0212600.1		238	false	false		TraesCS6A03G0212600.1		7.98	1.0000	0.9990	0.00000000000000	1	0	1	6	0	6	     0	     0	     0	18M(15.9949)		TraesCS6B03G0301000.1
TraesCS6A03G0245900.1	TraesCS6A03G0245900.1	TraesCS6A03G0245900.1		264	false	false		TraesCS6A03G0245900.1		11.36	1.0000	0.9990	0.00000000000000	2	0	2	3	0	3	     0	     0	     0			TraesCS6D03G0203600.1
TraesCS6A03G0275700.1	TraesCS6A03G0275700.1	TraesCS6A03G0275700.1		895	false	false		TraesCS6A03G0275700.1		5.59	1.0000	0.9990	0.00000000000000	2	0	2	4	0	4	     0	     0	     0			TraesCS6A03G0275700.2, TraesCS6A03G0275700.3, TraesCS6A03G0275700.4, TraesCS6B03G0363500.1, TraesCS6B03G0363500.2, TraesCS6D03G0227800.1, TraesCS6D03G0227800.2
TraesCS6A03G0317300.1	TraesCS6A03G0317300.1	TraesCS6A03G0317300.1		383	false	false		TraesCS6A03G0317300.1		19.06	1.0000	0.9990	0.00000000000000	3	1	2	3	1	2	     0	     0	     0			
TraesCS6A03G0385100.1	TraesCS6A03G0385100.1	TraesCS6A03G0385100.1		401	false	false		TraesCS6A03G0385100.1		32.17	1.0000	0.9990	0.00000000000000	6	0	5	9	0	8	     0	     0	     0			TraesCS6B03G0478800.1, TraesCS6B03G0478800.2, TraesCS6D03G0332100.1
TraesCS6A03G0387900.1	TraesCS6A03G0387900.1	TraesCS6A03G0387900.1		269	false	false		TraesCS6A03G0387900.1		30.86	1.0000	0.9990	0.00000000000000	4	0	4	14	0	14	     0	     0	     0	3M(15.9949), 9M(15.9949)		TraesCS6B03G0493800.1, TraesCS6D03G0340100.1
TraesCS6A03G0416600.1	TraesCS6A03G0416600.1	TraesCS6A03G0416600.1		226	false	false		TraesCS6A03G0416600.1		8.85	1.0000	0.9990	0.00000000000000	1	0	1	5	0	5	     0	     0	     0	18M(15.9949)		TraesCS6B03G0506000.1, TraesCS6D03G0353400.1
TraesCS6A03G0494500.1	TraesCS6A03G0494500.1	TraesCS6A03G0494500.1		676	false	false		TraesCS6A03G0494500.1		6.95	1.0000	0.9990	0.00000000000000	2	0	2	3	0	3	     0	     0	     0			TraesCS6B03G0627500.1, TraesCS6B03G0627500.2, TraesCS6B03G0627500.3, TraesCS6B03G0627500.4, TraesCS6D03G0443300.1
TraesCS6A03G0543700.1	TraesCS6A03G0543700.1	TraesCS6A03G0543700.1		251	false	false		TraesCS6A03G0543700.1		26.69	1.0000	0.9990	0.00000000000000	3	0	3	5	0	5	     0	     0	     0			TraesCS6D03G0457500.1
TraesCS6A03G0578100.1	TraesCS6A03G0578100.1	TraesCS6A03G0578100.1		470	false	false		TraesCS6A03G0578100.1		27.45	1.0000	0.9990	0.00000000000000	6	0	6	10	0	10	     0	     0	     0	23M(15.9949), 9M(15.9949)		TraesCS6B03G0694200.1, TraesCS6D03G0480200.1
TraesCS6A03G0582900.1	TraesCS6A03G0582900.1	TraesCS6A03G0582900.1		256	false	false		TraesCS6A03G0582900.1		15.62	1.0000	0.9990	0.00000000000000	2	0	2	5	0	5	     0	     0	     0			TraesCS6B03G0712700.1, TraesCS6D03G0484500.1
TraesCS6A03G0585000.1	TraesCS6A03G0585000.1	TraesCS6A03G0585000.1		325	false	false		TraesCS6A03G0585000.1		15.69	1.0000	0.9985	0.00000000000000	2	0	2	4	0	4	     0	     0	     0			TraesCS6B03G0701900.1, TraesCS6D03G0483400.1
TraesCS6A03G0586800.1	TraesCS6A03G0586800.1	TraesCS6A03G0586800.1		337	false	false		TraesCS6A03G0586800.1		36.80	1.0000	0.9990	0.00000000000000	5	1	5	29	2	29	     0	     0	     0	23M(15.9949), 26M(15.9949)		
TraesCS6A03G0614100.1	TraesCS6A03G0614100.1	TraesCS6A03G0614100.1		704	false	false		TraesCS6A03G0614100.1		9.94	1.0000	0.9990	0.00000000000000	3	0	3	6	0	6	     0	     0	     0	N-term(42.0106)		TraesCS6B03G0758700.3, TraesCS6D03G0526000.2
TraesCS6A03G0617100.1	TraesCS6A03G0617100.1	TraesCS6A03G0617100.1		344	false	false		TraesCS6A03G0617100.1		37.50	1.0000	0.9990	0.00000000000000	6	3	3	14	8	8	     0	     0	     0	18M(15.9949)		
TraesCS6A03G0653200.1	TraesCS6A03G0653200.1	TraesCS6A03G0653200.1		581	false	false		TraesCS6A03G0653200.1		6.71	1.0000	0.9990	0.00000000000000	2	0	2	2	0	2	     0	     0	     0			TraesCS6B03G0825800.1, TraesCS6D03G0541600.1
TraesCS6A03G0673200.1	TraesCS6A03G0673200.1	TraesCS6A03G0673200.1		394	false	false		TraesCS6A03G0673200.1		9.39	1.0000	0.9990	0.00000000000000	2	0	1	6	0	3	     0	     0	     0	14M(15.9949)		TraesCS6B03G0802500.1, TraesCS6D03G0563700.1
TraesCS6A03G0686000.1	TraesCS6A03G0686000.1	TraesCS6A03G0686000.1		139	false	false		TraesCS6A03G0686000.1		37.41	1.0000	0.9990	0.00000000000000	3	0	3	6	0	6	     0	     0	     0			TraesCS6B03G0790600.2, TraesCS6D03G0575400.2
TraesCS6A03G0714400.1	TraesCS6A03G0714400.1	TraesCS6A03G0714400.1		404	false	false		TraesCS6A03G0714400.1		22.77	1.0000	0.9990	0.00000000000000	4	0	4	4	0	4	     0	     0	     0	9M(15.9949)		TraesCS6B03G0849400.1, TraesCS6D03G0599500.1
TraesCS6A03G0750700.1	TraesCS6A03G0750700.1	TraesCS6A03G0750700.1		380	false	false		TraesCS6A03G0750700.1		7.89	1.0000	0.9990	0.00000000000000	2	0	2	10	0	10	     0	     0	     0	11M(15.9949), 1M(15.9949), 2M(15.9949)		TraesCS6B03G0889600.1, TraesCS6D03G0634700.1
TraesCS6A03G0782800.2	TraesCS6A03G0782800.2	TraesCS6A03G0782800.2		356	false	false		TraesCS6A03G0782800.2		20.51	1.0000	0.9990	0.00000000000000	4	0	2	11	0	5	     0	     0	     0	N-term(42.0106)		TraesCS6D03G0662100LC.2
TraesCS6A03G0797500.1	TraesCS6A03G0797500.1	TraesCS6A03G0797500.1		250	false	false		TraesCS6A03G0797500.1		42.00	1.0000	0.9990	0.00000000000000	6	0	6	10	0	10	     0	     0	     0	11M(15.9949)		TraesCS6B03G0942900LC.1, TraesCS6D03G0672500.1
TraesCS6A03G0804600.1	TraesCS6A03G0804600.1	TraesCS6A03G0804600.1		462	false	false		TraesCS6A03G0804600.1		7.79	1.0000	0.9990	0.00000000000000	2	0	2	3	0	3	     0	     0	     0	3M(15.9949)		TraesCS6B03G0953300.1, TraesCS6D03G0680700.1
TraesCS6A03G0814000.1	TraesCS6A03G0814000.1	TraesCS6A03G0814000.1		371	false	false		TraesCS6A03G0814000.1		8.09	1.0000	0.9990	0.00000000000000	3	0	3	4	0	4	     0	     0	     0			TraesCS6B03G0966000.1, TraesCS6D03G0688300.1
TraesCS6A03G0814800.1	TraesCS6A03G0814800.1	TraesCS6A03G0814800.1		164	false	false		TraesCS6A03G0814800.1		23.78	1.0000	0.9990	0.00000000000000	2	0	2	11	0	11	     0	     0	     0	18M(15.9949)		TraesCS6D03G0689300.1
TraesCS6A03G0823200.1	TraesCS6A03G0823200.1	TraesCS6A03G0823200.1		200	false	false		TraesCS6A03G0823200.1		18.50	1.0000	0.9978	0.00110987791343	2	0	2	2	0	2	     0	     0	     0			TraesCS6A03G0823200.2, TraesCS6B03G0978000.1, TraesCS6B03G0978000.2, TraesCS6B03G0978000.3, TraesCS6D03G0696600.1
TraesCS6A03G0916300.1	TraesCS6A03G0916300.1	TraesCS6A03G0916300.1		625	false	false		TraesCS6A03G0916300.1		8.96	1.0000	0.9990	0.00000000000000	4	0	4	9	0	9	     0	     0	     0			TraesCS6B03G1101100.1
TraesCS6A03G0917800.1	TraesCS6A03G0917800.1	TraesCS6A03G0917800.1		127	false	false		TraesCS6A03G0917800.1		27.56	1.0000	0.9990	0.00000000000000	3	0	3	9	0	9	     0	     0	     0			TraesCS6B03G1104600.1, TraesCS6D03G0789500.1
TraesCS6A03G0924100.1	TraesCS6A03G0924100.1	TraesCS6A03G0924100.1		468	false	false		TraesCS6A03G0924100.1		9.62	1.0000	0.9990	0.00000000000000	2	0	2	7	0	7	     0	     0	     0	11M(15.9949), 19M(15.9949), 22M(15.9949)		TraesCS6A03G0924100.2, TraesCS6B03G1111000.1, TraesCS6D03G0797000.1
TraesCS6A03G0941800.1	TraesCS6A03G0941800.1	TraesCS6A03G0941800.1		502	false	false		TraesCS6A03G0941800.1		6.37	1.0000	0.9990	0.00000000000000	2	0	2	5	0	5	     0	     0	     0			TraesCS6B03G1151100.1, TraesCS6D03G0819500.1, TraesCS6D03G0819500.2
TraesCS6A03G0979600.1	TraesCS6A03G0979600.1	TraesCS6A03G0979600.1		414	false	false		TraesCS6A03G0979600.1		16.67	1.0000	0.9990	0.00000000000000	2	0	2	3	0	3	     0	     0	     0	24M(15.9949)		TraesCS6B03G1203300.1, TraesCS6D03G0862300.1
TraesCS6A03G1001500.1	TraesCS6A03G1001500.1	TraesCS6A03G1001500.1		535	false	false		TraesCS6A03G1001500.1		14.21	1.0000	0.9990	0.00000000000000	3	0	3	3	0	3	     0	     0	     0			TraesCS6D03G0882600.1
TraesCS6A03G1030700.1	TraesCS6A03G1030700.1	TraesCS6A03G1030700.1		431	false	false		TraesCS6A03G1030700.1		8.58	1.0000	0.9990	0.00000000000000	2	0	2	3	0	3	     0	     0	     0			TraesCS6B03G1278500.1, TraesCS6B03G1278500.2, TraesCS6B03G1278500.3, TraesCS6D03G0910500.1, TraesCS6D03G0910500.2
TraesCS6B03G0410000.1	TraesCS6B03G0410000.1	TraesCS6B03G0410000.1		383	false	false		TraesCS6B03G0410000.1		19.06	1.0000	0.9990	0.00000000000000	3	1	3	5	1	5	     0	     0	     0	14M(15.9949), 18M(15.9949)		
TraesCS6B03G0755000.2	TraesCS6B03G0755000.2	TraesCS6B03G0755000.2		328	false	false		TraesCS6B03G0755000.2		26.83	1.0000	0.9990	0.00000000000000	4	0	4	12	0	12	     0	     0	     0			TraesCS6B03G0755000.3, TraesCS6D03G0525200.1
TraesCS6B03G0914700.1	TraesCS6B03G0914700.1	TraesCS6B03G0914700.1		389	false	false		TraesCS6B03G0914700.1		11.05	1.0000	0.9989	0.00000000000000	2	2	2	3	3	3	     0	     0	     0			
TraesCS6B03G0919500.1	TraesCS6B03G0919500.1	TraesCS6B03G0919500.1		157	false	false		TraesCS6B03G0919500.1		19.75	1.0000	0.9990	0.00000000000000	3	0	3	6	0	6	     0	     0	     0			TraesCS6B03G0919500.2
TraesCS6B03G0938200.1	TraesCS6B03G0938200.1	TraesCS6B03G0938200.1		774	false	false		TraesCS6B03G0938200.1		3.49	1.0000	0.9952	0.00287562904385	2	0	2	2	0	2	     0	     0	     0			TraesCS6B03G0938200.2, TraesCS6B03G0938200.3, TraesCS6D03G0670000.1, TraesCS6D03G0670000.2, TraesCS6D03G0670000.3
TraesCS6B03G0966800.1	TraesCS6B03G0966800.1	TraesCS6B03G0966800.1		164	false	false		TraesCS6B03G0966800.1		12.20	1.0000	0.9990	0.00000000000000	1	1	1	3	3	3	     0	     0	     0	18M(15.9949)		
TraesCS6B03G1067300.1	TraesCS6B03G1067300.1	TraesCS6B03G1067300.1		112	false	false		TraesCS6B03G1067300.1		24.11	1.0000	0.9990	0.00000000000000	2	0	2	3	0	3	     0	     0	     0			TraesCS6D03G0764000.1
TraesCS6D03G0140500.1	TraesCS6D03G0140500.1	TraesCS6D03G0140500.1		222	false	false		TraesCS6D03G0140500.1		21.17	1.0000	0.9990	0.00000000000000	3	1	1	4	2	2	     0	     0	     0			
TraesCS6D03G0193900.1	TraesCS6D03G0193900.1	TraesCS6D03G0193900.1		530	false	false		TraesCS6D03G0193900.1		9.25	1.0000	0.9990	0.00000000000000	3	1	3	6	2	6	     0	     0	     0			
TraesCS6D03G0654900.1	TraesCS6D03G0654900.1	TraesCS6D03G0654900.1		434	false	false		TraesCS6D03G0654900.1		4.15	1.0000	0.9976	0.00110987791343	2	0	2	2	0	2	     0	     0	     0			TraesCS6D03G0654900.2
TraesCS6D03G0822900.1	TraesCS6D03G0822900.1	TraesCS6D03G0822900.1		303	false	false		TraesCS6D03G0822900.1		8.58	1.0000	0.9989	0.00000000000000	2	0	2	2	0	2	     0	     0	     0	2M(15.9949)		TraesCS6D03G0822900.2
TraesCS6D03G0850600.1	TraesCS6D03G0850600.1	TraesCS6D03G0850600.1		496	false	false		TraesCS6D03G0850600.1		11.49	1.0000	0.9990	0.00000000000000	2	1	2	3	1	3	     0	     0	     0			
TraesCS7A03G0021000.1	TraesCS7A03G0021000.1	TraesCS7A03G0021000.1		524	false	false		TraesCS7A03G0021000.1		21.18	1.0000	0.9990	0.00000000000000	5	2	2	7	4	4	     0	     0	     0			
TraesCS7A03G0041900.1	TraesCS7A03G0041900.1	TraesCS7A03G0041900.1		361	false	false		TraesCS7A03G0041900.1		10.53	1.0000	0.9990	0.00000000000000	2	2	2	5	5	5	     0	     0	     0	13M(15.9949)		
TraesCS7A03G0160800.2	TraesCS7A03G0160800.2	TraesCS7A03G0160800.2		633	false	false		TraesCS7A03G0160800.2		33.33	1.0000	0.9990	0.00000000000000	8	0	8	21	0	21	     0	     0	     0	2M(15.9949)		TraesCS7D03G0149600.1
TraesCS7A03G0420200.1	TraesCS7A03G0420200.1	TraesCS7A03G0420200.1		314	false	false		TraesCS7A03G0420200.1		6.69	1.0000	0.9990	0.00000000000000	1	0	1	2	0	2	     0	     0	     0	13M(15.9949)		TraesCS7B03G0226800.1, TraesCS7D03G0408700.1, TraesCS7D03G0408700.2
TraesCS7A03G0443500.1	TraesCS7A03G0443500.1	TraesCS7A03G0443500.1		374	false	false		TraesCS7A03G0443500.1		13.37	1.0000	0.9990	0.00000000000000	2	1	2	3	2	3	     0	     0	     0			
TraesCS7A03G0505500.1	TraesCS7A03G0505500.1	TraesCS7A03G0505500.1		545	false	false		TraesCS7A03G0505500.1		9.36	1.0000	0.9990	0.00000000000000	3	1	3	3	1	3	     0	     0	     0	16C(57.0214), 24M(15.9949)		
TraesCS7A03G0555500.1	TraesCS7A03G0555500.1	TraesCS7A03G0555500.1		700	false	false		TraesCS7A03G0555500.1		2.29	1.0000	0.9984	0.00000000000000	2	0	2	2	0	2	     0	     0	     0	11M(15.9949), 3M(15.9949)		TraesCS7B03G0405300.1, TraesCS7B03G0405300.2, TraesCS7D03G0537900.1
TraesCS7A03G0645200.1	TraesCS7A03G0645200.1	TraesCS7A03G0645200.1		435	false	false		TraesCS7A03G0645200.1		8.51	1.0000	0.9990	0.00000000000000	2	0	2	3	0	3	     0	     0	     0			TraesCS7B03G0469800.1, TraesCS7B03G0469800.2, TraesCS7D03G0625600.1
TraesCS7A03G0646400.1	TraesCS7A03G0646400.1	TraesCS7A03G0646400.1		304	false	false		TraesCS7A03G0646400.1		12.83	1.0000	0.9990	0.00000000000000	2	0	2	5	0	5	     0	     0	     0	14M(15.9949)		TraesCS7B03G0470600.1, TraesCS7D03G0626200.1
TraesCS7A03G0647100.1	TraesCS7A03G0647100.1	TraesCS7A03G0647100.1		283	false	false		TraesCS7A03G0647100.1		21.91	1.0000	0.9990	0.00000000000000	4	0	4	9	0	9	     0	     0	     0			TraesCS7B03G0472800.1, TraesCS7D03G0626900.1
TraesCS7A03G0671700.1	TraesCS7A03G0671700.1	TraesCS7A03G0671700.1		358	false	false		TraesCS7A03G0671700.1		12.57	1.0000	0.9990	0.00000000000000	2	0	2	3	0	3	     0	     0	     0			TraesCS7D03G0644300.1
TraesCS7A03G0724200.1	TraesCS7A03G0724200.1	TraesCS7A03G0724200.1		287	false	false		TraesCS7A03G0724200.1		22.30	1.0000	0.9990	0.00000000000000	3	0	2	11	0	4	     0	     0	     0			TraesCS7B03G0511200.1, TraesCS7D03G0693700.1
TraesCS7A03G0738100.1	TraesCS7A03G0738100.1	TraesCS7A03G0738100.1		366	false	false		TraesCS7A03G0738100.1		7.10	1.0000	0.9990	0.00000000000000	2	0	2	2	0	2	     0	     0	     0			TraesCS7B03G0534000.1, TraesCS7D03G0703500.1
TraesCS7A03G0762300.1	TraesCS7A03G0762300.1	TraesCS7A03G0762300.1		320	false	false		TraesCS7A03G0762300.1		15.62	1.0000	0.9990	0.00000000000000	2	0	2	7	0	7	     0	     0	     0			TraesCS7B03G0593200.1, TraesCS7D03G0732300.1
TraesCS7A03G0770100.1	TraesCS7A03G0770100.1	TraesCS7A03G0770100.1		337	false	false		TraesCS7A03G0770100.1		36.20	1.0000	0.9990	0.00000000000000	5	0	5	18	0	18	     0	     0	     0	13M(15.9949), 23M(15.9949), 26M(15.9949), 3M(15.9949)		TraesCS7A03G0770100.2, TraesCS7A03G0770100.3, TraesCS7B03G0600400.1, TraesCS7D03G0737500.1
TraesCS7A03G0779600.1	TraesCS7A03G0779600.1	TraesCS7A03G0779600.1		110	false	false		TraesCS7A03G0779600.1		52.73	1.0000	0.9990	0.00000000000000	4	0	4	12	0	12	     0	     0	     0			TraesCS7B03G0615500.1, TraesCS7D03G0746800.1
TraesCS7A03G0847000.1	TraesCS7A03G0847000.1	TraesCS7A03G0847000.1		918	false	false		TraesCS7A03G0847000.1		5.66	1.0000	0.9990	0.00000000000000	3	0	3	3	0	3	     0	     0	     0			TraesCS7B03G0663800.1, TraesCS7D03G0790600.1
TraesCS7A03G0848400.1	TraesCS7A03G0848400.1	TraesCS7A03G0848400.1		558	false	false		TraesCS7A03G0848400.1		8.60	1.0000	0.9990	0.00000000000000	2	0	2	4	0	4	     0	     0	     0			TraesCS7B03G0662000.1, TraesCS7B03G0662000.2, TraesCS7D03G0789300.1, TraesCS7D03G0789300.2
TraesCS7A03G0876800.1	TraesCS7A03G0876800.1	TraesCS7A03G0876800.1		535	false	false		TraesCS7A03G0876800.1		11.03	1.0000	0.9990	0.00000000000000	2	0	2	4	0	4	     0	     0	     0			TraesCS7B03G0736900.2, TraesCS7B03G0736900.3, TraesCS7D03G0859500.1, TraesCS7D03G0859500.2
TraesCS7A03G0886400.1	TraesCS7A03G0886400.1	TraesCS7A03G0886400.1		413	false	false		TraesCS7A03G0886400.1		19.13	1.0000	0.9990	0.00000000000000	4	0	4	18	0	18	     0	     0	     0	5M(15.9949)		TraesCS7D03G0849700.1
TraesCS7A03G0916800.1	TraesCS7A03G0916800.1	TraesCS7A03G0916800.1		351	false	false		TraesCS7A03G0916800.1		12.54	1.0000	0.9990	0.00000000000000	2	0	2	3	0	3	     0	     0	     0			TraesCS7B03G0760700.1, TraesCS7D03G0879600.1
TraesCS7A03G0927100.1	TraesCS7A03G0927100.1	TraesCS7A03G0927100.1		241	false	false		TraesCS7A03G0927100.1		10.79	1.0000	0.9990	0.00000000000000	3	0	2	4	0	3	     0	     0	     0	N-term(42.0106)		TraesCS7B03G0774900.1, TraesCS7D03G0890900.1
TraesCS7A03G0954200.1	TraesCS7A03G0954200.1	TraesCS7A03G0954200.1		230	false	false		TraesCS7A03G0954200.1		17.83	1.0000	0.9990	0.00000000000000	2	0	2	4	0	4	     0	     0	     0			TraesCS7B03G0796900.1, TraesCS7D03G0919400.1
TraesCS7A03G0958500.1	TraesCS7A03G0958500.1	TraesCS7A03G0958500.1		326	false	false		TraesCS7A03G0958500.1		14.72	1.0000	0.9990	0.00000000000000	3	0	2	4	0	3	     0	     0	     0			TraesCS7B03G0801400.1, TraesCS7D03G0923200.1
TraesCS7A03G1004800.1	TraesCS7A03G1004800.1	TraesCS7A03G1004800.1		428	false	false		TraesCS7A03G1004800.1		6.78	1.0000	0.9990	0.00000000000000	2	0	2	2	0	2	     0	     0	     0			TraesCS7B03G0845300.1, TraesCS7D03G0959500.1, TraesCS7D03G0959500.2, TraesCS7D03G0959500.3
TraesCS7A03G1006300.2	TraesCS7A03G1006300.2	TraesCS7A03G1006300.2		438	false	false		TraesCS7A03G1006300.2		11.42	1.0000	0.9989	0.00000000000000	2	0	2	2	0	2	     0	     0	     0			
TraesCS7A03G1091400.1	TraesCS7A03G1091400.1	TraesCS7A03G1091400.1		191	false	false		TraesCS7A03G1091400.1		13.61	1.0000	0.9990	0.00000000000000	1	0	1	4	0	4	     0	     0	     0	11M(15.9949)		TraesCS7B03G0939600.1, TraesCS7D03G1043200.1
TraesCS7A03G1141400.2	TraesCS7A03G1141400.2	TraesCS7A03G1141400.2		673	false	false		TraesCS7A03G1141400.2		11.00	1.0000	0.9990	0.00000000000000	3	0	3	6	0	6	     0	     0	     0	10M(15.9949), 25M(15.9949)		TraesCS7B03G1004000.1, TraesCS7D03G1087900.1
TraesCS7A03G1157800.1	TraesCS7A03G1157800.1	TraesCS7A03G1157800.1		406	false	false		TraesCS7A03G1157800.1		9.85	1.0000	0.9990	0.00000000000000	2	0	2	3	0	3	     0	     0	     0			TraesCS7A03G1157800.2, TraesCS7A03G1157800.3, TraesCS7B03G1023500.1, TraesCS7D03G1105500.1, TraesCS7D03G1105500.2, TraesCS7D03G1105500.3
TraesCS7A03G1186200.1	TraesCS7A03G1186200.1	TraesCS7A03G1186200.1		615	false	false		TraesCS7A03G1186200.1		15.77	1.0000	0.9990	0.00000000000000	5	0	5	8	0	8	     0	     0	     0	11M(15.9949), 16M(15.9949)		TraesCS7B03G1057200.1, TraesCS7D03G1126900.2
TraesCS7A03G1253800.1	TraesCS7A03G1253800.1	TraesCS7A03G1253800.1		1171	false	false		TraesCS7A03G1253800.1		2.90	1.0000	0.9990	0.00000000000000	2	0	2	5	0	5	     0	     0	     0			TraesCS7A03G1253800.2, TraesCS7A03G1253800.3, TraesCS7B03G1173600.1, TraesCS7B03G1173600.2, TraesCS7D03G1198100.1, TraesCS7D03G1198100.2, TraesCS7D03G1198100.3, TraesCS7D03G1198100.4
TraesCS7A03G1332800.1	TraesCS7A03G1332800.1	TraesCS7A03G1332800.1		686	false	false		TraesCS7A03G1332800.1		12.39	1.0000	0.9990	0.00000000000000	4	0	4	10	0	10	     0	     0	     0	4M(15.9949)		TraesCS7B03G1267400.1, TraesCS7D03G1259900.1
TraesCS7A03G1336800.1	TraesCS7A03G1336800.1	TraesCS7A03G1336800.1		492	false	false		TraesCS7A03G1336800.1		5.08	1.0000	0.9990	0.00000000000000	2	0	2	3	0	3	     0	     0	     0			TraesCS7A03G1336800.2, TraesCS7A03G1337400.1, TraesCS7B03G1272500.1
TraesCS7A03G1342600.1	TraesCS7A03G1342600.1	TraesCS7A03G1342600.1		161	false	false		TraesCS7A03G1342600.1		24.22	1.0000	0.9990	0.00000000000000	1	0	1	4	0	4	     0	     0	     0			TraesCS7A03G1342600.2
TraesCS7A03G1366100.1	TraesCS7A03G1366100.1	TraesCS7A03G1366100.1		418	false	false		TraesCS7A03G1366100.1		13.16	1.0000	0.9990	0.00000000000000	3	0	3	6	0	6	     0	     0	     0			TraesCS7B03G1307200.1, TraesCS7D03G1294100.1
TraesCS7B03G0207900.1	TraesCS7B03G0207900.1	TraesCS7B03G0207900.1		323	false	false		TraesCS7B03G0207900.1		14.24	1.0000	0.9990	0.00000000000000	2	0	2	4	0	4	     0	     0	     0	N-term(42.0106)		TraesCS7D03G0391800.1
TraesCS7B03G0402800.1	TraesCS7B03G0402800.1	TraesCS7B03G0402800.1		401	false	false		TraesCS7B03G0402800.1		19.95	1.0000	0.9990	0.00000000000000	3	1	3	5	2	5	     0	     0	     0	N-term(42.0106)		
TraesCS7B03G0428400.1	TraesCS7B03G0428400.1	TraesCS7B03G0428400.1		172	false	false		TraesCS7B03G0428400.1		18.60	1.0000	0.9990	0.00000000000000	2	0	2	4	0	4	     0	     0	     0			TraesCS7D03G0588600.1
TraesCS7B03G0546000.1	TraesCS7B03G0546000.1	TraesCS7B03G0546000.1		431	false	false		TraesCS7B03G0546000.1		5.10	1.0000	0.9990	0.00000000000000	2	0	2	2	0	2	     0	     0	     0			TraesCS7B03G0546000.2, TraesCS7D03G0651600.1, TraesCS7D03G0651600.2
TraesCS7B03G0560800.1	TraesCS7B03G0560800.1	TraesCS7B03G0560800.1		419	false	false		TraesCS7B03G0560800.1		10.98	1.0000	0.9990	0.00000000000000	2	0	2	3	0	3	     0	     0	     0			TraesCS7B03G0560800.2, TraesCS7B03G0560800.3, TraesCS7D03G0650200.1, TraesCS7D03G0650200.2
TraesCS7B03G0710600.1	TraesCS7B03G0710600.1	TraesCS7B03G0710600.1		459	false	false		TraesCS7B03G0710600.1		7.41	1.0000	0.9990	0.00000000000000	2	0	2	2	0	2	     0	     0	     0			TraesCS7B03G0710600.2
TraesCS7B03G0730400.1	TraesCS7B03G0730400.1	TraesCS7B03G0730400.1		410	false	false		TraesCS7B03G0730400.1		13.90	1.0000	0.9990	0.00000000000000	3	0	1	13	0	5	     0	     0	     0	5M(15.9949)		
TraesCS7B03G0771700.1	TraesCS7B03G0771700.1	TraesCS7B03G0771700.1		360	false	false		TraesCS7B03G0771700.1		22.50	1.0000	0.9990	0.00000000000000	4	2	2	17	3	3	     0	     0	     0			
TraesCS7B03G0926700.1	TraesCS7B03G0926700.1	TraesCS7B03G0926700.1		392	false	false		TraesCS7B03G0926700.1		11.48	1.0000	0.9990	0.00000000000000	2	2	2	3	3	3	     0	     0	     0			
TraesCS7D03G0023900.1	TraesCS7D03G0023900.1	TraesCS7D03G0023900.1		475	false	false		TraesCS7D03G0023900.1		35.16	1.0000	0.9990	0.00000000000000	7	0	7	19	0	19	     0	     0	     0	10M(15.9949), 12M(15.9949), 7M(15.9949)		TraesCS7D03G0023900.2
TraesCS7D03G0149700.1	TraesCS7D03G0149700.1	TraesCS7D03G0149700.1		510	false	false		TraesCS7D03G0149700.1		9.41	1.0000	0.9979	0.00110987791343	3	1	3	4	1	4	     0	     0	     0			
TraesCS7D03G0798300.1	TraesCS7D03G0798300.1	TraesCS7D03G0798300.1		260	false	false		TraesCS7D03G0798300.1		22.69	1.0000	0.9990	0.00000000000000	2	2	2	3	3	3	     0	     0	     0	N-term(42.0106)		
TraesCS7D03G0884200.1	TraesCS7D03G0884200.1	TraesCS7D03G0884200.1		503	false	false		TraesCS7D03G0884200.1		14.91	1.0000	0.9990	0.00000000000000	4	0	4	5	0	5	     0	     0	     0	2M(15.9949)		
TraesCS1A03G0669900.1	TraesCS1A03G0669900.1	TraesCS1A03G0669900.1		206	false	false		TraesCS1A03G0669900.1		27.67	0.9999	0.9990	0.00000000000000	3	0	3	5	0	5	     0	     0	     0	N-term(42.0106)		TraesCS1B03G0761100.1, TraesCS1B03G0761100.2, TraesCS1D03G0633000.1
TraesCS1A03G1008400.1	TraesCS1A03G1008400.1	TraesCS1A03G1008400.1		299	false	false		TraesCS1A03G1008400.1		34.78	0.9999	0.9990	0.00000000000000	3	0	1	8	0	3	     0	     0	     0			TraesCS1A03G1008400.2
TraesCS1B03G0604100.1	TraesCS1B03G0604100.1	TraesCS1B03G0604100.1		313	false	false		TraesCS1B03G0604100.1		18.53	0.9999	0.9990	0.00000000000000	2	1	1	5	4	4	     0	     0	     0			
TraesCS2A03G0685200.1	TraesCS2A03G0685200.1	TraesCS2A03G0685200.1		225	false	false		TraesCS2A03G0685200.1		29.78	0.9999	0.9990	0.00000000000000	5	1	5	7	2	7	     0	     0	     0			
TraesCS2A03G0741400.1	TraesCS2A03G0741400.1	TraesCS2A03G0741400.1		258	false	false		TraesCS2A03G0741400.1		12.02	0.9999	0.9990	0.00000000000000	2	0	2	6	0	6	     0	     0	     0			TraesCS2D03G0683800.1
TraesCS2B03G0766500.3	TraesCS2B03G0766500.3	TraesCS2B03G0766500.3		224	false	false		TraesCS2B03G0766500.3		29.91	0.9999	0.9990	0.00000000000000	5	1	1	6	1	1	     0	     0	     0			
TraesCS2B03G0817900.1	TraesCS2B03G0817900.1	TraesCS2B03G0817900.1		262	false	false		TraesCS2B03G0817900.1		11.83	0.9999	0.9989	0.00000000000000	2	1	1	6	2	2	     0	     0	     0			
TraesCS2B03G0857900.1	TraesCS2B03G0857900.1	TraesCS2B03G0857900.1		152	false	false		TraesCS2B03G0857900.1		30.92	0.9999	0.9990	0.00000000000000	3	1	1	6	1	1	     0	     0	     0	2M(15.9949), 5M(15.9949)		
TraesCS2D03G0639100.1	TraesCS2D03G0639100.1	TraesCS2D03G0639100.1		225	false	false		TraesCS2D03G0639100.1		29.33	0.9999	0.9990	0.00000000000000	5	1	1	7	2	2	     0	     0	     0			
TraesCS2D03G1232800LC.1	TraesCS2D03G1232800LC.1	TraesCS2D03G1232800LC.1		477	false	false		TraesCS2D03G1232800LC.1		46.75	0.9999	0.9959	0.00287562904385	12	1	2	52	19	20	     0	     0	     0			
TraesCS3A03G0051400.1	TraesCS3A03G0051400.1	TraesCS3A03G0051400.1		1018	false	false		TraesCS3A03G0051400.1		5.89	0.9999	0.9990	0.00000000000000	2	0	2	2	0	2	     0	     0	     0			TraesCS3A03G0051400.2, TraesCS3B03G0044100.1
TraesCS3A03G0671500.1	TraesCS3A03G0671500.1	TraesCS3A03G0671500.1		551	false	false		TraesCS3A03G0671500.1		25.23	0.9999	0.9990	0.00000000000000	7	0	1	19	0	3	     0	     0	     0			TraesCS3B03G0767600.1, TraesCS3D03G0613600.2
TraesCS3A03G0870600.1	TraesCS3A03G0870600.1	TraesCS3A03G0870600.1		832	false	false		TraesCS3A03G0870600.1		4.45	0.9999	0.9990	0.00000000000000	2	0	2	4	0	4	     0	     0	     0			TraesCS3B03G0993200.1
TraesCS3A03G0871600.1	TraesCS3A03G0871600.1	TraesCS3A03G0871600.1		393	false	false		TraesCS3A03G0871600.1		6.62	0.9999	0.9985	0.00000000000000	2	0	2	5	0	5	     0	     0	     0			TraesCS3B03G0993700.1, TraesCS3D03G0797700.1, TraesCS3D03G0797700.2
TraesCS3A03G0952700.1	TraesCS3A03G0952700.1	TraesCS3A03G0952700.1		208	false	false		TraesCS3A03G0952700.1		11.06	0.9999	0.9981	0.00000000000000	2	0	2	3	0	3	     0	     0	     0			TraesCS3B03G1089400.1, TraesCS3D03G0886900.1
TraesCS3B03G0993400.1	TraesCS3B03G0993400.1	TraesCS3B03G0993400.1		863	false	false		TraesCS3B03G0993400.1		4.63	0.9999	0.9990	0.00000000000000	2	0	1	4	0	2	     0	     0	     0			TraesCS3D03G0796900.1, TraesCS3D03G0797000.1
TraesCS3B03G1042200.1	TraesCS3B03G1042200.1	TraesCS3B03G1042200.1		358	false	false		TraesCS3B03G1042200.1		18.16	0.9999	0.9990	0.00000000000000	4	1	1	15	1	1	     0	     0	     0			
TraesCS3D03G0035300.1	TraesCS3D03G0035300.1	TraesCS3D03G0035300.1		999	false	false		TraesCS3D03G0035300.1		6.41	0.9999	0.9990	0.00000000000000	2	0	1	2	0	1	     0	     0	     0			TraesCS3D03G0035300.2
TraesCS3D03G0847400.1	TraesCS3D03G0847400.1	TraesCS3D03G0847400.1		358	false	false		TraesCS3D03G0847400.1		18.16	0.9999	0.9990	0.00000000000000	4	0	1	16	0	2	     0	     0	     0			TraesCS3D03G0847400.2
TraesCS4A03G0532600.1	TraesCS4A03G0532600.1	TraesCS4A03G0532600.1		480	false	false		TraesCS4A03G0532600.1		14.17	0.9999	0.9499	0.00287562904385	2	0	2	2	0	2	     0	     0	     0			TraesCS4B03G0264500.1, TraesCS4D03G0226400.1
TraesCS4A03G0750600.1	TraesCS4A03G0750600.1	TraesCS4A03G0750600.1		445	false	false		TraesCS4A03G0750600.1		11.69	0.9999	0.9990	0.00000000000000	3	0	1	3	0	1	     0	     0	     0			TraesCS4B03G0034900.1, TraesCS4D03G0024600.1
TraesCS4B03G0187300.1	TraesCS4B03G0187300.1	TraesCS4B03G0187300.1		86	false	false		TraesCS4B03G0187300.1		34.88	0.9999	0.9990	0.00000000000000	2	0	2	10	0	10	     0	     0	     0			TraesCS4B03G0743300.1, TraesCS7A03G1217500.1, TraesCS7B03G1101600.1, TraesCS7D03G1158500.1
TraesCS4B03G0343200.1	TraesCS4B03G0343200.1	TraesCS4B03G0343200.1		368	false	false		TraesCS4B03G0343200.1		27.72	0.9999	0.9990	0.00000000000000	3	1	1	6	3	3	     0	     0	     0			
TraesCS4B03G0428600.2	TraesCS4B03G0428600.2	TraesCS4B03G0428600.2		266	false	false		TraesCS4B03G0428600.2		17.67	0.9999	0.9990	0.00000000000000	3	0	3	5	0	5	     0	     0	     0	N-term(42.0106)		
TraesCS4B03G0706900.1	TraesCS4B03G0706900.1	TraesCS4B03G0706900.1		488	false	false		TraesCS4B03G0706900.1		13.11	0.9999	0.9990	0.00000000000000	3	1	3	6	1	6	     0	     0	     0			
TraesCS4D03G0646000.1	TraesCS4D03G0646000.1	TraesCS4D03G0646000.1		422	false	false		TraesCS4D03G0646000.1		16.11	0.9999	0.9990	0.00000000000000	4	1	1	5	2	2	     0	     0	     0			
TraesCS5A03G0347200.1	TraesCS5A03G0347200.1	TraesCS5A03G0347200.1		390	false	false		TraesCS5A03G0347200.1		16.41	0.9999	0.9990	0.00000000000000	3	0	1	6	0	2	     0	     0	     0			TraesCS5A03G0347200.2, TraesCS5B03G0340400.1, TraesCS5D03G0333200.1
TraesCS5A03G0509000.1	TraesCS5A03G0509000.1	TraesCS5A03G0509000.1		2359	false	false		TraesCS5A03G0509000.1		1.48	0.9999	0.9990	0.00000000000000	2	0	2	2	0	2	     0	     0	     0			TraesCS5B03G0515300.1, TraesCS5D03G0476100.1, TraesCS7A03G0306700.1, TraesCS7B03G0079700.1, TraesCS7D03G0289300.1
TraesCS5B03G1331100.1	TraesCS5B03G1331100.1	TraesCS5B03G1331100.1		393	false	false		TraesCS5B03G1331100.1		26.72	0.9999	0.9990	0.00000000000000	4	1	1	7	2	2	     0	     0	     0	N-term(42.0106)		
TraesCS6B03G0966900.1	TraesCS6B03G0966900.1	TraesCS6B03G0966900.1		923	false	false		TraesCS6B03G0966900.1		3.14	0.9999	0.9990	0.00000000000000	2	0	2	2	0	2	     0	     0	     0	5M(15.9949), N-term(42.0106)		TraesCS6B03G0966900.2
TraesCS7A03G0615800.1	TraesCS7A03G0615800.1	TraesCS7A03G0615800.1		324	false	false		TraesCS7A03G0615800.1		24.69	0.9999	0.9990	0.00000000000000	2	0	2	5	0	5	     0	     0	     0			TraesCS7B03G0443800.1
TraesCS7A03G0682600.1	TraesCS7A03G0682600.1	TraesCS7A03G0682600.1		473	false	false		TraesCS7A03G0682600.1		7.40	0.9999	0.9989	0.00000000000000	2	0	2	3	0	3	     0	     0	     0			TraesCS7A03G0682600.2, TraesCS7B03G0513900.1, TraesCS7B03G0513900.2, TraesCS7D03G0656000.1, TraesCS7D03G0656000.2
TraesCS7A03G0708300.1	TraesCS7A03G0708300.1	TraesCS7A03G0708300.1		207	false	false		TraesCS7A03G0708300.1		28.99	0.9999	0.9990	0.00000000000000	2	0	2	6	0	6	     0	     0	     0			TraesCS7B03G0547200.1
TraesCS7A03G0924900.1	TraesCS7A03G0924900.1	TraesCS7A03G0924900.1		390	false	false		TraesCS7A03G0924900.1		20.77	0.9999	0.9990	0.00000000000000	4	0	4	19	0	19	     0	     0	     0	28M(15.9949)		TraesCS7A03G0924900.2
TraesCS7B03G1204400.2	TraesCS7B03G1204400.2	TraesCS7B03G1204400.2		795	false	false		TraesCS7B03G1204400.2		8.05	0.9999	0.9990	0.00000000000000	3	0	3	7	0	7	     0	     0	     0			TraesCS7B03G1204400.3, TraesCS7D03G1221800.1
TraesCS7D03G0686800.1	TraesCS7D03G0686800.1	TraesCS7D03G0686800.1		201	false	false		TraesCS7D03G0686800.1		29.85	0.9999	0.9989	0.00000000000000	2	1	1	6	1	1	     0	     0	     0			
TraesCS1A03G0391400.1	TraesCS1A03G0391400.1	TraesCS1A03G0391400.1		574	false	false		TraesCS1A03G0391400.1		6.97	0.9998	0.9666	0.00287562904385	2	0	2	2	0	2	     0	     0	     0			TraesCS1B03G0473000.1
TraesCS1A03G0449900.1	TraesCS1A03G0449900.1	TraesCS1A03G0449900.1		446	false	false		TraesCS1A03G0449900.1		17.49	0.9998	0.9989	0.00000000000000	2	1	2	2	1	2	     0	     0	     0	16M(15.9949)		
TraesCS1A03G0669500.1	TraesCS1A03G0669500.1	TraesCS1A03G0669500.1		179	false	false		TraesCS1A03G0669500.1		22.91	0.9998	0.9990	0.00000000000000	2	1	1	4	2	2	     0	     0	     0			
TraesCS1A03G0718600.1	TraesCS1A03G0718600.1	TraesCS1A03G0718600.1		648	false	false		TraesCS1A03G0718600.1		7.56	0.9998	0.9989	0.00000000000000	2	0	1	4	0	2	     0	     0	     0			TraesCS1A03G0718600.2, TraesCS1B03G0819300.1, TraesCS1D03G0681300.1, TraesCS1D03G0681300.2
TraesCS1A03G0761900.1	TraesCS1A03G0761900.1	TraesCS1A03G0761900.1		265	false	false		TraesCS1A03G0761900.1		27.92	0.9998	0.9990	0.00000000000000	2	0	1	5	0	2	     0	     0	     0			TraesCS1D03G0729600.1
TraesCS1A03G0842800.1	TraesCS1A03G0842800.1	TraesCS1A03G0842800.1		447	false	false		TraesCS1A03G0842800.1		8.50	0.9998	0.9990	0.00000000000000	2	0	1	2	0	1	     0	     0	     0			TraesCS1B03G0967900.1
TraesCS1D03G0450600.2	TraesCS1D03G0450600.2	TraesCS1D03G0450600.2		446	false	false		TraesCS1D03G0450600.2		17.49	0.9998	0.9985	0.00000000000000	2	1	1	3	2	2	     0	     0	     0			
TraesCS1D03G0470100.1	TraesCS1D03G0470100.1	TraesCS1D03G0470100.1		271	false	false		TraesCS1D03G0470100.1		18.08	0.9998	0.9987	0.00000000000000	2	1	1	6	1	1	     0	     0	     0			
TraesCS2A03G0363200.1	TraesCS2A03G0363200.1	TraesCS2A03G0363200.1		429	false	false		TraesCS2A03G0363200.1		17.02	0.9998	0.9990	0.00000000000000	2	0	1	2	0	1	     0	     0	     0			TraesCS2B03G0484900.1, TraesCS2D03G0379800.1
TraesCS2A03G0717500.1	TraesCS2A03G0717500.1	TraesCS2A03G0717500.1		703	false	false		TraesCS2A03G0717500.1		7.54	0.9998	0.9990	0.00000000000000	2	0	2	7	0	7	     0	     0	     0			TraesCS2A03G0717500.2, TraesCS2B03G0795700.1, TraesCS2D03G0663400.1
TraesCS2A03G0888400.1	TraesCS2A03G0888400.1	TraesCS2A03G0888400.1		476	false	false		TraesCS2A03G0888400.1		6.30	0.9998	0.9540	0.00287562904385	2	1	2	2	1	2	     0	     0	     0			
TraesCS2A03G1337300.1	TraesCS2A03G1337300.1	TraesCS2A03G1337300.1		370	false	false		TraesCS2A03G1337300.1		12.43	0.9998	0.9990	0.00000000000000	2	0	2	3	0	3	     0	     0	     0			
TraesCS2B03G1307900.2	TraesCS2B03G1307900.2	TraesCS2B03G1307900.2		485	false	false		TraesCS2B03G1307900.2		15.88	0.9998	0.9987	0.00000000000000	7	0	1	15	0	1	     0	     0	     0			
TraesCS2D03G1305600.1	TraesCS2D03G1305600.1	TraesCS2D03G1305600.1		341	false	false		TraesCS2D03G1305600.1		15.84	0.9998	0.9990	0.00000000000000	2	1	1	3	1	1	     0	     0	     0			
TraesCS3A03G0365400.1	TraesCS3A03G0365400.1	TraesCS3A03G0365400.1		209	false	false		TraesCS3A03G0365400.1		22.01	0.9998	0.9990	0.00000000000000	2	1	2	8	6	8	     0	     0	     0			
TraesCS3A03G0656700.2	TraesCS3A03G0656700.2	TraesCS3A03G0656700.2		498	false	false		TraesCS3A03G0656700.2		9.64	0.9998	0.9990	0.00000000000000	2	1	1	4	1	1	     0	     0	     0			
TraesCS3A03G0920100.1	TraesCS3A03G0920100.1	TraesCS3A03G0920100.1		358	false	false		TraesCS3A03G0920100.1		13.97	0.9998	0.9990	0.00000000000000	2	1	1	13	2	2	     0	     0	     0			
TraesCS3D03G0352900.1	TraesCS3D03G0352900.1	TraesCS3D03G0352900.1		207	false	false		TraesCS3D03G0352900.1		21.26	0.9998	0.9990	0.00000000000000	2	0	1	4	0	2	     0	     0	     0			TraesCS3D03G0352900.2
TraesCS3D03G0469900.2	TraesCS3D03G0469900.2	TraesCS3D03G0469900.2		474	false	false		TraesCS3D03G0469900.2		10.76	0.9998	0.9989	0.00000000000000	2	1	1	2	1	1	     0	     0	     0			
TraesCS3D03G0600000.2	TraesCS3D03G0600000.2	TraesCS3D03G0600000.2		498	false	false		TraesCS3D03G0600000.2		9.64	0.9998	0.9990	0.00000000000000	2	1	1	4	1	1	     0	     0	     0			
TraesCS4D03G0351900.1	TraesCS4D03G0351900.1	TraesCS4D03G0351900.1		266	false	false		TraesCS4D03G0351900.1		15.41	0.9998	0.9990	0.00000000000000	2	0	1	4	0	3	     0	     0	     0			
TraesCS5A03G0325800.1	TraesCS5A03G0325800.1	TraesCS5A03G0325800.1		920	false	false		TraesCS5A03G0325800.1		4.67	0.9998	0.9990	0.00000000000000	2	0	1	6	0	1	     0	     0	     0	1M(15.9949)		TraesCS5D03G0286200.1
TraesCS5D03G1188700.1	TraesCS5D03G1188700.1	TraesCS5D03G1188700.1		398	false	false		TraesCS5D03G1188700.1		26.13	0.9998	0.9987	0.00000000000000	4	1	1	7	2	2	     0	     0	     0	N-term(42.0106)		
TraesCS6A03G0217000.1	TraesCS6A03G0217000.1	TraesCS6A03G0217000.1		305	false	false		TraesCS6A03G0217000.1		24.26	0.9998	0.9990	0.00000000000000	2	0	2	6	0	6	     0	     0	     0			TraesCS6B03G0305800.2, TraesCS6B03G0306000.1
TraesCS6A03G0283500.1	TraesCS6A03G0283500.1	TraesCS6A03G0283500.1		348	false	false		TraesCS6A03G0283500.1		15.23	0.9998	0.9990	0.00000000000000	2	1	1	2	1	1	     0	     0	     0			
TraesCS6B03G0371600.1	TraesCS6B03G0371600.1	TraesCS6B03G0371600.1		298	false	false		TraesCS6B03G0371600.1		17.79	0.9998	0.9990	0.00000000000000	2	0	2	4	0	4	     0	     0	     0			TraesCS6D03G0237900.2
TraesCS7A03G0021500.1	TraesCS7A03G0021500.1	TraesCS7A03G0021500.1		756	false	false		TraesCS7A03G0021500.1		4.76	0.9998	0.9988	0.00000000000000	2	0	1	2	0	1	     0	     0	     0			TraesCS7A03G0021500.2
TraesCS7A03G0642100.1	TraesCS7A03G0642100.1	TraesCS7A03G0642100.1		260	false	false		TraesCS7A03G0642100.1		28.46	0.9998	0.9990	0.00000000000000	2	0	1	10	0	7	     0	     0	     0			TraesCS7D03G0623200.1
TraesCS7D03G0602100.1	TraesCS7D03G0602100.1	TraesCS7D03G0602100.1		324	false	false		TraesCS7D03G0602100.1		24.69	0.9998	0.9990	0.00000000000000	2	0	1	4	0	2	     0	     0	     0			
TraesCS1D03G0264600.1	TraesCS1D03G0264600.1	TraesCS1D03G0264600.1		263	false	false		TraesCS1D03G0264600.1		20.53	0.9997	0.9990	0.00000000000000	2	1	2	3	2	3	     0	     0	     0			
TraesCS5B03G0145900.1	TraesCS5B03G0145900.1	TraesCS5B03G0145900.1		159	false	false		TraesCS5B03G0145900.1		31.45	0.9995	0.9990	0.00000000000000	4	0	2	7	0	2	     0	     0	     0	2M(15.9949), 5M(15.9949)		TraesCS5B03G0160800.1
TraesCS7A03G1288100.1	TraesCS7A03G1288100.1	TraesCS7A03G1288100.1		807	false	false		TraesCS7A03G1288100.1		8.05	0.9995	0.9960	0.00287562904385	3	0	1	5	0	1	     0	     0	     0			TraesCS7A03G1288100.2
TraesCS7A03G1369900LC.1	TraesCS7A03G1369900LC.1	TraesCS7A03G1369900LC.1		174	false	false		TraesCS7A03G1369900LC.1		13.79	0.9995	0.9958	0.00287562904385	2	1	2	2	1	2	     0	     0	     0	10C(57.0214), 11C(57.0214), 2C(57.0214), 4M(15.9949), 6C(57.0214)		
TraesCS3A03G0513900.1	TraesCS3A03G0513900.1	TraesCS3A03G0513900.1		471	false	false		TraesCS3A03G0513900.1		10.19	0.9994	0.9968	0.00287562904385	2	1	2	2	1	2	     0	     0	     0			
TraesCS4B03G0998900.1	TraesCS4B03G0998900.1	TraesCS4B03G0998900.1		175	false	false		TraesCS4B03G0998900.1		13.14	0.9994	0.9190	0.00287562904385	2	0	2	2	0	2	     0	     0	     0			TraesCS5A03G1295300.1
TraesCS4A03G0060100.1	TraesCS4A03G0060100.1	TraesCS4A03G0060100.1		416	false	false		TraesCS4A03G0060100.1		12.26	0.9993	0.9944	0.00287562904385	3	1	1	4	2	2	     0	     0	     0			
TraesCS7A03G1263400.1	TraesCS7A03G1263400.1	TraesCS7A03G1263400.1		523	false	false		TraesCS7A03G1263400.1		3.25	0.9989	0.9501	0.00287562904385	2	0	2	3	0	3	     0	     0	     0	5M(15.9949), N-term(42.0106)		TraesCS7B03G1180200.1
TraesCS3D03G0825600.1	TraesCS3D03G0825600.1	TraesCS3D03G0825600.1		1539	false	false		TraesCS3D03G0825600.1		0.84	0.9988	0.8482	0.00287562904385	1	1	1	2	2	2	     0	     0	     0	1M(15.9949)		
TraesCS4D03G0632100.1	TraesCS4D03G0632100.1	TraesCS4D03G0632100.1		488	false	false		TraesCS4D03G0632100.1		13.73	0.9987	0.9904	0.00287562904385	3	1	1	6	1	1	     0	     0	     0	N-term(42.0106)		
TraesCS1A03G0995700.1	TraesCS1A03G0995700.1	TraesCS1A03G0995700.1		288	false	false		TraesCS1A03G0995700.1		15.28	0.9984	0.9990	0.00000000000000	2	0	2	3	0	3	     0	     0	     0			TraesCS5B03G1281100.1, TraesCS5D03G1149900.1
TraesCS2A03G1092300.1	TraesCS2A03G1092300.1	TraesCS2A03G1092300.1		1630	false	false		TraesCS2A03G1092300.1		1.72	0.9984	0.9990	0.00000000000000	2	0	2	2	0	2	     0	     0	     0	3M(15.9949)		TraesCS2B03G1224900.1, TraesCS2D03G1038200.1
TraesCS4A03G0052400.1	TraesCS4A03G0052400.1	TraesCS4A03G0052400.1		198	false	false		TraesCS4A03G0052400.1		22.22	0.9984	0.9990	0.00000000000000	2	0	2	2	0	2	     0	     0	     0	N-term(42.0106)		TraesCS4D03G0655400.1, TraesCS4D03G0655400.2
TraesCS7A03G0993300.1	TraesCS7A03G0993300.1	TraesCS7A03G0993300.1		218	false	false		TraesCS7A03G0993300.1		20.18	0.9984	0.9990	0.00000000000000	2	0	2	4	0	4	     0	     0	     0			TraesCS7A03G0993300.2, TraesCS7B03G0830400.1, TraesCS7B03G0830400.2, TraesCS7D03G0950800.1, TraesCS7D03G0950800.2
TraesCS3A03G0721800.1	TraesCS3A03G0721800.1	TraesCS3A03G0721800.1		221	false	false		TraesCS3A03G0721800.1		13.57	0.9983	0.9989	0.00000000000000	2	0	2	2	0	2	     0	     0	     0	N-term(42.0106)		TraesCS3B03G0828000.1, TraesCS3D03G0665400.1
TraesCS7A03G1132200.1	TraesCS7A03G1132200.1	TraesCS7A03G1132200.1		446	false	false		TraesCS7A03G1132200.1		11.21	0.9982	0.9851	0.00287562904385	4	0	1	5	0	1	     0	     0	     0			TraesCS7D03G1078700.1
TraesCS7D03G0888500.1	TraesCS7D03G0888500.1	TraesCS7D03G0888500.1		360	false	false		TraesCS7D03G0888500.1		22.50	0.9980	0.9829	0.00287562904385	4	1	1	18	2	2	     0	     0	     0			
TraesCS5A03G0949200.1	TraesCS5A03G0949200.1	TraesCS5A03G0949200.1		374	false	false		TraesCS5A03G0949200.1		5.61	0.9978	0.7622	0.00287562904385	1	0	1	2	0	2	     0	     0	     0			TraesCS5B03G0999200.1, TraesCS5B03G0999200.2, TraesCS5D03G0905200.1
TraesCS1A03G0020600.1	TraesCS1A03G0020600.1	TraesCS1A03G0020600.1		245	false	false		TraesCS1A03G0020600.1		7.35	0.9972	0.9990	0.00000000000000	1	0	1	2	0	2	     0	     0	     0			TraesCS1B03G0020700.1, TraesCS1D03G0010900.1, TraesCS1D03G0010900.2
TraesCS1A03G0125600LC.1	TraesCS1A03G0125600LC.1	TraesCS1A03G0125600LC.1		222	false	false		TraesCS1A03G0125600LC.1		17.12	0.9972	0.9990	0.00000000000000	1	0	1	1	0	1	     0	     0	     0			TraesCS1A03G0933300LC.1, TraesCS1D03G0465200LC.1, TraesCS1D03G0465300LC.1, TraesCS3A03G0284700LC.1, TraesCS3D03G0345600LC.1, TraesCS5B03G0133800LC.1, TraesCS5D03G1015400LC.1, TraesCSU03G0519000.1
TraesCS1A03G0176200.1	TraesCS1A03G0176200.1	TraesCS1A03G0176200.1		457	false	false		TraesCS1A03G0176200.1		15.97	0.9972	0.9990	0.00000000000000	2	0	2	2	0	2	     0	     0	     0			TraesCS1B03G0241000.1, TraesCS1D03G0171100.1
TraesCS1A03G0267900.1	TraesCS1A03G0267900.1	TraesCS1A03G0267900.1		773	false	false		TraesCS1A03G0267900.1		2.98	0.9972	0.9990	0.00000000000000	1	0	1	1	0	1	     0	     0	     0			TraesCS1A03G0267900.2, TraesCS1B03G0348500.1, TraesCS1B03G0348500.2, TraesCS1D03G0266200.1, TraesCS1D03G0266200.2
TraesCS1A03G0295200.1	TraesCS1A03G0295200.1	TraesCS1A03G0295200.1		924	false	false		TraesCS1A03G0295200.1		2.16	0.9972	0.9990	0.00000000000000	1	0	1	1	0	1	     0	     0	     0			TraesCS1A03G0295200.3, TraesCS1A03G0295200.4, TraesCS1D03G0287900.1, TraesCS1D03G0287900.2, TraesCS1D03G0287900.3
TraesCS1A03G0461300.1	TraesCS1A03G0461300.1	TraesCS1A03G0461300.1		395	false	false		TraesCS1A03G0461300.1		4.56	0.9972	0.9990	0.00000000000000	1	0	1	5	0	5	     0	     0	     0			TraesCS1A03G0461300.2, TraesCS1B03G0549100.1, TraesCS1D03G0433300.1, TraesCS1D03G0433300.2
TraesCS1A03G0469000.2	TraesCS1A03G0469000.2	TraesCS1A03G0469000.2		617	false	false		TraesCS1A03G0469000.2		4.21	0.9972	0.9990	0.00000000000000	1	0	1	1	0	1	     0	     0	     0			TraesCS1A03G0469000.3, TraesCS1B03G0561700.1, TraesCS1B03G0561700.2, TraesCS1B03G0561700.3, TraesCS1B03G0561700.4, TraesCS1B03G0561700.5, TraesCS1D03G0424100.1, TraesCS1D03G0424100.2, TraesCS1D03G0424100.3, TraesCS1D03G0424100.4
TraesCS1A03G0518300.1	TraesCS1A03G0518300.1	TraesCS1A03G0518300.1		2711	false	false		TraesCS1A03G0518300.1		1.44	0.9972	0.9990	0.00000000000000	1	0	1	1	0	1	     0	     0	     0			TraesCS1B03G0607600.1
TraesCS1A03G0565000.1	TraesCS1A03G0565000.1	TraesCS1A03G0565000.1		138	false	false		TraesCS1A03G0565000.1		13.04	0.9972	0.9990	0.00000000000000	1	0	1	2	0	2	     0	     0	     0			TraesCS1B03G0657900.1, TraesCS1D03G0542400.1
TraesCS1A03G0608300.1	TraesCS1A03G0608300.1	TraesCS1A03G0608300.1		334	false	false		TraesCS1A03G0608300.1		6.59	0.9972	0.9990	0.00000000000000	1	0	1	5	0	5	     0	     0	     0			TraesCS1B03G0705900.1, TraesCS1D03G0580300.1, TraesCS7A03G1359800.1, TraesCS7B03G1300200LC.1, TraesCS7D03G1288100.1
TraesCS1A03G0612600LC.1	TraesCS1A03G0612600LC.1	TraesCS1A03G0612600LC.1		182	false	false		TraesCS1A03G0612600LC.1		9.34	0.9972	0.9990	0.00000000000000	1	0	1	2	0	2	     0	     0	     0			TraesCS1B03G0701500.1, TraesCS1D03G0578300.1, TraesCS4A03G0301800.1, TraesCS4B03G0400800.1, TraesCS4B03G0400800.2, TraesCS4D03G0397400.1
TraesCS1A03G0648400.1	TraesCS1A03G0648400.1	TraesCS1A03G0648400.1		284	false	false		TraesCS1A03G0648400.1		7.04	0.9972	0.9990	0.00000000000000	1	0	1	2	0	2	     0	     0	     0			TraesCS1B03G0734300.1, TraesCS1D03G0606000LC.1
TraesCS1A03G0664300.1	TraesCS1A03G0664300.1	TraesCS1A03G0664300.1		171	false	false		TraesCS1A03G0664300.1		16.96	0.9972	0.9990	0.00000000000000	1	0	1	1	0	1	     0	     0	     0			TraesCS1D03G0625800.1
TraesCS1A03G0693200.1	TraesCS1A03G0693200.1	TraesCS1A03G0693200.1		376	false	false		TraesCS1A03G0693200.1		4.26	0.9972	0.9990	0.00000000000000	1	0	1	2	0	2	     0	     0	     0			TraesCS1B03G0789600.1, TraesCS1D03G0659200.1
TraesCS1A03G0711800.1	TraesCS1A03G0711800.1	TraesCS1A03G0711800.1		295	false	false		TraesCS1A03G0711800.1		9.83	0.9972	0.9990	0.00000000000000	1	0	1	1	0	1	     0	     0	     0			TraesCS1B03G0812500.1, TraesCS1D03G0675300.1
TraesCS1A03G0760300.1	TraesCS1A03G0760300.1	TraesCS1A03G0760300.1		279	false	false		TraesCS1A03G0760300.1		6.81	0.9972	0.9990	0.00000000000000	1	0	1	1	0	1	     0	     0	     0			TraesCS1B03G0869000.1, TraesCS1D03G0728200.1
TraesCS1A03G0761400.1	TraesCS1A03G0761400.1	TraesCS1A03G0761400.1		186	false	false		TraesCS1A03G0761400.1		22.58	0.9972	0.9990	0.00000000000000	1	0	1	1	0	1	     0	     0	     0			TraesCS1B03G0869800.1, TraesCS1D03G0728900.1, TraesCS2A03G0534500.1, TraesCS3A03G0807400.1, TraesCS3A03G0807400.2, TraesCS3B03G0928800.1, TraesCS3B03G0928800.2, TraesCS3D03G0743800.1, TraesCS3D03G0743800.2, TraesCS5A03G1101100.1, TraesCS5B03G1168400.1, TraesCS5D03G1058300.1
TraesCS1A03G0765200.1	TraesCS1A03G0765200.1	TraesCS1A03G0765200.1		249	false	false		TraesCS1A03G0765200.1		7.63	0.9972	0.9990	0.00000000000000	1	0	1	2	0	2	     0	     0	     0	N-term(42.0106)		TraesCS1B03G0874400.1, TraesCS1D03G0732200.1, TraesCS5A03G0704000.1, TraesCS5B03G0742400.1, TraesCS5D03G0671500.1
TraesCS1A03G0851600.1	TraesCS1A03G0851600.1	TraesCS1A03G0851600.1		276	false	false		TraesCS1A03G0851600.1		6.88	0.9972	0.9990	0.00000000000000	1	0	1	2	0	2	     0	     0	     0			TraesCS1B03G0982500.1, TraesCS1D03G0821700.1, TraesCS1D03G0821700.2
TraesCS1A03G0880000.2	TraesCS1A03G0880000.2	TraesCS1A03G0880000.2		366	false	false		TraesCS1A03G0880000.2		9.56	0.9972	0.9990	0.00000000000000	1	0	1	1	0	1	     0	     0	     0	N-term(42.0106)		TraesCS1B03G1027100.1, TraesCS1B03G1027100.2, TraesCS1D03G0853500.1
TraesCS1A03G0889200.1	TraesCS1A03G0889200.1	TraesCS1A03G0889200.1		429	false	false		TraesCS1A03G0889200.1		5.13	0.9972	0.9990	0.00000000000000	1	0	1	1	0	1	     0	     0	     0			TraesCS1B03G1040500.1, TraesCS1B03G1040500.2, TraesCS1D03G0865000.1, TraesCS1D03G0865000.2, TraesCS1D03G0865000.3
TraesCS1A03G0896700.1	TraesCS1A03G0896700.1	TraesCS1A03G0896700.1		366	false	false		TraesCS1A03G0896700.1		5.19	0.9972	0.9990	0.00000000000000	1	0	1	1	0	1	     0	     0	     0			TraesCS1D03G0874200.1, TraesCS3A03G1242900.1, TraesCS3B03G1483800.1, TraesCS3D03G1174400.1
TraesCS1A03G0896800.2	TraesCS1A03G0896800.2	TraesCS1A03G0896800.2		498	false	false		TraesCS1A03G0896800.2		3.21	0.9972	0.9990	0.00000000000000	1	0	1	1	0	1	     0	     0	     0	N-term(42.0106)		TraesCS1B03G1053700.2, TraesCS1D03G0874600.1
TraesCS1A03G0929000.1	TraesCS1A03G0929000.1	TraesCS1A03G0929000.1		211	false	false		TraesCS1A03G0929000.1		13.27	0.9972	0.9990	0.00000000000000	1	0	1	1	0	1	     0	     0	     0			TraesCS1D03G0340400.1, TraesCS1D03G0518900.1, TraesCS2D03G0155700LC.1, TraesCS2D03G1272500.1, TraesCS3B03G0445600.1, TraesCS4A03G0239000.1, TraesCS5D03G0015400.1, TraesCS5D03G1014900.1, TraesCS7D03G0574900.1, TraesCSU03G0526600.1
TraesCS1A03G0974500.1	TraesCS1A03G0974500.1	TraesCS1A03G0974500.1		178	false	false		TraesCS1A03G0974500.1		10.11	0.9972	0.9990	0.00000000000000	1	0	1	2	0	2	     0	     0	     0			TraesCS1B03G1157600.1, TraesCS1D03G0946100.1
TraesCS1A03G0983800LC.1	TraesCS1A03G0983800LC.1	TraesCS1A03G0983800LC.1		121	false	false		TraesCS1A03G0983800LC.1		27.27	0.9972	0.9990	0.00000000000000	1	0	1	1	0	1	     0	     0	     0			TraesCS1D03G0287500LC.1, TraesCS4A03G0770500.1, TraesCS4A03G0770500.2, TraesCS4B03G0015000.1, TraesCS7A03G1214800LC.1, TraesCS7D03G1155200.1, TraesCSU03G0073800LC.1
TraesCS1B03G0099700.1	TraesCS1B03G0099700.1	TraesCS1B03G0099700.1		59	false	false		TraesCS1B03G0099700.1		18.64	0.9972	0.9990	0.00000000000000	1	0	1	1	0	1	     0	     0	     0	1M(15.9949)		TraesCS7D03G0306500.1
TraesCS1B03G0642100.1	TraesCS1B03G0642100.1	TraesCS1B03G0642100.1		265	false	false		TraesCS1B03G0642100.1		6.42	0.9972	0.9990	0.00000000000000	1	0	1	2	0	2	     0	     0	     0			TraesCS1D03G0531300.1
TraesCS1B03G0754600.1	TraesCS1B03G0754600.1	TraesCS1B03G0754600.1		170	false	false		TraesCS1B03G0754600.1		17.06	0.9972	0.9990	0.00000000000000	1	1	1	1	1	1	     0	     0	     0			
TraesCS1B03G0761000.1	TraesCS1B03G0761000.1	TraesCS1B03G0761000.1		195	false	false		TraesCS1B03G0761000.1		13.85	0.9972	0.9990	0.00000000000000	2	0	1	4	0	3	     0	     0	     0			TraesCS1B03G0761000.2, TraesCS1D03G0632700.1
TraesCS1B03G0814000.1	TraesCS1B03G0814000.1	TraesCS1B03G0814000.1		309	false	false		TraesCS1B03G0814000.1		9.39	0.9972	0.9990	0.00000000000000	1	0	1	1	0	1	     0	     0	     0			TraesCS1D03G0676400.1
TraesCS1B03G0976000.1	TraesCS1B03G0976000.1	TraesCS1B03G0976000.1		147	false	false		TraesCS1B03G0976000.1		20.41	0.9972	0.9990	0.00000000000000	1	0	1	1	0	1	     0	     0	     0			TraesCS5A03G1092000.1, TraesCS5B03G1156800.1, TraesCS5D03G1050300.1, TraesCS6A03G0075800.1, TraesCS6A03G0077100.1, TraesCS6A03G0138500.1, TraesCS6A03G0140500.1, TraesCS6B03G0110000.1, TraesCS6B03G0110400.1, TraesCS6B03G0110600.1, TraesCS6B03G0111200.1, TraesCS6B03G0111500.1, TraesCS6B03G0111900.1, TraesCS6B03G0112000.1, TraesCS6B03G0194700.1, TraesCS6B03G0195200.1, TraesCS6B03G0195400.1, TraesCS6B03G0195500.1, TraesCS6B03G0196500LC.1, TraesCS6D03G0078800.1, TraesCS6D03G0079600.1, TraesCS6D03G0079800.1, TraesCS6D03G0080000.1, TraesCS6D03G0131100.1
TraesCS1D03G0405500.1	TraesCS1D03G0405500.1	TraesCS1D03G0405500.1		167	false	false		TraesCS1D03G0405500.1		27.54	0.9972	0.9990	0.00000000000000	1	1	1	2	2	2	     0	     0	     0			
TraesCS1D03G0575400.1	TraesCS1D03G0575400.1	TraesCS1D03G0575400.1		308	false	false		TraesCS1D03G0575400.1		7.14	0.9972	0.9990	0.00000000000000	1	0	1	1	0	1	     0	     0	     0			TraesCS3A03G0439300.1, TraesCS3B03G0518200.1, TraesCS3D03G0408500.1
TraesCS2A03G0021400.1	TraesCS2A03G0021400.1	TraesCS2A03G0021400.1		421	false	false		TraesCS2A03G0021400.1		6.41	0.9972	0.9990	0.00000000000000	1	0	1	1	0	1	     0	     0	     0			TraesCS2B03G0027300.1, TraesCS2D03G0019300.1, TraesCS2D03G0019300.2
TraesCS2A03G0070700LC.1	TraesCS2A03G0070700LC.1	TraesCS2A03G0070700LC.1		559	false	false		TraesCS2A03G0070700LC.1		2.33	0.9972	0.9990	0.00000000000000	1	0	1	1	0	1	     0	     0	     0			TraesCS3A03G0137300LC.2, TraesCS4A03G1113300LC.1, TraesCS5A03G1256000LC.1, TraesCS6A03G0952100LC.1, TraesCS6B03G0603000LC.1
TraesCS2A03G0076900.1	TraesCS2A03G0076900.1	TraesCS2A03G0076900.1		419	false	false		TraesCS2A03G0076900.1		4.06	0.9972	0.9990	0.00000000000000	1	0	1	2	0	2	     0	     0	     0	N-term(42.0106)		TraesCS2A03G0076900.2, TraesCS2D03G0071000.1, TraesCS2D03G0071000.2, TraesCS3A03G1174000LC.1, TraesCS3B03G1407700.1, TraesCS3D03G0001300LC.1, TraesCS3D03G1117500.1, TraesCS3D03G1117500.2, TraesCS3D03G1117500.3, TraesCS3D03G1117500.4
TraesCS2A03G0078600.1	TraesCS2A03G0078600.1	TraesCS2A03G0078600.1		445	false	false		TraesCS2A03G0078600.1		4.49	0.9972	0.9990	0.00000000000000	1	0	1	3	0	3	     0	     0	     0			TraesCS2A03G0078600.2, TraesCS2B03G0115100.1, TraesCS2D03G0072500.1, TraesCS2D03G0072500.2, TraesCS2D03G0072500.3
TraesCS2A03G0130000.1	TraesCS2A03G0130000.1	TraesCS2A03G0130000.1		284	false	false		TraesCS2A03G0130000.1		5.99	0.9972	0.9990	0.00000000000000	1	0	1	2	0	2	     0	     0	     0			TraesCS2B03G0175100.1, TraesCS2D03G0126300.1
TraesCS2A03G0134700.1	TraesCS2A03G0134700.1	TraesCS2A03G0134700.1		2311	false	false		TraesCS2A03G0134700.1		1.51	0.9972	0.9990	0.00000000000000	1	0	1	1	0	1	     0	     0	     0			TraesCS2B03G0185600.1, TraesCS2D03G0133100.1
TraesCS2A03G0146100.1	TraesCS2A03G0146100.1	TraesCS2A03G0146100.1		213	false	false		TraesCS2A03G0146100.1		10.80	0.9972	0.9990	0.00000000000000	1	0	1	2	0	2	     0	     0	     0			TraesCS2B03G0205100.1, TraesCS2D03G0144600.1, TraesCS7A03G0416700.1, TraesCS7B03G0224400.1, TraesCS7D03G0405400.1
TraesCS2A03G0158600.1	TraesCS2A03G0158600.1	TraesCS2A03G0158600.1		461	false	false		TraesCS2A03G0158600.1		4.99	0.9972	0.9990	0.00000000000000	1	0	1	2	0	2	     0	     0	     0			TraesCS2B03G0221800.1, TraesCS2D03G0154300.1, TraesCSU03G0350000LC.1
TraesCS2A03G0317500.1	TraesCS2A03G0317500.1	TraesCS2A03G0317500.1		102	false	false		TraesCS2A03G0317500.1		35.29	0.9972	0.9990	0.00000000000000	1	0	1	2	0	2	     0	     0	     0	N-term(42.0106)		TraesCS2B03G0436000.1, TraesCS2D03G0333300.1
TraesCS2A03G0379400.2	TraesCS2A03G0379400.2	TraesCS2A03G0379400.2		173	false	false		TraesCS2A03G0379400.2		6.36	0.9972	0.9990	0.00000000000000	1	0	1	2	0	2	     0	     0	     0	N-term(42.0106)		TraesCS2D03G0397100.1
TraesCS2A03G0383500.1	TraesCS2A03G0383500.1	TraesCS2A03G0383500.1		341	false	false		TraesCS2A03G0383500.1		6.16	0.9972	0.9990	0.00000000000000	1	0	1	1	0	1	     0	     0	     0			TraesCS2B03G0536500.1, TraesCS2B03G0536500.2, TraesCS2D03G0424000.1
TraesCS2A03G0388800.1	TraesCS2A03G0388800.1	TraesCS2A03G0388800.1		330	false	false		TraesCS2A03G0388800.1		9.70	0.9972	0.9990	0.00000000000000	1	1	1	2	2	2	     0	     0	     0			
TraesCS2A03G0412600.1	TraesCS2A03G0412600.1	TraesCS2A03G0412600.1		266	false	false		TraesCS2A03G0412600.1		7.52	0.9972	0.9990	0.00000000000000	1	0	1	2	0	2	     0	     0	     0			TraesCS2B03G0543000.1, TraesCS2B03G0543000.2, TraesCS2D03G0430200.1, TraesCS2D03G0430200.2
TraesCS2A03G0433600.1	TraesCS2A03G0433600.1	TraesCS2A03G0433600.1		286	false	false		TraesCS2A03G0433600.1		7.69	0.9972	0.9990	0.00000000000000	1	0	1	1	0	1	     0	     0	     0			TraesCS2B03G0560400.1, TraesCS2D03G0438800.1
TraesCS2A03G0445000.1	TraesCS2A03G0445000.1	TraesCS2A03G0445000.1		1876	false	false		TraesCS2A03G0445000.1		1.65	0.9972	0.9990	0.00000000000000	1	0	1	2	0	2	     0	     0	     0			TraesCS2B03G0566600.1, TraesCS2D03G0452200.1
TraesCS2A03G0477300.1	TraesCS2A03G0477300.1	TraesCS2A03G0477300.1		177	false	false		TraesCS2A03G0477300.1		18.08	0.9972	0.9990	0.00000000000000	1	0	1	1	0	1	     0	     0	     0			TraesCS2B03G0598700.1, TraesCS2D03G0483500.1
TraesCS2A03G0487300.1	TraesCS2A03G0487300.1	TraesCS2A03G0487300.1		463	false	false		TraesCS2A03G0487300.1		5.18	0.9972	0.9990	0.00000000000000	1	0	1	1	0	1	     0	     0	     0			TraesCS2A03G0487300.2, TraesCS2B03G0603800.1
TraesCS2A03G0503800.1	TraesCS2A03G0503800.1	TraesCS2A03G0503800.1		143	false	false		TraesCS2A03G0503800.1		11.89	0.9972	0.9990	0.00000000000000	1	0	1	2	0	2	     0	     0	     0			TraesCS2B03G0671500.1, TraesCS2D03G0519400.1
TraesCS2A03G0556400.1	TraesCS2A03G0556400.1	TraesCS2A03G0556400.1		657	false	false		TraesCS2A03G0556400.1		2.59	0.9972	0.9990	0.00000000000000	1	0	1	1	0	1	     0	     0	     0			TraesCS2A03G0556400.2, TraesCS2A03G0556400.3, TraesCS2B03G0639700.1, TraesCS2D03G0560200.1, TraesCS2D03G0560200.2, TraesCS2D03G0560200.3
TraesCS2A03G0639800.1	TraesCS2A03G0639800.1	TraesCS2A03G0639800.1		225	false	false		TraesCS2A03G0639800.1		16.44	0.9972	0.9990	0.00000000000000	1	1	1	2	2	2	     0	     0	     0			
TraesCS2A03G0661600.2	TraesCS2A03G0661600.2	TraesCS2A03G0661600.2		316	false	false		TraesCS2A03G0661600.2		7.91	0.9972	0.9990	0.00000000000000	1	0	1	3	0	3	     0	     0	     0	N-term(42.0106)		TraesCS2D03G0617200.1
TraesCS2A03G0694900.1	TraesCS2A03G0694900.1	TraesCS2A03G0694900.1		333	false	false		TraesCS2A03G0694900.1		8.11	0.9972	0.9990	0.00000000000000	1	0	1	2	0	2	     0	     0	     0			TraesCS2A03G0694900.2, TraesCS2D03G0644900.1, TraesCS2D03G0644900.2, TraesCS6D03G0045000LC.1
TraesCS2A03G0731800.1	TraesCS2A03G0731800.1	TraesCS2A03G0731800.1		828	false	false		TraesCS2A03G0731800.1		2.42	0.9972	0.9990	0.00000000000000	1	0	1	1	0	1	     0	     0	     0			TraesCS2A03G0731800.2
TraesCS2A03G0770400.1	TraesCS2A03G0770400.1	TraesCS2A03G0770400.1		597	false	false		TraesCS2A03G0770400.1		5.03	0.9972	0.9990	0.00000000000000	1	0	1	1	0	1	     0	     0	     0			TraesCS2B03G0849100.1, TraesCS2B03G0849100.2, TraesCS2D03G0709600.1, TraesCS2D03G0709600.2
TraesCS2A03G0781400.1	TraesCS2A03G0781400.1	TraesCS2A03G0781400.1		486	false	false		TraesCS2A03G0781400.1		3.50	0.9972	0.9990	0.00000000000000	1	0	1	1	0	1	     0	     0	     0			TraesCS2D03G0720700.1
TraesCS2A03G0811300.1	TraesCS2A03G0811300.1	TraesCS2A03G0811300.1		544	false	false		TraesCS2A03G0811300.1		5.88	0.9972	0.9990	0.00000000000000	1	0	1	4	0	4	     0	     0	     0			TraesCS2A03G0811300.2, TraesCS2B03G0896100.1, TraesCS2D03G0751400.1
TraesCS2A03G0818500.1	TraesCS2A03G0818500.1	TraesCS2A03G0818500.1		110	false	false		TraesCS2A03G0818500.1		18.18	0.9972	0.9990	0.00000000000000	1	0	1	1	0	1	     0	     0	     0			TraesCS2B03G0905100.1, TraesCS2D03G0760000.1
TraesCS2A03G0870100.1	TraesCS2A03G0870100.1	TraesCS2A03G0870100.1		271	false	false		TraesCS2A03G0870100.1		6.27	0.9972	0.9990	0.00000000000000	1	0	1	3	0	3	     0	     0	     0			TraesCS2A03G0870100.2, TraesCS2B03G0958400.1, TraesCS2B03G0958400.2, TraesCS2D03G0807200.1, TraesCS2D03G0807200.2
TraesCS2A03G0936400.1	TraesCS2A03G0936400.1	TraesCS2A03G0936400.1		213	false	false		TraesCS2A03G0936400.1		14.08	0.9972	0.9990	0.00000000000000	1	0	1	2	0	2	     0	     0	     0			TraesCS2D03G0877800.1
TraesCS2A03G0941800.1	TraesCS2A03G0941800.1	TraesCS2A03G0941800.1		768	false	false		TraesCS2A03G0941800.1		2.08	0.9972	0.9990	0.00000000000000	1	0	1	1	0	1	     0	     0	     0			TraesCS2A03G0941800.3, TraesCS2B03G1041400.1, TraesCS2B03G1041400.2, TraesCS2B03G1041400.3, TraesCS2D03G0884500.1, TraesCS2D03G0884500.2
TraesCS2A03G0971500.1	TraesCS2A03G0971500.1	TraesCS2A03G0971500.1		121	false	false		TraesCS2A03G0971500.1		23.97	0.9972	0.9990	0.00000000000000	2	1	2	4	3	4	     0	     0	     0			
TraesCS2A03G1107500.1	TraesCS2A03G1107500.1	TraesCS2A03G1107500.1		376	false	false		TraesCS2A03G1107500.1		8.51	0.9972	0.9990	0.00000000000000	1	0	1	2	0	2	     0	     0	     0			TraesCS2B03G1244100.1, TraesCS2D03G1053900.1, TraesCS6A03G1045900.1, TraesCS6B03G1298000.1, TraesCS6D03G0926900.1
TraesCS2A03G1110900.1	TraesCS2A03G1110900.1	TraesCS2A03G1110900.1		436	false	false		TraesCS2A03G1110900.1		8.49	0.9972	0.9990	0.00000000000000	1	0	1	1	0	1	     0	     0	     0			TraesCS2B03G1246800.1, TraesCS2B03G1246800.2, TraesCS2D03G1056100.1, TraesCS2D03G1056100.2
TraesCS2A03G1145500.1	TraesCS2A03G1145500.1	TraesCS2A03G1145500.1		317	false	false		TraesCS2A03G1145500.1		5.36	0.9972	0.9990	0.00000000000000	1	0	1	2	0	2	     0	     0	     0			TraesCS2B03G1302900.1, TraesCS2D03G1095300.1
TraesCS2A03G1162800.1	TraesCS2A03G1162800.1	TraesCS2A03G1162800.1		348	false	false		TraesCS2A03G1162800.1		8.05	0.9972	0.9990	0.00000000000000	1	0	1	1	0	1	     0	     0	     0			TraesCS2B03G1319100.1, TraesCS2D03G1111900.1
TraesCS2A03G1177100.2	TraesCS2A03G1177100.2	TraesCS2A03G1177100.2		700	false	false		TraesCS2A03G1177100.2		2.43	0.9972	0.9990	0.00000000000000	1	0	1	2	0	2	     0	     0	     0			TraesCS2A03G1177100.3, TraesCS2B03G1339200.1, TraesCS2D03G1129400.1
TraesCS2A03G1182500.1	TraesCS2A03G1182500.1	TraesCS2A03G1182500.1		616	false	false		TraesCS2A03G1182500.1		9.90	0.9972	0.9990	0.00000000000000	1	0	1	1	0	1	     0	     0	     0			TraesCS2B03G1346100LC.1, TraesCS2D03G1137900LC.1
TraesCS2A03G1188900.2	TraesCS2A03G1188900.2	TraesCS2A03G1188900.2		211	false	false		TraesCS2A03G1188900.2		10.43	0.9972	0.9990	0.00000000000000	1	0	1	1	0	1	     0	     0	     0			TraesCS2B03G1352900.2, TraesCS4A03G0448700.1, TraesCS4B03G0454300.1, TraesCS4B03G0454300.2
TraesCS2A03G1253800.1	TraesCS2A03G1253800.1	TraesCS2A03G1253800.1		424	false	false		TraesCS2A03G1253800.1		5.19	0.9972	0.9990	0.00000000000000	1	0	1	2	0	2	     0	     0	     0	N-term(42.0106)		TraesCS2D03G1208800.1
TraesCS2A03G1254900.1	TraesCS2A03G1254900.1	TraesCS2A03G1254900.1		888	false	false		TraesCS2A03G1254900.1		1.80	0.9972	0.9990	0.00000000000000	1	0	1	1	0	1	     0	     0	     0			TraesCS2A03G1254900.2, TraesCS2A03G1254900.3, TraesCS2A03G1254900.4, TraesCS2A03G1254900.5, TraesCS2A03G1254900.6, TraesCS2A03G1255400.1, TraesCS2D03G1210700.1, TraesCS2D03G1210700.2, TraesCS2D03G1211000.1
TraesCS2A03G1283300.1	TraesCS2A03G1283300.1	TraesCS2A03G1283300.1		172	false	false		TraesCS2A03G1283300.1		9.30	0.9972	0.9990	0.00000000000000	1	0	1	2	0	2	     0	     0	     0			TraesCS2B03G1474700.1, TraesCS2D03G1245900.1
TraesCS2B03G0095800.1	TraesCS2B03G0095800.1	TraesCS2B03G0095800.1		420	false	false		TraesCS2B03G0095800.1		5.00	0.9972	0.9990	0.00000000000000	1	0	1	2	0	2	     0	     0	     0			TraesCS2D03G0059300.1
TraesCS2B03G0343500LC.1	TraesCS2B03G0343500LC.1	TraesCS2B03G0343500LC.1		157	false	false		TraesCS2B03G0343500LC.1		14.65	0.9972	0.9990	0.00000000000000	1	0	1	1	0	1	     0	     0	     0			TraesCS2D03G0260200.1
TraesCS2B03G0457600.1	TraesCS2B03G0457600.1	TraesCS2B03G0457600.1		162	false	false		TraesCS2B03G0457600.1		27.78	0.9972	0.9990	0.00000000000000	2	1	2	2	1	2	     0	     0	     0			
TraesCS2B03G0560500.1	TraesCS2B03G0560500.1	TraesCS2B03G0560500.1		286	false	false		TraesCS2B03G0560500.1		6.99	0.9972	0.9990	0.00000000000000	1	1	1	2	2	2	     0	     0	     0			
TraesCS2B03G0655300.1	TraesCS2B03G0655300.1	TraesCS2B03G0655300.1		328	false	false		TraesCS2B03G0655300.1		8.23	0.9972	0.9990	0.00000000000000	1	1	1	2	2	2	     0	     0	     0			
TraesCS2B03G0730500.1	TraesCS2B03G0730500.1	TraesCS2B03G0730500.1		228	false	false		TraesCS2B03G0730500.1		16.23	0.9972	0.9990	0.00000000000000	1	1	1	2	2	2	     0	     0	     0			
TraesCS2B03G0774900.1	TraesCS2B03G0774900.1	TraesCS2B03G0774900.1		322	false	false		TraesCS2B03G0774900.1		8.39	0.9972	0.9990	0.00000000000000	1	1	1	2	2	2	     0	     0	     0			
TraesCS2B03G0914900.1	TraesCS2B03G0914900.1	TraesCS2B03G0914900.1		502	false	false		TraesCS2B03G0914900.1		3.19	0.9972	0.9990	0.00000000000000	1	0	1	1	0	1	     0	     0	     0			TraesCS2D03G0769900.1
TraesCS2B03G0990700.1	TraesCS2B03G0990700.1	TraesCS2B03G0990700.1		214	false	false		TraesCS2B03G0990700.1		18.22	0.9972	0.9990	0.00000000000000	1	1	1	3	3	3	     0	     0	     0	N-term(42.0106)		
TraesCS2B03G1235600.1	TraesCS2B03G1235600.1	TraesCS2B03G1235600.1		130	false	false		TraesCS2B03G1235600.1		13.85	0.9972	0.9990	0.00000000000000	1	0	1	2	0	2	     0	     0	     0			
TraesCS2B03G1576800.1	TraesCS2B03G1576800.1	TraesCS2B03G1576800.1		217	false	false		TraesCS2B03G1576800.1		8.29	0.9972	0.9990	0.00000000000000	1	0	1	1	0	1	     0	     0	     0			TraesCS2D03G1342100.1, TraesCS3A03G0979200.2
TraesCS2D03G0607900.1	TraesCS2D03G0607900.1	TraesCS2D03G0607900.1		223	false	false		TraesCS2D03G0607900.1		16.59	0.9972	0.9990	0.00000000000000	1	1	1	1	1	1	     0	     0	     0			
TraesCS2D03G0674400.2	TraesCS2D03G0674400.2	TraesCS2D03G0674400.2		819	false	false		TraesCS2D03G0674400.2		2.44	0.9972	0.9990	0.00000000000000	1	0	1	1	0	1	     0	     0	     0			TraesCS2D03G0674400.3, TraesCS2D03G0674400.4
TraesCS2D03G0911000.1	TraesCS2D03G0911000.1	TraesCS2D03G0911000.1		93	false	false		TraesCS2D03G0911000.1		22.58	0.9972	0.9990	0.00000000000000	1	0	1	3	0	3	     0	     0	     0			TraesCS2D03G0911000.2
TraesCS3A03G0008400.1	TraesCS3A03G0008400.1	TraesCS3A03G0008400.1		418	false	false		TraesCS3A03G0008400.1		4.31	0.9972	0.9990	0.00000000000000	1	0	1	1	0	1	     0	     0	     0			TraesCS3B03G0014300.1, TraesCS3D03G0010000.1
TraesCS3A03G0129600.1	TraesCS3A03G0129600.1	TraesCS3A03G0129600.1		199	false	false		TraesCS3A03G0129600.1		10.05	0.9972	0.9990	0.00000000000000	1	0	1	2	0	2	     0	     0	     0			TraesCS3B03G0167500.1, TraesCS3B03G0167800.1, TraesCS3D03G0116400.1
TraesCS3A03G0172500.1	TraesCS3A03G0172500.1	TraesCS3A03G0172500.1		362	false	false		TraesCS3A03G0172500.1		4.42	0.9972	0.9990	0.00000000000000	1	0	1	3	0	3	     0	     0	     0			TraesCS3B03G0217400.1, TraesCS3B03G0217400.2, TraesCS3D03G0154800.1, TraesCS3D03G0154900.1
TraesCS3A03G0172800.1	TraesCS3A03G0172800.1	TraesCS3A03G0172800.1		375	false	false		TraesCS3A03G0172800.1		4.53	0.9972	0.9990	0.00000000000000	1	0	1	1	0	1	     0	     0	     0			TraesCS3B03G0217700.1, TraesCS3D03G0155200.1, TraesCS3D03G0155200.2
TraesCS3A03G0183800.1	TraesCS3A03G0183800.1	TraesCS3A03G0183800.1		273	false	false		TraesCS3A03G0183800.1		7.33	0.9972	0.9990	0.00000000000000	1	0	1	1	0	1	     0	     0	     0			TraesCS3B03G0224800.1, TraesCS3D03G0164300.1
TraesCS3A03G0193200.1	TraesCS3A03G0193200.1	TraesCS3A03G0193200.1		389	false	false		TraesCS3A03G0193200.1		5.91	0.9972	0.9990	0.00000000000000	1	0	1	2	0	2	     0	     0	     0			TraesCS3B03G0235400.1, TraesCS3D03G0172300.1
TraesCS3A03G0235800.1	TraesCS3A03G0235800.1	TraesCS3A03G0235800.1		227	false	false		TraesCS3A03G0235800.1		7.49	0.9972	0.9990	0.00000000000000	1	0	1	6	0	6	     0	     0	     0			TraesCS7B03G0555500.1, TraesCS7D03G0689800.1
TraesCS3A03G0263100.1	TraesCS3A03G0263100.1	TraesCS3A03G0263100.1		1058	false	false		TraesCS3A03G0263100.1		2.08	0.9972	0.9990	0.00000000000000	1	0	1	2	0	2	     0	     0	     0			TraesCS3A03G0263100.2, TraesCS3B03G0332200.1, TraesCS3B03G0332200.2, TraesCS3D03G0255200.1, TraesCS3D03G0255200.2
TraesCS3A03G0286400.1	TraesCS3A03G0286400.1	TraesCS3A03G0286400.1		310	false	false		TraesCS3A03G0286400.1		5.16	0.9972	0.9990	0.00000000000000	1	1	1	2	2	2	     0	     0	     0			
TraesCS3A03G0319000.1	TraesCS3A03G0319000.1	TraesCS3A03G0319000.1		215	false	false		TraesCS3A03G0319000.1		9.77	0.9972	0.9990	0.00000000000000	1	0	1	1	0	1	     0	     0	     0			TraesCS3B03G0398400.1, TraesCS3D03G0315800.1
TraesCS3A03G0407200.1	TraesCS3A03G0407200.1	TraesCS3A03G0407200.1		541	false	false		TraesCS3A03G0407200.1		7.21	0.9972	0.9990	0.00000000000000	1	0	1	1	0	1	     0	     0	     0			TraesCS3A03G0407200.2, TraesCS3B03G0494500.1, TraesCS3B03G0494500.2, TraesCS3B03G0494500.3, TraesCS3D03G0387900.1, TraesCS3D03G0387900.2
TraesCS3A03G0421300.1	TraesCS3A03G0421300.1	TraesCS3A03G0421300.1		305	false	false		TraesCS3A03G0421300.1		6.23	0.9972	0.9990	0.00000000000000	1	0	1	2	0	2	     0	     0	     0			TraesCS3B03G0502900.1, TraesCS3D03G0398500.1
TraesCS3A03G0453600.1	TraesCS3A03G0453600.1	TraesCS3A03G0453600.1		513	false	false		TraesCS3A03G0453600.1		4.68	0.9972	0.9990	0.00000000000000	1	0	1	2	0	2	     0	     0	     0			TraesCS3B03G0529400.2, TraesCS3D03G0419600.1
TraesCS3A03G0460600.1	TraesCS3A03G0460600.1	TraesCS3A03G0460600.1		447	false	false		TraesCS3A03G0460600.1		4.25	0.9972	0.9990	0.00000000000000	1	0	1	1	0	1	     0	     0	     0			TraesCS3A03G0460600.2, TraesCS3A03G0460600.3, TraesCS3A03G0460600.4, TraesCS3B03G0532100.1, TraesCS3B03G0532100.2, TraesCS3D03G0423000.1
TraesCS3A03G0580100.1	TraesCS3A03G0580100.1	TraesCS3A03G0580100.1		341	false	false		TraesCS3A03G0580100.1		6.45	0.9972	0.9990	0.00000000000000	1	0	1	2	0	2	     0	     0	     0			TraesCS3B03G0658700.1, TraesCS3D03G0533900.1
TraesCS3A03G0583800.1	TraesCS3A03G0583800.1	TraesCS3A03G0583800.1		518	false	false		TraesCS3A03G0583800.1		8.30	0.9972	0.9990	0.00000000000000	1	0	1	1	0	1	     0	     0	     0			TraesCS3B03G0663900.1
TraesCS3A03G0587200.1	TraesCS3A03G0587200.1	TraesCS3A03G0587200.1		82	false	false		TraesCS3A03G0587200.1		24.39	0.9972	0.9990	0.00000000000000	1	0	1	1	0	1	     0	     0	     0			TraesCS3B03G0667400.1, TraesCS3D03G0542200.1
TraesCS3A03G0590600.1	TraesCS3A03G0590600.1	TraesCS3A03G0590600.1		136	false	false		TraesCS3A03G0590600.1		16.91	0.9972	0.9990	0.00000000000000	1	0	1	1	0	1	     0	     0	     0			TraesCS3B03G0671300.1, TraesCS3D03G0544700.1
TraesCS3A03G0605900.1	TraesCS3A03G0605900.1	TraesCS3A03G0605900.1		217	false	false		TraesCS3A03G0605900.1		11.98	0.9972	0.9990	0.00000000000000	1	0	1	1	0	1	     0	     0	     0			TraesCS3A03G0605900.2, TraesCS3B03G0686400.1, TraesCS3D03G0557700.1
TraesCS3A03G0610300.1	TraesCS3A03G0610300.1	TraesCS3A03G0610300.1		409	false	false		TraesCS3A03G0610300.1		4.40	0.9972	0.9990	0.00000000000000	1	1	1	2	2	2	     0	     0	     0			
TraesCS3A03G0624100.1	TraesCS3A03G0624100.1	TraesCS3A03G0624100.1		375	false	false		TraesCS3A03G0624100.1		4.80	0.9972	0.9990	0.00000000000000	1	0	1	2	0	2	     0	     0	     0			TraesCS3B03G0701300.1, TraesCS3D03G0570600.1
TraesCS3A03G0654600.1	TraesCS3A03G0654600.1	TraesCS3A03G0654600.1		255	false	false		TraesCS3A03G0654600.1		5.49	0.9972	0.9990	0.00000000000000	1	0	1	2	0	2	     0	     0	     0			TraesCS3B03G0738300.1, TraesCS3D03G0599100.1
TraesCS3A03G0675200.1	TraesCS3A03G0675200.1	TraesCS3A03G0675200.1		369	false	false		TraesCS3A03G0675200.1		5.15	0.9972	0.9990	0.00000000000000	1	0	1	1	0	1	     0	     0	     0			TraesCS3A03G0675200.2, TraesCS3B03G0771100.1, TraesCS3B03G0771100.2, TraesCS3D03G0615900.1, TraesCS3D03G0615900.2
TraesCS3A03G0675600.1	TraesCS3A03G0675600.1	TraesCS3A03G0675600.1		492	false	false		TraesCS3A03G0675600.1		5.69	0.9972	0.9990	0.00000000000000	1	0	1	1	0	1	     0	     0	     0			TraesCS3A03G0675600.2, TraesCS3B03G0771400.1, TraesCS3D03G0616200.1, TraesCS3D03G0616200.2, TraesCS3D03G0616200.3
TraesCS3A03G0675900.1	TraesCS3A03G0675900.1	TraesCS3A03G0675900.1		2146	false	false		TraesCS3A03G0675900.1		0.89	0.9972	0.9990	0.00000000000000	1	0	1	1	0	1	     0	     0	     0			TraesCS3A03G0675900.2, TraesCS3B03G0772100.1, TraesCS3D03G0616600.1, TraesCS3D03G0616600.2
TraesCS3A03G0745700.1	TraesCS3A03G0745700.1	TraesCS3A03G0745700.1		212	false	false		TraesCS3A03G0745700.1		9.43	0.9972	0.9990	0.00000000000000	1	0	1	3	0	3	     0	     0	     0			TraesCS3B03G0850700.1, TraesCS3D03G0686600.1
TraesCS3A03G0746300.1	TraesCS3A03G0746300.1	TraesCS3A03G0746300.1		317	false	false		TraesCS3A03G0746300.1		5.68	0.9972	0.9990	0.00000000000000	1	0	1	1	0	1	     0	     0	     0			TraesCS3A03G0746300.2, TraesCS3D03G0686900.1, TraesCS3D03G0686900.2
TraesCS3A03G0760000.1	TraesCS3A03G0760000.1	TraesCS3A03G0760000.1		1621	false	false		TraesCS3A03G0760000.1		1.73	0.9972	0.9990	0.00000000000000	1	0	1	1	0	1	     0	     0	     0			TraesCS3B03G0871900.1, TraesCS3B03G0871900.2, TraesCS3B03G0871900.3, TraesCS3D03G0701400.1
TraesCS3A03G0810300.1	TraesCS3A03G0810300.1	TraesCS3A03G0810300.1		279	false	false		TraesCS3A03G0810300.1		10.75	0.9972	0.9990	0.00000000000000	1	0	1	2	0	2	     0	     0	     0			TraesCS3B03G0932900.1, TraesCS3D03G0746800.1
TraesCS3A03G0864700.1	TraesCS3A03G0864700.1	TraesCS3A03G0864700.1		730	false	false		TraesCS3A03G0864700.1		2.60	0.9972	0.9990	0.00000000000000	1	0	1	2	0	2	     0	     0	     0			TraesCS3A03G0864700.2, TraesCS3A03G0864700.3, TraesCS3B03G0987700.1, TraesCS3D03G0793300.1, TraesCS3D03G0793300.2
TraesCS3A03G0870000.1	TraesCS3A03G0870000.1	TraesCS3A03G0870000.1		278	false	false		TraesCS3A03G0870000.1		9.71	0.9972	0.9990	0.00000000000000	1	0	1	2	0	2	     0	     0	     0			TraesCS3B03G0945500.1, TraesCS3D03G0757200.1, TraesCS5A03G1084700.1, TraesCS5B03G1147000.1, TraesCS5D03G1037100.1
TraesCS3A03G0896900LC.1	TraesCS3A03G0896900LC.1	TraesCS3A03G0896900LC.1		134	false	false		TraesCS3A03G0896900LC.1		20.15	0.9972	0.9990	0.00000000000000	1	0	1	1	0	1	     0	     0	     0			TraesCS3A03G1066800.1, TraesCS3A03G1066800.2, TraesCS3B03G1235600.1, TraesCS3B03G1235600.2, TraesCS3D03G0995600.1, TraesCS3D03G0995600.2, TraesCS3D03G0995600.3
TraesCS3A03G0969800.1	TraesCS3A03G0969800.1	TraesCS3A03G0969800.1		670	false	false		TraesCS3A03G0969800.1		3.28	0.9972	0.9990	0.00000000000000	1	0	1	2	0	2	     0	     0	     0			TraesCS3A03G0969800.2, TraesCS3B03G1115400LC.1, TraesCS3D03G0906400.1, TraesCS3D03G0906400.2
TraesCS3A03G0979000.1	TraesCS3A03G0979000.1	TraesCS3A03G0979000.1		1034	false	false		TraesCS3A03G0979000.1		1.74	0.9972	0.9990	0.00000000000000	1	0	1	3	0	3	     0	     0	     0			TraesCS3B03G1126800.1, TraesCS3D03G0914500.1
TraesCS3A03G0979600.1	TraesCS3A03G0979600.1	TraesCS3A03G0979600.1		434	false	false		TraesCS3A03G0979600.1		8.76	0.9972	0.9990	0.00000000000000	2	0	1	4	0	2	     0	     0	     0			TraesCS3B03G1126600.1, TraesCS3D03G0914100.1, TraesCS3D03G0914100.2, TraesCS7B03G0096700.1
TraesCS3A03G0987900.1	TraesCS3A03G0987900.1	TraesCS3A03G0987900.1		1074	false	false		TraesCS3A03G0987900.1		2.79	0.9972	0.9990	0.00000000000000	1	0	1	1	0	1	     0	     0	     0			TraesCS3B03G1137300.1, TraesCS3D03G0921500.1
TraesCS3A03G1049300.1	TraesCS3A03G1049300.1	TraesCS3A03G1049300.1		213	false	false		TraesCS3A03G1049300.1		9.86	0.9972	0.9990	0.00000000000000	1	0	1	4	0	4	     0	     0	     0			TraesCS3B03G1214600.1, TraesCS3D03G0978800.1
TraesCS3A03G1138800.1	TraesCS3A03G1138800.1	TraesCS3A03G1138800.1		2260	false	false		TraesCS3A03G1138800.1		1.81	0.9972	0.9990	0.00000000000000	1	0	1	2	0	2	     0	     0	     0			TraesCS3B03G1325100.1, TraesCS3D03G1061000.1
TraesCS3A03G1199400.1	TraesCS3A03G1199400.1	TraesCS3A03G1199400.1		165	false	false		TraesCS3A03G1199400.1		13.33	0.9972	0.9990	0.00000000000000	1	0	1	1	0	1	     0	     0	     0			TraesCS3B03G1442500.1, TraesCS3D03G1144500.1
TraesCS3B03G0395700.1	TraesCS3B03G0395700.1	TraesCS3B03G0395700.1		579	false	false		TraesCS3B03G0395700.1		3.45	0.9972	0.9990	0.00000000000000	1	0	1	1	0	1	     0	     0	     0			TraesCS3D03G0314500.1
TraesCS3B03G0690600.1	TraesCS3B03G0690600.1	TraesCS3B03G0690600.1		451	false	false		TraesCS3B03G0690600.1		3.99	0.9972	0.9990	0.00000000000000	1	0	1	3	0	3	     0	     0	     0			TraesCS3D03G0560000.1
TraesCS3B03G0847700.1	TraesCS3B03G0847700.1	TraesCS3B03G0847700.1		360	false	false		TraesCS3B03G0847700.1		4.72	0.9972	0.9990	0.00000000000000	1	0	1	1	0	1	     0	     0	     0			TraesCS3D03G0684000.2, TraesCS3D03G0684000.3, TraesCS3D03G0684000.4
TraesCS3B03G0917300.1	TraesCS3B03G0917300.1	TraesCS3B03G0917300.1		270	false	false		TraesCS3B03G0917300.1		9.63	0.9972	0.9990	0.00000000000000	1	0	1	3	0	3	     0	     0	     0			TraesCS3D03G0735200.1
TraesCS3B03G1129700.1	TraesCS3B03G1129700.1	TraesCS3B03G1129700.1		175	false	false		TraesCS3B03G1129700.1		15.43	0.9972	0.9990	0.00000000000000	1	1	1	1	1	1	     0	     0	     0			
TraesCS3D03G0101000.1	TraesCS3D03G0101000.1	TraesCS3D03G0101000.1		621	false	false		TraesCS3D03G0101000.1		4.67	0.9972	0.9990	0.00000000000000	1	0	1	1	0	1	     0	     0	     0			TraesCS3D03G0101000.2, TraesCS3D03G0101000.3
TraesCS3D03G0916100.1	TraesCS3D03G0916100.1	TraesCS3D03G0916100.1		176	false	false		TraesCS3D03G0916100.1		15.34	0.9972	0.9990	0.00000000000000	1	1	1	2	2	2	     0	     0	     0			
TraesCS3D03G1039700LC.1	TraesCS3D03G1039700LC.1	TraesCS3D03G1039700LC.1		587	false	false		TraesCS3D03G1039700LC.1		1.19	0.9972	0.9990	0.00000000000000	1	1	1	1	1	1	     0	     0	     0	5C(57.0214)		
TraesCS3D03G1184200.1	TraesCS3D03G1184200.1	TraesCS3D03G1184200.1		368	false	false		TraesCS3D03G1184200.1		5.16	0.9972	0.9990	0.00000000000000	1	1	1	1	1	1	     0	     0	     0			
TraesCS4A03G0003300.1	TraesCS4A03G0003300.1	TraesCS4A03G0003300.1		431	false	false		TraesCS4A03G0003300.1		6.96	0.9972	0.9990	0.00000000000000	1	0	1	2	0	2	     0	     0	     0			TraesCS4B03G0793600.1, TraesCS4D03G0710700.1
TraesCS4A03G0014400.1	TraesCS4A03G0014400.1	TraesCS4A03G0014400.1		246	false	false		TraesCS4A03G0014400.1		7.32	0.9972	0.9990	0.00000000000000	1	0	1	1	0	1	     0	     0	     0			TraesCS4B03G0779500LC.1, TraesCS4D03G0699400.1
TraesCS4A03G0069100.1	TraesCS4A03G0069100.1	TraesCS4A03G0069100.1		388	false	false		TraesCS4A03G0069100.1		7.73	0.9972	0.9990	0.00000000000000	1	0	1	2	0	2	     0	     0	     0			TraesCS4D03G0638600.1
TraesCS4A03G0107100.1	TraesCS4A03G0107100.1	TraesCS4A03G0107100.1		525	false	false		TraesCS4A03G0107100.1		3.81	0.9972	0.9990	0.00000000000000	1	0	1	2	0	2	     0	     0	     0			TraesCS4B03G0676200.1, TraesCS4D03G0601100.1, TraesCS5A03G0822600.1, TraesCS5B03G0860700.1, TraesCS5D03G0784200.1
TraesCS4A03G0132800.1	TraesCS4A03G0132800.1	TraesCS4A03G0132800.1		638	false	false		TraesCS4A03G0132800.1		3.13	0.9972	0.9990	0.00000000000000	1	0	1	1	0	1	     0	     0	     0			TraesCS4A03G0132800.2, TraesCS4B03G0664700.1, TraesCS4B03G0664700.2, TraesCS4B03G0664700.3, TraesCS4D03G0589300.1, TraesCS4D03G0589300.2
TraesCS4A03G0157000.2	TraesCS4A03G0157000.2	TraesCS4A03G0157000.2		896	false	false		TraesCS4A03G0157000.2		2.23	0.9972	0.9990	0.00000000000000	1	0	1	1	0	1	     0	     0	     0			TraesCS4B03G0637300.2
TraesCS4A03G0169700.1	TraesCS4A03G0169700.1	TraesCS4A03G0169700.1		440	false	false		TraesCS4A03G0169700.1		7.05	0.9972	0.9990	0.00000000000000	1	0	1	1	0	1	     0	     0	     0			TraesCS4A03G0169700.2, TraesCS4B03G0605600.1, TraesCS4D03G0536900.1
TraesCS4A03G0188800LC.1	TraesCS4A03G0188800LC.1	TraesCS4A03G0188800LC.1		300	false	false		TraesCS4A03G0188800LC.1		5.67	0.9972	0.9990	0.00000000000000	1	0	1	1	0	1	     0	     0	     0			TraesCS4B03G0585800.1, TraesCS4D03G0521400.1
TraesCS4A03G0196100.1	TraesCS4A03G0196100.1	TraesCS4A03G0196100.1		809	false	false		TraesCS4A03G0196100.1		3.83	0.9972	0.9990	0.00000000000000	1	0	1	1	0	1	     0	     0	     0			TraesCS4B03G0579000.1, TraesCS4D03G0513900.1
TraesCS4A03G0198900.1	TraesCS4A03G0198900.1	TraesCS4A03G0198900.1		463	false	false		TraesCS4A03G0198900.1		6.70	0.9972	0.9990	0.00000000000000	1	0	1	1	0	1	     0	     0	     0			TraesCS4B03G0576400.1, TraesCS4D03G0510500.1
TraesCS4A03G0207100.1	TraesCS4A03G0207100.1	TraesCS4A03G0207100.1		454	false	false		TraesCS4A03G0207100.1		6.61	0.9972	0.9990	0.00000000000000	1	0	1	1	0	1	     0	     0	     0			TraesCS4A03G0207100.2, TraesCS4A03G0207100.3, TraesCS4B03G0567800.1, TraesCS4B03G0567800.2, TraesCS4B03G0567800.3, TraesCS4D03G0501200.1, TraesCS4D03G0501200.2
TraesCS4A03G0230700.1	TraesCS4A03G0230700.1	TraesCS4A03G0230700.1		110	false	false		TraesCS4A03G0230700.1		22.73	0.9972	0.9990	0.00000000000000	1	0	1	2	0	2	     0	     0	     0	N-term(42.0106)		TraesCS4B03G0539300LC.1, TraesCS4D03G0478200.1
TraesCS4A03G0357800.1	TraesCS4A03G0357800.1	TraesCS4A03G0357800.1		463	false	false		TraesCS4A03G0357800.1		5.40	0.9972	0.9990	0.00000000000000	1	0	1	1	0	1	     0	     0	     0			TraesCS4D03G0331300.1, TraesCSU03G0069200.1
TraesCS4A03G0453600.1	TraesCS4A03G0453600.1	TraesCS4A03G0453600.1		237	false	false		TraesCS4A03G0453600.1		14.77	0.9972	0.9990	0.00000000000000	1	1	1	2	2	2	     0	     0	     0			
TraesCS4A03G0471600.1	TraesCS4A03G0471600.1	TraesCS4A03G0471600.1		294	false	false		TraesCS4A03G0471600.1		5.44	0.9972	0.9990	0.00000000000000	1	0	1	1	0	1	     0	     0	     0			TraesCS4D03G0288900.1, TraesCS4D03G0288900.2, TraesCSU03G0234700.1
TraesCS4A03G0496800.1	TraesCS4A03G0496800.1	TraesCS4A03G0496800.1		111	false	false		TraesCS4A03G0496800.1		18.92	0.9972	0.9990	0.00000000000000	1	0	1	2	0	2	     0	     0	     0			TraesCS4B03G0317000.1, TraesCS4D03G0259900.1
TraesCS4A03G0509100.1	TraesCS4A03G0509100.1	TraesCS4A03G0509100.1		261	false	false		TraesCS4A03G0509100.1		7.28	0.9972	0.9990	0.00000000000000	1	0	1	2	0	2	     0	     0	     0			TraesCS4B03G0303200.1, TraesCS4D03G0246900.1, TraesCS5A03G0209700.1, TraesCS5B03G0222400.1, TraesCS5D03G0226400.1
TraesCS4A03G0603600.1	TraesCS4A03G0603600.1	TraesCS4A03G0603600.1		278	false	false		TraesCS4A03G0603600.1		11.51	0.9972	0.9990	0.00000000000000	1	1	1	1	1	1	     0	     0	     0			
TraesCS4A03G0619500.1	TraesCS4A03G0619500.1	TraesCS4A03G0619500.1		415	false	false		TraesCS4A03G0619500.1		4.34	0.9972	0.9990	0.00000000000000	1	0	1	1	0	1	     0	     0	     0			TraesCS4B03G0183900.1, TraesCS4D03G0151600.1, TraesCS4D03G0151600.2
TraesCS4A03G0700200.1	TraesCS4A03G0700200.1	TraesCS4A03G0700200.1		251	false	false		TraesCS4A03G0700200.1		6.77	0.9972	0.9990	0.00000000000000	1	0	1	1	0	1	     0	     0	     0			TraesCS4D03G0069000.1
TraesCS4A03G0706200.1	TraesCS4A03G0706200.1	TraesCS4A03G0706200.1		555	false	false		TraesCS4A03G0706200.1		7.03	0.9972	0.9990	0.00000000000000	1	0	1	2	0	2	     0	     0	     0			TraesCS4B03G0088900.1, TraesCS4D03G0064300.1
TraesCS4A03G0788800.1	TraesCS4A03G0788800.1	TraesCS4A03G0788800.1		581	false	false		TraesCS4A03G0788800.1		3.10	0.9972	0.9990	0.00000000000000	1	0	1	2	0	2	     0	     0	     0			TraesCS4A03G0788800.2, TraesCS5B03G1365900.1, TraesCS5B03G1365900.2, TraesCS5D03G1200400.1, TraesCS5D03G1200400.2
TraesCS4A03G0798600.1	TraesCS4A03G0798600.1	TraesCS4A03G0798600.1		313	false	false		TraesCS4A03G0798600.1		6.39	0.9972	0.9990	0.00000000000000	1	0	1	1	0	1	     0	     0	     0			TraesCS4A03G0798600.2, TraesCS5B03G1353100.1, TraesCS5B03G1353100.2, TraesCS5D03G1211900.1
TraesCS4A03G0833200.1	TraesCS4A03G0833200.1	TraesCS4A03G0833200.1		292	false	false		TraesCS4A03G0833200.1		9.93	0.9972	0.9990	0.00000000000000	1	0	1	1	0	1	     0	     0	     0			TraesCS4A03G0833200.2, TraesCS5B03G1309200.1, TraesCS5D03G1169400.1
TraesCS4A03G0851200.1	TraesCS4A03G0851200.1	TraesCS4A03G0851200.1		207	false	false		TraesCS4A03G0851200.1		15.46	0.9972	0.9990	0.00000000000000	1	1	1	1	1	1	     0	     0	     0			
TraesCS4A03G0876300.1	TraesCS4A03G0876300.1	TraesCS4A03G0876300.1		561	false	false		TraesCS4A03G0876300.1		3.39	0.9972	0.9990	0.00000000000000	1	0	1	2	0	2	     0	     0	     0			TraesCS4A03G0876300.2, TraesCS5B03G1259800.1, TraesCS5B03G1259800.2, TraesCS5B03G1259800.3, TraesCS5D03G1129400.1, TraesCS5D03G1129400.2, TraesCS5D03G1129400.3
TraesCS4A03G0973200.1	TraesCS4A03G0973200.1	TraesCS4A03G0973200.1		55	false	false		TraesCS4A03G0973200.1		32.73	0.9972	0.9990	0.00000000000000	1	1	1	1	1	1	     0	     0	     0	N-term(42.0106)		
TraesCS4A03G1215800.1	TraesCS4A03G1215800.1	TraesCS4A03G1215800.1		522	false	false		TraesCS4A03G1215800.1		3.64	0.9972	0.9990	0.00000000000000	1	0	1	2	0	2	     0	     0	     0			TraesCS4A03G1215800.2, TraesCS4A03G1215800.3, TraesCS7A03G0030900.1, TraesCS7A03G0030900.2, TraesCS7A03G0030900.3, TraesCS7A03G0030900.4, TraesCS7D03G0025800.1, TraesCS7D03G0025800.2, TraesCS7D03G0025800.3
TraesCS4B03G0025600.1	TraesCS4B03G0025600.1	TraesCS4B03G0025600.1		326	false	false		TraesCS4B03G0025600.1		5.52	0.9972	0.9990	0.00000000000000	1	0	1	2	0	2	     0	     0	     0			TraesCS4B03G0025600.2
TraesCS4B03G0402500.1	TraesCS4B03G0402500.1	TraesCS4B03G0402500.1		82	false	false		TraesCS4B03G0402500.1		18.29	0.9972	0.9990	0.00000000000000	1	1	1	2	2	2	     0	     0	     0	N-term(42.0106)		
TraesCS4B03G0714600.1	TraesCS4B03G0714600.1	TraesCS4B03G0714600.1		387	false	false		TraesCS4B03G0714600.1		7.75	0.9972	0.9990	0.00000000000000	1	1	1	1	1	1	     0	     0	     0			
TraesCS4B03G0869600.1	TraesCS4B03G0869600.1	TraesCS4B03G0869600.1		799	false	false		TraesCS4B03G0869600.1		3.25	0.9972	0.9990	0.00000000000000	1	0	1	2	0	2	     0	     0	     0			TraesCS4D03G0766900LC.1, TraesCS5A03G1185000.1, TraesCS5A03G1185000.2
TraesCS4B03G0922900.1	TraesCS4B03G0922900.1	TraesCS4B03G0922900.1		340	false	false		TraesCS4B03G0922900.1		5.59	0.9972	0.9990	0.00000000000000	1	0	1	1	0	1	     0	     0	     0			TraesCS4D03G0809000.1, TraesCS5A03G1225100.1
TraesCS4B03G0937200.1	TraesCS4B03G0937200.1	TraesCS4B03G0937200.1		118	false	false		TraesCS4B03G0937200.1		13.56	0.9972	0.9990	0.00000000000000	1	0	1	2	0	2	     0	     0	     0			TraesCS4D03G0821300.1, TraesCS4D03G0821900.1
TraesCS4D03G0825600.1	TraesCS4D03G0825600.1	TraesCS4D03G0825600.1		272	false	false		TraesCS4D03G0825600.1		10.66	0.9972	0.9990	0.00000000000000	1	0	1	2	0	2	     0	     0	     0			TraesCS7D03G0119700.1
TraesCS5A03G0089100.1	TraesCS5A03G0089100.1	TraesCS5A03G0089100.1		390	false	false		TraesCS5A03G0089100.1		5.38	0.9972	0.9990	0.00000000000000	1	1	1	2	2	2	     0	     0	     0			
TraesCS5A03G0115200.1	TraesCS5A03G0115200.1	TraesCS5A03G0115200.1		522	false	false		TraesCS5A03G0115200.1		4.21	0.9972	0.9990	0.00000000000000	1	0	1	1	0	1	     0	     0	     0			TraesCS5A03G0115200.2, TraesCS5B03G0127200.1, TraesCS5D03G0137500.1
TraesCS5A03G0155100.2	TraesCS5A03G0155100.2	TraesCS5A03G0155100.2		482	false	false		TraesCS5A03G0155100.2		3.32	0.9972	0.9990	0.00000000000000	1	0	1	2	0	2	     0	     0	     0			TraesCS5A03G0155100.3, TraesCS5B03G0175500.1, TraesCS5D03G0176000.2, TraesCS5D03G0176000.3
TraesCS5A03G0238200.1	TraesCS5A03G0238200.1	TraesCS5A03G0238200.1		401	false	false		TraesCS5A03G0238200.1		6.48	0.9972	0.9990	0.00000000000000	1	0	1	2	0	2	     0	     0	     0	N-term(42.0106)		TraesCS5A03G0238200.2, TraesCS5B03G0255500.1, TraesCS5D03G0249900.1, TraesCS5D03G0249900.2
TraesCS5A03G0251800.2	TraesCS5A03G0251800.2	TraesCS5A03G0251800.2		539	false	false		TraesCS5A03G0251800.2		3.53	0.9972	0.9990	0.00000000000000	1	0	1	1	0	1	     0	     0	     0	N-term(42.0106)		TraesCS5D03G0263900.2
TraesCS5A03G0286500.1	TraesCS5A03G0286500.1	TraesCS5A03G0286500.1		385	false	false		TraesCS5A03G0286500.1		7.27	0.9972	0.9990	0.00000000000000	1	0	1	13	0	13	     0	     0	     0			TraesCS5B03G0310900.1, TraesCS5D03G0303800.1
TraesCS5A03G0289500.1	TraesCS5A03G0289500.1	TraesCS5A03G0289500.1		194	false	false		TraesCS5A03G0289500.1		9.79	0.9972	0.9990	0.00000000000000	1	0	1	2	0	2	     0	     0	     0			TraesCS5B03G0304900.1, TraesCS5D03G0298900.1
TraesCS5A03G0316600.1	TraesCS5A03G0316600.1	TraesCS5A03G0316600.1		653	false	false		TraesCS5A03G0316600.1		3.06	0.9972	0.9990	0.00000000000000	1	0	1	1	0	1	     0	     0	     0			TraesCS5B03G0311400.1, TraesCS5D03G0281400.1
TraesCS5A03G0336500.1	TraesCS5A03G0336500.1	TraesCS5A03G0336500.1		241	false	false		TraesCS5A03G0336500.1		10.37	0.9972	0.9990	0.00000000000000	2	0	1	4	0	3	     0	     0	     0	N-term(42.0106)		TraesCS5B03G0291700.1, TraesCS5D03G0286700.1
TraesCS5A03G0367000.1	TraesCS5A03G0367000.1	TraesCS5A03G0367000.1		527	false	false		TraesCS5A03G0367000.1		4.74	0.9972	0.9990	0.00000000000000	1	0	1	1	0	1	     0	     0	     0			TraesCS5B03G0361600.1, TraesCS5D03G0349100.1
TraesCS5A03G0378300.1	TraesCS5A03G0378300.1	TraesCS5A03G0378300.1		236	false	false		TraesCS5A03G0378300.1		9.32	0.9972	0.9990	0.00000000000000	1	1	1	1	1	1	     0	     0	     0	N-term(42.0106)		
TraesCS5A03G0407600.1	TraesCS5A03G0407600.1	TraesCS5A03G0407600.1		217	false	false		TraesCS5A03G0407600.1		9.22	0.9972	0.9990	0.00000000000000	1	0	1	1	0	1	     0	     0	     0			TraesCS5B03G0403600.1, TraesCS5D03G0364800.1
TraesCS5A03G0417900.1	TraesCS5A03G0417900.1	TraesCS5A03G0417900.1		256	false	false		TraesCS5A03G0417900.1		10.55	0.9972	0.9990	0.00000000000000	1	0	1	3	0	3	     0	     0	     0			TraesCS5B03G0414600.1, TraesCS5D03G0385900.1
TraesCS5A03G0424900.1	TraesCS5A03G0424900.1	TraesCS5A03G0424900.1		111	false	false		TraesCS5A03G0424900.1		18.92	0.9972	0.9990	0.00000000000000	1	1	1	1	1	1	     0	     0	     0			
TraesCS5A03G0433400.1	TraesCS5A03G0433400.1	TraesCS5A03G0433400.1		600	false	false		TraesCS5A03G0433400.1		5.17	0.9972	0.9990	0.00000000000000	1	0	1	1	0	1	     0	     0	     0			TraesCS5B03G0429300.1, TraesCS5D03G0402300.1
TraesCS5A03G0434600.1	TraesCS5A03G0434600.1	TraesCS5A03G0434600.1		425	false	false		TraesCS5A03G0434600.1		6.82	0.9972	0.9990	0.00000000000000	1	0	1	1	0	1	     0	     0	     0			TraesCS5A03G0434600.2
TraesCS5A03G0451700.1	TraesCS5A03G0451700.1	TraesCS5A03G0451700.1		5025	false	false		TraesCS5A03G0451700.1		0.34	0.9972	0.9990	0.00000000000000	1	0	1	1	0	1	     0	     0	     0			TraesCS5A03G0451700.2, TraesCS5A03G0451700.3, TraesCS5D03G0418200.1, TraesCS5D03G0418200.2
TraesCS5A03G0456000.1	TraesCS5A03G0456000.1	TraesCS5A03G0456000.1		398	false	false		TraesCS5A03G0456000.1		4.52	0.9972	0.9990	0.00000000000000	1	1	1	1	1	1	     0	     0	     0			
TraesCS5A03G0463300.1	TraesCS5A03G0463300.1	TraesCS5A03G0463300.1		374	false	false		TraesCS5A03G0463300.1		5.08	0.9972	0.9990	0.00000000000000	1	0	1	1	0	1	     0	     0	     0			TraesCS5B03G0457800.1, TraesCS5D03G0427900.1
TraesCS5A03G0473000.1	TraesCS5A03G0473000.1	TraesCS5A03G0473000.1		401	false	false		TraesCS5A03G0473000.1		4.74	0.9972	0.9990	0.00000000000000	1	0	1	1	0	1	     0	     0	     0			TraesCS5B03G0469200.1, TraesCS5B03G0469200.2
TraesCS5A03G0479300.1	TraesCS5A03G0479300.1	TraesCS5A03G0479300.1		290	false	false		TraesCS5A03G0479300.1		8.97	0.9972	0.9990	0.00000000000000	1	0	1	1	0	1	     0	     0	     0			TraesCS5B03G0477900.1, TraesCS5D03G0441800.1, TraesCS6A03G1015200.1, TraesCS6A03G1015400.1, TraesCS6B03G1249800.1, TraesCS6B03G1250200.1, TraesCS6D03G0894100.1, TraesCS6D03G0894200.1
TraesCS5A03G0487100.1	TraesCS5A03G0487100.1	TraesCS5A03G0487100.1		255	false	false		TraesCS5A03G0487100.1		11.37	0.9972	0.9990	0.00000000000000	1	0	1	1	0	1	     0	     0	     0			TraesCS5A03G0487100.2, TraesCS5A03G0487100.3, TraesCS5B03G0486200.1, TraesCS5B03G0486200.2, TraesCS5D03G0451000.1
TraesCS5A03G0494300.1	TraesCS5A03G0494300.1	TraesCS5A03G0494300.1		477	false	false		TraesCS5A03G0494300.1		3.77	0.9972	0.9990	0.00000000000000	1	0	1	1	0	1	     0	     0	     0			TraesCS5B03G0495800.1, TraesCS5B03G0495800.2, TraesCS5D03G0459000.1
TraesCS5A03G0609300.1	TraesCS5A03G0609300.1	TraesCS5A03G0609300.1		211	false	false		TraesCS5A03G0609300.1		8.06	0.9972	0.9990	0.00000000000000	1	0	1	3	0	3	     0	     0	     0	N-term(42.0106)		TraesCS5B03G0627500.1, TraesCS5D03G0573500.1
TraesCS5A03G0618000.1	TraesCS5A03G0618000.1	TraesCS5A03G0618000.1		614	false	false		TraesCS5A03G0618000.1		3.26	0.9972	0.9990	0.00000000000000	1	0	1	1	0	1	     0	     0	     0			TraesCS5B03G0634900.1, TraesCS5D03G0584200.1
TraesCS5A03G0651300.1	TraesCS5A03G0651300.1	TraesCS5A03G0651300.1		144	false	false		TraesCS5A03G0651300.1		23.61	0.9972	0.9990	0.00000000000000	1	1	1	1	1	1	     0	     0	     0			
TraesCS5A03G0655200.1	TraesCS5A03G0655200.1	TraesCS5A03G0655200.1		223	false	false		TraesCS5A03G0655200.1		8.97	0.9972	0.9990	0.00000000000000	1	0	1	1	0	1	     0	     0	     0			TraesCS5B03G0688700.1, TraesCS5B03G0688700.2, TraesCS5D03G0624500.1, TraesCS5D03G0624500.2
TraesCS5A03G0690100.1	TraesCS5A03G0690100.1	TraesCS5A03G0690100.1		417	false	false		TraesCS5A03G0690100.1		4.56	0.9972	0.9990	0.00000000000000	1	0	1	2	0	2	     0	     0	     0			TraesCS5B03G0725200.1, TraesCS5D03G0657700.1, TraesCS5D03G0657700.2, TraesCS5D03G0657700.3
TraesCS5A03G0700000.1	TraesCS5A03G0700000.1	TraesCS5A03G0700000.1		226	false	false		TraesCS5A03G0700000.1		8.41	0.9972	0.9990	0.00000000000000	1	0	1	2	0	2	     0	     0	     0			TraesCS5B03G0735500.1, TraesCS5D03G0666500.2
TraesCS5A03G0797300.1	TraesCS5A03G0797300.1	TraesCS5A03G0797300.1		249	false	false		TraesCS5A03G0797300.1		10.04	0.9972	0.9990	0.00000000000000	1	0	1	3	0	3	     0	     0	     0			TraesCS5B03G0829400.1, TraesCS5D03G0753600LC.1
TraesCS5A03G0799900.1	TraesCS5A03G0799900.1	TraesCS5A03G0799900.1		443	false	false		TraesCS5A03G0799900.1		4.29	0.9972	0.9990	0.00000000000000	1	0	1	2	0	2	     0	     0	     0			TraesCS5B03G0832800.1, TraesCS5D03G0756700.1
TraesCS5A03G0802100.1	TraesCS5A03G0802100.1	TraesCS5A03G0802100.1		291	false	false		TraesCS5A03G0802100.1		6.19	0.9972	0.9990	0.00000000000000	1	0	1	2	0	2	     0	     0	     0	N-term(42.0106)		TraesCS5B03G0835100.1
TraesCS5A03G0864000.1	TraesCS5A03G0864000.1	TraesCS5A03G0864000.1		613	false	false		TraesCS5A03G0864000.1		2.77	0.9972	0.9990	0.00000000000000	1	0	1	2	0	2	     0	     0	     0			TraesCS5A03G0864000.2, TraesCS5B03G0908700.1, TraesCS5B03G0908700.2, TraesCS5D03G0828500.1, TraesCS7A03G0718300.1, TraesCS7A03G0718300.2, TraesCS7A03G0718300.3, TraesCS7A03G0718300.4, TraesCS7B03G0527100.1, TraesCS7B03G0527100.2, TraesCS7B03G0527100.3, TraesCS7D03G0693500.1
TraesCS5A03G0967100.1	TraesCS5A03G0967100.1	TraesCS5A03G0967100.1		451	false	false		TraesCS5A03G0967100.1		4.43	0.9972	0.9990	0.00000000000000	1	0	1	3	0	3	     0	     0	     0			TraesCS5B03G1017400.1, TraesCS5D03G0921200.1
TraesCS5A03G0967400.1	TraesCS5A03G0967400.1	TraesCS5A03G0967400.1		223	false	false		TraesCS5A03G0967400.1		10.31	0.9972	0.9990	0.00000000000000	1	0	1	1	0	1	     0	     0	     0			TraesCS5B03G1017700.1, TraesCS5B03G1017700.2, TraesCS5D03G0921600.1, TraesCS5D03G0921600.2
TraesCS5A03G0986900.1	TraesCS5A03G0986900.1	TraesCS5A03G0986900.1		145	false	false		TraesCS5A03G0986900.1		11.03	0.9972	0.9990	0.00000000000000	1	0	1	1	0	1	     0	     0	     0			TraesCS5B03G1032900LC.1, TraesCS5D03G0934700.1
TraesCS5A03G1000200LC.1	TraesCS5A03G1000200LC.1	TraesCS5A03G1000200LC.1		162	false	false		TraesCS5A03G1000200LC.1		17.28	0.9972	0.9990	0.00000000000000	1	0	1	2	0	2	     0	     0	     0			TraesCS5B03G1047200.1, TraesCS5D03G0947800.1
TraesCS5A03G1009900.1	TraesCS5A03G1009900.1	TraesCS5A03G1009900.1		480	false	false		TraesCS5A03G1009900.1		4.17	0.9972	0.9990	0.00000000000000	1	0	1	1	0	1	     0	     0	     0			TraesCS5B03G1056100.1, TraesCS5D03G0955500.1
TraesCS5A03G1011900.1	TraesCS5A03G1011900.1	TraesCS5A03G1011900.1		1377	false	false		TraesCS5A03G1011900.1		2.18	0.9972	0.9990	0.00000000000000	1	0	1	1	0	1	     0	     0	     0			TraesCS5B03G1057900.1, TraesCS5D03G0957200.1, TraesCS5D03G0957300.1
TraesCS5A03G1043000.1	TraesCS5A03G1043000.1	TraesCS5A03G1043000.1		638	false	false		TraesCS5A03G1043000.1		5.02	0.9972	0.9990	0.00000000000000	1	0	1	1	0	1	     0	     0	     0			TraesCS5A03G1043000.2
TraesCS5A03G1047100.1	TraesCS5A03G1047100.1	TraesCS5A03G1047100.1		290	false	false		TraesCS5A03G1047100.1		11.72	0.9972	0.9990	0.00000000000000	1	1	1	5	5	5	     0	     0	     0	N-term(42.0106)		
TraesCS5A03G1120900.1	TraesCS5A03G1120900.1	TraesCS5A03G1120900.1		229	false	false		TraesCS5A03G1120900.1		14.41	0.9972	0.9990	0.00000000000000	1	0	1	4	0	4	     0	     0	     0	N-term(42.0106)		TraesCS5B03G1189000.1, TraesCS5D03G1075000.1
TraesCS5A03G1123600.1	TraesCS5A03G1123600.1	TraesCS5A03G1123600.1		530	false	false		TraesCS5A03G1123600.1		3.02	0.9972	0.9990	0.00000000000000	1	1	1	1	1	1	     0	     0	     0			
TraesCS5B03G0090800.1	TraesCS5B03G0090800.1	TraesCS5B03G0090800.1		388	false	false		TraesCS5B03G0090800.1		5.41	0.9972	0.9990	0.00000000000000	1	1	1	2	2	2	     0	     0	     0			
TraesCS5B03G0233800.1	TraesCS5B03G0233800.1	TraesCS5B03G0233800.1		214	false	false		TraesCS5B03G0233800.1		9.35	0.9972	0.9990	0.00000000000000	1	1	1	2	2	2	     0	     0	     0			
TraesCS5B03G0363000.1	TraesCS5B03G0363000.1	TraesCS5B03G0363000.1		236	false	false		TraesCS5B03G0363000.1		9.32	0.9972	0.9990	0.00000000000000	1	0	1	1	0	1	     0	     0	     0	N-term(42.0106)		TraesCS5D03G0350000.1
TraesCS5B03G0429800.1	TraesCS5B03G0429800.1	TraesCS5B03G0429800.1		583	false	false		TraesCS5B03G0429800.1		4.97	0.9972	0.9990	0.00000000000000	1	1	1	1	1	1	     0	     0	     0			
TraesCS5B03G0449100.1	TraesCS5B03G0449100.1	TraesCS5B03G0449100.1		365	false	false		TraesCS5B03G0449100.1		4.93	0.9972	0.9990	0.00000000000000	1	0	1	1	0	1	     0	     0	     0			TraesCS5B03G0449100.2, TraesCS5D03G0421800.1
TraesCS5B03G0704500.1	TraesCS5B03G0704500.1	TraesCS5B03G0704500.1		568	false	false		TraesCS5B03G0704500.1		5.99	0.9972	0.9990	0.00000000000000	1	1	1	2	2	2	     0	     0	     0			
TraesCS5B03G0723200.1	TraesCS5B03G0723200.1	TraesCS5B03G0723200.1		152	false	false		TraesCS5B03G0723200.1		19.74	0.9972	0.9990	0.00000000000000	1	0	1	1	0	1	     0	     0	     0			TraesCS5D03G0655100.1
TraesCS5B03G1081400.1	TraesCS5B03G1081400.1	TraesCS5B03G1081400.1		334	false	false		TraesCS5B03G1081400.1		6.59	0.9972	0.9990	0.00000000000000	1	0	1	1	0	1	     0	     0	     0			TraesCS5B03G1081400.2, TraesCS5D03G0972600.1
TraesCS5B03G1102900.1	TraesCS5B03G1102900.1	TraesCS5B03G1102900.1		290	false	false		TraesCS5B03G1102900.1		12.76	0.9972	0.9990	0.00000000000000	1	1	1	6	6	6	     0	     0	     0	N-term(42.0106)		
TraesCS5B03G1275300.1	TraesCS5B03G1275300.1	TraesCS5B03G1275300.1		162	false	false		TraesCS5B03G1275300.1		19.75	0.9972	0.9990	0.00000000000000	1	1	1	1	1	1	     0	     0	     0	N-term(42.0106)		
TraesCS5B03G1291400.1	TraesCS5B03G1291400.1	TraesCS5B03G1291400.1		197	false	false		TraesCS5B03G1291400.1		16.24	0.9972	0.9990	0.00000000000000	1	0	1	1	0	1	     0	     0	     0			TraesCS5B03G1291400.2, TraesCS5D03G1158300.1
TraesCS5D03G0236700.1	TraesCS5D03G0236700.1	TraesCS5D03G0236700.1		220	false	false		TraesCS5D03G0236700.1		9.09	0.9972	0.9990	0.00000000000000	1	1	1	2	2	2	     0	     0	     0			
TraesCS5D03G0619500LC.1	TraesCS5D03G0619500LC.1	TraesCS5D03G0619500LC.1		159	false	false		TraesCS5D03G0619500LC.1		18.87	0.9972	0.9990	0.00000000000000	1	0	1	1	0	1	     0	     0	     0	N-term(42.0106)		TraesCS5D03G0619500LC.2
TraesCS5D03G0856300.1	TraesCS5D03G0856300.1	TraesCS5D03G0856300.1		465	false	false		TraesCS5D03G0856300.1		8.17	0.9972	0.9990	0.00000000000000	2	0	2	2	0	2	     0	     0	     0			TraesCS5D03G0856300.2
TraesCS5D03G0900800.1	TraesCS5D03G0900800.1	TraesCS5D03G0900800.1		968	false	false		TraesCS5D03G0900800.1		3.20	0.9972	0.9990	0.00000000000000	1	1	1	2	2	2	     0	     0	     0			
TraesCS5D03G0913500.1	TraesCS5D03G0913500.1	TraesCS5D03G0913500.1		266	false	false		TraesCS5D03G0913500.1		11.28	0.9972	0.9990	0.00000000000000	1	1	1	1	1	1	     0	     0	     0			
TraesCS5D03G0991900.1	TraesCS5D03G0991900.1	TraesCS5D03G0991900.1		284	false	false		TraesCS5D03G0991900.1		11.97	0.9972	0.9990	0.00000000000000	1	1	1	3	3	3	     0	     0	     0	N-term(42.0106)		
TraesCS5D03G1145100.1	TraesCS5D03G1145100.1	TraesCS5D03G1145100.1		166	false	false		TraesCS5D03G1145100.1		19.28	0.9972	0.9990	0.00000000000000	1	1	1	1	1	1	     0	     0	     0	N-term(42.0106)		
TraesCS6A03G0136500.1	TraesCS6A03G0136500.1	TraesCS6A03G0136500.1		597	false	false		TraesCS6A03G0136500.1		4.02	0.9972	0.9990	0.00000000000000	1	0	1	1	0	1	     0	     0	     0			TraesCS6A03G0136500.2, TraesCS6B03G0191900.1, TraesCS6B03G0191900.2, TraesCS6B03G0191900.3, TraesCS6D03G0127800.1
TraesCS6A03G0149000.1	TraesCS6A03G0149000.1	TraesCS6A03G0149000.1		230	false	false		TraesCS6A03G0149000.1		7.39	0.9972	0.9990	0.00000000000000	1	0	1	2	0	2	     0	     0	     0	N-term(42.0106)		TraesCS6B03G0211200.1
TraesCS6A03G0154200.1	TraesCS6A03G0154200.1	TraesCS6A03G0154200.1		171	false	false		TraesCS6A03G0154200.1		15.20	0.9972	0.9990	0.00000000000000	1	0	1	2	0	2	     0	     0	     0	5M(15.9949)		TraesCS6B03G0219500.1, TraesCS6D03G0139300.1
TraesCS6A03G0190500.1	TraesCS6A03G0190500.1	TraesCS6A03G0190500.1		252	false	false		TraesCS6A03G0190500.1		7.54	0.9972	0.9990	0.00000000000000	1	0	1	1	0	1	     0	     0	     0			TraesCS6D03G0162200.1
TraesCS6A03G0191900.1	TraesCS6A03G0191900.1	TraesCS6A03G0191900.1		256	false	false		TraesCS6A03G0191900.1		7.42	0.9972	0.9990	0.00000000000000	1	0	1	1	0	1	     0	     0	     0			TraesCS6B03G0290800.1
TraesCS6A03G0376800.2	TraesCS6A03G0376800.2	TraesCS6A03G0376800.2		526	false	false		TraesCS6A03G0376800.2		3.42	0.9972	0.9990	0.00000000000000	1	0	1	2	0	2	     0	     0	     0			TraesCS6A03G0376800.3, TraesCS6A03G0376800.4, TraesCS6B03G0466500.2, TraesCS6B03G0466500.3, TraesCS6D03G0324300.2, TraesCS6D03G0324300.3, TraesCS6D03G0324300.4
TraesCS6A03G0386400.1	TraesCS6A03G0386400.1	TraesCS6A03G0386400.1		427	false	false		TraesCS6A03G0386400.1		3.75	0.9972	0.9990	0.00000000000000	1	0	1	1	0	1	     0	     0	     0			TraesCS6B03G0495100.1, TraesCS6D03G0341100.1
TraesCS6A03G0392900.1	TraesCS6A03G0392900.1	TraesCS6A03G0392900.1		786	false	false		TraesCS6A03G0392900.1		1.53	0.9972	0.9990	0.00000000000000	1	0	1	1	0	1	     0	     0	     0			TraesCS6D03G0336500LC.1
TraesCS6A03G0407500.1	TraesCS6A03G0407500.1	TraesCS6A03G0407500.1		901	false	false		TraesCS6A03G0407500.1		2.00	0.9972	0.9990	0.00000000000000	1	0	1	2	0	2	     0	     0	     0			TraesCS6B03G0497600.1, TraesCS6D03G0343800.1
TraesCS6A03G0441600.1	TraesCS6A03G0441600.1	TraesCS6A03G0441600.1		418	false	false		TraesCS6A03G0441600.1		5.02	0.9972	0.9990	0.00000000000000	1	0	1	1	0	1	     0	     0	     0	N-term(42.0106)		TraesCS6B03G0541700.1, TraesCS6D03G0373400.1
TraesCS6A03G0444900.1	TraesCS6A03G0444900.1	TraesCS6A03G0444900.1		914	false	false		TraesCS6A03G0444900.1		3.72	0.9972	0.9990	0.00000000000000	1	0	1	1	0	1	     0	     0	     0			TraesCS6A03G0444900.2, TraesCS6A03G0444900.3, TraesCS6B03G0540100.1, TraesCS6B03G0540100.2, TraesCS6B03G0540100.3, TraesCS6B03G0540100.4, TraesCS6D03G0370700.1, TraesCS6D03G0370700.2, TraesCS6D03G0370700.3
TraesCS6A03G0483900.1	TraesCS6A03G0483900.1	TraesCS6A03G0483900.1		671	false	false		TraesCS6A03G0483900.1		3.43	0.9972	0.9990	0.00000000000000	1	0	1	1	0	1	     0	     0	     0			TraesCS6A03G0483900.2, TraesCS6A03G0483900.3
TraesCS6A03G0515400.1	TraesCS6A03G0515400.1	TraesCS6A03G0515400.1		346	false	false		TraesCS6A03G0515400.1		5.78	0.9972	0.9990	0.00000000000000	1	0	1	1	0	1	     0	     0	     0			TraesCS6B03G0654400.1, TraesCS6B03G0654400.2, TraesCS6D03G0434500.1
TraesCS6A03G0522700.1	TraesCS6A03G0522700.1	TraesCS6A03G0522700.1		396	false	false		TraesCS6A03G0522700.1		6.06	0.9972	0.9990	0.00000000000000	1	0	1	3	0	3	     0	     0	     0			TraesCS6B03G0677700.1, TraesCS6D03G0442200.1
TraesCS6A03G0565200.1	TraesCS6A03G0565200.1	TraesCS6A03G0565200.1		210	false	false		TraesCS6A03G0565200.1		16.67	0.9972	0.9990	0.00000000000000	1	0	1	2	0	2	     0	     0	     0			TraesCS6B03G0652000.2, TraesCS6D03G0467100.1
TraesCS6A03G0571600.1	TraesCS6A03G0571600.1	TraesCS6A03G0571600.1		564	false	false		TraesCS6A03G0571600.1		3.55	0.9972	0.9990	0.00000000000000	1	0	1	2	0	2	     0	     0	     0			TraesCS6B03G0686600.1, TraesCS6D03G0476300.1
TraesCS6A03G0582200.1	TraesCS6A03G0582200.1	TraesCS6A03G0582200.1		517	false	false		TraesCS6A03G0582200.1		3.29	0.9972	0.9990	0.00000000000000	1	0	1	1	0	1	     0	     0	     0			TraesCS6B03G0714100.1, TraesCS6B03G0714100.2, TraesCS6D03G0484900.1
TraesCS6A03G0592300.1	TraesCS6A03G0592300.1	TraesCS6A03G0592300.1		325	false	false		TraesCS6A03G0592300.1		12.00	0.9972	0.9990	0.00000000000000	1	0	1	1	0	1	     0	     0	     0			TraesCS6D03G0491000.1, TraesCS7A03G0900900.1, TraesCS7B03G0712900.1, TraesCS7D03G0837000.1, TraesCS7D03G0837000.2
TraesCS6A03G0622000.1	TraesCS6A03G0622000.1	TraesCS6A03G0622000.1		422	false	false		TraesCS6A03G0622000.1		4.27	0.9972	0.9990	0.00000000000000	1	0	1	3	0	3	     0	     0	     0	4M(15.9949)		TraesCS6B03G0751900.1, TraesCS6D03G0519000.1, TraesCS6D03G0519000.2
TraesCS6A03G0634900.1	TraesCS6A03G0634900.1	TraesCS6A03G0634900.1		278	false	false		TraesCS6A03G0634900.1		7.19	0.9972	0.9990	0.00000000000000	1	0	1	2	0	2	     0	     0	     0			TraesCS6B03G0738800.1, TraesCS6D03G0508900.1
TraesCS6A03G0639300.1	TraesCS6A03G0639300.1	TraesCS6A03G0639300.1		442	false	false		TraesCS6A03G0639300.1		3.85	0.9972	0.9990	0.00000000000000	1	0	1	2	0	2	     0	     0	     0			TraesCS6B03G0733100.1, TraesCS6D03G0506000.1
TraesCS6A03G0664500.1	TraesCS6A03G0664500.1	TraesCS6A03G0664500.1		248	false	false		TraesCS6A03G0664500.1		8.06	0.9972	0.9990	0.00000000000000	1	0	1	2	0	2	     0	     0	     0			TraesCS6B03G0812300.1, TraesCS6D03G0553100.1
TraesCS6A03G0669600.1	TraesCS6A03G0669600.1	TraesCS6A03G0669600.1		1275	false	false		TraesCS6A03G0669600.1		2.35	0.9972	0.9990	0.00000000000000	1	0	1	2	0	2	     0	     0	     0			TraesCS6A03G0669600.2, TraesCS6B03G0805900.1, TraesCS6D03G0559800.1, TraesCS6D03G0559800.2, TraesCS6D03G0559800.3, TraesCS6D03G0559800.4, TraesCS6D03G0559800.5
TraesCS6A03G0670700.1	TraesCS6A03G0670700.1	TraesCS6A03G0670700.1		346	false	false		TraesCS6A03G0670700.1		10.12	0.9972	0.9990	0.00000000000000	1	0	1	1	0	1	     0	     0	     0			TraesCS6B03G0805300.1, TraesCS6D03G0560800.1
TraesCS6A03G0684600.1	TraesCS6A03G0684600.1	TraesCS6A03G0684600.1		268	false	false		TraesCS6A03G0684600.1		7.09	0.9972	0.9990	0.00000000000000	1	0	1	3	0	3	     0	     0	     0			TraesCS6B03G0794800.1, TraesCS6D03G0573700.1
TraesCS6A03G0726500.1	TraesCS6A03G0726500.1	TraesCS6A03G0726500.1		371	false	false		TraesCS6A03G0726500.1		6.20	0.9972	0.9990	0.00000000000000	1	0	1	2	0	2	     0	     0	     0			TraesCS6B03G0861800.1, TraesCS6B03G0861800.2, TraesCS6D03G0609800.1, TraesCS6D03G0609800.2
TraesCS6A03G0730700.1	TraesCS6A03G0730700.1	TraesCS6A03G0730700.1		709	false	false		TraesCS6A03G0730700.1		1.97	0.9972	0.9990	0.00000000000000	1	0	1	1	0	1	     0	     0	     0			TraesCS6B03G0865900.1, TraesCS6D03G0614200.1
TraesCS6A03G0743000.1	TraesCS6A03G0743000.1	TraesCS6A03G0743000.1		520	false	false		TraesCS6A03G0743000.1		7.31	0.9972	0.9990	0.00000000000000	1	0	1	3	0	3	     0	     0	     0			TraesCS6A03G0743000.3, TraesCS6A03G0743000.4, TraesCS6B03G0880900.1, TraesCS6D03G0625200.1
TraesCS6A03G0762600.1	TraesCS6A03G0762600.1	TraesCS6A03G0762600.1		647	false	false		TraesCS6A03G0762600.1		2.63	0.9972	0.9990	0.00000000000000	1	0	1	1	0	1	     0	     0	     0			TraesCS6B03G0908400.1, TraesCS6D03G0645700.1
TraesCS6A03G0834500.1	TraesCS6A03G0834500.1	TraesCS6A03G0834500.1		182	false	false		TraesCS6A03G0834500.1		8.24	0.9972	0.9990	0.00000000000000	1	0	1	1	0	1	     0	     0	     0			TraesCS6D03G0709300.1
TraesCS6A03G0852700.1	TraesCS6A03G0852700.1	TraesCS6A03G0852700.1		287	false	false		TraesCS6A03G0852700.1		5.92	0.9972	0.9990	0.00000000000000	1	0	1	1	0	1	     0	     0	     0			TraesCS6B03G1018100.1, TraesCS6D03G0721000.1
TraesCS6A03G0874200.1	TraesCS6A03G0874200.1	TraesCS6A03G0874200.1		780	false	false		TraesCS6A03G0874200.1		3.33	0.9972	0.9990	0.00000000000000	1	1	1	1	1	1	     0	     0	     0			
TraesCS6A03G0874500.1	TraesCS6A03G0874500.1	TraesCS6A03G0874500.1		783	false	false		TraesCS6A03G0874500.1		4.34	0.9972	0.9990	0.00000000000000	1	0	1	1	0	1	     0	     0	     0			TraesCS6B03G1046800.1
TraesCS6A03G0910800.1	TraesCS6A03G0910800.1	TraesCS6A03G0910800.1		102	false	false		TraesCS6A03G0910800.1		25.49	0.9972	0.9990	0.00000000000000	1	0	1	2	0	2	     0	     0	     0			TraesCS6B03G1095600.1, TraesCS6D03G0782200.1
TraesCS6A03G0973200.1	TraesCS6A03G0973200.1	TraesCS6A03G0973200.1		152	false	false		TraesCS6A03G0973200.1		14.47	0.9972	0.9990	0.00000000000000	1	0	1	2	0	2	     0	     0	     0			TraesCS6B03G1190600.1, TraesCS6D03G0854300.1
TraesCS6A03G1002400.1	TraesCS6A03G1002400.1	TraesCS6A03G1002400.1		1019	false	false		TraesCS6A03G1002400.1		2.75	0.9972	0.9990	0.00000000000000	1	0	1	1	0	1	     0	     0	     0			TraesCS6B03G1229400.1, TraesCS6D03G0883500.1, TraesCS6D03G0883500.2
TraesCS6B03G0270100.1	TraesCS6B03G0270100.1	TraesCS6B03G0270100.1		545	false	false		TraesCS6B03G0270100.1		6.06	0.9972	0.9990	0.00000000000000	1	1	1	1	1	1	     0	     0	     0			
TraesCS6B03G0274600.1	TraesCS6B03G0274600.1	TraesCS6B03G0274600.1		256	false	false		TraesCS6B03G0274600.1		7.42	0.9972	0.9990	0.00000000000000	1	1	1	1	1	1	     0	     0	     0			
TraesCS6B03G0474700.1	TraesCS6B03G0474700.1	TraesCS6B03G0474700.1		357	false	false		TraesCS6B03G0474700.1		10.36	0.9972	0.9990	0.00000000000000	1	0	1	1	0	1	     0	     0	     0			TraesCS6D03G0329200.1, TraesCS6D03G0329200.2
TraesCS6B03G0735200.1	TraesCS6B03G0735200.1	TraesCS6B03G0735200.1		826	false	false		TraesCS6B03G0735200.1		2.30	0.9972	0.9990	0.00000000000000	1	0	1	2	0	2	     0	     0	     0	N-term(42.0106)		TraesCS6D03G0508400.1
TraesCS6B03G0887400.1	TraesCS6B03G0887400.1	TraesCS6B03G0887400.1		359	false	false		TraesCS6B03G0887400.1		8.08	0.9972	0.9990	0.00000000000000	1	0	1	1	0	1	     0	     0	     0	N-term(42.0106)		TraesCS6D03G0630100.1
TraesCS6B03G1046500.1	TraesCS6B03G1046500.1	TraesCS6B03G1046500.1		829	false	false		TraesCS6B03G1046500.1		3.26	0.9972	0.9990	0.00000000000000	1	0	1	1	0	1	     0	     0	     0			TraesCS6D03G0744400.1, TraesCS6D03G0744400.2
TraesCS6B03G1056600.1	TraesCS6B03G1056600.1	TraesCS6B03G1056600.1		178	false	false		TraesCS6B03G1056600.1		11.80	0.9972	0.9990	0.00000000000000	1	0	1	1	0	1	     0	     0	     0	N-term(42.0106)		TraesCS6D03G0752200.1
TraesCS6B03G1155700LC.1	TraesCS6B03G1155700LC.1	TraesCS6B03G1155700LC.1		174	false	false		TraesCS6B03G1155700LC.1		12.07	0.9972	0.9990	0.00000000000000	1	0	1	2	0	2	     0	     0	     0			
TraesCS6D03G0170600.1	TraesCS6D03G0170600.1	TraesCS6D03G0170600.1		238	false	false		TraesCS6D03G0170600.1		7.98	0.9972	0.9990	0.00000000000000	1	1	1	2	2	2	     0	     0	     0			
TraesCS6D03G0693400.1	TraesCS6D03G0693400.1	TraesCS6D03G0693400.1		191	false	false		TraesCS6D03G0693400.1		20.94	0.9972	0.9990	0.00000000000000	1	1	1	1	1	1	     0	     0	     0			
TraesCS7A03G0261600.1	TraesCS7A03G0261600.1	TraesCS7A03G0261600.1		279	false	false		TraesCS7A03G0261600.1		11.83	0.9972	0.9990	0.00000000000000	1	0	1	1	0	1	     0	     0	     0			TraesCS7B03G0019300.1, TraesCS7D03G0240000.1
TraesCS7A03G0375000.1	TraesCS7A03G0375000.1	TraesCS7A03G0375000.1		808	false	false		TraesCS7A03G0375000.1		2.10	0.9972	0.9990	0.00000000000000	1	0	1	2	0	2	     0	     0	     0			TraesCS7D03G0358200.2, TraesCS7D03G0358200.3
TraesCS7A03G0379600.1	TraesCS7A03G0379600.1	TraesCS7A03G0379600.1		459	false	false		TraesCS7A03G0379600.1		6.10	0.9972	0.9990	0.00000000000000	1	0	1	1	0	1	     0	     0	     0			TraesCS7B03G0178200.1, TraesCS7D03G0364500.1
TraesCS7A03G0380500.1	TraesCS7A03G0380500.1	TraesCS7A03G0380500.1		247	false	false		TraesCS7A03G0380500.1		14.98	0.9972	0.9990	0.00000000000000	1	0	1	2	0	2	     0	     0	     0			TraesCS7A03G0380500.2
TraesCS7A03G0483300.1	TraesCS7A03G0483300.1	TraesCS7A03G0483300.1		158	false	false		TraesCS7A03G0483300.1		11.39	0.9972	0.9990	0.00000000000000	1	0	1	1	0	1	     0	     0	     0			TraesCS7A03G0483300.2, TraesCS7B03G0298500.1, TraesCS7B03G0298500.2, TraesCS7D03G0467800.1, TraesCS7D03G0467800.2
TraesCS7A03G0490700.1	TraesCS7A03G0490700.1	TraesCS7A03G0490700.1		549	false	false		TraesCS7A03G0490700.1		9.11	0.9972	0.9990	0.00000000000000	1	0	1	7	0	7	     0	     0	     0			TraesCS7B03G0303900.1, TraesCS7B03G0303900.2, TraesCS7D03G0473300.1
TraesCS7A03G0501000.1	TraesCS7A03G0501000.1	TraesCS7A03G0501000.1		1617	false	false		TraesCS7A03G0501000.1		1.05	0.9972	0.9990	0.00000000000000	1	0	1	1	0	1	     0	     0	     0			TraesCS7A03G0501000.2, TraesCS7A03G0501000.3, TraesCS7A03G0501000.4, TraesCS7A03G0501000.5, TraesCS7B03G0317600.1, TraesCS7B03G0317600.2, TraesCS7B03G0317600.3, TraesCS7B03G0317600.4, TraesCS7B03G0317600.5, TraesCS7B03G0317600.6, TraesCS7D03G0483800.1, TraesCS7D03G0483800.2, TraesCS7D03G0483800.3, TraesCS7D03G0483800.4, TraesCS7D03G0483800.5, TraesCS7D03G0483800.6, TraesCS7D03G0483800.7
TraesCS7A03G0524700.1	TraesCS7A03G0524700.1	TraesCS7A03G0524700.1		266	false	false		TraesCS7A03G0524700.1		7.52	0.9972	0.9990	0.00000000000000	1	0	1	1	0	1	     0	     0	     0			TraesCS7D03G0508900.1
TraesCS7A03G0528000.1	TraesCS7A03G0528000.1	TraesCS7A03G0528000.1		247	false	false		TraesCS7A03G0528000.1		11.34	0.9972	0.9990	0.00000000000000	1	0	1	3	0	3	     0	     0	     0			TraesCS7B03G0342700.1, TraesCS7D03G0505500.1
TraesCS7A03G0603900.1	TraesCS7A03G0603900.1	TraesCS7A03G0603900.1		457	false	false		TraesCS7A03G0603900.1		5.91	0.9972	0.9990	0.00000000000000	1	0	1	2	0	2	     0	     0	     0			TraesCS7A03G0603900.2, TraesCS7B03G0432500.1, TraesCS7D03G0590800.1, TraesCS7D03G0590800.2
TraesCS7A03G0660000.1	TraesCS7A03G0660000.1	TraesCS7A03G0660000.1		435	false	false		TraesCS7A03G0660000.1		9.20	0.9972	0.9990	0.00000000000000	1	0	1	1	0	1	     0	     0	     0	N-term(42.0106)		TraesCS7B03G0492900.1, TraesCS7B03G0492900.2
TraesCS7A03G0701100.1	TraesCS7A03G0701100.1	TraesCS7A03G0701100.1		262	false	false		TraesCS7A03G0701100.1		12.21	0.9972	0.9990	0.00000000000000	1	0	1	2	0	2	     0	     0	     0			TraesCS7B03G0509300.1
TraesCS7A03G0720300.1	TraesCS7A03G0720300.1	TraesCS7A03G0720300.1		259	false	false		TraesCS7A03G0720300.1		10.04	0.9972	0.9990	0.00000000000000	1	0	1	2	0	2	     0	     0	     0			TraesCS7B03G0543200.1, TraesCS7B03G0543200.2, TraesCS7D03G0696600.1
TraesCS7A03G0786700.1	TraesCS7A03G0786700.1	TraesCS7A03G0786700.1		179	false	false		TraesCS7A03G0786700.1		11.73	0.9972	0.9990	0.00000000000000	1	0	1	2	0	2	     0	     0	     0			TraesCS7B03G0624700.1, TraesCS7D03G0752300.1
TraesCS7A03G0791500.1	TraesCS7A03G0791500.1	TraesCS7A03G0791500.1		686	false	false		TraesCS7A03G0791500.1		2.62	0.9972	0.9990	0.00000000000000	1	1	1	1	1	1	     0	     0	     0			
TraesCS7A03G0799100.1	TraesCS7A03G0799100.1	TraesCS7A03G0799100.1		189	false	false		TraesCS7A03G0799100.1		10.58	0.9972	0.9990	0.00000000000000	1	0	1	2	0	2	     0	     0	     0			TraesCS7B03G0636800.1, TraesCS7D03G0761800.1
TraesCS7A03G0841600.1	TraesCS7A03G0841600.1	TraesCS7A03G0841600.1		260	false	false		TraesCS7A03G0841600.1		7.69	0.9972	0.9990	0.00000000000000	1	0	1	3	0	3	     0	     0	     0			TraesCS7B03G0671300.1
TraesCS7A03G0862400.1	TraesCS7A03G0862400.1	TraesCS7A03G0862400.1		328	false	false		TraesCS7A03G0862400.1		8.23	0.9972	0.9990	0.00000000000000	1	0	1	1	0	1	     0	     0	     0			TraesCS7A03G0862400.2, TraesCS7A03G0862400.3
TraesCS7A03G0941400.1	TraesCS7A03G0941400.1	TraesCS7A03G0941400.1		213	false	false		TraesCS7A03G0941400.1		14.55	0.9972	0.9990	0.00000000000000	1	0	1	2	0	2	     0	     0	     0			TraesCS7D03G0906300.1
TraesCS7A03G0949600.1	TraesCS7A03G0949600.1	TraesCS7A03G0949600.1		487	false	false		TraesCS7A03G0949600.1		3.70	0.9972	0.9990	0.00000000000000	1	0	1	2	0	2	     0	     0	     0			TraesCS7A03G0949600.2, TraesCS7B03G0794000.1, TraesCS7B03G0794000.2, TraesCS7D03G0914900.1, TraesCS7D03G0914900.2, TraesCS7D03G0914900.3
TraesCS7A03G0999600.1	TraesCS7A03G0999600.1	TraesCS7A03G0999600.1		390	false	false		TraesCS7A03G0999600.1		11.54	0.9972	0.9990	0.00000000000000	1	0	1	1	0	1	     0	     0	     0			TraesCS7D03G0955500.1
TraesCS7A03G1001800.1	TraesCS7A03G1001800.1	TraesCS7A03G1001800.1		234	false	false		TraesCS7A03G1001800.1		8.12	0.9972	0.9990	0.00000000000000	1	1	1	1	1	1	     0	     0	     0			
TraesCS7A03G1203400.1	TraesCS7A03G1203400.1	TraesCS7A03G1203400.1		612	false	false		TraesCS7A03G1203400.1		3.43	0.9972	0.9990	0.00000000000000	1	0	1	1	0	1	     0	     0	     0			TraesCS7D03G1144000.1
TraesCS7A03G1305400.1	TraesCS7A03G1305400.1	TraesCS7A03G1305400.1		326	false	false		TraesCS7A03G1305400.1		9.20	0.9972	0.9990	0.00000000000000	1	0	1	1	0	1	     0	     0	     0			TraesCS7B03G1226700.1
TraesCS7B03G0015200.1	TraesCS7B03G0015200.1	TraesCS7B03G0015200.1		196	false	false		TraesCS7B03G0015200.1		15.31	0.9972	0.9990	0.00000000000000	1	0	1	1	0	1	     0	     0	     0			TraesCS7D03G0237300.1
TraesCS7B03G0179500.1	TraesCS7B03G0179500.1	TraesCS7B03G0179500.1		247	false	false		TraesCS7B03G0179500.1		14.98	0.9972	0.9990	0.00000000000000	1	0	1	1	0	1	     0	     0	     0			TraesCS7B03G0179500.2, TraesCS7D03G0366000.1, TraesCS7D03G0366000.2
TraesCS7B03G0297800.1	TraesCS7B03G0297800.1	TraesCS7B03G0297800.1		407	false	false		TraesCS7B03G0297800.1		4.91	0.9972	0.9990	0.00000000000000	1	0	1	2	0	2	     0	     0	     0			TraesCS7B03G0297800.2
TraesCS7B03G0515200.1	TraesCS7B03G0515200.1	TraesCS7B03G0515200.1		229	false	false		TraesCS7B03G0515200.1		10.92	0.9972	0.9990	0.00000000000000	1	1	1	2	2	2	     0	     0	     0			
TraesCS7B03G0662400.1	TraesCS7B03G0662400.1	TraesCS7B03G0662400.1		157	false	false		TraesCS7B03G0662400.1		17.20	0.9972	0.9990	0.00000000000000	2	1	2	4	3	4	     0	     0	     0			
TraesCS7B03G1176800.1	TraesCS7B03G1176800.1	TraesCS7B03G1176800.1		776	false	false		TraesCS7B03G1176800.1		4.90	0.9972	0.9990	0.00000000000000	1	1	1	1	1	1	     0	     0	     0			
TraesCS7D03G0036600.1	TraesCS7D03G0036600.1	TraesCS7D03G0036600.1		362	false	false		TraesCS7D03G0036600.1		10.50	0.9972	0.9990	0.00000000000000	1	1	1	2	2	2	     0	     0	     0			
TraesCS7D03G0428400.1	TraesCS7D03G0428400.1	TraesCS7D03G0428400.1		378	false	false		TraesCS7D03G0428400.1		12.43	0.9972	0.9990	0.00000000000000	1	1	1	2	2	2	     0	     0	     0			
TraesCS7D03G0633500.1	TraesCS7D03G0633500.1	TraesCS7D03G0633500.1		440	false	false		TraesCS7D03G0633500.1		9.32	0.9972	0.9990	0.00000000000000	1	0	1	1	0	1	     0	     0	     0	N-term(42.0106)		TraesCS7D03G0633500.2
TraesCS7D03G0789900.1	TraesCS7D03G0789900.1	TraesCS7D03G0789900.1		157	false	false		TraesCS7D03G0789900.1		17.20	0.9972	0.9990	0.00000000000000	2	1	1	4	3	3	     0	     0	     0			
TraesCS7D03G1268500.1	TraesCS7D03G1268500.1	TraesCS7D03G1268500.1		135	false	false		TraesCS7D03G1268500.1		28.89	0.9972	0.9990	0.00000000000000	1	0	1	2	0	2	     0	     0	     0			TraesCS7D03G1268500.2, TraesCS7D03G1268500.3
TraesCS7A03G0905100.1	TraesCS7A03G0905100.1	TraesCS7A03G0905100.1		434	false	false		TraesCS7A03G0905100.1		5.99	0.9970	0.9976	0.00110987791343	1	0	1	2	0	2	     0	     0	     0			TraesCS7B03G0708100.1, TraesCS7D03G0830300.1
TraesCS1A03G0076000.1	TraesCS1A03G0076000.1	TraesCS1A03G0076000.1		144	false	false		TraesCS1A03G0076000.1		15.28	0.9969	0.9989	0.00000000000000	1	0	1	1	0	1	     0	     0	     0			TraesCS1B03G0086900.1
TraesCS1A03G0076400.1	TraesCS1A03G0076400.1	TraesCS1A03G0076400.1		144	false	false		TraesCS1A03G0076400.1		15.28	0.9969	0.9989	0.00000000000000	1	0	1	2	0	2	     0	     0	     0			TraesCS1D03G0066300.1, TraesCS1D03G0066300.2
TraesCS1A03G0839100.1	TraesCS1A03G0839100.1	TraesCS1A03G0839100.1		747	false	false		TraesCS1A03G0839100.1		2.54	0.9969	0.9989	0.00000000000000	1	0	1	1	0	1	     0	     0	     0			TraesCS1B03G0962600.2, TraesCS1D03G0808100.2
TraesCS1D03G0874000.1	TraesCS1D03G0874000.1	TraesCS1D03G0874000.1		154	false	false		TraesCS1D03G0874000.1		25.32	0.9969	0.9989	0.00000000000000	1	1	1	7	7	7	     0	     0	     0			
TraesCS2A03G0355700.1	TraesCS2A03G0355700.1	TraesCS2A03G0355700.1		145	false	false		TraesCS2A03G0355700.1		14.48	0.9969	0.9989	0.00000000000000	1	0	1	2	0	2	     0	     0	     0			TraesCS2B03G0475000.1, TraesCS2D03G0372200.1
TraesCS2A03G0424400.1	TraesCS2A03G0424400.1	TraesCS2A03G0424400.1		1676	false	false		TraesCS2A03G0424400.1		1.31	0.9969	0.9989	0.00000000000000	1	0	1	1	0	1	     0	     0	     0			TraesCS2B03G0553200.1, TraesCS2B03G0553200.2, TraesCS2D03G0445500.1, TraesCS2D03G0445500.2
TraesCS2A03G0441800LC.1	TraesCS2A03G0441800LC.1	TraesCS2A03G0441800LC.1		719	false	false		TraesCS2A03G0441800LC.1		0.97	0.9969	0.9989	0.00000000000000	1	1	1	1	1	1	     0	     0	     0			
TraesCS2A03G0680800.1	TraesCS2A03G0680800.1	TraesCS2A03G0680800.1		384	false	false		TraesCS2A03G0680800.1		8.07	0.9969	0.9989	0.00000000000000	1	0	1	2	0	2	     0	     0	     0			TraesCS2A03G0680800.2, TraesCS2B03G0760300.1
TraesCS2A03G0726400.1	TraesCS2A03G0726400.1	TraesCS2A03G0726400.1		310	false	false		TraesCS2A03G0726400.1		4.84	0.9969	0.9989	0.00000000000000	1	0	1	2	0	2	     0	     0	     0			TraesCS2B03G0802000.1, TraesCS2D03G0668700.1
TraesCS2A03G0876000.1	TraesCS2A03G0876000.1	TraesCS2A03G0876000.1		665	false	false		TraesCS2A03G0876000.1		2.56	0.9969	0.9989	0.00000000000000	1	0	1	1	0	1	     0	     0	     0			TraesCS2B03G0970900.1, TraesCS2D03G0820300.1
TraesCS2A03G1191100.1	TraesCS2A03G1191100.1	TraesCS2A03G1191100.1		461	false	false		TraesCS2A03G1191100.1		3.04	0.9969	0.9989	0.00000000000000	1	0	1	2	0	2	     0	     0	     0			TraesCS2B03G1355200.1, TraesCS2B03G1355200.2, TraesCS2D03G1146600.1
TraesCS2B03G0505200.1	TraesCS2B03G0505200.1	TraesCS2B03G0505200.1		452	false	false		TraesCS2B03G0505200.1		2.43	0.9969	0.9989	0.00000000000000	1	0	1	1	0	1	     0	     0	     0			TraesCS2D03G0397000.1, TraesCS4D03G0111000LC.1, TraesCS4D03G0569900LC.1, TraesCS7A03G0255700.1, TraesCS7D03G0234600.1
TraesCS2B03G1233400.1	TraesCS2B03G1233400.1	TraesCS2B03G1233400.1		550	false	false		TraesCS2B03G1233400.1		2.55	0.9969	0.9989	0.00000000000000	1	0	1	1	0	1	     0	     0	     0			TraesCS2B03G1233400.3, TraesCS2D03G1042000.1, TraesCS2D03G1042000.2
TraesCS2D03G0147200.1	TraesCS2D03G0147200.1	TraesCS2D03G0147200.1		533	false	false		TraesCS2D03G0147200.1		7.13	0.9969	0.9989	0.00000000000000	1	0	1	1	0	1	     0	     0	     0			TraesCS2D03G0147200.2
TraesCS2D03G0839400.1	TraesCS2D03G0839400.1	TraesCS2D03G0839400.1		211	false	false		TraesCS2D03G0839400.1		18.48	0.9969	0.9989	0.00000000000000	1	0	1	1	0	1	     0	     0	     0	N-term(42.0106)		TraesCS2D03G0839400.2
TraesCS3A03G0716500.1	TraesCS3A03G0716500.1	TraesCS3A03G0716500.1		381	false	false		TraesCS3A03G0716500.1		6.04	0.9969	0.9989	0.00000000000000	1	0	1	1	0	1	     0	     0	     0			TraesCS3B03G0822200.1, TraesCS3B03G0822200.2, TraesCS3D03G0658900.1
TraesCS4A03G0123600.1	TraesCS4A03G0123600.1	TraesCS4A03G0123600.1		362	false	false		TraesCS4A03G0123600.1		8.29	0.9969	0.9989	0.00000000000000	1	0	1	1	0	1	     0	     0	     0	N-term(42.0106)		TraesCS4D03G0576400.1, TraesCS4D03G0596800.1
TraesCS4A03G0682700.1	TraesCS4A03G0682700.1	TraesCS4A03G0682700.1		2621	false	false		TraesCS4A03G0682700.1		1.72	0.9969	0.9989	0.00000000000000	1	0	1	1	0	1	     0	     0	     0			TraesCS4B03G0113600.1, TraesCS4D03G0096500.1
TraesCS4B03G0202400.1	TraesCS4B03G0202400.1	TraesCS4B03G0202400.1		276	false	false		TraesCS4B03G0202400.1		11.59	0.9969	0.9989	0.00000000000000	1	0	1	3	0	3	     0	     0	     0			TraesCS4D03G0169200.1
TraesCS4B03G0956100.1	TraesCS4B03G0956100.1	TraesCS4B03G0956100.1		387	false	false		TraesCS4B03G0956100.1		6.72	0.9969	0.9989	0.00000000000000	1	0	1	1	0	1	     0	     0	     0			TraesCS5A03G1267700.1
TraesCS5A03G0449000.1	TraesCS5A03G0449000.1	TraesCS5A03G0449000.1		358	false	false		TraesCS5A03G0449000.1		6.70	0.9969	0.9989	0.00000000000000	1	0	1	1	0	1	     0	     0	     0			TraesCS5D03G0415200.1, TraesCS5D03G0415200.2
TraesCS5A03G0453500.1	TraesCS5A03G0453500.1	TraesCS5A03G0453500.1		558	false	false		TraesCS5A03G0453500.1		3.41	0.9969	0.9989	0.00000000000000	1	0	1	1	0	1	     0	     0	     0			TraesCS5A03G0453500.2, TraesCS5A03G0453500.3, TraesCS5A03G0453500.4, TraesCS5A03G0453500.5, TraesCS5B03G0447300.1, TraesCS5B03G0447300.2, TraesCS5B03G0447300.3, TraesCS5B03G0447300.4, TraesCS5D03G0419300.1, TraesCS5D03G0419300.2, TraesCS5D03G0419300.3, TraesCS5D03G0419300.4, TraesCS5D03G0419300.5, TraesCS5D03G0419300.6
TraesCS5A03G1032000.1	TraesCS5A03G1032000.1	TraesCS5A03G1032000.1		332	false	false		TraesCS5A03G1032000.1		6.63	0.9969	0.9989	0.00000000000000	1	1	1	1	1	1	     0	     0	     0			
TraesCS5A03G1045300.1	TraesCS5A03G1045300.1	TraesCS5A03G1045300.1		153	false	false		TraesCS5A03G1045300.1		9.80	0.9969	0.9989	0.00000000000000	1	0	1	3	0	3	     0	     0	     0	N-term(42.0106)		TraesCS5B03G1099800.1, TraesCS5D03G0989800.1, TraesCS5D03G0989800.2
TraesCS5B03G0992900.1	TraesCS5B03G0992900.1	TraesCS5B03G0992900.1		968	false	false		TraesCS5B03G0992900.1		3.20	0.9969	0.9989	0.00000000000000	1	0	1	1	0	1	     0	     0	     0			TraesCS5B03G0992900.2
TraesCS5D03G0190800LC.1	TraesCS5D03G0190800LC.1	TraesCS5D03G0190800LC.1		198	false	false		TraesCS5D03G0190800LC.1		6.57	0.9969	0.9989	0.00000000000000	1	1	1	1	1	1	     0	     0	     0			
TraesCS6A03G0325400.1	TraesCS6A03G0325400.1	TraesCS6A03G0325400.1		150	false	false		TraesCS6A03G0325400.1		14.00	0.9969	0.9989	0.00000000000000	1	0	1	1	0	1	     0	     0	     0	12M(15.9949)		TraesCS6B03G0419900.1, TraesCS6D03G0280100.1, TraesCS7A03G1103900LC.1, TraesCS7B03G0953700.1
TraesCS6A03G0552300.1	TraesCS6A03G0552300.1	TraesCS6A03G0552300.1		119	false	false		TraesCS6A03G0552300.1		6.72	0.9969	0.9989	0.00000000000000	1	1	1	1	1	1	     0	     0	     0	1M(15.9949), 4C(57.0214)		
TraesCS6A03G0639800.1	TraesCS6A03G0639800.1	TraesCS6A03G0639800.1		340	false	false		TraesCS6A03G0639800.1		5.88	0.9969	0.9989	0.00000000000000	1	0	1	1	0	1	     0	     0	     0			TraesCS6A03G0639800.2, TraesCS6B03G0765500.1, TraesCS6B03G0765500.2
TraesCS6A03G0854900.1	TraesCS6A03G0854900.1	TraesCS6A03G0854900.1		378	false	false		TraesCS6A03G0854900.1		5.82	0.9969	0.9989	0.00000000000000	1	0	1	2	0	2	     0	     0	     0			TraesCS6B03G1022200.1, TraesCS6D03G0724000.1
TraesCS6A03G0860200.1	TraesCS6A03G0860200.1	TraesCS6A03G0860200.1		458	false	false		TraesCS6A03G0860200.1		5.46	0.9969	0.9989	0.00000000000000	1	0	1	1	0	1	     0	     0	     0			TraesCS6B03G1030400.1, TraesCS6B03G1030400.2
TraesCS6B03G0735500.1	TraesCS6B03G0735500.1	TraesCS6B03G0735500.1		190	false	false		TraesCS6B03G0735500.1		7.89	0.9969	0.9989	0.00000000000000	1	0	1	1	0	1	     0	     0	     0			TraesCS6D03G0508500.1
TraesCS6B03G1211100.1	TraesCS6B03G1211100.1	TraesCS6B03G1211100.1		460	false	false		TraesCS6B03G1211100.1		10.43	0.9969	0.9989	0.00000000000000	1	0	1	1	0	1	     0	     0	     0			TraesCS6D03G0872900LC.1
TraesCS7A03G0625900.1	TraesCS7A03G0625900.1	TraesCS7A03G0625900.1		504	false	false		TraesCS7A03G0625900.1		3.17	0.9969	0.9989	0.00000000000000	1	0	1	1	0	1	     0	     0	     0			TraesCS7A03G0625900.2, TraesCS7B03G0451200.1, TraesCS7B03G0451200.2, TraesCS7B03G0451200.3, TraesCS7D03G0609000.1, TraesCS7D03G0609000.2
TraesCS7A03G0702600.1	TraesCS7A03G0702600.1	TraesCS7A03G0702600.1		592	false	false		TraesCS7A03G0702600.1		2.20	0.9969	0.9989	0.00000000000000	1	0	1	2	0	2	     0	     0	     0			TraesCS7B03G0502600.1, TraesCS7B03G0502600.2, TraesCS7D03G0687400.1, TraesCS7D03G0687400.2
TraesCS7A03G0772900.1	TraesCS7A03G0772900.1	TraesCS7A03G0772900.1		366	false	false		TraesCS7A03G0772900.1		9.56	0.9969	0.9989	0.00000000000000	1	0	1	1	0	1	     0	     0	     0			TraesCS7A03G0772900.2, TraesCS7B03G0606600.1, TraesCS7B03G0606600.2, TraesCS7D03G0742700.1, TraesCS7D03G0742700.2
TraesCS7A03G0783500.1	TraesCS7A03G0783500.1	TraesCS7A03G0783500.1		544	false	false		TraesCS7A03G0783500.1		1.65	0.9969	0.9989	0.00000000000000	1	0	1	1	0	1	     0	     0	     0			TraesCS7A03G0783500.2, TraesCS7A03G0783500.3, TraesCS7B03G0620200.1, TraesCS7B03G0620200.2, TraesCS7B03G0620200.3
TraesCS7A03G0933300.1	TraesCS7A03G0933300.1	TraesCS7A03G0933300.1		255	false	false		TraesCS7A03G0933300.1		9.02	0.9969	0.9989	0.00000000000000	1	0	1	2	0	2	     0	     0	     0			TraesCS7A03G0933300.2, TraesCS7A03G0933300.3, TraesCS7B03G0782400.1, TraesCS7B03G0782400.2, TraesCS7D03G0900600.1, TraesCS7D03G0900600.2, TraesCS7D03G0900600.3
TraesCS7A03G1015500.1	TraesCS7A03G1015500.1	TraesCS7A03G1015500.1		120	false	false		TraesCS7A03G1015500.1		11.67	0.9969	0.9989	0.00000000000000	1	0	1	2	0	2	     0	     0	     0			TraesCS7D03G0971200.1
TraesCS7A03G1156600.1	TraesCS7A03G1156600.1	TraesCS7A03G1156600.1		235	false	false		TraesCS7A03G1156600.1		8.09	0.9969	0.9989	0.00000000000000	1	0	1	1	0	1	     0	     0	     0	N-term(42.0106)		TraesCS7B03G1022900.1, TraesCS7D03G1105100.1
TraesCS7A03G1257900.1	TraesCS7A03G1257900.1	TraesCS7A03G1257900.1		477	false	false		TraesCS7A03G1257900.1		4.19	0.9969	0.9989	0.00000000000000	1	0	1	2	0	2	     0	     0	     0			TraesCS7B03G1177200.1, TraesCS7D03G1200600.1
TraesCS7B03G0786100.1	TraesCS7B03G0786100.1	TraesCS7B03G0786100.1		281	false	false		TraesCS7B03G0786100.1		11.03	0.9969	0.9989	0.00000000000000	1	1	1	1	1	1	     0	     0	     0			
TraesCS7D03G0000900.1	TraesCS7D03G0000900.1	TraesCS7D03G0000900.1		154	false	false		TraesCS7D03G0000900.1		15.58	0.9969	0.9989	0.00000000000000	1	1	1	1	1	1	     0	     0	     0			
TraesCS3B03G0446100.1	TraesCS3B03G0446100.1	TraesCS3B03G0446100.1		418	false	false		TraesCS3B03G0446100.1		24.64	0.9967	0.9629	0.00287562904385	9	2	2	52	9	9	     0	     0	     0	14M(15.9949), 8M(15.9949)		
TraesCS1B03G0709800.2	TraesCS1B03G0709800.2	TraesCS1B03G0709800.2		694	false	false		TraesCS1B03G0709800.2		2.74	0.9966	0.9988	0.00000000000000	1	0	1	1	0	1	     0	     0	     0	N-term(42.0106)		TraesCS1B03G0709800.3
TraesCS1B03G1119000.1	TraesCS1B03G1119000.1	TraesCS1B03G1119000.1		528	false	false		TraesCS1B03G1119000.1		3.41	0.9966	0.9988	0.00000000000000	1	0	1	1	0	1	     0	     0	     0			TraesCS1D03G0919700.1, TraesCS1D03G0919700.2
TraesCS2A03G0249400.1	TraesCS2A03G0249400.1	TraesCS2A03G0249400.1		141	false	false		TraesCS2A03G0249400.1		16.31	0.9966	0.9988	0.00000000000000	1	0	1	1	0	1	     0	     0	     0			TraesCS2A03G0249400.2
TraesCS2A03G0430000.1	TraesCS2A03G0430000.1	TraesCS2A03G0430000.1		1263	false	false		TraesCS2A03G0430000.1		0.79	0.9966	0.9988	0.00000000000000	1	0	1	3	0	3	     0	     0	     0			TraesCS2A03G0430000.2, TraesCS2D03G0442300.1, TraesCS2D03G0442300.3, TraesCS2D03G0442300.4, TraesCS2D03G0442300.5
TraesCS2A03G0888500.1	TraesCS2A03G0888500.1	TraesCS2A03G0888500.1		129	false	false		TraesCS2A03G0888500.1		18.60	0.9966	0.9988	0.00000000000000	1	1	1	1	1	1	     0	     0	     0	4M(15.9949)		
TraesCS3A03G0094400.1	TraesCS3A03G0094400.1	TraesCS3A03G0094400.1		474	false	false		TraesCS3A03G0094400.1		4.01	0.9966	0.9988	0.00000000000000	1	0	1	2	0	2	     0	     0	     0			TraesCS3D03G0059000.1
TraesCS3B03G0317200.1	TraesCS3B03G0317200.1	TraesCS3B03G0317200.1		756	false	false		TraesCS3B03G0317200.1		4.50	0.9966	0.9988	0.00000000000000	1	1	1	1	1	1	     0	     0	     0			
TraesCS3B03G1203200.1	TraesCS3B03G1203200.1	TraesCS3B03G1203200.1		573	false	false		TraesCS3B03G1203200.1		3.66	0.9966	0.9988	0.00000000000000	1	0	1	1	0	1	     0	     0	     0			TraesCS3D03G0969700.1
TraesCS4A03G0022400.2	TraesCS4A03G0022400.2	TraesCS4A03G0022400.2		487	false	false		TraesCS4A03G0022400.2		3.90	0.9966	0.9988	0.00000000000000	1	0	1	2	0	2	     0	     0	     0			TraesCS4B03G0763400.1, TraesCS4D03G0685000.2
TraesCS4A03G0249000.1	TraesCS4A03G0249000.1	TraesCS4A03G0249000.1		1002	false	false		TraesCS4A03G0249000.1		2.00	0.9966	0.9988	0.00000000000000	1	0	1	1	0	1	     0	     0	     0			TraesCS4A03G0249000.2, TraesCS4A03G0249000.3, TraesCS4B03G0520300LC.1, TraesCS4B03G0520300LC.2, TraesCS4D03G0459000.1, TraesCS4D03G0459000.2, TraesCS4D03G0459000.3, TraesCS4D03G0459000.4
TraesCS4A03G0315100.1	TraesCS4A03G0315100.1	TraesCS4A03G0315100.1		920	false	false		TraesCS4A03G0315100.1		1.74	0.9966	0.9988	0.00000000000000	1	0	1	1	0	1	     0	     0	     0			TraesCS4A03G0315100.2, TraesCS4A03G0315100.3, TraesCS4B03G0397900.1, TraesCS4B03G0397900.2, TraesCS4B03G0397900.3, TraesCS4B03G0397900.4, TraesCS4B03G0397900.5, TraesCS4B03G0397900.6, TraesCS4D03G0340700.1, TraesCS4D03G0340700.2, TraesCS4D03G0340700.3, TraesCS4D03G0340700.4
TraesCS4A03G0568400.1	TraesCS4A03G0568400.1	TraesCS4A03G0568400.1		193	false	false		TraesCS4A03G0568400.1		12.95	0.9966	0.9973	0.00220994475138	2	0	2	2	0	2	     0	     0	     0	N-term(42.0106)		TraesCS4A03G0568400.2, TraesCS4B03G0233100.1, TraesCS4B03G0233100.2, TraesCS4D03G0195700.1, TraesCS4D03G0195700.2
TraesCS4A03G1189100.1	TraesCS4A03G1189100.1	TraesCS4A03G1189100.1		362	false	false		TraesCS4A03G1189100.1		10.50	0.9966	0.9988	0.00000000000000	1	1	1	1	1	1	     0	     0	     0			
TraesCS4B03G0281100LC.1	TraesCS4B03G0281100LC.1	TraesCS4B03G0281100LC.1		153	false	false		TraesCS4B03G0281100LC.1		5.88	0.9966	0.9988	0.00000000000000	1	1	1	1	1	1	     0	     0	     0	4C(57.0214), 5C(57.0214), 6C(57.0214), N-term(42.0106)		
TraesCS4D03G0361600.1	TraesCS4D03G0361600.1	TraesCS4D03G0361600.1		237	false	false		TraesCS4D03G0361600.1		14.77	0.9966	0.9988	0.00000000000000	1	1	1	2	2	2	     0	     0	     0			
TraesCS5A03G0518100.1	TraesCS5A03G0518100.1	TraesCS5A03G0518100.1		746	false	false		TraesCS5A03G0518100.1		2.68	0.9966	0.9988	0.00000000000000	1	0	1	1	0	1	     0	     0	     0			TraesCS5B03G0526300.1, TraesCS5D03G0483400.1
TraesCS5D03G0384800LC.1	TraesCS5D03G0384800LC.1	TraesCS5D03G0384800LC.1		372	false	false		TraesCS5D03G0384800LC.1		8.33	0.9966	0.9988	0.00000000000000	1	1	1	1	1	1	     0	     0	     0			
TraesCS6A03G0394700.1	TraesCS6A03G0394700.1	TraesCS6A03G0394700.1		400	false	false		TraesCS6A03G0394700.1		3.75	0.9966	0.9988	0.00000000000000	1	0	1	1	0	1	     0	     0	     0			TraesCS6A03G0394700.2, TraesCS6B03G0483700.1, TraesCS6B03G0483700.2, TraesCS6B03G0483700.3, TraesCS6D03G0333100.1, TraesCS6D03G0333100.2, TraesCS7A03G0921100.1, TraesCS7A03G0921100.2, TraesCS7B03G0764900.1, TraesCS7D03G0883800.1
TraesCS6A03G0425000.1	TraesCS6A03G0425000.1	TraesCS6A03G0425000.1		561	false	false		TraesCS6A03G0425000.1		3.39	0.9966	0.9988	0.00000000000000	1	0	1	2	0	2	     0	     0	     0	N-term(42.0106)		TraesCS6B03G0514500.1, TraesCS6B03G0514500.2, TraesCS6D03G0361000.1, TraesCS6D03G0361000.2, TraesCS6D03G0361000.3
TraesCS6A03G0726600.1	TraesCS6A03G0726600.1	TraesCS6A03G0726600.1		214	false	false		TraesCS6A03G0726600.1		8.41	0.9966	0.9988	0.00000000000000	1	0	1	2	0	2	     0	     0	     0			TraesCS6B03G0862000.1, TraesCS6D03G0609900.1
TraesCS6A03G0736900.1	TraesCS6A03G0736900.1	TraesCS6A03G0736900.1		886	false	false		TraesCS6A03G0736900.1		1.92	0.9966	0.9988	0.00000000000000	1	0	1	2	0	2	     0	     0	     0			TraesCS6B03G0872700.1, TraesCS6D03G0619500.1, TraesCS6D03G0619500.2
TraesCS7A03G0478900.1	TraesCS7A03G0478900.1	TraesCS7A03G0478900.1		503	false	false		TraesCS7A03G0478900.1		5.17	0.9966	0.9988	0.00000000000000	1	0	1	1	0	1	     0	     0	     0			TraesCS7B03G0293100.1, TraesCS7B03G0293100.2, TraesCS7D03G0463600.1
TraesCS7A03G0870200.1	TraesCS7A03G0870200.1	TraesCS7A03G0870200.1		137	false	false		TraesCS7A03G0870200.1		10.95	0.9966	0.9988	0.00000000000000	1	0	1	2	0	2	     0	     0	     0			TraesCS7B03G0742900.1, TraesCS7D03G0863800.1
TraesCS7B03G0414200.1	TraesCS7B03G0414200.1	TraesCS7B03G0414200.1		261	false	false		TraesCS7B03G0414200.1		8.05	0.9966	0.9988	0.00000000000000	1	0	1	3	0	3	     0	     0	     0			TraesCS7D03G0571100.1
TraesCSU03G0433100LC.1	TraesCSU03G0433100LC.1	TraesCSU03G0433100LC.1		279	false	false		TraesCSU03G0433100LC.1		3.58	0.9966	0.9988	0.00000000000000	1	1	1	1	1	1	     0	     0	     0	6C(57.0214)		
TraesCS2D03G0721100LC.1	TraesCS2D03G0721100LC.1	TraesCS2D03G0721100LC.1		216	false	false		TraesCS2D03G0721100LC.1		3.24	0.9963	0.9987	0.00000000000000	1	0	1	1	0	1	     0	     0	     0	6C(57.0214)		
TraesCS3A03G0304900.1	TraesCS3A03G0304900.1	TraesCS3A03G0304900.1		157	false	false		TraesCS3A03G0304900.1		16.56	0.9963	0.9987	0.00000000000000	1	0	1	2	0	2	     0	     0	     0			TraesCS3D03G0296500.1
TraesCS3A03G1229400.2	TraesCS3A03G1229400.2	TraesCS3A03G1229400.2		997	false	false		TraesCS3A03G1229400.2		1.81	0.9963	0.9987	0.00000000000000	1	0	1	1	0	1	     0	     0	     0			TraesCS3B03G1475300.2, TraesCS3D03G1168100.1, TraesCS3D03G1168100.2, TraesCS3D03G1168100.3, TraesCS3D03G1168100.4
TraesCS4A03G0005400.1	TraesCS4A03G0005400.1	TraesCS4A03G0005400.1		125	false	false		TraesCS4A03G0005400.1		17.60	0.9963	0.9987	0.00000000000000	1	0	1	1	0	1	     0	     0	     0			TraesCS4B03G0791300.1, TraesCS4D03G0708500.1
TraesCS4A03G0820400.1	TraesCS4A03G0820400.1	TraesCS4A03G0820400.1		452	false	false		TraesCS4A03G0820400.1		3.54	0.9963	0.9987	0.00000000000000	1	0	1	1	0	1	     0	     0	     0	1M(15.9949), 2M(15.9949)		TraesCS5B03G1324300.1, TraesCS5D03G1183200.1
TraesCS4A03G1108300.1	TraesCS4A03G1108300.1	TraesCS4A03G1108300.1		93	false	false		TraesCS4A03G1108300.1		12.90	0.9963	0.9987	0.00000000000000	1	1	1	1	1	1	     0	     0	     0			
TraesCS5A03G0063500.1	TraesCS5A03G0063500.1	TraesCS5A03G0063500.1		671	false	false		TraesCS5A03G0063500.1		4.47	0.9963	0.9987	0.00000000000000	1	1	1	1	1	1	     0	     0	     0			
TraesCS6A03G0345400.1	TraesCS6A03G0345400.1	TraesCS6A03G0345400.1		964	false	false		TraesCS6A03G0345400.1		1.56	0.9963	0.9987	0.00000000000000	1	0	1	1	0	1	     0	     0	     0			TraesCS6A03G0345400.2, TraesCS6B03G0441200.1, TraesCS6B03G0441200.2, TraesCS6D03G0298700.1
TraesCS6A03G0707000.1	TraesCS6A03G0707000.1	TraesCS6A03G0707000.1		446	false	false		TraesCS6A03G0707000.1		8.52	0.9963	0.9987	0.00000000000000	1	0	1	3	0	3	     0	     0	     0			TraesCS6B03G0839500.1, TraesCS6D03G0594100.1
TraesCS6D03G0744800.1	TraesCS6D03G0744800.1	TraesCS6D03G0744800.1		788	false	false		TraesCS6D03G0744800.1		4.31	0.9963	0.9987	0.00000000000000	1	1	1	1	1	1	     0	     0	     0			
TraesCS7A03G0589200.1	TraesCS7A03G0589200.1	TraesCS7A03G0589200.1		262	false	false		TraesCS7A03G0589200.1		8.02	0.9963	0.9987	0.00000000000000	1	1	1	2	2	2	     0	     0	     0			
TraesCS7B03G0020500LC.1	TraesCS7B03G0020500LC.1	TraesCS7B03G0020500LC.1		342	false	false		TraesCS7B03G0020500LC.1		2.05	0.9963	0.9987	0.00000000000000	1	1	1	2	2	2	     0	     0	     0	2C(57.0214), 4C(57.0214)		
TraesCS1A03G0560800.1	TraesCS1A03G0560800.1	TraesCS1A03G0560800.1		465	false	false		TraesCS1A03G0560800.1		4.52	0.9961	0.9986	0.00000000000000	1	0	1	1	0	1	     0	     0	     0			TraesCS1B03G0654100.1, TraesCS1D03G0539700.1, TraesCS3A03G0615800.1, TraesCS3A03G0615800.2, TraesCS3B03G0696100.1, TraesCS3B03G0696100.2, TraesCS3B03G0696100.3, TraesCS3D03G0564500.1, TraesCS3D03G0564500.2
TraesCS1A03G0585900.1	TraesCS1A03G0585900.1	TraesCS1A03G0585900.1		394	false	false		TraesCS1A03G0585900.1		3.55	0.9961	0.9986	0.00000000000000	1	0	1	1	0	1	     0	     0	     0			TraesCS1A03G0585900.2, TraesCS1B03G0678300.1, TraesCS1D03G0557500.1, TraesCS1D03G0557500.2
TraesCS1A03G0738000.1	TraesCS1A03G0738000.1	TraesCS1A03G0738000.1		165	false	false		TraesCS1A03G0738000.1		9.70	0.9961	0.9986	0.00000000000000	1	0	1	1	0	1	     0	     0	     0			TraesCS1B03G0841700.1, TraesCS1D03G0703900.1
TraesCS2A03G0349300.1	TraesCS2A03G0349300.1	TraesCS2A03G0349300.1		304	false	false		TraesCS2A03G0349300.1		5.92	0.9961	0.9986	0.00000000000000	1	0	1	3	0	3	     0	     0	     0	10M(15.9949)		TraesCS2B03G0469400.1, TraesCS2D03G0367300.1, TraesCS4A03G0010100.1, TraesCS4B03G0785400.1, TraesCS7B03G1195200LC.1
TraesCS4A03G0091000.1	TraesCS4A03G0091000.1	TraesCS4A03G0091000.1		1020	false	false		TraesCS4A03G0091000.1		1.76	0.9961	0.9986	0.00000000000000	1	0	1	1	0	1	     0	     0	     0			TraesCS4A03G0091000.2, TraesCS4A03G0091000.3, TraesCS4B03G0689300.1, TraesCS4B03G0689300.2, TraesCS4B03G0689300.3, TraesCS4D03G0618200.1, TraesCS5A03G0175700.1, TraesCS5A03G0175700.2, TraesCS5B03G0186100.1, TraesCS5B03G0186100.2, TraesCS5D03G0193600.1, TraesCS5D03G0193600.2
TraesCS5A03G0452800.1	TraesCS5A03G0452800.1	TraesCS5A03G0452800.1		327	false	false		TraesCS5A03G0452800.1		3.98	0.9961	0.9986	0.00000000000000	1	0	1	1	0	1	     0	     0	     0			TraesCS5B03G0446900.1, TraesCS5D03G0418800.1
TraesCS6A03G0018400.1	TraesCS6A03G0018400.1	TraesCS6A03G0018400.1		363	false	false		TraesCS6A03G0018400.1		3.31	0.9961	0.9986	0.00000000000000	1	0	1	1	0	1	     0	     0	     0			TraesCS6B03G0033400.1, TraesCS6D03G0025700.1
TraesCS6A03G0454000.1	TraesCS6A03G0454000.1	TraesCS6A03G0454000.1		520	false	false		TraesCS6A03G0454000.1		1.54	0.9961	0.9986	0.00000000000000	1	0	1	2	0	2	     0	     0	     0	3C(57.0214)		
TraesCS6A03G0454300.1	TraesCS6A03G0454300.1	TraesCS6A03G0454300.1		882	false	false		TraesCS6A03G0454300.1		3.40	0.9961	0.9986	0.00000000000000	1	0	1	1	0	1	     0	     0	     0			TraesCS6B03G0571800.1, TraesCS6D03G0385000.1, TraesCS6D03G0385000.2, TraesCS6D03G0385000.3
TraesCS3A03G0016800.1	TraesCS3A03G0016800.1	TraesCS3A03G0016800.1		189	false	false		TraesCS3A03G0016800.1		8.99	0.9958	0.9985	0.00000000000000	1	0	1	2	0	2	     0	     0	     0			TraesCS3B03G0016800.1, TraesCS3B03G0018100.1, TraesCS3B03G0036100.1, TraesCS3B03G0037300.1, TraesCS3D03G0013300.1, TraesCS3D03G0014700.1, TraesCS4A03G1188300.1, TraesCS7A03G0041400.1, TraesCS7A03G0041400.2, TraesCS7B03G0186200LC.1, TraesCS7D03G0036300.1, TraesCS7D03G0036300.2
TraesCS3D03G0241700.1	TraesCS3D03G0241700.1	TraesCS3D03G0241700.1		787	false	false		TraesCS3D03G0241700.1		4.32	0.9958	0.9985	0.00000000000000	1	0	1	1	0	1	     0	     0	     0			TraesCS3D03G0241700.2
TraesCS5D03G0109200.1	TraesCS5D03G0109200.1	TraesCS5D03G0109200.1		350	false	false		TraesCS5D03G0109200.1		6.00	0.9958	0.9985	0.00000000000000	1	1	1	1	1	1	     0	     0	     0			
TraesCS6A03G0182700.1	TraesCS6A03G0182700.1	TraesCS6A03G0182700.1		510	false	false		TraesCS6A03G0182700.1		3.33	0.9958	0.9985	0.00000000000000	1	0	1	1	0	1	     0	     0	     0			TraesCS6B03G0262300.1, TraesCS6B03G0262300.2, TraesCS6D03G0153900.1
TraesCS1A03G0398900.1	TraesCS1A03G0398900.1	TraesCS1A03G0398900.1		527	false	false		TraesCS1A03G0398900.1		3.61	0.9955	0.9984	0.00000000000000	1	0	1	1	0	1	     0	     0	     0			TraesCS1A03G0398900.2, TraesCS1A03G0398900.3, TraesCS1B03G0485900.1, TraesCS1B03G0485900.2
TraesCS2B03G1277300.1	TraesCS2B03G1277300.1	TraesCS2B03G1277300.1		341	false	false		TraesCS2B03G1277300.1		5.57	0.9955	0.9984	0.00000000000000	1	0	1	1	0	1	     0	     0	     0			TraesCS2B03G1277300.2, TraesCS2D03G1076300.1
TraesCS6B03G0985100.1	TraesCS6B03G0985100.1	TraesCS6B03G0985100.1		163	false	false		TraesCS6B03G0985100.1		9.20	0.9955	0.9984	0.00000000000000	1	0	1	1	0	1	     0	     0	     0			TraesCS6D03G0701100.1
TraesCS7D03G1271600.2	TraesCS7D03G1271600.2	TraesCS7D03G1271600.2		189	false	false		TraesCS7D03G1271600.2		6.88	0.9955	0.9984	0.00000000000000	1	0	1	1	0	1	     0	     0	     0			
TraesCS1A03G0249100.1	TraesCS1A03G0249100.1	TraesCS1A03G0249100.1		223	false	false		TraesCS1A03G0249100.1		8.97	0.9952	0.9983	0.00000000000000	1	0	1	2	0	2	     0	     0	     0			TraesCS1A03G0249200LC.1, TraesCS1A03G0249300.1, TraesCS1A03G0250200LC.1, TraesCS1B03G0306600.1, TraesCS1B03G0306800.1, TraesCS1D03G0221200.1, TraesCS1D03G0221300.1, TraesCS1D03G0221500.1, TraesCS1D03G0222800.1, TraesCS7B03G0225200.1
TraesCS1A03G0684800.1	TraesCS1A03G0684800.1	TraesCS1A03G0684800.1		461	false	false		TraesCS1A03G0684800.1		6.72	0.9952	0.9983	0.00000000000000	1	0	1	2	0	2	     0	     0	     0			TraesCS1B03G0779000.1, TraesCS1D03G0648800.1
TraesCS1A03G0934500LC.1	TraesCS1A03G0934500LC.1	TraesCS1A03G0934500LC.1		71	false	false		TraesCS1A03G0934500LC.1		47.89	0.9952	0.9983	0.00000000000000	1	0	1	1	0	1	     0	     0	     0			TraesCS1D03G0461900.1, TraesCS2A03G0562600.1, TraesCS2D03G0349200LC.1, TraesCS2D03G0544100LC.1, TraesCS2D03G0609200LC.1, TraesCS3D03G1034800.1, TraesCS3D03G1103600LC.1, TraesCS4B03G0425500.1, TraesCS4D03G0830700.1, TraesCS5D03G0778400.1, TraesCS5D03G1002100LC.1, TraesCS6A03G0491500.1, TraesCS6D03G0168600.1, TraesCS6D03G0396900LC.1, TraesCS6D03G0397300LC.1, TraesCS7D03G0573700.1, TraesCSU03G0169800LC.1, TraesCSU03G0170000LC.1, TraesCSU03G0486000.1
TraesCS3A03G0112700.1	TraesCS3A03G0112700.1	TraesCS3A03G0112700.1		438	false	false		TraesCS3A03G0112700.1		6.16	0.9952	0.9983	0.00000000000000	1	0	1	1	0	1	     0	     0	     0	N-term(42.0106)		TraesCS3B03G0147100.1, TraesCS3D03G0098700.1
TraesCS3B03G1338900LC.1	TraesCS3B03G1338900LC.1	TraesCS3B03G1338900LC.1		191	false	false		TraesCS3B03G1338900LC.1		3.66	0.9952	0.9983	0.00000000000000	1	1	1	1	1	1	     0	     0	     0	3M(15.9949), 4C(57.0214), 6M(15.9949)		
TraesCS7A03G1102600.1	TraesCS7A03G1102600.1	TraesCS7A03G1102600.1		246	false	false		TraesCS7A03G1102600.1		15.45	0.9952	0.9983	0.00000000000000	1	1	1	1	1	1	     0	     0	     0			
TraesCS1B03G0280000.1	TraesCS1B03G0280000.1	TraesCS1B03G0280000.1		139	false	false		TraesCS1B03G0280000.1		35.97	0.9949	0.9982	0.00000000000000	1	1	1	1	1	1	     0	     0	     0			
TraesCS1B03G0764800.2	TraesCS1B03G0764800.2	TraesCS1B03G0764800.2		404	false	false		TraesCS1B03G0764800.2		23.76	0.9949	0.9990	0.00000000000000	4	0	2	9	0	2	     0	     0	     0			TraesCS1B03G0764800.3
TraesCS1D03G0636400.1	TraesCS1D03G0636400.1	TraesCS1D03G0636400.1		404	false	false		TraesCS1D03G0636400.1		23.76	0.9949	0.9990	0.00000000000000	4	0	1	9	0	1	     0	     0	     0			TraesCS5A03G1036300.2, TraesCS5B03G1086300.2, TraesCS5D03G0978900.1
TraesCS2A03G1214800.1	TraesCS2A03G1214800.1	TraesCS2A03G1214800.1		814	false	false		TraesCS2A03G1214800.1		2.21	0.9949	0.9982	0.00000000000000	1	0	1	1	0	1	     0	     0	     0			TraesCS2A03G1214800.2, TraesCS2B03G1388400.1, TraesCS2D03G1171100.1
TraesCS6A03G0191800.1	TraesCS6A03G0191800.1	TraesCS6A03G0191800.1		525	false	false		TraesCS6A03G0191800.1		3.05	0.9949	0.9982	0.00000000000000	1	1	1	1	1	1	     0	     0	     0			
TraesCS6A03G0721400.1	TraesCS6A03G0721400.1	TraesCS6A03G0721400.1		366	false	false		TraesCS6A03G0721400.1		4.92	0.9949	0.9982	0.00000000000000	1	0	1	2	0	2	     0	     0	     0			TraesCS6B03G0855000.1, TraesCS6B03G0855000.2
TraesCS6B03G0654700LC.1	TraesCS6B03G0654700LC.1	TraesCS6B03G0654700LC.1		199	false	false		TraesCS6B03G0654700LC.1		3.52	0.9949	0.9982	0.00000000000000	1	1	1	1	1	1	     0	     0	     0	2C(57.0214), 4M(15.9949), 6C(57.0214)		
TraesCS1A03G0875500.1	TraesCS1A03G0875500.1	TraesCS1A03G0875500.1		2083	false	false		TraesCS1A03G0875500.1		0.96	0.9947	0.9981	0.00000000000000	1	0	1	1	0	1	     0	     0	     0			TraesCS1B03G1022000.1, TraesCS1B03G1022000.2, TraesCS1D03G0851400.1, TraesCS3A03G0543100.1, TraesCS3A03G0639300.1, TraesCS3A03G0639300.10, TraesCS3A03G0639300.11, TraesCS3A03G0639300.12, TraesCS3A03G0639300.13, TraesCS3A03G0639300.2, TraesCS3A03G0639300.3, TraesCS3A03G0639300.4, TraesCS3A03G0639300.5, TraesCS3A03G0639300.6, TraesCS3A03G0639300.7, TraesCS3A03G0639300.8, TraesCS3A03G0639300.9, TraesCS3B03G0625500.1, TraesCS3B03G0625500.2, TraesCS3B03G0718300.1, TraesCS3B03G0718300.2, TraesCS3B03G0718300.3, TraesCS3B03G0718300.4, TraesCS3D03G0505600.1, TraesCS3D03G0505600.2, TraesCS3D03G0505600.3, TraesCS3D03G0584000.1, TraesCS3D03G0584000.2, TraesCS3D03G0584000.3, TraesCS3D03G0584000.4, TraesCS5A03G0926300.1, TraesCS5B03G0976500.1, TraesCS5B03G0976500.2, TraesCS5D03G0885800.1, TraesCS5D03G0885800.2, TraesCS5D03G0885800.3, TraesCS7A03G0440900LC.1, TraesCS7B03G0248900.1, TraesCS7D03G0427100.1
TraesCS2A03G0811600.1	TraesCS2A03G0811600.1	TraesCS2A03G0811600.1		311	false	false		TraesCS2A03G0811600.1		8.68	0.9947	0.9981	0.00000000000000	1	0	1	1	0	1	     0	     0	     0			TraesCS2A03G0811600.2, TraesCS2B03G0896400.1, TraesCS2D03G0752000.1
TraesCS6A03G0106000.1	TraesCS6A03G0106000.1	TraesCS6A03G0106000.1		371	false	false		TraesCS6A03G0106000.1		4.31	0.9947	0.9981	0.00000000000000	1	0	1	1	0	1	     0	     0	     0			TraesCS6B03G0147400.1, TraesCS6D03G0112100.1
TraesCS7A03G1092200.1	TraesCS7A03G1092200.1	TraesCS7A03G1092200.1		294	false	false		TraesCS7A03G1092200.1		6.12	0.9947	0.9981	0.00000000000000	1	0	1	1	0	1	     0	     0	     0			TraesCS7B03G0940500.1, TraesCS7D03G1043800.1
TraesCS2A03G0155000.1	TraesCS2A03G0155000.1	TraesCS2A03G0155000.1		488	false	false		TraesCS2A03G0155000.1		2.46	0.9946	0.8628	0.00287562904385	2	0	2	5	0	5	     0	     0	     0			TraesCS2D03G0149600.1
TraesCS6A03G0237000.1	TraesCS6A03G0237000.1	TraesCS6A03G0237000.1		535	false	false		TraesCS6A03G0237000.1		5.98	0.9946	0.9693	0.00287562904385	2	0	1	3	0	1	     0	     0	     0	11M(15.9949)		TraesCS6B03G0325500.1, TraesCS6D03G0193400.1
TraesCS5A03G0145600LC.1	TraesCS5A03G0145600LC.1	TraesCS5A03G0145600LC.1		308	false	false		TraesCS5A03G0145600LC.1		4.87	0.9945	0.9845	0.00287562904385	2	1	2	2	1	2	     0	     0	     0			
TraesCS1A03G0701000.1	TraesCS1A03G0701000.1	TraesCS1A03G0701000.1		113	false	false		TraesCS1A03G0701000.1		15.04	0.9944	0.9980	0.00110987791343	1	0	1	2	0	2	     0	     0	     0			TraesCS1B03G0797600.1, TraesCS1D03G0665400.1
TraesCS1B03G0958700.1	TraesCS1B03G0958700.1	TraesCS1B03G0958700.1		483	false	false		TraesCS1B03G0958700.1		3.73	0.9944	0.9980	0.00110987791343	1	1	1	1	1	1	     0	     0	     0			
TraesCS4A03G0258100.1	TraesCS4A03G0258100.1	TraesCS4A03G0258100.1		606	false	false		TraesCS4A03G0258100.1		2.48	0.9944	0.9980	0.00110987791343	1	0	1	1	0	1	     0	     0	     0			TraesCS4A03G0258100.2, TraesCS4B03G0506800.1, TraesCS4B03G0506800.2, TraesCS4D03G0452700.1, TraesCS4D03G0452700.2
TraesCS6A03G0092600.1	TraesCS6A03G0092600.1	TraesCS6A03G0092600.1		770	false	false		TraesCS6A03G0092600.1		2.47	0.9944	0.9980	0.00110987791343	1	0	1	1	0	1	     0	     0	     0			TraesCS6D03G0099100.1
TraesCS2B03G1481300.1	TraesCS2B03G1481300.1	TraesCS2B03G1481300.1		514	false	false		TraesCS2B03G1481300.1		9.34	0.9943	0.9678	0.00287562904385	2	1	1	3	1	1	     0	     0	     0	N-term(42.0106)		
TraesCS1B03G0647000.1	TraesCS1B03G0647000.1	TraesCS1B03G0647000.1		430	false	false		TraesCS1B03G0647000.1		6.98	0.9941	0.9979	0.00110987791343	1	0	1	1	0	1	     0	     0	     0			TraesCS1D03G0535000.1
TraesCS3B03G1059300.1	TraesCS3B03G1059300.1	TraesCS3B03G1059300.1		407	false	false		TraesCS3B03G1059300.1		5.65	0.9941	0.9979	0.00110987791343	1	0	1	1	0	1	     0	     0	     0			TraesCS3B03G1059300.2
TraesCS5A03G0743600.1	TraesCS5A03G0743600.1	TraesCS5A03G0743600.1		502	false	false		TraesCS5A03G0743600.1		2.79	0.9941	0.9979	0.00110987791343	1	0	1	1	0	1	     0	     0	     0			TraesCS5A03G0743600.2, TraesCS5A03G0743600.3, TraesCS5B03G0780600.1, TraesCS5D03G0707600.1, TraesCS5D03G0707600.2, TraesCS5D03G0707600.3
TraesCS5A03G1097400.1	TraesCS5A03G1097400.1	TraesCS5A03G1097400.1		642	false	false		TraesCS5A03G1097400.1		2.65	0.9941	0.9979	0.00110987791343	1	0	1	1	0	1	     0	     0	     0			TraesCS5B03G1164600.1, TraesCS5B03G1164600.2, TraesCS5D03G1054900.1, TraesCS5D03G1054900.2, TraesCS5D03G1054900.3
TraesCS6A03G0424500.1	TraesCS6A03G0424500.1	TraesCS6A03G0424500.1		392	false	false		TraesCS6A03G0424500.1		8.67	0.9941	0.9979	0.00110987791343	1	0	1	1	0	1	     0	     0	     0			TraesCS6B03G0514200.1, TraesCS6D03G0360700.1
TraesCS7A03G0264500.1	TraesCS7A03G0264500.1	TraesCS7A03G0264500.1		304	false	false		TraesCS7A03G0264500.1		2.30	0.9941	0.9979	0.00110987791343	1	1	1	1	1	1	     0	     0	     0			
TraesCS5A03G0473100LC.1	TraesCS5A03G0473100LC.1	TraesCS5A03G0473100LC.1		515	false	false		TraesCS5A03G0473100LC.1		6.21	0.9939	0.9657	0.00287562904385	2	0	1	3	0	1	     0	     0	     0	2M(15.9949), 3M(15.9949)		TraesCS5B03G0469300.1, TraesCS5D03G0436800.1
TraesCS6A03G0556100.1	TraesCS6A03G0556100.1	TraesCS6A03G0556100.1		219	false	false		TraesCS6A03G0556100.1		15.53	0.9938	0.9978	0.00110987791343	1	0	1	1	0	1	     0	     0	     0			TraesCS6D03G0472800.1
TraesCS2A03G0067700.1	TraesCS2A03G0067700.1	TraesCS2A03G0067700.1		1034	false	false		TraesCS2A03G0067700.1		1.06	0.9935	0.9977	0.00110987791343	1	1	1	1	1	1	     0	     0	     0	3M(15.9949), 6M(15.9949), 8C(57.0214)		
TraesCS4A03G1063400.1	TraesCS4A03G1063400.1	TraesCS4A03G1063400.1		573	false	false		TraesCS4A03G1063400.1		3.66	0.9935	0.9977	0.00110987791343	1	0	1	1	0	1	     0	     0	     0			TraesCS4A03G1063400.2, TraesCS7A03G0141500.1, TraesCS7A03G0141500.2, TraesCS7D03G0127300.1
TraesCS2A03G1288600.1	TraesCS2A03G1288600.1	TraesCS2A03G1288600.1		514	false	false		TraesCS2A03G1288600.1		9.34	0.9934	0.9990	0.00000000000000	2	1	2	3	1	3	     0	     0	     0	N-term(42.0106)		
TraesCS2A03G0753000.1	TraesCS2A03G0753000.1	TraesCS2A03G0753000.1		188	false	false		TraesCS2A03G0753000.1		6.38	0.9933	0.9976	0.00110987791343	1	0	1	1	0	1	     0	     0	     0			TraesCS2B03G0830100.1, TraesCS2B03G0830100.2, TraesCS2B03G0830100.3, TraesCS2D03G0696400.1
TraesCS6D03G0698800.1	TraesCS6D03G0698800.1	TraesCS6D03G0698800.1		167	false	false		TraesCS6D03G0698800.1		4.19	0.9933	0.9976	0.00110987791343	1	1	1	2	2	2	     0	     0	     0	2C(57.0214), 3C(57.0214)		
TraesCS7A03G0669400.2	TraesCS7A03G0669400.2	TraesCS7A03G0669400.2		198	false	false		TraesCS7A03G0669400.2		12.63	0.9933	0.9976	0.00110987791343	1	0	1	1	0	1	     0	     0	     0			TraesCS7A03G0669400.3, TraesCS7B03G0499300.1, TraesCS7B03G0499300.2, TraesCS7D03G0644000.2, TraesCS7D03G0644000.3
TraesCS7A03G1016200.1	TraesCS7A03G1016200.1	TraesCS7A03G1016200.1		628	false	false		TraesCS7A03G1016200.1		2.55	0.9933	0.9976	0.00110987791343	1	0	1	1	0	1	     0	     0	     0			TraesCS7B03G0857000.1, TraesCS7B03G0857000.2, TraesCS7D03G0972500.1
TraesCS7D03G0054500.1	TraesCS7D03G0054500.1	TraesCS7D03G0054500.1		357	false	false		TraesCS7D03G0054500.1		1.96	0.9933	0.9976	0.00110987791343	1	1	1	1	1	1	     0	     0	     0			
TraesCS1A03G0619400.1	TraesCS1A03G0619400.1	TraesCS1A03G0619400.1		759	false	false		TraesCS1A03G0619400.1		1.98	0.9930	0.9975	0.00110987791343	1	1	1	1	1	1	     0	     0	     0			
TraesCS2A03G0258000.1	TraesCS2A03G0258000.1	TraesCS2A03G0258000.1		218	false	false		TraesCS2A03G0258000.1		5.96	0.9930	0.9975	0.00110987791343	1	0	1	2	0	2	     0	     0	     0			TraesCS2B03G0357000.1, TraesCS2D03G0268900.1
TraesCS4D03G0154900.1	TraesCS4D03G0154900.1	TraesCS4D03G0154900.1		721	false	false		TraesCS4D03G0154900.1		1.66	0.9930	0.9975	0.00110987791343	1	0	1	2	0	2	     0	     0	     0	N-term(42.0106)		TraesCS5B03G1095400.1, TraesCS5D03G0987900.1, TraesCS5D03G0987900.2
TraesCS4A03G0629600.1	TraesCS4A03G0629600.1	TraesCS4A03G0629600.1		52	false	false		TraesCS4A03G0629600.1		51.92	0.9927	0.9974	0.00110987791343	1	0	1	1	0	1	     0	     0	     0			TraesCS4D03G0142300.1
TraesCS4B03G0196300.1	TraesCS4B03G0196300.1	TraesCS4B03G0196300.1		482	false	false		TraesCS4B03G0196300.1		3.11	0.9927	0.9974	0.00110987791343	1	0	1	1	0	1	     0	     0	     0			TraesCS4D03G0162100.1
TraesCS3B03G1346800.1	TraesCS3B03G1346800.1	TraesCS3B03G1346800.1		249	false	false		TraesCS3B03G1346800.1		10.44	0.9924	0.9973	0.00220994475138	1	1	1	1	1	1	     0	     0	     0	N-term(42.0106)		
TraesCS7B03G1087400.1	TraesCS7B03G1087400.1	TraesCS7B03G1087400.1		135	false	false		TraesCS7B03G1087400.1		14.07	0.9924	0.9973	0.00220994475138	1	1	1	1	1	1	     0	     0	     0			
TraesCS1A03G0593100LC.1	TraesCS1A03G0593100LC.1	TraesCS1A03G0593100LC.1		346	false	false		TraesCS1A03G0593100LC.1		2.89	0.9921	0.9972	0.00287562904385	1	0	1	1	0	1	     0	     0	     0	4M(15.9949)		TraesCS6B03G0624200LC.1
TraesCS1A03G1071000.1	TraesCS1A03G1071000.1	TraesCS1A03G1071000.1		379	false	false		TraesCS1A03G1071000.1		5.80	0.9919	0.9990	0.00000000000000	1	0	1	2	0	2	     0	     0	     0			TraesCS1A03G1071000.2, TraesCS1B03G1269100.1, TraesCS1B03G1269100.2, TraesCS1B03G1269100.3, TraesCS1D03G1034800.1, TraesCS1D03G1034800.2, TraesCS1D03G1034800.3, TraesCS2D03G1273000LC.1, TraesCS3D03G1097700LC.1, TraesCS4A03G0407900LC.1, TraesCS5B03G0440400LC.1, TraesCS5D03G0607600LC.1
TraesCS4A03G0706400.1	TraesCS4A03G0706400.1	TraesCS4A03G0706400.1		516	false	false		TraesCS4A03G0706400.1		3.29	0.9919	0.9971	0.00287562904385	1	0	1	1	0	1	     0	     0	     0			TraesCS4B03G0088800.1, TraesCS4D03G0064200.1
TraesCS1A03G0161400.1	TraesCS1A03G0161400.1	TraesCS1A03G0161400.1		869	false	false		TraesCS1A03G0161400.1		2.07	0.9917	0.9990	0.00000000000000	1	0	1	1	0	1	     0	     0	     0	N-term(42.0106)		TraesCS1A03G0583300.1, TraesCS1A03G0583300.2, TraesCS1A03G0583300.3, TraesCS1B03G0213500.1, TraesCS1B03G0676600.1, TraesCS1B03G0676600.2, TraesCS1B03G0676600.3, TraesCS1D03G0555100.1, TraesCS1D03G0555100.2
TraesCS1A03G0216200LC.1	TraesCS1A03G0216200LC.1	TraesCS1A03G0216200LC.1		234	false	false		TraesCS1A03G0216200LC.1		2.99	0.9916	0.9970	0.00287562904385	1	1	1	1	1	1	     0	     0	     0	6C(57.0214)		
TraesCS1B03G0228600LC.1	TraesCS1B03G0228600LC.1	TraesCS1B03G0228600LC.1		120	false	false		TraesCS1B03G0228600LC.1		9.17	0.9916	0.9970	0.00287562904385	1	1	1	1	1	1	     0	     0	     0	10C(57.0214), 6C(57.0214)		
TraesCS3A03G0235100LC.1	TraesCS3A03G0235100LC.1	TraesCS3A03G0235100LC.1		114	false	false		TraesCS3A03G0235100LC.1		15.79	0.9916	0.9990	0.00000000000000	1	0	1	3	0	3	     0	     0	     0			TraesCS3B03G0998800.1, TraesCS5B03G0697700LC.1, TraesCS5B03G0920000LC.1, TraesCS7A03G0363100.1, TraesCS7B03G0159600.1, TraesCS7B03G0159600.2, TraesCS7D03G0349300.1
TraesCS3A03G0259400.1	TraesCS3A03G0259400.1	TraesCS3A03G0259400.1		452	false	false		TraesCS3A03G0259400.1		6.19	0.9914	0.9990	0.00000000000000	1	0	1	1	0	1	     0	     0	     0			TraesCS3A03G0259400.2, TraesCS3B03G0327200.1, TraesCS3B03G0327200.2, TraesCS3D03G0251200.1, TraesCS3D03G0251200.2
TraesCS1A03G0542400.1	TraesCS1A03G0542400.1	TraesCS1A03G0542400.1		252	false	false		TraesCS1A03G0542400.1		18.65	0.9913	0.9969	0.00287562904385	1	0	1	2	0	2	     0	     0	     0			TraesCS1D03G0523200.2
TraesCS3A03G0636900.1	TraesCS3A03G0636900.1	TraesCS3A03G0636900.1		178	false	false		TraesCS3A03G0636900.1		10.11	0.9913	0.9990	0.00000000000000	1	0	1	2	0	2	     0	     0	     0			TraesCS3B03G0703500.1, TraesCS3B03G0831600LC.1, TraesCS3D03G0573800.1, TraesCS3D03G0669300LC.1
TraesCS5A03G0232800LC.1	TraesCS5A03G0232800LC.1	TraesCS5A03G0232800LC.1		337	false	false		TraesCS5A03G0232800LC.1		2.08	0.9910	0.9968	0.00287562904385	1	1	1	1	1	1	     0	     0	     0	1M(15.9949)		
TraesCS6A03G0080100.1	TraesCS6A03G0080100.1	TraesCS6A03G0080100.1		507	false	false		TraesCS6A03G0080100.1		2.76	0.9910	0.9968	0.00287562904385	1	0	1	1	0	1	     0	     0	     0	9M(15.9949)		TraesCS6B03G0116500.1, TraesCS6D03G0082600.1
TraesCS1A03G0930200LC.1	TraesCS1A03G0930200LC.1	TraesCS1A03G0930200LC.1		195	false	false		TraesCS1A03G0930200LC.1		7.69	0.9908	0.9990	0.00000000000000	1	0	1	4	0	4	     0	     0	     0			TraesCS3B03G0371000LC.1, TraesCS4A03G0387900LC.1, TraesCS4D03G0347200LC.1, TraesCS5A03G1142300LC.1, TraesCS7B03G1170700LC.1, TraesCS7D03G0422900LC.1
TraesCS4A03G0469600.1	TraesCS4A03G0469600.1	TraesCS4A03G0469600.1		549	false	false		TraesCS4A03G0469600.1		2.37	0.9902	0.9965	0.00287562904385	1	0	1	2	0	2	     0	     0	     0			TraesCS4A03G0469600.2, TraesCS4A03G0469600.3, TraesCS4A03G0469600.4, TraesCS4A03G0469600.5, TraesCS4D03G0291400.1, TraesCS4D03G0291400.2, TraesCS4D03G0291400.3, TraesCS4D03G0291400.4, TraesCS4D03G0291400.5, TraesCSU03G0067800.1, TraesCSU03G0067800.2, TraesCSU03G0067800.3, TraesCSU03G0067800.4, TraesCSU03G0067800.5
TraesCS7A03G0930200.1	TraesCS7A03G0930200.1	TraesCS7A03G0930200.1		114	false	false		TraesCS7A03G0930200.1		16.67	0.9902	0.9965	0.00287562904385	1	0	1	1	0	1	     0	     0	     0			TraesCS7B03G0777800.1, TraesCS7D03G0896100.1
TraesCS2A03G1137200.1	TraesCS2A03G1137200.1	TraesCS2A03G1137200.1		312	false	false		TraesCS2A03G1137200.1		2.24	0.9896	0.9963	0.00287562904385	1	0	1	1	0	1	     0	     0	     0	6C(57.0214)		TraesCS2B03G1289400.1, TraesCS2D03G1085800.1
TraesCS5B03G1050900.1	TraesCS5B03G1050900.1	TraesCS5B03G1050900.1		231	false	false		TraesCS5B03G1050900.1		3.03	0.9894	0.9962	0.00287562904385	1	1	1	1	1	1	     0	     0	     0	4C(57.0214), 5C(57.0214)		
TraesCS7D03G0225300LC.1	TraesCS7D03G0225300LC.1	TraesCS7D03G0225300LC.1		409	false	false		TraesCS7D03G0225300LC.1		1.96	0.9891	0.9961	0.00287562904385	1	1	1	1	1	1	     0	     0	     0	4M(15.9949)		
TraesCS2D03G0855700LC.1	TraesCS2D03G0855700LC.1	TraesCS2D03G0855700LC.1		112	false	false		TraesCS2D03G0855700LC.1		7.14	0.9888	0.9960	0.00287562904385	1	1	1	1	1	1	     0	     0	     0	N-term(42.0106)		
TraesCS4B03G0984000.1	TraesCS4B03G0984000.1	TraesCS4B03G0984000.1		839	false	false		TraesCS4B03G0984000.1		3.34	0.9885	0.9959	0.00287562904385	1	1	1	2	2	2	     0	     0	     0			
TraesCS7A03G0479000.1	TraesCS7A03G0479000.1	TraesCS7A03G0479000.1		103	false	false		TraesCS7A03G0479000.1		11.65	0.9885	0.9959	0.00287562904385	1	0	1	2	0	2	     0	     0	     0			TraesCS7B03G0293200.1, TraesCS7D03G0463700.1
TraesCS1A03G0627000.1	TraesCS1A03G0627000.1	TraesCS1A03G0627000.1		478	false	false		TraesCS1A03G0627000.1		7.32	0.9877	0.9921	0.00287562904385	2	0	2	2	0	2	     0	     0	     0			TraesCS1B03G0716000.1, TraesCS1D03G0587900.2
TraesCS5A03G1286400.1	TraesCS5A03G1286400.1	TraesCS5A03G1286400.1		482	false	false		TraesCS5A03G1286400.1		2.90	0.9877	0.9956	0.00287562904385	1	1	1	1	1	1	     0	     0	     0			
TraesCS4A03G0126900.1	TraesCS4A03G0126900.1	TraesCS4A03G0126900.1		354	false	false		TraesCS4A03G0126900.1		14.12	0.9875	0.9990	0.00000000000000	3	0	1	8	0	2	     0	     0	     0			TraesCS4B03G0655900.1
TraesCS1A03G0445000.1	TraesCS1A03G0445000.1	TraesCS1A03G0445000.1		867	false	false		TraesCS1A03G0445000.1		2.08	0.9874	0.9955	0.00287562904385	1	0	1	1	0	1	     0	     0	     0			TraesCS1D03G0384800.1, TraesCS1D03G0415700.1, TraesCS1D03G0415700.2, TraesCS1D03G0415700.3
TraesCS1A03G0600400.1	TraesCS1A03G0600400.1	TraesCS1A03G0600400.1		719	false	false		TraesCS1A03G0600400.1		2.23	0.9874	0.9955	0.00287562904385	1	1	1	1	1	1	     0	     0	     0			
TraesCS4B03G0434400.1	TraesCS4B03G0434400.1	TraesCS4B03G0434400.1		309	false	false		TraesCS4B03G0434400.1		6.47	0.9874	0.9955	0.00287562904385	1	0	1	1	0	1	     0	     0	     0			TraesCS4D03G0326200.1
TraesCS7A03G0090800.1	TraesCS7A03G0090800.1	TraesCS7A03G0090800.1		786	false	false		TraesCS7A03G0090800.1		2.29	0.9874	0.9955	0.00287562904385	1	0	1	1	0	1	     0	     0	     0			TraesCS7A03G0090800.2, TraesCS7A03G0090800.3, TraesCS7A03G0090800.4, TraesCS7A03G0090800.5, TraesCS7D03G0081400.1, TraesCS7D03G0081400.2, TraesCS7D03G0081400.3, TraesCS7D03G0081400.4, TraesCSU03G0061400.1, TraesCSU03G0061400.2, TraesCSU03G0061400.3
TraesCS4A03G0569900.1	TraesCS4A03G0569900.1	TraesCS4A03G0569900.1		515	false	false		TraesCS4A03G0569900.1		13.98	0.9873	0.9117	0.00287562904385	4	0	2	5	0	2	     0	     0	     0			TraesCS4A03G0569900.2
TraesCS1B03G0272600LC.1	TraesCS1B03G0272600LC.1	TraesCS1B03G0272600LC.1		179	false	false		TraesCS1B03G0272600LC.1		5.03	0.9871	0.9954	0.00287562904385	1	1	1	1	1	1	     0	     0	     0			
TraesCS5A03G1274300.1	TraesCS5A03G1274300.1	TraesCS5A03G1274300.1		210	false	false		TraesCS5A03G1274300.1		10.00	0.9871	0.9954	0.00287562904385	1	1	1	1	1	1	     0	     0	     0			
TraesCS2A03G1151900.1	TraesCS2A03G1151900.1	TraesCS2A03G1151900.1		485	false	false		TraesCS2A03G1151900.1		15.88	0.9868	0.8977	0.00287562904385	7	0	2	15	0	2	     0	     0	     0			TraesCS2A03G1151900.2, TraesCS2D03G1100800.1
TraesCS1D03G0310300LC.1	TraesCS1D03G0310300LC.1	TraesCS1D03G0310300LC.1		652	false	false		TraesCS1D03G0310300LC.1		1.07	0.9866	0.9952	0.00287562904385	1	1	1	2	2	2	     0	     0	     0	2C(57.0214), 3C(57.0214)		
TraesCS6B03G0924800.1	TraesCS6B03G0924800.1	TraesCS6B03G0924800.1		162	false	false		TraesCS6B03G0924800.1		7.41	0.9863	0.9951	0.00287562904385	1	1	1	1	1	1	     0	     0	     0	8C(57.0214)		
TraesCS4A03G0705000.1	TraesCS4A03G0705000.1	TraesCS4A03G0705000.1		171	false	false		TraesCS4A03G0705000.1		4.09	0.9856	0.9984	0.00000000000000	1	0	1	2	0	2	     0	     0	     0			TraesCS4B03G0090000.1, TraesCS4B03G0090000.2, TraesCS4D03G0065100.1
TraesCS1A03G0933700LC.1	TraesCS1A03G0933700LC.1	TraesCS1A03G0933700LC.1		183	false	false		TraesCS1A03G0933700LC.1		9.84	0.9852	0.9967	0.00287562904385	1	0	1	1	0	1	     0	     0	     0			TraesCS1B03G1090000.1, TraesCS1D03G0465800.1, TraesCS2B03G1228800.1, TraesCS3A03G0284500LC.1, TraesCS4D03G0073100.1, TraesCS5A03G0857600LC.1, TraesCS5D03G0014500.1, TraesCS5D03G0464600LC.1, TraesCS6D03G0272200LC.1, TraesCS7B03G1276200LC.1, TraesCS7D03G0580100.1, TraesCSU03G0231700.1, TraesCSU03G0425800.1, TraesCSU03G0471700.1, TraesCSU03G0524300LC.1
TraesCS5A03G0453700.1	TraesCS5A03G0453700.1	TraesCS5A03G0453700.1		717	false	false		TraesCS5A03G0453700.1		1.39	0.9852	0.9947	0.00287562904385	1	0	1	1	0	1	     0	     0	     0			TraesCS5B03G0447700.2, TraesCS5D03G0419500.1
TraesCS2A03G0521100.1	TraesCS2A03G0521100.1	TraesCS2A03G0521100.1		290	false	false		TraesCS2A03G0521100.1		4.83	0.9849	0.9946	0.00287562904385	1	0	1	1	0	1	     0	     0	     0			TraesCS2B03G0607100.1, TraesCS2D03G0493300.1
TraesCS2A03G0240400.1	TraesCS2A03G0240400.1	TraesCS2A03G0240400.1		480	false	false		TraesCS2A03G0240400.1		8.12	0.9841	0.9943	0.00287562904385	1	1	1	1	1	1	     0	     0	     0	36M(15.9949)		
TraesCS2A03G0385700.1	TraesCS2A03G0385700.1	TraesCS2A03G0385700.1		933	false	false		TraesCS2A03G0385700.1		1.71	0.9841	0.9943	0.00287562904385	1	0	1	1	0	1	     0	     0	     0	9M(15.9949)		TraesCS2B03G0535000.1, TraesCS2B03G0535000.2, TraesCS2B03G0535000.3, TraesCS2D03G0422400.1, TraesCS2D03G0422400.2, TraesCS2D03G0422400.3
TraesCS2B03G1353600.1	TraesCS2B03G1353600.1	TraesCS2B03G1353600.1		139	false	false		TraesCS2B03G1353600.1		7.91	0.9841	0.9943	0.00287562904385	1	0	1	1	0	1	     0	     0	     0			TraesCS5A03G1024200.1, TraesCS5B03G1075600.1, TraesCS7A03G1137100.2, TraesCS7B03G0998800.1, TraesCS7D03G1084200.1
TraesCS5D03G1135200LC.1	TraesCS5D03G1135200LC.1	TraesCS5D03G1135200LC.1		88	false	false		TraesCS5D03G1135200LC.1		36.36	0.9839	0.8903	0.00287562904385	2	1	1	4	1	1	     0	     0	     0			
TraesCS2B03G0898900.1	TraesCS2B03G0898900.1	TraesCS2B03G0898900.1		153	false	false		TraesCS2B03G0898900.1		16.99	0.9838	0.9942	0.00287562904385	1	0	1	1	0	1	     0	     0	     0			TraesCS2D03G0754100.1, TraesCS2D03G0754100.2
TraesCS5A03G0530500.1	TraesCS5A03G0530500.1	TraesCS5A03G0530500.1		189	false	false		TraesCS5A03G0530500.1		11.11	0.9838	0.9942	0.00287562904385	1	0	1	1	0	1	     0	     0	     0			TraesCS5B03G0543800.1, TraesCS5D03G0496400.1
TraesCS6A03G0058400.1	TraesCS6A03G0058400.1	TraesCS6A03G0058400.1		684	false	false		TraesCS6A03G0058400.1		1.75	0.9838	0.9942	0.00287562904385	1	0	1	1	0	1	     0	     0	     0			TraesCS6A03G0058400.2, TraesCS6B03G0086200.1, TraesCS6D03G0059200.1
TraesCS3A03G1266900.1	TraesCS3A03G1266900.1	TraesCS3A03G1266900.1		356	false	false		TraesCS3A03G1266900.1		5.34	0.9833	0.9940	0.00287562904385	1	0	1	1	0	1	     0	     0	     0			TraesCS3B03G1510700.1, TraesCS3D03G1190800.1, TraesCS7A03G0821400.1, TraesCS7B03G0680100.1, TraesCS7D03G0805700.1
TraesCS2B03G0191900.1	TraesCS2B03G0191900.1	TraesCS2B03G0191900.1		504	false	false		TraesCS2B03G0191900.1		1.39	0.9825	0.9955	0.00287562904385	1	0	1	1	0	1	     0	     0	     0			
TraesCS2B03G0161600.1	TraesCS2B03G0161600.1	TraesCS2B03G0161600.1		379	false	false		TraesCS2B03G0161600.1		1.85	0.9824	0.9937	0.00287562904385	1	1	1	1	1	1	     0	     0	     0			
TraesCS5A03G0098500.1	TraesCS5A03G0098500.1	TraesCS5A03G0098500.1		622	false	false		TraesCS5A03G0098500.1		6.91	0.9823	0.8708	0.00287562904385	2	0	2	2	0	2	     0	     0	     0			TraesCS5B03G0104400.1, TraesCS5D03G0115200.1
TraesCS2A03G1007500.1	TraesCS2A03G1007500.1	TraesCS2A03G1007500.1		350	false	false		TraesCS2A03G1007500.1		2.29	0.9822	0.9936	0.00287562904385	1	0	1	1	0	1	     0	     0	     0	N-term(42.0106)		TraesCS2A03G1008700.1, TraesCS2D03G0943900.1
TraesCS6A03G0788700.1	TraesCS6A03G0788700.1	TraesCS6A03G0788700.1		315	false	false		TraesCS6A03G0788700.1		3.81	0.9816	0.9934	0.00287562904385	1	0	1	2	0	2	     0	     0	     0			TraesCS6B03G0935300.1, TraesCS6D03G0666500.1, TraesCS6D03G0666500.2
TraesCS1B03G0099600.1	TraesCS1B03G0099600.1	TraesCS1B03G0099600.1		715	false	false		TraesCS1B03G0099600.1		1.26	0.9811	0.9932	0.00287562904385	1	1	1	1	1	1	     0	     0	     0	8C(57.0214)		
TraesCS7A03G0545400.1	TraesCS7A03G0545400.1	TraesCS7A03G0545400.1		998	false	false		TraesCS7A03G0545400.1		3.01	0.9808	0.9931	0.00287562904385	1	0	1	1	0	1	     0	     0	     0			TraesCS7A03G0545400.2, TraesCS7A03G0545400.3, TraesCS7A03G0545400.4, TraesCS7B03G0362100.1, TraesCS7D03G0523900.1
TraesCS4A03G0897300.1	TraesCS4A03G0897300.1	TraesCS4A03G0897300.1		428	false	false		TraesCS4A03G0897300.1		7.48	0.9805	0.9930	0.00287562904385	2	0	1	3	0	1	     0	     0	     0			TraesCS5B03G1236400.1, TraesCS5B03G1236400.2, TraesCS5B03G1238300.1, TraesCS5D03G1112300LC.1
TraesCS2A03G0586800.1	TraesCS2A03G0586800.1	TraesCS2A03G0586800.1		265	false	false		TraesCS2A03G0586800.1		7.17	0.9802	0.9929	0.00287562904385	1	0	1	1	0	1	     0	     0	     0			TraesCS2D03G0569500.1
TraesCS1A03G0724900.1	TraesCS1A03G0724900.1	TraesCS1A03G0724900.1		1228	false	false		TraesCS1A03G0724900.1		2.77	0.9794	0.9926	0.00287562904385	1	0	1	1	0	1	     0	     0	     0			TraesCS1A03G0724900.2
TraesCS5D03G1028200LC.1	TraesCS5D03G1028200LC.1	TraesCS5D03G1028200LC.1		99	false	false		TraesCS5D03G1028200LC.1		9.09	0.9794	0.9926	0.00287562904385	1	1	1	1	1	1	     0	     0	     0	2C(57.0214), 9M(15.9949)		
TraesCS3B03G0378600.1	TraesCS3B03G0378600.1	TraesCS3B03G0378600.1		157	false	false		TraesCS3B03G0378600.1		16.56	0.9783	0.9922	0.00287562904385	1	1	1	1	1	1	     0	     0	     0			
TraesCS7A03G0626400.1	TraesCS7A03G0626400.1	TraesCS7A03G0626400.1		365	false	false		TraesCS7A03G0626400.1		3.84	0.9783	0.9922	0.00287562904385	1	0	1	1	0	1	     0	     0	     0			TraesCS7B03G0452000.1
TraesCS5A03G0736900.1	TraesCS5A03G0736900.1	TraesCS5A03G0736900.1		371	false	false		TraesCS5A03G0736900.1		9.43	0.9781	0.8854	0.00287562904385	2	0	1	6	0	1	     0	     0	     0	10M(15.9949)		TraesCS5B03G0773300.1, TraesCS5D03G0701800.1
TraesCS5B03G0048100LC.1	TraesCS5B03G0048100LC.1	TraesCS5B03G0048100LC.1		294	false	false		TraesCS5B03G0048100LC.1		2.38	0.9781	0.9974	0.00110987791343	1	0	1	1	0	1	     0	     0	     0	N-term(42.0106)		decoy_137395
TraesCS1B03G1229500.1	TraesCS1B03G1229500.1	TraesCS1B03G1229500.1		190	false	false		TraesCS1B03G1229500.1		6.84	0.9780	0.9939	0.00287562904385	1	0	1	2	0	2	     0	     0	     0	8M(15.9949)		TraesCS1D03G0492900.1, TraesCS2B03G1420000LC.1, TraesCS2D03G0181900LC.1, TraesCS3B03G1060400LC.1, TraesCS4A03G0140800.1, TraesCS4A03G0367300.1, TraesCS4A03G0638200.1, TraesCS5A03G0060400LC.1, TraesCS5A03G0320900LC.1, TraesCS6B03G0581800.1, TraesCS6D03G0334900.1, TraesCS6D03G0502200.1, TraesCS6D03G0739400.1, TraesCS7B03G0129100LC.1, TraesCS7B03G1234700.1, TraesCS7B03G1235800.1, TraesCS7B03G1235900.1, TraesCS7B03G1346400.1, TraesCS7D03G0531400.1, TraesCS7D03G0531500LC.1, TraesCS7D03G0716800.1, TraesCS7D03G0719700LC.1, TraesCS7D03G0719800.1
TraesCS3A03G0130900.1	TraesCS3A03G0130900.1	TraesCS3A03G0130900.1		376	false	false		TraesCS3A03G0130900.1		2.93	0.9778	0.9920	0.00287562904385	1	0	1	1	0	1	     0	     0	     0	2C(57.0214)		TraesCS3D03G0116800.1
TraesCS3A03G0192800.1	TraesCS3A03G0192800.1	TraesCS3A03G0192800.1		461	false	false		TraesCS3A03G0192800.1		6.29	0.9778	0.9920	0.00287562904385	1	0	1	2	0	2	     0	     0	     0			TraesCS3A03G0192800.2, TraesCS3A03G0192800.3, TraesCS3A03G0192800.4, TraesCS3B03G0234800.1, TraesCS3B03G0234800.2, TraesCS3D03G0171800.2, TraesCS3D03G0171800.3, TraesCS3D03G0171800.4
TraesCS1A03G0531000.1	TraesCS1A03G0531000.1	TraesCS1A03G0531000.1		296	false	false		TraesCS1A03G0531000.1		8.11	0.9775	0.9919	0.00287562904385	1	0	1	1	0	1	     0	     0	     0			TraesCS1B03G0621200.1, TraesCS1D03G0512000.1
TraesCS1A03G0641800.1	TraesCS1A03G0641800.1	TraesCS1A03G0641800.1		620	false	false		TraesCS1A03G0641800.1		2.58	0.9764	0.9915	0.00287562904385	1	0	1	1	0	1	     0	     0	     0			TraesCS1B03G0728100.1, TraesCS1D03G0599100.1
TraesCS1B03G0968500.1	TraesCS1B03G0968500.1	TraesCS1B03G0968500.1		1114	false	false		TraesCS1B03G0968500.1		2.42	0.9753	0.9911	0.00287562904385	2	0	1	2	0	1	     0	     0	     0	6M(15.9949)		TraesCS1B03G0968500.2, TraesCS1D03G0811800.1, TraesCS1D03G0811800.2
TraesCS4A03G0979900.1	TraesCS4A03G0979900.1	TraesCS4A03G0979900.1		710	false	false		TraesCS4A03G0979900.1		1.55	0.9753	0.9911	0.00287562904385	1	0	1	1	0	1	     0	     0	     0			TraesCS5A03G0519000.1, TraesCS5A03G1075300.1, TraesCS5B03G0526700.2, TraesCS5B03G0526700.3, TraesCS5B03G0526700.4, TraesCS5B03G1136900.1, TraesCS5B03G1137400.1, TraesCS5B03G1137400.2, TraesCS5D03G0483600.1, TraesCS5D03G0483600.3, TraesCS5D03G1029800.1, TraesCS5D03G1029900.1, TraesCS7A03G0222300.1, TraesCS7A03G0222300.2, TraesCS7A03G0222300.3, TraesCS7D03G0203700.1
TraesCS3B03G1353200.1	TraesCS3B03G1353200.1	TraesCS3B03G1353200.1		1150	false	false		TraesCS3B03G1353200.1		1.91	0.9739	0.9906	0.00287562904385	1	0	1	1	0	1	     0	     0	     0	18C(57.0214), 5C(57.0214)		TraesCS3D03G1083700.1
TraesCS1A03G0068200.1	TraesCS1A03G0068200.1	TraesCS1A03G0068200.1		299	false	false		TraesCS1A03G0068200.1		13.04	0.9729	0.9902	0.00287562904385	1	1	1	1	1	1	     0	     0	     0			
TraesCS4A03G0411400.1	TraesCS4A03G0411400.1	TraesCS4A03G0411400.1		411	false	false		TraesCS4A03G0411400.1		2.68	0.9729	0.9902	0.00287562904385	1	0	1	1	0	1	     0	     0	     0			TraesCS4A03G0411400.2, TraesCS4B03G0463300.1, TraesCS4B03G0463300.2, TraesCS4D03G0391900.1, TraesCS4D03G0391900.2
TraesCS5A03G1039600.1	TraesCS5A03G1039600.1	TraesCS5A03G1039600.1		331	false	false		TraesCS5A03G1039600.1		6.65	0.9728	0.9920	0.00287562904385	1	0	1	1	0	1	     0	     0	     0			TraesCS5A03G1040200LC.1, TraesCS5B03G1092400.1, TraesCS5B03G1093400.1, TraesCS5D03G0983900.1, TraesCS5D03G0984500.1, TraesCS5D03G0984700.1
TraesCS4A03G0651500.1	TraesCS4A03G0651500.1	TraesCS4A03G0651500.1		205	false	false		TraesCS4A03G0651500.1		4.88	0.9726	0.9901	0.00287562904385	1	0	1	1	0	1	     0	     0	     0			TraesCS4B03G0148100.1, TraesCS4D03G0125500.1
TraesCS4B03G0895100.1	TraesCS4B03G0895100.1	TraesCS4B03G0895100.1		275	false	false		TraesCS4B03G0895100.1		9.82	0.9723	0.9900	0.00287562904385	1	0	1	1	0	1	     0	     0	     0			TraesCS4B03G0895100.2, TraesCS4D03G0788700.1, TraesCS5A03G1203300.1
TraesCS3B03G0022700.1	TraesCS3B03G0022700.1	TraesCS3B03G0022700.1		493	false	false		TraesCS3B03G0022700.1		2.03	0.9712	0.9896	0.00287562904385	1	1	1	1	1	1	     0	     0	     0	N-term(42.0106)		
TraesCS7A03G0579200.1	TraesCS7A03G0579200.1	TraesCS7A03G0579200.1		447	false	false		TraesCS7A03G0579200.1		3.13	0.9707	0.9894	0.00287562904385	1	0	1	1	0	1	     0	     0	     0			TraesCS7B03G0376600.1, TraesCS7B03G0376600.2, TraesCS7D03G0561300.1, TraesCS7D03G0561300.2
TraesCS3D03G0286500LC.1	TraesCS3D03G0286500LC.1	TraesCS3D03G0286500LC.1		111	false	false		TraesCS3D03G0286500LC.1		8.11	0.9691	0.9888	0.00287562904385	1	1	1	1	1	1	     0	     0	     0	7C(57.0214)		
TraesCS4A03G0922000.1	TraesCS4A03G0922000.1	TraesCS4A03G0922000.1		288	false	false		TraesCS4A03G0922000.1		11.81	0.9688	0.9887	0.00287562904385	2	0	2	2	0	2	     0	     0	     0			TraesCS7A03G0173000.1, TraesCS7D03G0161400.1
TraesCS1B03G0413800LC.1	TraesCS1B03G0413800LC.1	TraesCS1B03G0413800LC.1		723	false	false		TraesCS1B03G0413800LC.1		1.66	0.9682	0.9885	0.00287562904385	1	1	1	1	1	1	     0	     0	     0	8C(57.0214)		
TraesCS2D03G0429900LC.1	TraesCS2D03G0429900LC.1	TraesCS2D03G0429900LC.1		142	false	false		TraesCS2D03G0429900LC.1		9.86	0.9677	0.9883	0.00287562904385	1	1	1	1	1	1	     0	     0	     0			
TraesCS3A03G0693800.1	TraesCS3A03G0693800.1	TraesCS3A03G0693800.1		279	false	false		TraesCS3A03G0693800.1		2.51	0.9672	0.9881	0.00287562904385	1	0	1	2	0	2	     0	     0	     0	6C(57.0214)		TraesCS3B03G0790100.1, TraesCS3D03G0631100.1, decoy_241698
TraesCS6B03G0187900LC.1	TraesCS6B03G0187900LC.1	TraesCS6B03G0187900LC.1		133	false	false		TraesCS6B03G0187900LC.1		6.02	0.9671	0.9930	0.00287562904385	1	0	1	2	0	2	     0	     0	     0	4M(15.9949), 6C(57.0214)		
TraesCS7A03G0959500.1	TraesCS7A03G0959500.1	TraesCS7A03G0959500.1		330	false	false		TraesCS7A03G0959500.1		3.03	0.9669	0.9880	0.00287562904385	1	0	1	1	0	1	     0	     0	     0	1C(57.0214)		TraesCS7B03G0801800.1
TraesCS7B03G0771400.1	TraesCS7B03G0771400.1	TraesCS7B03G0771400.1		718	false	false		TraesCS7B03G0771400.1		1.11	0.9669	0.9880	0.00287562904385	1	1	1	4	4	4	     0	     0	     0	7M(15.9949), N-term(42.0106)		
TraesCS5A03G1154200LC.1	TraesCS5A03G1154200LC.1	TraesCS5A03G1154200LC.1		604	false	false		TraesCS5A03G1154200LC.1		1.66	0.9661	0.9877	0.00287562904385	1	1	1	1	1	1	     0	     0	     0	6C(57.0214), 8C(57.0214), 9C(57.0214)		
TraesCS3A03G0140100.1	TraesCS3A03G0140100.1	TraesCS3A03G0140100.1		196	false	false		TraesCS3A03G0140100.1		5.10	0.9658	0.9876	0.00287562904385	1	0	1	1	0	1	     0	     0	     0	4C(57.0214), 6C(57.0214), 9C(57.0214)		TraesCS3A03G0140300.1, TraesCS3B03G0181300LC.1, TraesCS3B03G0181700.1, TraesCS7D03G0435100LC.1
TraesCS1B03G0654300.1	TraesCS1B03G0654300.1	TraesCS1B03G0654300.1		163	false	false		TraesCS1B03G0654300.1		28.83	0.9655	0.9875	0.00287562904385	1	1	1	1	1	1	     0	     0	     0	11C(57.0214), 12C(57.0214), 27C(57.0214), N-term(42.0106)		
TraesCS2D03G0687000.1	TraesCS2D03G0687000.1	TraesCS2D03G0687000.1		521	false	false		TraesCS2D03G0687000.1		4.80	0.9655	0.9875	0.00287562904385	1	1	1	1	1	1	     0	     0	     0			
TraesCS2A03G0375000.1	TraesCS2A03G0375000.1	TraesCS2A03G0375000.1		74	false	false		TraesCS2A03G0375000.1		9.46	0.9653	0.9874	0.00287562904385	1	1	1	1	1	1	     0	     0	     0	1C(57.0214), N-term(42.0106)		
TraesCS3D03G1056900LC.1	TraesCS3D03G1056900LC.1	TraesCS3D03G1056900LC.1		148	false	false		TraesCS3D03G1056900LC.1		6.08	0.9653	0.9874	0.00287562904385	1	1	1	1	1	1	     0	     0	     0	1M(15.9949), 2M(15.9949), 4C(57.0214)		
TraesCS6B03G0439600LC.1	TraesCS6B03G0439600LC.1	TraesCS6B03G0439600LC.1		255	false	false		TraesCS6B03G0439600LC.1		3.14	0.9647	0.9872	0.00287562904385	1	1	1	1	1	1	     0	     0	     0	2C(57.0214)		
TraesCS4A03G0089500.1	TraesCS4A03G0089500.1	TraesCS4A03G0089500.1		444	false	false		TraesCS4A03G0089500.1		1.58	0.9637	0.9868	0.00287562904385	1	1	1	1	1	1	     0	     0	     0	1M(15.9949), 5M(15.9949)		
TraesCS6A03G0489800.1	TraesCS6A03G0489800.1	TraesCS6A03G0489800.1		141	false	false		TraesCS6A03G0489800.1		14.18	0.9634	0.9867	0.00287562904385	1	0	1	4	0	4	     0	     0	     0			TraesCS6A03G0489800.2, TraesCS6B03G0593900.1, TraesCS6D03G0393400.1
TraesCS6A03G0640400.1	TraesCS6A03G0640400.1	TraesCS6A03G0640400.1		441	false	false		TraesCS6A03G0640400.1		8.39	0.9626	0.9864	0.00287562904385	1	0	1	1	0	1	     0	     0	     0			TraesCS6A03G0640400.2, TraesCS6A03G0640400.3, TraesCS6B03G0765000.1, TraesCS6B03G0765000.2, TraesCS6B03G0765000.3, TraesCS6B03G0765000.4, TraesCS6B03G0765000.5, TraesCS6B03G0765000.6, TraesCS6D03G0532800.1, TraesCS6D03G0532800.2, TraesCS6D03G0532800.3
TraesCS1B03G1039400.1	TraesCS1B03G1039400.1	TraesCS1B03G1039400.1		1267	false	false		TraesCS1B03G1039400.1		1.34	0.9621	0.9862	0.00287562904385	1	1	1	1	1	1	     0	     0	     0	8M(15.9949)		
TraesCS1D03G0467800.1	TraesCS1D03G0467800.1	TraesCS1D03G0467800.1		175	false	false		TraesCS1D03G0467800.1		5.14	0.9618	0.9861	0.00287562904385	1	0	1	1	0	1	     0	     0	     0			TraesCS2D03G1232100LC.1, TraesCS2D03G1302500LC.1, TraesCS3D03G0096700LC.1, TraesCS5D03G0936300.1, TraesCSU03G0499200LC.1
TraesCS2B03G0468900.1	TraesCS2B03G0468900.1	TraesCS2B03G0468900.1		831	false	false		TraesCS2B03G0468900.1		2.65	0.9615	0.9860	0.00287562904385	1	0	1	1	0	1	     0	     0	     0			TraesCS2D03G0366700.1
TraesCS3A03G0359000.1	TraesCS3A03G0359000.1	TraesCS3A03G0359000.1		361	false	false		TraesCS3A03G0359000.1		3.60	0.9612	0.9859	0.00287562904385	1	1	1	2	2	2	     0	     0	     0			
TraesCS7D03G1207400.1	TraesCS7D03G1207400.1	TraesCS7D03G1207400.1		335	false	false		TraesCS7D03G1207400.1		3.28	0.9601	0.9873	0.00287562904385	1	0	1	1	0	1	     0	     0	     0			
TraesCS7A03G0883200.1	TraesCS7A03G0883200.1	TraesCS7A03G0883200.1		401	false	false		TraesCS7A03G0883200.1		5.74	0.9599	0.9854	0.00287562904385	2	0	1	2	0	1	     0	     0	     0			TraesCS7B03G0731400.1, TraesCS7D03G0853400.1
TraesCS3A03G0722200.1	TraesCS3A03G0722200.1	TraesCS3A03G0722200.1		983	false	false		TraesCS3A03G0722200.1		2.54	0.9596	0.9853	0.00287562904385	1	0	1	1	0	1	     0	     0	     0			TraesCS3B03G0828300.1, TraesCS3B03G0828300.2, TraesCS3D03G0666000.1, TraesCS3D03G0666000.2, TraesCS3D03G0666000.3
TraesCS2B03G0445000.1	TraesCS2B03G0445000.1	TraesCS2B03G0445000.1		476	false	false		TraesCS2B03G0445000.1		1.89	0.9594	0.9852	0.00287562904385	1	1	1	1	1	1	     0	     0	     0	3M(15.9949)		
TraesCS4B03G0954700.1	TraesCS4B03G0954700.1	TraesCS4B03G0954700.1		603	false	false		TraesCS4B03G0954700.1		4.81	0.9572	0.9844	0.00287562904385	1	0	1	1	0	1	     0	     0	     0			TraesCS4B03G0964200.1, TraesCS4D03G0829000.1, TraesCS5A03G1255200.1
TraesCS6A03G0090600.1	TraesCS6A03G0090600.1	TraesCS6A03G0090600.1		570	false	false		TraesCS6A03G0090600.1		1.58	0.9570	0.9843	0.00287562904385	1	0	1	1	0	1	     0	     0	     0			TraesCS6D03G0095800.1
TraesCS1A03G0181600.1	TraesCS1A03G0181600.1	TraesCS1A03G0181600.1		670	false	false		TraesCS1A03G0181600.1		4.48	0.9568	0.9719	0.00287562904385	2	0	2	2	0	2	     0	     0	     0			TraesCS1B03G0248900.1, TraesCS1D03G0178000.1, TraesCS1D03G0178000.2, TraesCS1D03G0178000.3
TraesCS3D03G0898500.1	TraesCS3D03G0898500.1	TraesCS3D03G0898500.1		349	false	false		TraesCS3D03G0898500.1		2.01	0.9564	0.9859	0.00287562904385	1	0	1	1	0	1	     0	     0	     0	6C(57.0214), 7C(57.0214)		
TraesCS5B03G0498500.1	TraesCS5B03G0498500.1	TraesCS5B03G0498500.1		271	false	false		TraesCS5B03G0498500.1		2.95	0.9564	0.9841	0.00287562904385	1	0	1	1	0	1	     0	     0	     0	N-term(42.0106)		TraesCS5D03G0462300.1
TraesCS2D03G0837000.1	TraesCS2D03G0837000.1	TraesCS2D03G0837000.1		243	false	false		TraesCS2D03G0837000.1		11.11	0.9562	0.9840	0.00287562904385	1	0	1	1	0	1	     0	     0	     0	N-term(42.0106)		TraesCS2D03G0837200.1
TraesCS5A03G0760900.1	TraesCS5A03G0760900.1	TraesCS5A03G0760900.1		299	false	false		TraesCS5A03G0760900.1		5.35	0.9562	0.9840	0.00287562904385	1	0	1	1	0	1	     0	     0	     0			TraesCS5B03G0795700.1, TraesCS5D03G0721300.1, TraesCS7A03G1365400.1, TraesCS7A03G1365400.2, TraesCS7B03G1305600.1, TraesCS7D03G1292400.1
TraesCS5D03G0494000.1	TraesCS5D03G0494000.1	TraesCS5D03G0494000.1		842	false	false		TraesCS5D03G0494000.1		1.54	0.9546	0.9834	0.00287562904385	1	1	1	1	1	1	     0	     0	     0			
TraesCS1B03G0219000.1	TraesCS1B03G0219000.1	TraesCS1B03G0219000.1		122	false	false		TraesCS1B03G0219000.1		9.84	0.9538	0.9831	0.00287562904385	1	1	1	1	1	1	     0	     0	     0	10M(15.9949), 2C(57.0214), 9M(15.9949)		
TraesCS6D03G0070300.1	TraesCS6D03G0070300.1	TraesCS6D03G0070300.1		350	false	false		TraesCS6D03G0070300.1		4.29	0.9530	0.9828	0.00287562904385	1	1	1	2	2	2	     0	     0	     0	11C(57.0214), 4M(15.9949)		
TraesCS6A03G0812300.1	TraesCS6A03G0812300.1	TraesCS6A03G0812300.1		859	false	false		TraesCS6A03G0812300.1		0.81	0.9523	0.9844	0.00287562904385	1	0	1	1	0	1	     0	     0	     0	5C(57.0214), 6M(15.9949)		TraesCS6D03G0686500.1
TraesCS7B03G0488700LC.1	TraesCS7B03G0488700LC.1	TraesCS7B03G0488700LC.1		214	false	false		TraesCS7B03G0488700LC.1		14.02	0.9519	0.9824	0.00287562904385	1	1	1	1	1	1	     0	     0	     0	25M(15.9949), 8M(15.9949)		
TraesCS7D03G0780500.1	TraesCS7D03G0780500.1	TraesCS7D03G0780500.1		959	false	false		TraesCS7D03G0780500.1		0.73	0.9514	0.9822	0.00287562904385	1	1	1	1	1	1	     0	     0	     0			
TraesCS3B03G1156100.2	TraesCS3B03G1156100.2	TraesCS3B03G1156100.2		489	false	false		TraesCS3B03G1156100.2		11.04	0.9511	0.9821	0.00287562904385	1	1	1	1	1	1	     0	     0	     0			
TraesCS1B03G0431900LC.1	TraesCS1B03G0431900LC.1	TraesCS1B03G0431900LC.1		392	false	false		TraesCS1B03G0431900LC.1		2.55	0.9509	0.9820	0.00287562904385	1	0	1	1	0	1	     0	     0	     0	3M(15.9949), 7M(15.9949), 9M(15.9949)		TraesCS2B03G0437600LC.1, TraesCS6D03G0431100LC.1
TraesCS5B03G0107700.2	TraesCS5B03G0107700.2	TraesCS5B03G0107700.2		140	false	false		TraesCS5B03G0107700.2		30.00	0.9506	0.9819	0.00287562904385	1	1	1	2	2	2	     0	     0	     0	7M(15.9949)		
TraesCS7A03G0250800LC.1	TraesCS7A03G0250800LC.1	TraesCS7A03G0250800LC.1		142	false	false		TraesCS7A03G0250800LC.1		6.34	0.9506	0.9819	0.00287562904385	1	1	1	4	4	4	     0	     0	     0			
TraesCS7A03G0539700.1	TraesCS7A03G0539700.1	TraesCS7A03G0539700.1		377	false	false		TraesCS7A03G0539700.1		2.92	0.9499	0.9835	0.00287562904385	1	0	1	1	0	1	     0	     0	     0	8M(15.9949)		TraesCS7A03G0539700.2, TraesCS7B03G0355300.1, TraesCS7B03G0355300.2, TraesCS7D03G0516600.1, TraesCS7D03G0516600.2
TraesCS1B03G0206200.1	TraesCS1B03G0206200.1	TraesCS1B03G0206200.1		72	false	false		TraesCS1B03G0206200.1		23.61	0.9485	0.9811	0.00287562904385	1	1	1	2	2	2	     0	     0	     0			
TraesCS3B03G0351700LC.1	TraesCS3B03G0351700LC.1	TraesCS3B03G0351700LC.1		245	false	false		TraesCS3B03G0351700LC.1		4.08	0.9482	0.9810	0.00287562904385	1	1	1	1	1	1	     0	     0	     0	3M(15.9949), 8M(15.9949)		
TraesCS1A03G0719000.1	TraesCS1A03G0719000.1	TraesCS1A03G0719000.1		526	false	false		TraesCS1A03G0719000.1		2.28	0.9477	0.9808	0.00287562904385	1	0	1	2	0	2	     0	     0	     0			TraesCS1B03G0820600.1, TraesCS1D03G0681800.1
TraesCS6B03G1066600.1	TraesCS6B03G1066600.1	TraesCS6B03G1066600.1		426	false	false		TraesCS6B03G1066600.1		6.10	0.9467	0.9804	0.00287562904385	1	0	1	2	0	2	     0	     0	     0			TraesCS6D03G0763600.1
TraesCS6D03G0617600.1	TraesCS6D03G0617600.1	TraesCS6D03G0617600.1		1148	false	false		TraesCS6D03G0617600.1		1.57	0.9464	0.9803	0.00287562904385	1	1	1	1	1	1	     0	     0	     0			
TraesCS3A03G0212600.1	TraesCS3A03G0212600.1	TraesCS3A03G0212600.1		172	false	false		TraesCS3A03G0212600.1		4.07	0.9456	0.9800	0.00287562904385	1	1	1	1	1	1	     0	     0	     0			
TraesCS4A03G0327600.1	TraesCS4A03G0327600.1	TraesCS4A03G0327600.1		648	false	false		TraesCS4A03G0327600.1		1.70	0.9450	0.6443	0.00287562904385	1	0	1	2	0	2	     0	     0	     0	3M(15.9949)		TraesCS4B03G0387400.1, TraesCS4B03G0387400.2, TraesCS4B03G0387400.3, TraesCS4B03G0387400.4, TraesCS4B03G0387400.5, TraesCS4B03G0387400.6, TraesCS4B03G0387400.7, TraesCS4D03G0388400.1, TraesCS4D03G0388400.2
TraesCS5A03G0533400.1	TraesCS5A03G0533400.1	TraesCS5A03G0533400.1		422	false	false		TraesCS5A03G0533400.1		3.08	0.9448	0.9797	0.00287562904385	1	0	1	1	0	1	     0	     0	     0			TraesCS5B03G0541200.1, TraesCS5D03G0494600.1
TraesCS7B03G0051700.1	TraesCS7B03G0051700.1	TraesCS7B03G0051700.1		243	false	false		TraesCS7B03G0051700.1		4.53	0.9440	0.9794	0.00287562904385	1	0	1	1	0	1	     0	     0	     0	10C(57.0214), 1C(57.0214), 5C(57.0214), 7C(57.0214), 8C(57.0214)		TraesCS7D03G0005400.1
TraesCS4A03G1223500.1	TraesCS4A03G1223500.1	TraesCS4A03G1223500.1		616	false	false		TraesCS4A03G1223500.1		2.76	0.9425	0.9788	0.00287562904385	1	0	1	1	0	1	     0	     0	     0			TraesCS4A03G1223500.2, TraesCS7D03G0021600.1, TraesCS7D03G0021600.2
TraesCS5A03G0331600.1	TraesCS5A03G0331600.1	TraesCS5A03G0331600.1		358	false	false		TraesCS5A03G0331600.1		10.34	0.9406	0.9781	0.00287562904385	1	0	1	1	0	1	     0	     0	     0			TraesCS5A03G0331600.2, TraesCS5B03G0332800.1, TraesCS5B03G0332800.2, TraesCS5B03G0332800.3, TraesCS5D03G0320100.1, TraesCS5D03G0320100.2, TraesCS5D03G0320100.3
TraesCS2D03G0161000LC.1	TraesCS2D03G0161000LC.1	TraesCS2D03G0161000LC.1		63	false	false		TraesCS2D03G0161000LC.1		11.11	0.9401	0.9779	0.00287562904385	1	0	1	1	0	1	     0	     0	     0			TraesCS6D03G0623500LC.1, TraesCS7A03G1284500.1, TraesCS7B03G0855000LC.1
TraesCS2A03G0701200LC.1	TraesCS2A03G0701200LC.1	TraesCS2A03G0701200LC.1		384	false	false		TraesCS2A03G0701200LC.1		3.65	0.9399	0.9778	0.00287562904385	1	1	1	1	1	1	     0	     0	     0			
TraesCS2A03G0379700LC.1	TraesCS2A03G0379700LC.1	TraesCS2A03G0379700LC.1		716	false	false		TraesCS2A03G0379700LC.1		0.98	0.9396	0.9777	0.00287562904385	1	1	1	1	1	1	     0	     0	     0	1C(57.0214), 3M(15.9949), 6C(57.0214)		
TraesCS3B03G0049300.1	TraesCS3B03G0049300.1	TraesCS3B03G0049300.1		206	false	false		TraesCS3B03G0049300.1		9.71	0.9393	0.9776	0.00287562904385	1	1	1	1	1	1	     0	     0	     0			
TraesCS4A03G0746000.1	TraesCS4A03G0746000.1	TraesCS4A03G0746000.1		281	false	false		TraesCS4A03G0746000.1		8.90	0.9350	0.9451	0.00287562904385	2	1	2	2	1	2	     0	     0	     0			
TraesCS6A03G0743500.1	TraesCS6A03G0743500.1	TraesCS6A03G0743500.1		438	false	false		TraesCS6A03G0743500.1		3.42	0.9347	0.9758	0.00287562904385	1	0	1	1	0	1	     0	     0	     0			TraesCS6A03G0743500.2, TraesCS6B03G0884400.1, TraesCS6D03G0625500.1
TraesCS1B03G1080600.1	TraesCS1B03G1080600.1	TraesCS1B03G1080600.1		370	false	false		TraesCS1B03G1080600.1		2.70	0.9341	0.9756	0.00287562904385	1	1	1	1	1	1	     0	     0	     0	1M(15.9949), 4M(15.9949), 8M(15.9949)		
TraesCS6D03G0553300.1	TraesCS6D03G0553300.1	TraesCS6D03G0553300.1		352	false	false		TraesCS6D03G0553300.1		2.56	0.9339	0.9755	0.00287562904385	1	1	1	1	1	1	     0	     0	     0	8C(57.0214), N-term(42.0106)		
TraesCS3A03G0620600LC.1	TraesCS3A03G0620600LC.1	TraesCS3A03G0620600LC.1		592	false	false		TraesCS3A03G0620600LC.1		1.35	0.9336	0.9754	0.00287562904385	1	0	1	5	0	5	     0	     0	     0			TraesCS3A03G0620600LC.2, TraesCS3A03G0620600LC.3, TraesCS3D03G0568100LC.1, TraesCS3D03G0568100LC.2, TraesCS3D03G0568100LC.3
TraesCS6A03G0009100.1	TraesCS6A03G0009100.1	TraesCS6A03G0009100.1		169	false	false		TraesCS6A03G0009100.1		10.06	0.9336	0.9754	0.00287562904385	1	0	1	1	0	1	     0	     0	     0	1M(15.9949)		TraesCS6B03G0022700.1, TraesCS6D03G0015300.1
TraesCS4A03G0950100LC.1	TraesCS4A03G0950100LC.1	TraesCS4A03G0950100LC.1		337	false	false		TraesCS4A03G0950100LC.1		3.56	0.9318	0.9747	0.00287562904385	1	1	1	1	1	1	     0	     0	     0	4M(15.9949), 7C(57.0214)		
TraesCS2B03G0100100.1	TraesCS2B03G0100100.1	TraesCS2B03G0100100.1		344	false	false		TraesCS2B03G0100100.1		2.03	0.9308	0.9762	0.00287562904385	1	0	1	1	0	1	     0	     0	     0			
TraesCS5B03G0882900LC.1	TraesCS5B03G0882900LC.1	TraesCS5B03G0882900LC.1		146	false	false		TraesCS5B03G0882900LC.1		5.48	0.9307	0.9761	0.00287562904385	1	0	1	1	0	1	     0	     0	     0	6M(15.9949)		
TraesCS2A03G1132700.1	TraesCS2A03G1132700.1	TraesCS2A03G1132700.1		171	false	false		TraesCS2A03G1132700.1		4.09	0.9302	0.9760	0.00287562904385	1	0	1	1	0	1	     0	     0	     0	4C(57.0214)		TraesCS2A03G1240400.1, TraesCS2A03G1240500.1, TraesCS2A03G1240700.1, TraesCS2B03G1285000.1, TraesCS2B03G1421400.1, TraesCS2B03G1422200.1, TraesCS2D03G1082100.1, TraesCS2D03G1196200.1, TraesCS2D03G1202500LC.1, TraesCS3A03G0026700.1, TraesCS3B03G0028600.1, TraesCS3B03G0029300.1, TraesCS3B03G0029300.2, TraesCS3B03G0029700.1, TraesCS3B03G0029800.1, TraesCS3D03G0021800.1, TraesCS3D03G0021900.1, TraesCS3D03G0022000.1
TraesCS7A03G0563600.1	TraesCS7A03G0563600.1	TraesCS7A03G0563600.1		696	false	false		TraesCS7A03G0563600.1		1.72	0.9300	0.9740	0.00287562904385	1	0	1	1	0	1	     0	     0	     0			TraesCS7B03G0396800.1, TraesCS7D03G0545900.1
TraesCS5A03G1144700.1	TraesCS5A03G1144700.1	TraesCS5A03G1144700.1		119	false	false		TraesCS5A03G1144700.1		16.81	0.9287	0.9735	0.00287562904385	1	0	1	1	0	1	     0	     0	     0			TraesCS5D03G1100400.1
TraesCS7A03G0784800.1	TraesCS7A03G0784800.1	TraesCS7A03G0784800.1		448	false	false		TraesCS7A03G0784800.1		1.79	0.9224	0.9710	0.00287562904385	1	0	1	1	0	1	     0	     0	     0			TraesCS7D03G0750100.1
TraesCS3B03G0250000.1	TraesCS3B03G0250000.1	TraesCS3B03G0250000.1		71	false	false		TraesCS3B03G0250000.1		14.08	0.9213	0.9706	0.00287562904385	1	0	1	1	0	1	     0	     0	     0	8C(57.0214)		TraesCSU03G0042500.1
TraesCS1B03G0350400.1	TraesCS1B03G0350400.1	TraesCS1B03G0350400.1		261	false	false		TraesCS1B03G0350400.1		20.69	0.9197	0.6646	0.00287562904385	2	1	1	2	1	1	     0	     0	     0			
TraesCS5D03G0766200.1	TraesCS5D03G0766200.1	TraesCS5D03G0766200.1		559	false	false		TraesCS5D03G0766200.1		1.61	0.9196	0.9699	0.00287562904385	1	1	1	1	1	1	     0	     0	     0	2C(57.0214), 4C(57.0214), 6C(57.0214)		
TraesCS1D03G0458600LC.1	TraesCS1D03G0458600LC.1	TraesCS1D03G0458600LC.1		102	false	false		TraesCS1D03G0458600LC.1		8.82	0.9180	0.9693	0.00287562904385	1	1	1	1	1	1	     0	     0	     0			
TraesCS3B03G1242900LC.1	TraesCS3B03G1242900LC.1	TraesCS3B03G1242900LC.1		2030	false	false		TraesCS3B03G1242900LC.1		0.49	0.9163	0.9686	0.00287562904385	1	0	1	1	0	1	     0	     0	     0			TraesCS4A03G0939900LC.1
TraesCS4A03G0461700LC.1	TraesCS4A03G0461700LC.1	TraesCS4A03G0461700LC.1		170	false	false		TraesCS4A03G0461700LC.1		7.06	0.9151	0.9720	0.00287562904385	1	0	1	1	0	1	     0	     0	     0	4M(15.9949), 6C(57.0214)		
TraesCS1A03G0718800.1	TraesCS1A03G0718800.1	TraesCS1A03G0718800.1		304	false	false		TraesCS1A03G0718800.1		2.30	0.9141	0.9697	0.00287562904385	1	0	1	1	0	1	     0	     0	     0			TraesCS1D03G0681500.1
TraesCS2A03G0065800.1	TraesCS2A03G0065800.1	TraesCS2A03G0065800.1		205	false	false		TraesCS2A03G0065800.1		4.39	0.9133	0.9674	0.00287562904385	1	0	1	2	0	2	     0	     0	     0			TraesCS2A03G0065800.2, TraesCS2B03G0097900.1, TraesCS2D03G0060900.1
TraesCS4A03G0017800LC.1	TraesCS4A03G0017800LC.1	TraesCS4A03G0017800LC.1		330	false	false		TraesCS4A03G0017800LC.1		2.42	0.9133	0.9674	0.00287562904385	1	0	1	1	0	1	     0	     0	     0			TraesCS4B03G0772700LC.1
TraesCS7A03G0304100.1	TraesCS7A03G0304100.1	TraesCS7A03G0304100.1		179	false	false		TraesCS7A03G0304100.1		10.06	0.9128	0.9672	0.00287562904385	1	1	1	1	1	1	     0	     0	     0			
TraesCS3A03G0231600.1	TraesCS3A03G0231600.1	TraesCS3A03G0231600.1		438	false	false		TraesCS3A03G0231600.1		1.83	0.9120	0.9669	0.00287562904385	1	1	1	1	1	1	     0	     0	     0	6C(57.0214), 7C(57.0214)		
TraesCS6B03G0781900.1	TraesCS6B03G0781900.1	TraesCS6B03G0781900.1		694	false	false		TraesCS6B03G0781900.1		1.87	0.9113	0.9666	0.00287562904385	1	1	1	1	1	1	     0	     0	     0			
TraesCS4A03G0968700.1	TraesCS4A03G0968700.1	TraesCS4A03G0968700.1		394	false	false		TraesCS4A03G0968700.1		5.33	0.9090	0.9657	0.00287562904385	1	0	1	1	0	1	     0	     0	     0			TraesCS7A03G0212700.1, TraesCS7D03G0193100.1
TraesCS2A03G0540800.1	TraesCS2A03G0540800.1	TraesCS2A03G0540800.1		623	false	false		TraesCS2A03G0540800.1		5.46	0.9068	0.9648	0.00287562904385	1	0	1	1	0	1	     0	     0	     0			TraesCS2B03G0633800.1, TraesCS2D03G0499700.2, TraesCS2D03G0499700.3
TraesCS4A03G1118400.1	TraesCS4A03G1118400.1	TraesCS4A03G1118400.1		310	false	false		TraesCS4A03G1118400.1		3.55	0.9065	0.9647	0.00287562904385	1	1	1	1	1	1	     0	     0	     0	4C(57.0214), 7C(57.0214)		
TraesCS4B03G0414800.1	TraesCS4B03G0414800.1	TraesCS4B03G0414800.1		226	false	false		TraesCS4B03G0414800.1		17.26	0.9063	0.9646	0.00287562904385	1	0	1	1	0	1	     0	     0	     0			TraesCS4D03G0397700.1
TraesCS6A03G0312800.1	TraesCS6A03G0312800.1	TraesCS6A03G0312800.1		122	false	false		TraesCS6A03G0312800.1		7.38	0.9055	0.9643	0.00287562904385	1	1	1	1	1	1	     0	     0	     0			
TraesCS5D03G0242100.1	TraesCS5D03G0242100.1	TraesCS5D03G0242100.1		1208	false	false		TraesCS5D03G0242100.1		2.32	0.9053	0.9661	0.00287562904385	1	0	1	1	0	1	     0	     0	     0	10C(57.0214), 13C(57.0214), 17C(57.0214), 24C(57.0214), 27C(57.0214), 3C(57.0214), 5C(57.0214)		
TraesCS1A03G0387100.1	TraesCS1A03G0387100.1	TraesCS1A03G0387100.1		461	false	false		TraesCS1A03G0387100.1		3.47	0.9038	0.9636	0.00287562904385	1	0	1	1	0	1	     0	     0	     0			TraesCS1A03G0387100.2, TraesCS1B03G0468800.1, TraesCS1D03G0361300.1
TraesCS6D03G0011900LC.1	TraesCS6D03G0011900LC.1	TraesCS6D03G0011900LC.1		356	false	false		TraesCS6D03G0011900LC.1		1.97	0.9035	0.9635	0.00287562904385	1	1	1	2	2	2	     0	     0	     0			
TraesCS6D03G0634100.1	TraesCS6D03G0634100.1	TraesCS6D03G0634100.1		376	false	false		TraesCS6D03G0634100.1		3.99	0.9025	0.9631	0.00287562904385	1	1	1	1	1	1	     0	     0	     0	10C(57.0214), 13C(57.0214), 2C(57.0214), 5M(15.9949)		
TraesCS2B03G1368800LC.1	TraesCS2B03G1368800LC.1	TraesCS2B03G1368800LC.1		100	false	false		TraesCS2B03G1368800LC.1		7.00	0.9018	0.9628	0.00287562904385	1	1	1	1	1	1	     0	     0	     0	1M(15.9949)		
TraesCS1A03G0075900LC.1	TraesCS1A03G0075900LC.1	TraesCS1A03G0075900LC.1		288	false	false		TraesCS1A03G0075900LC.1		4.17	0.8998	0.9620	0.00287562904385	1	1	1	1	1	1	     0	     0	     0			
TraesCS7A03G0035200.1	TraesCS7A03G0035200.1	TraesCS7A03G0035200.1		639	false	false		TraesCS7A03G0035200.1		1.25	0.8974	0.9610	0.00287562904385	1	1	1	2	2	2	     0	     0	     0	5M(15.9949)		
TraesCS3B03G0482200LC.1	TraesCS3B03G0482200LC.1	TraesCS3B03G0482200LC.1		254	false	false		TraesCS3B03G0482200LC.1		4.72	0.8949	0.9600	0.00287562904385	1	1	1	1	1	1	     0	     0	     0	9C(57.0214)		
TraesCS1D03G0146200LC.1	TraesCS1D03G0146200LC.1	TraesCS1D03G0146200LC.1		115	false	false		TraesCS1D03G0146200LC.1		23.48	0.8945	0.9621	0.00287562904385	1	0	1	1	0	1	     0	     0	     0			TraesCS3A03G0799000.1, TraesCS3A03G0799000.2, TraesCS3B03G0922900.1, TraesCS3B03G0922900.2, TraesCS3D03G0360600LC.1, TraesCS3D03G0360600LC.2, TraesCS3D03G0737900.2
TraesCS7A03G0869000.1	TraesCS7A03G0869000.1	TraesCS7A03G0869000.1		443	false	false		TraesCS7A03G0869000.1		1.58	0.8925	0.9590	0.00287562904385	1	1	1	1	1	1	     0	     0	     0			
TraesCS4D03G0014000LC.1	TraesCS4D03G0014000LC.1	TraesCS4D03G0014000LC.1		490	false	false		TraesCS4D03G0014000LC.1		1.43	0.8922	0.9589	0.00287562904385	1	1	1	1	1	1	     0	     0	     0			
TraesCS4A03G0537400.1	TraesCS4A03G0537400.1	TraesCS4A03G0537400.1		260	false	false		TraesCS4A03G0537400.1		4.23	0.8903	0.9600	0.00287562904385	1	0	1	1	0	1	     0	     0	     0			
TraesCS6D03G0249700.1	TraesCS6D03G0249700.1	TraesCS6D03G0249700.1		464	false	false		TraesCS6D03G0249700.1		4.53	0.8847	0.9558	0.00287562904385	1	1	1	1	1	1	     0	     0	     0	18C(57.0214), 1M(15.9949)		
TraesCS5D03G0598900LC.1	TraesCS5D03G0598900LC.1	TraesCS5D03G0598900LC.1		250	false	false		TraesCS5D03G0598900LC.1		2.80	0.8842	0.9556	0.00287562904385	1	1	1	1	1	1	     0	     0	     0	2C(57.0214), 4C(57.0214)		
TraesCS3B03G0541600LC.1	TraesCS3B03G0541600LC.1	TraesCS3B03G0541600LC.1		741	false	false		TraesCS3B03G0541600LC.1		1.35	0.8835	0.9553	0.00287562904385	1	1	1	1	1	1	     0	     0	     0	1M(15.9949), 5C(57.0214), 7C(57.0214)		
TraesCS2A03G1365700.1	TraesCS2A03G1365700.1	TraesCS2A03G1365700.1		243	false	false		TraesCS2A03G1365700.1		8.64	0.8823	0.9548	0.00287562904385	1	0	1	1	0	1	     0	     0	     0			TraesCS2A03G1365700.2, TraesCS2B03G1568700.1, TraesCS2D03G1332600.1, TraesCS2D03G1332600.2, TraesCS2D03G1332600.3, TraesCS2D03G1332600.4
TraesCS1D03G0651600.1	TraesCS1D03G0651600.1	TraesCS1D03G0651600.1		229	false	false		TraesCS1D03G0651600.1		5.24	0.8806	0.9541	0.00287562904385	1	1	1	1	1	1	     0	     0	     0			
TraesCS3D03G1196300.1	TraesCS3D03G1196300.1	TraesCS3D03G1196300.1		451	false	false		TraesCS3D03G1196300.1		2.00	0.8789	0.9534	0.00287562904385	1	1	1	1	1	1	     0	     0	     0	N-term(42.0106)		
TraesCS1D03G0030200LC.1	TraesCS1D03G0030200LC.1	TraesCS1D03G0030200LC.1		159	false	false		TraesCS1D03G0030200LC.1		5.66	0.8787	0.9533	0.00287562904385	1	1	1	1	1	1	     0	     0	     0	N-term(42.0106)		
TraesCS4B03G0941400.1	TraesCS4B03G0941400.1	TraesCS4B03G0941400.1		365	false	false		TraesCS4B03G0941400.1		1.92	0.8784	0.9532	0.00287562904385	1	0	1	1	0	1	     0	     0	     0	3C(57.0214), 4C(57.0214)		TraesCS4B03G0941400.2, TraesCS4B03G0941400.3, TraesCS4B03G0943100.1, TraesCS4B03G0943100.2, TraesCS4B03G0943100.3, TraesCS5A03G1244600.1, TraesCS5A03G1245100.1
TraesCS4A03G0467100.1	TraesCS4A03G0467100.1	TraesCS4A03G0467100.1		644	false	false		TraesCS4A03G0467100.1		1.09	0.8783	0.9552	0.00287562904385	1	0	1	1	0	1	     0	     0	     0			
TraesCS2B03G0486300.1	TraesCS2B03G0486300.1	TraesCS2B03G0486300.1		513	false	false		TraesCS2B03G0486300.1		1.36	0.8781	0.9551	0.00287562904385	1	0	1	1	0	1	     0	     0	     0	4M(15.9949)		
TraesCS5D03G0798100.1	TraesCS5D03G0798100.1	TraesCS5D03G0798100.1		215	false	false		TraesCS5D03G0798100.1		5.12	0.8763	0.9523	0.00287562904385	1	1	1	1	1	1	     0	     0	     0			
TraesCS2B03G0981800.1	TraesCS2B03G0981800.1	TraesCS2B03G0981800.1		796	false	false		TraesCS2B03G0981800.1		1.51	0.8739	0.9513	0.00287562904385	1	0	1	1	0	1	     0	     0	     0	12M(15.9949)		TraesCS2D03G0833000.1, TraesCS2D03G0833000.2
TraesCS5D03G1055900.1	TraesCS5D03G1055900.1	TraesCS5D03G1055900.1		153	false	false		TraesCS5D03G1055900.1		7.19	0.8725	0.9507	0.00287562904385	1	1	1	1	1	1	     0	     0	     0	N-term(42.0106)		
TraesCS7A03G1265100.1	TraesCS7A03G1265100.1	TraesCS7A03G1265100.1		204	false	false		TraesCS7A03G1265100.1		4.90	0.8720	0.9505	0.00287562904385	1	0	1	1	0	1	     0	     0	     0	1M(15.9949), 5M(15.9949)		TraesCS7B03G1182200.1, TraesCS7D03G1206100.1
TraesCS2A03G0453100.1	TraesCS2A03G0453100.1	TraesCS2A03G0453100.1		355	false	false		TraesCS2A03G0453100.1		2.82	0.8704	0.9519	0.00287562904385	1	0	1	1	0	1	     0	     0	     0			
TraesCS2A03G0757600LC.1	TraesCS2A03G0757600LC.1	TraesCS2A03G0757600LC.1		98	false	false		TraesCS2A03G0757600LC.1		11.22	0.8673	0.9486	0.00287562904385	1	1	1	2	2	2	     0	     0	     0	1C(57.0214), 4C(57.0214), 5M(15.9949), 6C(57.0214), 8C(57.0214)		
TraesCS4D03G0251500LC.1	TraesCS4D03G0251500LC.1	TraesCS4D03G0251500LC.1		275	false	false		TraesCS4D03G0251500LC.1		5.09	0.8661	0.9481	0.00287562904385	1	1	1	1	1	1	     0	     0	     0			
TraesCS2A03G1170800.1	TraesCS2A03G1170800.1	TraesCS2A03G1170800.1		359	false	false		TraesCS2A03G1170800.1		2.51	0.8640	0.9472	0.00287562904385	1	1	1	2	2	2	     0	     0	     0	N-term(42.0106)		
TraesCS1D03G0125600.1	TraesCS1D03G0125600.1	TraesCS1D03G0125600.1		414	false	false		TraesCS1D03G0125600.1		1.93	0.8638	0.9471	0.00287562904385	1	0	1	1	0	1	     0	     0	     0	3C(57.0214), 6M(15.9949)		TraesCS6B03G0230900.1
TraesCS1A03G0073700.1	TraesCS1A03G0073700.1	TraesCS1A03G0073700.1		343	false	false		TraesCS1A03G0073700.1		5.83	0.8621	0.9464	0.00287562904385	1	0	1	1	0	1	     0	     0	     0			TraesCS1B03G0084700.1, TraesCS1D03G0064100.1
TraesCS1A03G0846500.1	TraesCS1A03G0846500.1	TraesCS1A03G0846500.1		144	false	false		TraesCS1A03G0846500.1		6.94	0.8609	0.9459	0.00287562904385	1	0	1	4	0	4	     0	     0	     0	10M(15.9949)		TraesCS1B03G0973400.1, TraesCS3A03G0700200.1, TraesCS3B03G0797700.1, TraesCS3D03G0642300.1
TraesCS1A03G0168000LC.1	TraesCS1A03G0168000LC.1	TraesCS1A03G0168000LC.1		64	false	false		TraesCS1A03G0168000LC.1		10.94	0.8608	0.9499	0.00287562904385	1	0	1	1	0	1	     0	     0	     0			
TraesCS7A03G0108700.1	TraesCS7A03G0108700.1	TraesCS7A03G0108700.1		371	false	false		TraesCS7A03G0108700.1		2.70	0.8579	0.9446	0.00287562904385	1	1	1	1	1	1	     0	     0	     0			
TraesCS3B03G0948000.1	TraesCS3B03G0948000.1	TraesCS3B03G0948000.1		125	false	false		TraesCS3B03G0948000.1		14.40	0.8572	0.9443	0.00287562904385	1	1	1	1	1	1	     0	     0	     0			
TraesCS4A03G0423800LC.1	TraesCS4A03G0423800LC.1	TraesCS4A03G0423800LC.1		128	false	false		TraesCS4A03G0423800LC.1		7.03	0.8570	0.9442	0.00287562904385	1	1	1	1	1	1	     0	     0	     0	4M(15.9949), 6M(15.9949), 8C(57.0214)		
TraesCS1A03G0393400.1	TraesCS1A03G0393400.1	TraesCS1A03G0393400.1		293	false	false		TraesCS1A03G0393400.1		3.41	0.8525	0.9444	0.00287562904385	1	0	1	1	0	1	     0	     0	     0			TraesCS1B03G0482200.1, TraesCS1D03G0365000.1, TraesCS1D03G0365000.2, TraesCS4B03G0842800.1, TraesCS4D03G0751500.1, TraesCS5A03G1165000.1
TraesCS2A03G0280300LC.1	TraesCS2A03G0280300LC.1	TraesCS2A03G0280300LC.1		142	false	false		TraesCS2A03G0280300LC.1		5.63	0.8482	0.9426	0.00287562904385	1	0	1	1	0	1	     0	     0	     0			TraesCS5B03G0461800.1, TraesCS5B03G1206400.1
TraesCS3A03G0115900.1	TraesCS3A03G0115900.1	TraesCS3A03G0115900.1		439	false	false		TraesCS3A03G0115900.1		2.28	0.8448	0.9389	0.00287562904385	1	0	1	1	0	1	     0	     0	     0	1M(15.9949), 3M(15.9949)		TraesCS3B03G0153400.1
TraesCS3D03G1111600.1	TraesCS3D03G1111600.1	TraesCS3D03G1111600.1		282	false	false		TraesCS3D03G1111600.1		4.61	0.8425	0.9379	0.00287562904385	1	1	1	1	1	1	     0	     0	     0	11C(57.0214), 8C(57.0214)		
TraesCS2D03G0707400.1	TraesCS2D03G0707400.1	TraesCS2D03G0707400.1		332	false	false		TraesCS2D03G0707400.1		3.01	0.8418	0.9376	0.00287562904385	1	1	1	1	1	1	     0	     0	     0	9M(15.9949)		
TraesCS3A03G0915700LC.1	TraesCS3A03G0915700LC.1	TraesCS3A03G0915700LC.1		122	false	false		TraesCS3A03G0915700LC.1		5.74	0.8418	0.9376	0.00287562904385	1	1	1	1	1	1	     0	     0	     0			
TraesCS1B03G0316300.1	TraesCS1B03G0316300.1	TraesCS1B03G0316300.1		160	false	false		TraesCS1B03G0316300.1		8.75	0.8398	0.9367	0.00287562904385	1	0	1	1	0	1	     0	     0	     0			TraesCS2D03G0729500.1, TraesCS4A03G0238700.1, TraesCS4B03G0528200.1, TraesCS4D03G0468100.1, TraesCS4D03G0468100.2
TraesCS5A03G0458000.1	TraesCS5A03G0458000.1	TraesCS5A03G0458000.1		155	false	false		TraesCS5A03G0458000.1		25.81	0.8394	0.4846	0.00287562904385	2	0	2	3	0	3	     0	     0	     0	16M(15.9949), N-term(42.0106)		TraesCS5A03G0458000.2, TraesCS5B03G0450800.1, TraesCS5B03G0450800.2, TraesCS5D03G0423300.1
TraesCS1D03G0423800.1	TraesCS1D03G0423800.1	TraesCS1D03G0423800.1		591	false	false		TraesCS1D03G0423800.1		4.40	0.8391	0.9364	0.00287562904385	1	1	1	1	1	1	     0	     0	     0			
TraesCS5B03G0056700.1	TraesCS5B03G0056700.1	TraesCS5B03G0056700.1		619	false	false		TraesCS5B03G0056700.1		2.26	0.8337	0.9340	0.00287562904385	1	0	1	1	0	1	     0	     0	     0			TraesCS5B03G0056700.2, TraesCS5B03G0057000LC.1, TraesCS5D03G0081700.1
TraesCS7B03G0895100LC.1	TraesCS7B03G0895100LC.1	TraesCS7B03G0895100LC.1		101	false	false		TraesCS7B03G0895100LC.1		10.89	0.8337	0.9340	0.00287562904385	1	1	1	1	1	1	     0	     0	     0			
TraesCS5B03G0078500.1	TraesCS5B03G0078500.1	TraesCS5B03G0078500.1		682	false	false		TraesCS5B03G0078500.1		1.91	0.8321	0.9333	0.00287562904385	1	0	1	1	0	1	     0	     0	     0			TraesCS5D03G0102200.1
TraesCS3D03G1116100.1	TraesCS3D03G1116100.1	TraesCS3D03G1116100.1		471	false	false		TraesCS3D03G1116100.1		10.62	0.8308	0.9327	0.00287562904385	1	1	1	1	1	1	     0	     0	     0	24C(57.0214), 2C(57.0214), 47M(15.9949), 6C(57.0214), 8C(57.0214)		
TraesCS2B03G0210800.1	TraesCS2B03G0210800.1	TraesCS2B03G0210800.1		343	false	false		TraesCS2B03G0210800.1		2.33	0.8223	0.9289	0.00287562904385	1	1	1	1	1	1	     0	     0	     0			
TraesCS2D03G0586800.1	TraesCS2D03G0586800.1	TraesCS2D03G0586800.1		275	false	false		TraesCS2D03G0586800.1		2.55	0.8221	0.9288	0.00287562904385	1	1	1	2	2	2	     0	     0	     0			
TraesCS1A03G0406900LC.1	TraesCS1A03G0406900LC.1	TraesCS1A03G0406900LC.1		127	false	false		TraesCS1A03G0406900LC.1		5.51	0.8220	0.9310	0.00287562904385	1	0	1	1	0	1	     0	     0	     0	6C(57.0214)		
TraesCS4A03G0205300.1	TraesCS4A03G0205300.1	TraesCS4A03G0205300.1		466	false	false		TraesCS4A03G0205300.1		2.79	0.8219	0.9287	0.00287562904385	1	0	1	1	0	1	     0	     0	     0			TraesCS4B03G0569500.1, TraesCS4D03G0503500.1
TraesCS4A03G0897800LC.3	TraesCS4A03G0897800LC.3	TraesCS4A03G0897800LC.3		121	false	false		TraesCS4A03G0897800LC.3		5.79	0.8210	0.9283	0.00287562904385	1	1	1	1	1	1	     0	     0	     0			
TraesCS5A03G0210400.1	TraesCS5A03G0210400.1	TraesCS5A03G0210400.1		353	false	false		TraesCS5A03G0210400.1		3.12	0.8210	0.9283	0.00287562904385	1	0	1	1	0	1	     0	     0	     0			TraesCS5B03G0223000.1, TraesCS5D03G0227000.1
TraesCS3A03G0144900.1	TraesCS3A03G0144900.1	TraesCS3A03G0144900.1		716	false	false		TraesCS3A03G0144900.1		1.26	0.8129	0.9246	0.00287562904385	1	1	1	1	1	1	     0	     0	     0			
TraesCS7A03G0859100.1	TraesCS7A03G0859100.1	TraesCS7A03G0859100.1		719	false	false		TraesCS7A03G0859100.1		1.39	0.8127	0.9245	0.00287562904385	1	0	1	1	0	1	     0	     0	     0			TraesCS7B03G0756900.1, TraesCS7D03G0876300.1
TraesCS7D03G0993000LC.1	TraesCS7D03G0993000LC.1	TraesCS7D03G0993000LC.1		551	false	false		TraesCS7D03G0993000LC.1		3.27	0.8101	0.9233	0.00287562904385	1	1	1	1	1	1	     0	     0	     0	4C(57.0214)		
TraesCS1B03G1039300.1	TraesCS1B03G1039300.1	TraesCS1B03G1039300.1		100	false	false		TraesCS1B03G1039300.1		26.00	0.8088	0.9227	0.00287562904385	1	1	1	1	1	1	     0	     0	     0	13C(57.0214), 20C(57.0214), 24C(57.0214), 4C(57.0214), 6C(57.0214), 7C(57.0214)		
TraesCS5A03G0273100LC.1	TraesCS5A03G0273100LC.1	TraesCS5A03G0273100LC.1		317	false	false		TraesCS5A03G0273100LC.1		5.68	0.8075	0.9221	0.00287562904385	1	1	1	1	1	1	     0	     0	     0	17C(57.0214)		
TraesCS2B03G0210000.1	TraesCS2B03G0210000.1	TraesCS2B03G0210000.1		733	false	false		TraesCS2B03G0210000.1		1.91	0.8070	0.9219	0.00287562904385	1	0	1	1	0	1	     0	     0	     0			TraesCS2D03G0146700.1
TraesCS3D03G0838500.1	TraesCS3D03G0838500.1	TraesCS3D03G0838500.1		491	false	false		TraesCS3D03G0838500.1		4.68	0.8068	0.9218	0.00287562904385	1	1	1	1	1	1	     0	     0	     0	22C(57.0214)		
TraesCS5A03G0918800.1	TraesCS5A03G0918800.1	TraesCS5A03G0918800.1		251	false	false		TraesCS5A03G0918800.1		4.38	0.8062	0.9215	0.00287562904385	1	0	1	1	0	1	     0	     0	     0			TraesCS5D03G0878400.1, TraesCS5D03G0878400.2
TraesCS7B03G0614100.1	TraesCS7B03G0614100.1	TraesCS7B03G0614100.1		148	false	false		TraesCS7B03G0614100.1		7.43	0.8051	0.9210	0.00287562904385	1	1	1	1	1	1	     0	     0	     0			
TraesCS1D03G0177100LC.2	TraesCS1D03G0177100LC.2	TraesCS1D03G0177100LC.2		130	false	false		TraesCS1D03G0177100LC.2		17.69	0.8047	0.9208	0.00287562904385	1	1	1	1	1	1	     0	     0	     0			
TraesCS7B03G1212500.1	TraesCS7B03G1212500.1	TraesCS7B03G1212500.1		157	false	false		TraesCS7B03G1212500.1		26.11	0.8035	0.8162	0.00287562904385	2	1	2	3	2	3	     0	     0	     0			
TraesCS5A03G0877800LC.1	TraesCS5A03G0877800LC.1	TraesCS5A03G0877800LC.1		135	false	false		TraesCS5A03G0877800LC.1		5.93	0.7978	0.9176	0.00287562904385	1	1	1	1	1	1	     0	     0	     0			
TraesCS1A03G1080900.1	TraesCS1A03G1080900.1	TraesCS1A03G1080900.1		484	false	false		TraesCS1A03G1080900.1		4.13	0.7944	0.9160	0.00287562904385	1	0	1	1	0	1	     0	     0	     0			TraesCS1B03G1276600.1, TraesCS1D03G1041200.1, TraesCS3A03G0511700.2, TraesCS3B03G0551900.1, TraesCS3D03G0476800.1
TraesCS6D03G0399200.1	TraesCS6D03G0399200.1	TraesCS6D03G0399200.1		197	false	false		TraesCS6D03G0399200.1		6.09	0.7942	0.9159	0.00287562904385	1	1	1	1	1	1	     0	     0	     0			
TraesCS6B03G0233400LC.1	TraesCS6B03G0233400LC.1	TraesCS6B03G0233400LC.1		105	false	false		TraesCS6B03G0233400LC.1		15.24	0.7934	0.9155	0.00287562904385	1	1	1	2	2	2	     0	     0	     0	10C(57.0214)		
TraesCS2A03G0130900.1	TraesCS2A03G0130900.1	TraesCS2A03G0130900.1		250	false	false		TraesCS2A03G0130900.1		9.20	0.7927	0.9152	0.00287562904385	1	0	1	1	0	1	     0	     0	     0			TraesCS2A03G0131000.1, TraesCS2B03G0176900.1, TraesCS2B03G0177000.1, TraesCS2D03G0127800.1, TraesCS2D03G0127900.1
TraesCS4B03G0067600.1	TraesCS4B03G0067600.1	TraesCS4B03G0067600.1		474	false	false		TraesCS4B03G0067600.1		2.11	0.7843	0.9112	0.00287562904385	1	1	1	3	3	3	     0	     0	     0	N-term(42.0106)		
TraesCS7D03G1291800LC.1	TraesCS7D03G1291800LC.1	TraesCS7D03G1291800LC.1		235	false	false		TraesCS7D03G1291800LC.1		4.26	0.7839	0.9110	0.00287562904385	1	1	1	1	1	1	     0	     0	     0	6C(57.0214), 8C(57.0214)		
TraesCS5B03G1251000.1	TraesCS5B03G1251000.1	TraesCS5B03G1251000.1		800	false	false		TraesCS5B03G1251000.1		1.50	0.7829	0.9105	0.00287562904385	1	1	1	1	1	1	     0	     0	     0			
TraesCS7A03G1286000.1	TraesCS7A03G1286000.1	TraesCS7A03G1286000.1		139	false	false		TraesCS7A03G1286000.1		5.76	0.7820	0.9101	0.00287562904385	1	1	1	1	1	1	     0	     0	     0	1M(15.9949), 7C(57.0214)		
TraesCS4A03G0902500.1	TraesCS4A03G0902500.1	TraesCS4A03G0902500.1		344	false	false		TraesCS4A03G0902500.1		5.23	0.7799	0.9091	0.00287562904385	1	0	1	1	0	1	     0	     0	     0			TraesCS5B03G1230500.1, TraesCS5D03G1107400.1, TraesCS5D03G1107700.1
TraesCS5B03G0334600.1	TraesCS5B03G0334600.1	TraesCS5B03G0334600.1		1181	false	false		TraesCS5B03G0334600.1		1.02	0.7777	0.9080	0.00287562904385	1	0	1	1	0	1	     0	     0	     0	8C(57.0214)		TraesCS5B03G0334600.2, TraesCS5B03G0334600.3, TraesCS5B03G0334600.4
TraesCS3B03G0478200LC.1	TraesCS3B03G0478200LC.1	TraesCS3B03G0478200LC.1		324	false	false		TraesCS3B03G0478200LC.1		4.01	0.7742	0.9063	0.00287562904385	1	1	1	2	2	2	     0	     0	     0	11C(57.0214), 1C(57.0214)		
TraesCS3A03G0260400LC.1	TraesCS3A03G0260400LC.1	TraesCS3A03G0260400LC.1		138	false	false		TraesCS3A03G0260400LC.1		7.25	0.7719	0.9052	0.00287562904385	1	1	1	1	1	1	     0	     0	     0	3C(57.0214)		
TraesCS5A03G0279200.1	TraesCS5A03G0279200.1	TraesCS5A03G0279200.1		537	false	false		TraesCS5A03G0279200.1		8.01	0.7701	0.9043	0.00287562904385	1	1	1	1	1	1	     0	     0	     0	18C(57.0214), 27M(15.9949), 39C(57.0214), 40C(57.0214)		
TraesCS1A03G0281500.1	TraesCS1A03G0281500.1	TraesCS1A03G0281500.1		846	false	false		TraesCS1A03G0281500.1		2.25	0.7694	0.9040	0.00287562904385	1	0	1	1	0	1	     0	     0	     0			TraesCS1B03G0367200.1, TraesCS1B03G0367200.2, TraesCS1D03G0276700.1
TraesCS5A03G0595200.1	TraesCS5A03G0595200.1	TraesCS5A03G0595200.1		440	false	false		TraesCS5A03G0595200.1		8.41	0.7656	0.9021	0.00287562904385	1	0	1	1	0	1	     0	     0	     0			TraesCS5B03G0609600.1
TraesCS3D03G0395900.1	TraesCS3D03G0395900.1	TraesCS3D03G0395900.1		311	false	false		TraesCS3D03G0395900.1		2.57	0.7644	0.9015	0.00287562904385	1	1	1	1	1	1	     0	     0	     0	6C(57.0214)		
TraesCS1A03G0524300LC.1	TraesCS1A03G0524300LC.1	TraesCS1A03G0524300LC.1		125	false	false		TraesCS1A03G0524300LC.1		8.00	0.7642	0.9014	0.00287562904385	1	1	1	1	1	1	     0	     0	     0	4M(15.9949), 6C(57.0214)		
TraesCS5A03G0937500.1	TraesCS5A03G0937500.1	TraesCS5A03G0937500.1		206	false	false		TraesCS5A03G0937500.1		5.34	0.7633	0.9010	0.00287562904385	1	0	1	2	0	2	     0	     0	     0			TraesCS5B03G0988500.1, TraesCS5D03G0315700LC.1, TraesCS5D03G0897600.1
TraesCS2D03G0832400LC.1	TraesCS2D03G0832400LC.1	TraesCS2D03G0832400LC.1		70	false	false		TraesCS2D03G0832400LC.1		18.57	0.7632	0.9030	0.00287562904385	1	0	1	1	0	1	     0	     0	     0	12M(15.9949), 4M(15.9949)		
TraesCS5A03G0249600LC.1	TraesCS5A03G0249600LC.1	TraesCS5A03G0249600LC.1		165	false	false		TraesCS5A03G0249600LC.1		5.45	0.7597	0.8992	0.00287562904385	1	1	1	1	1	1	     0	     0	     0	4M(15.9949), 5M(15.9949)		
TraesCS2D03G0179000LC.1	TraesCS2D03G0179000LC.1	TraesCS2D03G0179000LC.1		233	false	false		TraesCS2D03G0179000LC.1		6.87	0.7535	0.8961	0.00287562904385	1	0	1	1	0	1	     0	     0	     0	12M(15.9949)		TraesCS3D03G0156400LC.2
TraesCS6B03G0820200LC.1	TraesCS6B03G0820200LC.1	TraesCS6B03G0820200LC.1		101	false	false		TraesCS6B03G0820200LC.1		7.92	0.7527	0.8957	0.00287562904385	1	1	1	1	1	1	     0	     0	     0			
TraesCS3A03G0428000.1	TraesCS3A03G0428000.1	TraesCS3A03G0428000.1		464	false	false		TraesCS3A03G0428000.1		2.80	0.7513	0.8950	0.00287562904385	1	0	1	1	0	1	     0	     0	     0			TraesCS3B03G0499300.1, TraesCS3D03G0394700.1
TraesCS4A03G1064200.2	TraesCS4A03G1064200.2	TraesCS4A03G1064200.2		385	false	false		TraesCS4A03G1064200.2		1.82	0.7483	0.8976	0.00287562904385	1	0	1	1	0	1	     0	     0	     0			TraesCS4A03G1064200.3
TraesCS2B03G1069200.1	TraesCS2B03G1069200.1	TraesCS2B03G1069200.1		174	false	false		TraesCS2B03G1069200.1		5.75	0.7448	0.8917	0.00287562904385	1	1	1	1	1	1	     0	     0	     0	6C(57.0214), 9M(15.9949)		
TraesCS7B03G0947600.1	TraesCS7B03G0947600.1	TraesCS7B03G0947600.1		332	false	false		TraesCS7B03G0947600.1		10.54	0.7446	0.8916	0.00287562904385	1	0	1	1	0	1	     0	     0	     0			TraesCS7B03G0947600.2, TraesCS7D03G1049200.1
TraesCS3A03G1171100LC.1	TraesCS3A03G1171100LC.1	TraesCS3A03G1171100LC.1		90	false	false		TraesCS3A03G1171100LC.1		11.11	0.7411	0.8898	0.00287562904385	1	1	1	1	1	1	     0	     0	     0			
TraesCS4A03G0880200.1	TraesCS4A03G0880200.1	TraesCS4A03G0880200.1		279	false	false		TraesCS4A03G0880200.1		6.81	0.7320	0.8851	0.00287562904385	1	1	1	1	1	1	     0	     0	     0			
TraesCS1B03G0731800.1	TraesCS1B03G0731800.1	TraesCS1B03G0731800.1		216	false	false		TraesCS1B03G0731800.1		11.11	0.7262	0.8821	0.00287562904385	1	0	1	1	0	1	     0	     0	     0			TraesCS1B03G0731800.2
TraesCS6A03G0520400LC.1	TraesCS6A03G0520400LC.1	TraesCS6A03G0520400LC.1		230	false	false		TraesCS6A03G0520400LC.1		6.09	0.7203	0.8790	0.00287562904385	1	0	1	1	0	1	     0	     0	     0			TraesCS6B03G0651300.2
TraesCS1B03G0309100.1	TraesCS1B03G0309100.1	TraesCS1B03G0309100.1		309	false	false		TraesCS1B03G0309100.1		4.53	0.7184	0.8780	0.00287562904385	1	1	1	1	1	1	     0	     0	     0	10C(57.0214), 13M(15.9949), 6C(57.0214), 7C(57.0214)		
TraesCS3B03G0292100LC.1	TraesCS3B03G0292100LC.1	TraesCS3B03G0292100LC.1		327	false	false		TraesCS3B03G0292100LC.1		8.87	0.7171	0.8773	0.00287562904385	1	1	1	1	1	1	     0	     0	     0	7C(57.0214)		
TraesCS2A03G0314100.1	TraesCS2A03G0314100.1	TraesCS2A03G0314100.1		514	false	false		TraesCS2A03G0314100.1		4.47	0.7156	0.8765	0.00287562904385	1	1	1	1	1	1	     0	     0	     0	1M(15.9949), 2M(15.9949), 6M(15.9949), 9C(57.0214)		
TraesCS5D03G0233800LC.1	TraesCS5D03G0233800LC.1	TraesCS5D03G0233800LC.1		158	false	false		TraesCS5D03G0233800LC.1		4.43	0.7126	0.8749	0.00287562904385	1	1	1	1	1	1	     0	     0	     0	4C(57.0214), 7C(57.0214)		
TraesCS6A03G0472100.1	TraesCS6A03G0472100.1	TraesCS6A03G0472100.1		361	false	false		TraesCS6A03G0472100.1		10.25	0.7094	0.8732	0.00287562904385	1	0	1	1	0	1	     0	     0	     0	22C(57.0214)		TraesCS6D03G0411600.1
TraesCS7A03G0877900.1	TraesCS7A03G0877900.1	TraesCS7A03G0877900.1		1274	false	false		TraesCS7A03G0877900.1		0.78	0.7083	0.8726	0.00287562904385	1	0	1	2	0	2	     0	     0	     0			TraesCS7A03G0877900.2, TraesCS7A03G0877900.3, TraesCS7A03G0877900.4, TraesCS7B03G0735700.1, TraesCS7B03G0735700.2, TraesCS7B03G0735700.3, TraesCS7B03G0735700.4, TraesCS7B03G0735700.5, TraesCS7D03G0858100.1, TraesCS7D03G0858100.2, TraesCS7D03G0858100.3, TraesCS7D03G0858100.4, TraesCS7D03G0858100.5, TraesCS7D03G0858100.6, TraesCS7D03G0858100.7, TraesCS7D03G0858100.8
TraesCS7A03G0623600.1	TraesCS7A03G0623600.1	TraesCS7A03G0623600.1		566	false	false		TraesCS7A03G0623600.1		1.59	0.7059	0.8713	0.00287562904385	1	0	1	1	0	1	     0	     0	     0			TraesCS7A03G0623600.2, TraesCS7A03G0623600.3, TraesCS7A03G0623600.4, TraesCS7A03G0623600.5, TraesCS7A03G0623600.6, TraesCS7D03G0608200.1, TraesCS7D03G0608200.2, TraesCS7D03G0608200.3, TraesCS7D03G0608200.4, TraesCS7D03G0608200.5
TraesCS5B03G1124000.1	TraesCS5B03G1124000.1	TraesCS5B03G1124000.1		153	false	false		TraesCS5B03G1124000.1		26.80	0.7026	0.8695	0.00287562904385	1	1	1	1	1	1	     0	     0	     0			
TraesCS5A03G1100700.1	TraesCS5A03G1100700.1	TraesCS5A03G1100700.1		198	false	false		TraesCS5A03G1100700.1		4.55	0.7013	0.8688	0.00287562904385	1	0	1	1	0	1	     0	     0	     0			TraesCS5B03G1168000.1, TraesCS5D03G1058000.1
TraesCS2B03G0274000LC.1	TraesCS2B03G0274000LC.1	TraesCS2B03G0274000LC.1		374	false	false		TraesCS2B03G0274000LC.1		2.41	0.7011	0.8687	0.00287562904385	1	1	1	1	1	1	     0	     0	     0	3M(15.9949), 7C(57.0214)		
TraesCS1B03G1009200LC.1	TraesCS1B03G1009200LC.1	TraesCS1B03G1009200LC.1		120	false	false		TraesCS1B03G1009200LC.1		19.17	0.7005	0.8684	0.00287562904385	1	0	1	1	0	1	     0	     0	     0			TraesCS1B03G1145600LC.1, TraesCS2B03G0191800LC.1, TraesCS4A03G1106700LC.1
TraesCS1A03G0231300LC.1	TraesCS1A03G0231300LC.1	TraesCS1A03G0231300LC.1		213	false	false		TraesCS1A03G0231300LC.1		5.63	0.6931	0.8643	0.00287562904385	1	1	1	1	1	1	     0	     0	     0	10C(57.0214), 5M(15.9949)		
TraesCS4A03G0730300.1	TraesCS4A03G0730300.1	TraesCS4A03G0730300.1		793	false	false		TraesCS4A03G0730300.1		1.89	0.6878	0.8614	0.00287562904385	1	0	1	1	0	1	     0	     0	     0	12C(57.0214), 14C(57.0214), 9C(57.0214)		TraesCS4A03G0730300.2, TraesCS4A03G0730300.3, TraesCS4B03G0061800.1, TraesCS4D03G0041300.1
TraesCS6D03G0121800.1	TraesCS6D03G0121800.1	TraesCS6D03G0121800.1		365	false	false		TraesCS6D03G0121800.1		2.47	0.6864	0.8606	0.00287562904385	1	0	1	1	0	1	     0	     0	     0	5M(15.9949)		TraesCS6D03G0121800.2, TraesCS6D03G0121800.3
TraesCS2D03G0871200LC.1	TraesCS2D03G0871200LC.1	TraesCS2D03G0871200LC.1		100	false	false		TraesCS2D03G0871200LC.1		8.00	0.6846	0.8596	0.00287562904385	1	1	1	1	1	1	     0	     0	     0			
TraesCS5B03G0096200LC.1	TraesCS5B03G0096200LC.1	TraesCS5B03G0096200LC.1		781	false	false		TraesCS5B03G0096200LC.1		3.20	0.6825	0.8584	0.00287562904385	1	1	1	1	1	1	     0	     0	     0			
TraesCS4A03G0170100.1	TraesCS4A03G0170100.1	TraesCS4A03G0170100.1		808	false	false		TraesCS4A03G0170100.1		1.49	0.6786	0.8562	0.00287562904385	1	0	1	1	0	1	     0	     0	     0			TraesCS4A03G0170100.2, TraesCS4B03G0604800.1, TraesCS4D03G0536300.1, TraesCS4D03G0536300.2
TraesCS4A03G1151100LC.1	TraesCS4A03G1151100LC.1	TraesCS4A03G1151100LC.1		68	false	false		TraesCS4A03G1151100LC.1		10.29	0.6775	0.8584	0.00287562904385	1	0	1	1	0	1	     0	     0	     0	4M(15.9949)		TraesCS7D03G0063600LC.1
TraesCS1B03G1029600.1	TraesCS1B03G1029600.1	TraesCS1B03G1029600.1		583	false	false		TraesCS1B03G1029600.1		2.06	0.6764	0.8550	0.00287562904385	1	0	1	1	0	1	     0	     0	     0			TraesCS1D03G0855200.1
TraesCS1A03G0465100.1	TraesCS1A03G0465100.1	TraesCS1A03G0465100.1		262	false	false		TraesCS1A03G0465100.1		4.96	0.6738	0.8535	0.00287562904385	1	0	1	1	0	1	     0	     0	     0			TraesCS1B03G0564700.1, TraesCS1D03G0427900.1
TraesCS2A03G1086400.1	TraesCS2A03G1086400.1	TraesCS2A03G1086400.1		266	false	false		TraesCS2A03G1086400.1		4.51	0.6735	0.8533	0.00287562904385	1	0	1	4	0	4	     0	     0	     0			TraesCS2B03G1218000.1, TraesCS5B03G0344500.1, TraesCS5D03G0340900.1
TraesCS5A03G1074100.1	TraesCS5A03G1074100.1	TraesCS5A03G1074100.1		348	false	false		TraesCS5A03G1074100.1		9.48	0.6698	0.8512	0.00287562904385	1	0	1	1	0	1	     0	     0	     0			TraesCS5B03G1138200.1, TraesCS5B03G1138200.2, TraesCS5D03G1028600.1
TraesCS4A03G0296900.1	TraesCS4A03G0296900.1	TraesCS4A03G0296900.1		459	false	false		TraesCS4A03G0296900.1		1.96	0.6654	0.8488	0.00287562904385	1	1	1	1	1	1	     0	     0	     0			
TraesCS1A03G0712500.1	TraesCS1A03G0712500.1	TraesCS1A03G0712500.1		378	false	false		TraesCS1A03G0712500.1		2.91	0.6634	0.8476	0.00287562904385	1	0	1	1	0	1	     0	     0	     0			TraesCS1B03G0813500.1, TraesCS1D03G0676000.1
TraesCS7A03G1157400LC.1	TraesCS7A03G1157400LC.1	TraesCS7A03G1157400LC.1		195	false	false		TraesCS7A03G1157400LC.1		5.64	0.6632	0.8475	0.00287562904385	1	1	1	1	1	1	     0	     0	     0	10C(57.0214), 1C(57.0214), 2C(57.0214), 4C(57.0214), 5M(15.9949)		
TraesCS7A03G0332400.1	TraesCS7A03G0332400.1	TraesCS7A03G0332400.1		699	false	false		TraesCS7A03G0332400.1		2.29	0.6615	0.8465	0.00287562904385	1	0	1	1	0	1	     0	     0	     0			TraesCS7B03G0116500.1, TraesCS7B03G0116500.2, TraesCS7D03G0321800.1, TraesCS7D03G0501700.1
TraesCS1B03G1260800.1	TraesCS1B03G1260800.1	TraesCS1B03G1260800.1		850	false	false		TraesCS1B03G1260800.1		1.29	0.6587	0.8449	0.00287562904385	1	0	1	2	0	2	     0	     0	     0			TraesCS1D03G1023500.1
TraesCS1D03G0435600LC.1	TraesCS1D03G0435600LC.1	TraesCS1D03G0435600LC.1		590	false	false		TraesCS1D03G0435600LC.1		5.59	0.6550	0.8427	0.00287562904385	1	1	1	1	1	1	     0	     0	     0	20C(57.0214)		
TraesCS3B03G0417700.1	TraesCS3B03G0417700.1	TraesCS3B03G0417700.1		333	false	false		TraesCS3B03G0417700.1		4.50	0.6541	0.8422	0.00287562904385	1	1	1	1	1	1	     0	     0	     0	14C(57.0214)		
TraesCS6A03G1010500LC.1	TraesCS6A03G1010500LC.1	TraesCS6A03G1010500LC.1		103	false	false		TraesCS6A03G1010500LC.1		45.63	0.6534	0.8418	0.00287562904385	1	1	1	1	1	1	     0	     0	     0	1M(15.9949), 9C(57.0214)		
TraesCS2A03G0977400.1	TraesCS2A03G0977400.1	TraesCS2A03G0977400.1		465	false	false		TraesCS2A03G0977400.1		3.23	0.6517	0.8408	0.00287562904385	1	0	1	1	0	1	     0	     0	     0			TraesCS2B03G1082300.1, TraesCS2D03G0916600.1, TraesCS2D03G0916600.2
TraesCS6A03G0654100.3	TraesCS6A03G0654100.3	TraesCS6A03G0654100.3		654	false	false		TraesCS6A03G0654100.3		1.07	0.6490	0.8392	0.00287562904385	1	0	1	1	0	1	     0	     0	     0			TraesCS6B03G0825100.2
TraesCS4A03G0095200.1	TraesCS4A03G0095200.1	TraesCS4A03G0095200.1		608	false	false		TraesCS4A03G0095200.1		2.47	0.6487	0.8390	0.00287562904385	1	0	1	1	0	1	     0	     0	     0	13M(15.9949)		TraesCS4B03G0684800.1, TraesCS4D03G0612500.1
TraesCS3D03G1121800LC.1	TraesCS3D03G1121800LC.1	TraesCS3D03G1121800LC.1		109	false	false		TraesCS3D03G1121800LC.1		7.34	0.6475	0.8383	0.00287562904385	1	1	1	2	2	2	     0	     0	     0	3C(57.0214), 5C(57.0214), 7C(57.0214)		
TraesCS4A03G0126100.1	TraesCS4A03G0126100.1	TraesCS4A03G0126100.1		1323	false	false		TraesCS4A03G0126100.1		2.49	0.6459	0.4182	0.00287562904385	2	0	2	2	0	2	     0	     0	     0			TraesCS4A03G0126100.2, TraesCS4A03G0126100.3, TraesCS4A03G0126100.4, TraesCS4B03G0654800.1, TraesCS4B03G0654800.2, TraesCS4D03G0579400.1, TraesCS4D03G0579400.2
TraesCS1B03G0798800.1	TraesCS1B03G0798800.1	TraesCS1B03G0798800.1		1613	false	false		TraesCS1B03G0798800.1		1.30	0.6362	0.8315	0.00287562904385	1	0	1	1	0	1	     0	     0	     0	11M(15.9949)		TraesCS1B03G0798800.2
TraesCS2A03G0132400.1	TraesCS2A03G0132400.1	TraesCS2A03G0132400.1		322	false	false		TraesCS2A03G0132400.1		3.11	0.6355	0.8311	0.00287562904385	1	1	1	1	1	1	     0	     0	     0			
TraesCS4A03G0742000.1	TraesCS4A03G0742000.1	TraesCS4A03G0742000.1		305	false	false		TraesCS4A03G0742000.1		7.54	0.6347	0.8306	0.00287562904385	1	1	1	1	1	1	     0	     0	     0	11C(57.0214), 8C(57.0214)		
TraesCS5B03G0440800.1	TraesCS5B03G0440800.1	TraesCS5B03G0440800.1		312	false	false		TraesCS5B03G0440800.1		16.35	0.6347	0.8306	0.00287562904385	1	1	1	1	1	1	     0	     0	     0			
TraesCS7A03G1009300LC.1	TraesCS7A03G1009300LC.1	TraesCS7A03G1009300LC.1		143	false	false		TraesCS7A03G1009300LC.1		4.90	0.6322	0.8291	0.00287562904385	1	1	1	1	1	1	     0	     0	     0			
TraesCS7A03G0893100.1	TraesCS7A03G0893100.1	TraesCS7A03G0893100.1		657	false	false		TraesCS7A03G0893100.1		1.67	0.6295	0.8274	0.00287562904385	1	0	1	1	0	1	     0	     0	     0			TraesCS7B03G0719500.1
TraesCS7D03G0114100.1	TraesCS7D03G0114100.1	TraesCS7D03G0114100.1		421	false	false		TraesCS7D03G0114100.1		4.51	0.6238	0.8239	0.00287562904385	1	1	1	1	1	1	     0	     0	     0	9C(57.0214)		
TraesCS2D03G0026200.1	TraesCS2D03G0026200.1	TraesCS2D03G0026200.1		402	false	false		TraesCS2D03G0026200.1		5.47	0.6236	0.8238	0.00287562904385	1	0	1	1	0	1	     0	     0	     0			TraesCS2D03G0026200.2
TraesCS4D03G0193600.1	TraesCS4D03G0193600.1	TraesCS4D03G0193600.1		648	false	false		TraesCS4D03G0193600.1		1.70	0.6199	0.8215	0.00287562904385	1	1	1	1	1	1	     0	     0	     0			
TraesCS3D03G0015500LC.1	TraesCS3D03G0015500LC.1	TraesCS3D03G0015500LC.1		238	false	false		TraesCS3D03G0015500LC.1		3.36	0.6191	0.8210	0.00287562904385	1	0	1	1	0	1	     0	     0	     0			TraesCSU03G0028900LC.1
TraesCS3A03G0774100.1	TraesCS3A03G0774100.1	TraesCS3A03G0774100.1		573	false	false		TraesCS3A03G0774100.1		1.92	0.6181	0.8204	0.00287562904385	1	0	1	1	0	1	     0	     0	     0			TraesCS3B03G0891300.1, TraesCS3D03G0715000.1
TraesCS7A03G0189800LC.1	TraesCS7A03G0189800LC.1	TraesCS7A03G0189800LC.1		141	false	false		TraesCS7A03G0189800LC.1		8.51	0.6175	0.8200	0.00287562904385	1	1	1	1	1	1	     0	     0	     0			
TraesCS3A03G0763400.1	TraesCS3A03G0763400.1	TraesCS3A03G0763400.1		874	false	false		TraesCS3A03G0763400.1		1.03	0.6161	0.8191	0.00287562904385	1	0	1	1	0	1	     0	     0	     0	1M(15.9949), 5M(15.9949)		TraesCS3A03G0763400.2
TraesCS2B03G1462900.1	TraesCS2B03G1462900.1	TraesCS2B03G1462900.1		343	false	false		TraesCS2B03G1462900.1		5.83	0.6157	0.8189	0.00287562904385	1	1	1	1	1	1	     0	     0	     0			
TraesCS1D03G0574100.1	TraesCS1D03G0574100.1	TraesCS1D03G0574100.1		756	false	false		TraesCS1D03G0574100.1		1.72	0.6144	0.8204	0.00287562904385	1	0	1	2	0	2	     0	     0	     0			
TraesCS3A03G0869000LC.1	TraesCS3A03G0869000LC.1	TraesCS3A03G0869000LC.1		92	false	false		TraesCS3A03G0869000LC.1		21.74	0.6123	0.8167	0.00287562904385	1	1	1	2	2	2	     0	     0	     0			
TraesCS5A03G0332900LC.1	TraesCS5A03G0332900LC.1	TraesCS5A03G0332900LC.1		249	false	false		TraesCS5A03G0332900LC.1		6.83	0.6105	0.8156	0.00287562904385	1	1	1	1	1	1	     0	     0	     0			
TraesCS2D03G1332800.1	TraesCS2D03G1332800.1	TraesCS2D03G1332800.1		375	false	false		TraesCS2D03G1332800.1		3.47	0.6078	0.8139	0.00287562904385	1	1	1	1	1	1	     0	     0	     0			
TraesCS5B03G1180800.1	TraesCS5B03G1180800.1	TraesCS5B03G1180800.1		502	false	false		TraesCS5B03G1180800.1		2.99	0.6070	0.8134	0.00287562904385	1	1	1	1	1	1	     0	     0	     0			
TraesCS6A03G0111400.2	TraesCS6A03G0111400.2	TraesCS6A03G0111400.2		228	false	false		TraesCS6A03G0111400.2		7.89	0.6025	0.8105	0.00287562904385	1	0	1	1	0	1	     0	     0	     0			TraesCS6B03G0155100.1
TraesCS2A03G0170800LC.1	TraesCS2A03G0170800LC.1	TraesCS2A03G0170800LC.1		166	false	false		TraesCS2A03G0170800LC.1		8.43	0.6024	0.8104	0.00287562904385	1	0	1	1	0	1	     0	     0	     0	11C(57.0214), 13C(57.0214), 1M(15.9949)		TraesCS2D03G0167500LC.1
TraesCS4A03G1221700LC.1	TraesCS4A03G1221700LC.1	TraesCS4A03G1221700LC.1		363	false	false		TraesCS4A03G1221700LC.1		4.41	0.6024	0.8104	0.00287562904385	1	0	1	1	0	1	     0	     0	     0			TraesCS6A03G0373900LC.1, TraesCS6A03G0480500LC.1, TraesCS6A03G0643300LC.1, TraesCS7A03G0021600.1, TraesCS7B03G0817100LC.1, TraesCS7D03G0024000.1
TraesCS1A03G0108500.1	TraesCS1A03G0108500.1	TraesCS1A03G0108500.1		542	false	false		TraesCS1A03G0108500.1		2.03	0.6011	0.8096	0.00287562904385	1	0	1	2	0	2	     0	     0	     0			TraesCS1B03G0138600.1, TraesCS1D03G0095800.1
TraesCSU03G0225900LC.1	TraesCSU03G0225900LC.1	TraesCSU03G0225900LC.1		268	false	false		TraesCSU03G0225900LC.1		5.97	0.5986	0.8080	0.00287562904385	1	0	1	1	0	1	     0	     0	     0			TraesCSU03G0249400LC.1
TraesCS3A03G0863800.1	TraesCS3A03G0863800.1	TraesCS3A03G0863800.1		361	false	false		TraesCS3A03G0863800.1		3.32	0.5982	0.8077	0.00287562904385	1	0	1	1	0	1	     0	     0	     0			TraesCS3B03G0987100.1, TraesCS3D03G0792400.1, TraesCS4A03G0192700.1, TraesCS4B03G0581900.1, TraesCS4D03G0516100.1
TraesCS6A03G0592400.1	TraesCS6A03G0592400.1	TraesCS6A03G0592400.1		744	false	false		TraesCS6A03G0592400.1		3.09	0.5976	0.8073	0.00287562904385	1	0	1	1	0	1	     0	     0	     0			TraesCS6B03G0720000.1, TraesCS6D03G0491100.1
TraesCS1B03G0500700.3	TraesCS1B03G0500700.3	TraesCS1B03G0500700.3		1609	false	false		TraesCS1B03G0500700.3		1.24	0.5973	0.8103	0.00287562904385	1	0	1	1	0	1	     0	     0	     0			TraesCS1B03G0500700.4, TraesCS1D03G0377700.1, TraesCS1D03G0377700.2
TraesCS4A03G0285600.1	TraesCS4A03G0285600.1	TraesCS4A03G0285600.1		309	false	false		TraesCS4A03G0285600.1		3.88	0.5959	0.8062	0.00287562904385	1	0	1	1	0	1	     0	     0	     0			TraesCS4B03G0482800.1, TraesCS4D03G0430900.1
TraesCS4B03G0883500.1	TraesCS4B03G0883500.1	TraesCS4B03G0883500.1		351	false	false		TraesCS4B03G0883500.1		4.56	0.5952	0.8058	0.00287562904385	1	0	1	1	0	1	     0	     0	     0	13M(15.9949)		TraesCS4B03G0883500.2
TraesCS3B03G0482800LC.1	TraesCS3B03G0482800LC.1	TraesCS3B03G0482800LC.1		113	false	false		TraesCS3B03G0482800LC.1		17.70	0.5903	0.8026	0.00287562904385	1	1	1	7	7	7	     0	     0	     0			
TraesCS1B03G1200800LC.1	TraesCS1B03G1200800LC.1	TraesCS1B03G1200800LC.1		103	false	false		TraesCS1B03G1200800LC.1		10.68	0.5897	0.8022	0.00287562904385	1	0	1	1	0	1	     0	     0	     0			TraesCS2A03G0935100.1, TraesCS2B03G1029400.1, TraesCS2D03G0874600.1
TraesCS5A03G0431700.1	TraesCS5A03G0431700.1	TraesCS5A03G0431700.1		369	false	false		TraesCS5A03G0431700.1		9.76	0.5849	0.7990	0.00287562904385	1	0	1	1	0	1	     0	     0	     0			TraesCS5B03G0427700.1, TraesCS5D03G0400700.1
TraesCS7B03G1212800.1	TraesCS7B03G1212800.1	TraesCS7B03G1212800.1		638	false	false		TraesCS7B03G1212800.1		4.39	0.5832	0.7979	0.00287562904385	1	0	1	1	0	1	     0	     0	     0			TraesCS7B03G1212800.2
TraesCS2D03G0578100LC.1	TraesCS2D03G0578100LC.1	TraesCS2D03G0578100LC.1		101	false	false		TraesCS2D03G0578100LC.1		8.91	0.5816	0.7968	0.00287562904385	1	1	1	1	1	1	     0	     0	     0	4C(57.0214), 7C(57.0214)		
TraesCS6D03G0407100LC.1	TraesCS6D03G0407100LC.1	TraesCS6D03G0407100LC.1		450	false	false		TraesCS6D03G0407100LC.1		3.56	0.5796	0.7955	0.00287562904385	1	1	1	1	1	1	     0	     0	     0			
TraesCS4A03G0652400LC.1	TraesCS4A03G0652400LC.1	TraesCS4A03G0652400LC.1		206	false	false		TraesCS4A03G0652400LC.1		5.34	0.5778	0.7943	0.00287562904385	1	1	1	1	1	1	     0	     0	     0			
TraesCS2A03G1076800LC.1	TraesCS2A03G1076800LC.1	TraesCS2A03G1076800LC.1		98	false	false		TraesCS2A03G1076800LC.1		11.22	0.5738	0.7916	0.00287562904385	1	1	1	1	1	1	     0	     0	     0			
TraesCS3B03G1073200.1	TraesCS3B03G1073200.1	TraesCS3B03G1073200.1		441	false	false		TraesCS3B03G1073200.1		3.17	0.5734	0.7913	0.00287562904385	1	1	1	1	1	1	     0	     0	     0			
TraesCS7B03G0290200LC.1	TraesCS7B03G0290200LC.1	TraesCS7B03G0290200LC.1		230	false	false		TraesCS7B03G0290200LC.1		19.13	0.5707	0.7895	0.00287562904385	1	1	1	1	1	1	     0	     0	     0			
TraesCS1B03G0088100LC.1	TraesCS1B03G0088100LC.1	TraesCS1B03G0088100LC.1		150	false	false		TraesCS1B03G0088100LC.1		12.00	0.5703	0.7892	0.00287562904385	1	0	1	1	0	1	     0	     0	     0	12C(57.0214), 13C(57.0214), 16C(57.0214), N-term(42.0106)		TraesCS1B03G0089000.1, TraesCS1D03G0012700.1, TraesCS1D03G0018300.1
TraesCS7D03G1007400LC.1	TraesCS7D03G1007400LC.1	TraesCS7D03G1007400LC.1		348	false	false		TraesCS7D03G1007400LC.1		2.87	0.5703	0.7892	0.00287562904385	1	1	1	1	1	1	     0	     0	     0	8C(57.0214)		
TraesCS1A03G0545500.1	TraesCS1A03G0545500.1	TraesCS1A03G0545500.1		400	false	false		TraesCS1A03G0545500.1		3.25	0.5698	0.7889	0.00287562904385	1	1	1	1	1	1	     0	     0	     0	10M(15.9949), 12M(15.9949), 4C(57.0214), 7C(57.0214)		
TraesCS3A03G0161200.1	TraesCS3A03G0161200.1	TraesCS3A03G0161200.1		600	false	false		TraesCS3A03G0161200.1		1.67	0.5678	0.7875	0.00287562904385	1	0	1	1	0	1	     0	     0	     0	3M(15.9949), 4M(15.9949), 5M(15.9949)		TraesCS3B03G0202200.1, TraesCS3B03G0202200.2, TraesCS3D03G0143200.1
TraesCS3B03G1422500LC.1	TraesCS3B03G1422500LC.1	TraesCS3B03G1422500LC.1		101	false	false		TraesCS3B03G1422500LC.1		22.77	0.5657	0.7861	0.00287562904385	1	1	1	1	1	1	     0	     0	     0	19C(57.0214)		
TraesCS1D03G0281700LC.1	TraesCS1D03G0281700LC.1	TraesCS1D03G0281700LC.1		90	false	false		TraesCS1D03G0281700LC.1		17.78	0.5635	0.7846	0.00287562904385	1	1	1	1	1	1	     0	     0	     0	11C(57.0214), 1C(57.0214), 5M(15.9949)		
TraesCS1D03G0050400LC.1	TraesCS1D03G0050400LC.1	TraesCS1D03G0050400LC.1		207	false	false		TraesCS1D03G0050400LC.1		7.73	0.5632	0.7844	0.00287562904385	1	0	1	1	0	1	     0	     0	     0	13C(57.0214)		TraesCS6B03G1155600LC.1, TraesCS6D03G0822400LC.1
TraesCS6B03G0903400.1	TraesCS6B03G0903400.1	TraesCS6B03G0903400.1		424	false	false		TraesCS6B03G0903400.1		3.07	0.5611	0.7829	0.00287562904385	1	0	1	1	0	1	     0	     0	     0	7C(57.0214)		TraesCS6D03G0642500.1
TraesCS2A03G0447000.1	TraesCS2A03G0447000.1	TraesCS2A03G0447000.1		878	false	false		TraesCS2A03G0447000.1		1.03	0.5590	0.7815	0.00287562904385	1	0	1	1	0	1	     0	     0	     0	3M(15.9949), 4C(57.0214), 6M(15.9949), 7M(15.9949)		TraesCS2B03G0569800.1, TraesCS2B03G0569800.2, TraesCS2D03G0454900.1
TraesCS2A03G0612700LC.1	TraesCS2A03G0612700LC.1	TraesCS2A03G0612700LC.1		122	false	false		TraesCS2A03G0612700LC.1		27.87	0.5545	0.7783	0.00287562904385	1	0	1	1	0	1	     0	     0	     0	17M(15.9949), 2C(57.0214), 5C(57.0214), 6C(57.0214), 7C(57.0214)		TraesCS2A03G0612800LC.1, TraesCSU03G0422100LC.1
TraesCS1A03G1021300.1	TraesCS1A03G1021300.1	TraesCS1A03G1021300.1		647	false	false		TraesCS1A03G1021300.1		1.85	0.5523	0.7768	0.00287562904385	1	1	1	1	1	1	     0	     0	     0			
TraesCS3B03G1081800.1	TraesCS3B03G1081800.1	TraesCS3B03G1081800.1		999	false	false		TraesCS3B03G1081800.1		1.10	0.5520	0.7766	0.00287562904385	1	1	1	1	1	1	     0	     0	     0			
TraesCS4B03G0337600LC.1	TraesCS4B03G0337600LC.1	TraesCS4B03G0337600LC.1		165	false	false		TraesCS4B03G0337600LC.1		4.85	0.5516	0.7763	0.00287562904385	1	1	1	1	1	1	     0	     0	     0	6M(15.9949), 7M(15.9949)		
TraesCS1A03G0533200LC.1	TraesCS1A03G0533200LC.1	TraesCS1A03G0533200LC.1		144	false	false		TraesCS1A03G0533200LC.1		4.86	0.5495	0.7748	0.00287562904385	1	1	1	1	1	1	     0	     0	     0			
TraesCS5A03G0846300.1	TraesCS5A03G0846300.1	TraesCS5A03G0846300.1		836	false	false		TraesCS5A03G0846300.1		1.20	0.5482	0.7739	0.00287562904385	1	0	1	1	0	1	     0	     0	     0	4C(57.0214), 8C(57.0214)		TraesCS5B03G0888400.1
TraesCS5D03G0095800LC.1	TraesCS5D03G0095800LC.1	TraesCS5D03G0095800LC.1		129	false	false		TraesCS5D03G0095800LC.1		10.08	0.5461	0.7724	0.00287562904385	1	1	1	1	1	1	     0	     0	     0			
TraesCS1B03G0977200.1	TraesCS1B03G0977200.1	TraesCS1B03G0977200.1		934	false	false		TraesCS1B03G0977200.1		0.96	0.5428	0.7701	0.00287562904385	1	1	1	1	1	1	     0	     0	     0			
TraesCS5B03G0662100LC.1	TraesCS5B03G0662100LC.1	TraesCS5B03G0662100LC.1		105	false	false		TraesCS5B03G0662100LC.1		13.33	0.5421	0.7696	0.00287562904385	1	1	1	1	1	1	     0	     0	     0			
TraesCS1B03G0552400.2	TraesCS1B03G0552400.2	TraesCS1B03G0552400.2		489	false	false		TraesCS1B03G0552400.2		2.25	0.5413	0.7690	0.00287562904385	1	1	1	1	1	1	     0	     0	     0			
TraesCS1B03G0984000.1	TraesCS1B03G0984000.1	TraesCS1B03G0984000.1		486	false	false		TraesCS1B03G0984000.1		2.06	0.5392	0.7700	0.00287562904385	1	0	1	1	0	1	     0	     0	     0	3M(15.9949), 8C(57.0214)		
TraesCS1D03G0740500LC.1	TraesCS1D03G0740500LC.1	TraesCS1D03G0740500LC.1		498	false	false		TraesCS1D03G0740500LC.1		2.21	0.5366	0.7656	0.00287562904385	1	1	1	1	1	1	     0	     0	     0	10C(57.0214), 7C(57.0214)		
TraesCS1B03G1234800.1	TraesCS1B03G1234800.1	TraesCS1B03G1234800.1		786	false	false		TraesCS1B03G1234800.1		3.44	0.5357	0.7650	0.00287562904385	1	0	1	1	0	1	     0	     0	     0	16C(57.0214)		TraesCS1B03G1234800.2
TraesCS4B03G0458300.1	TraesCS4B03G0458300.1	TraesCS4B03G0458300.1		898	false	false		TraesCS4B03G0458300.1		2.12	0.5311	0.7616	0.00287562904385	1	0	1	1	0	1	     0	     0	     0			TraesCS4B03G0458300.3, TraesCS4B03G0458300.4, TraesCS4B03G0458300.6, TraesCS4D03G0410800.1, TraesCS4D03G0410800.2, TraesCS4D03G0410800.3
TraesCS1B03G1038100.1	TraesCS1B03G1038100.1	TraesCS1B03G1038100.1		169	false	false		TraesCS1B03G1038100.1		4.14	0.5286	0.7598	0.00287562904385	1	0	1	1	0	1	     0	     0	     0	4M(15.9949), 5M(15.9949)		TraesCS1D03G0862300.1, TraesCS1D03G0862500.1, TraesCS1D03G0862600.1
TraesCS1A03G0916800.1	TraesCS1A03G0916800.1	TraesCS1A03G0916800.1		548	false	false		TraesCS1A03G0916800.1		5.29	0.5282	0.7595	0.00287562904385	1	0	1	2	0	2	     0	     0	     0			TraesCS1A03G0916800.2, TraesCS1B03G1080900.1, TraesCS1D03G0895700.1, TraesCS2A03G0258400.1, TraesCS2B03G0357200.1, TraesCS2B03G0357400.1, TraesCS2D03G0269100.1, TraesCS2D03G0269200.1
TraesCS1A03G0207400LC.1	TraesCS1A03G0207400LC.1	TraesCS1A03G0207400LC.1		104	false	false		TraesCS1A03G0207400LC.1		6.73	0.5270	0.7586	0.00287562904385	1	0	1	1	0	1	     0	     0	     0	1M(15.9949)		TraesCS1D03G0200200LC.1
TraesCS1A03G0575100.1	TraesCS1A03G0575100.1	TraesCS1A03G0575100.1		535	false	false		TraesCS1A03G0575100.1		7.10	0.5232	0.7558	0.00287562904385	1	0	1	1	0	1	     0	     0	     0			TraesCS1A03G0575100.2, TraesCS1B03G0667100.1, TraesCS1B03G0667100.2, TraesCS1D03G0548500.1
TraesCS6A03G0343900.1	TraesCS6A03G0343900.1	TraesCS6A03G0343900.1		640	false	false		TraesCS6A03G0343900.1		7.03	0.5220	0.7549	0.00287562904385	1	1	1	1	1	1	     0	     0	     0	31M(15.9949), 3C(57.0214)		
TraesCS3A03G0622500LC.2	TraesCS3A03G0622500LC.2	TraesCS3A03G0622500LC.2		525	false	false		TraesCS3A03G0622500LC.2		2.48	0.5175	0.7516	0.00287562904385	1	0	1	1	0	1	     0	     0	     0			TraesCS3B03G0700500LC.2, TraesCS3D03G0569700LC.1
TraesCS5B03G0083700LC.1	TraesCS5B03G0083700LC.1	TraesCS5B03G0083700LC.1		384	false	false		TraesCS5B03G0083700LC.1		5.99	0.5159	0.7504	0.00287562904385	1	1	1	2	2	2	     0	     0	     0	22C(57.0214)		
TraesCS1A03G0055100LC.1	TraesCS1A03G0055100LC.1	TraesCS1A03G0055100LC.1		651	false	false		TraesCS1A03G0055100LC.1		2.30	0.5151	0.7498	0.00287562904385	1	1	1	1	1	1	     0	     0	     0	12C(57.0214), 4C(57.0214)		
TraesCS1A03G0260200.1	TraesCS1A03G0260200.1	TraesCS1A03G0260200.1		583	false	false		TraesCS1A03G0260200.1		1.54	0.5131	0.7484	0.00287562904385	1	0	1	1	0	1	     0	     0	     0			TraesCS1A03G0260200.2, TraesCS1A03G0260200.3, TraesCS1A03G0260200.4, TraesCS1B03G0351100.1, TraesCS1B03G0351100.2, TraesCS1B03G0351100.3, TraesCS1D03G0264000.1, TraesCS1D03G0264000.2, TraesCS1D03G0264000.3
TraesCS5D03G1145200.1	TraesCS5D03G1145200.1	TraesCS5D03G1145200.1		941	false	false		TraesCS5D03G1145200.1		4.78	0.5105	0.7464	0.00287562904385	1	1	1	1	1	1	     0	     0	     0			
TraesCS4B03G0727300LC.1	TraesCS4B03G0727300LC.1	TraesCS4B03G0727300LC.1		114	false	false		TraesCS4B03G0727300LC.1		17.54	0.5072	0.7439	0.00287562904385	1	1	1	1	1	1	     0	     0	     0	18C(57.0214), 3C(57.0214)		
TraesCS1B03G1116900.1	TraesCS1B03G1116900.1	TraesCS1B03G1116900.1		839	false	false		TraesCS1B03G1116900.1		2.62	0.5069	0.7462	0.00287562904385	1	0	1	1	0	1	     0	     0	     0			
TraesCS3A03G0865100LC.1	TraesCS3A03G0865100LC.1	TraesCS3A03G0865100LC.1		187	false	false		TraesCS3A03G0865100LC.1		5.88	0.5053	0.7424	0.00287562904385	1	1	1	1	1	1	     0	     0	     0			
TraesCS7D03G0136900LC.1	TraesCS7D03G0136900LC.1	TraesCS7D03G0136900LC.1		104	false	false		TraesCS7D03G0136900LC.1		8.65	0.5046	0.7419	0.00287562904385	1	1	1	1	1	1	     0	     0	     0			
TraesCS5D03G1027900.1	TraesCS5D03G1027900.1	TraesCS5D03G1027900.1		266	false	false		TraesCS5D03G1027900.1		14.66	0.5043	0.7417	0.00287562904385	1	1	1	1	1	1	     0	     0	     0			
TraesCS2D03G0480400.1	TraesCS2D03G0480400.1	TraesCS2D03G0480400.1		482	false	false		TraesCS2D03G0480400.1		3.73	0.5041	0.7415	0.00287562904385	1	1	1	1	1	1	     0	     0	     0			
TraesCS6B03G0065400.1	TraesCS6B03G0065400.1	TraesCS6B03G0065400.1		302	false	false		TraesCS6B03G0065400.1		2.65	0.5014	0.7394	0.00287562904385	1	1	1	2	2	2	     0	     0	     0			
TraesCS4B03G0214400.1	TraesCS4B03G0214400.1	TraesCS4B03G0214400.1		481	false	false		TraesCS4B03G0214400.1		2.70	0.4998	0.7382	0.00287562904385	1	1	1	1	1	1	     0	     0	     0			
TraesCS2A03G0300500LC.1	TraesCS2A03G0300500LC.1	TraesCS2A03G0300500LC.1		274	false	false		TraesCS2A03G0300500LC.1		3.28	0.4987	0.7399	0.00287562904385	1	0	1	1	0	1	     0	     0	     0	1M(15.9949)		
TraesCS4D03G0504900.1	TraesCS4D03G0504900.1	TraesCS4D03G0504900.1		657	false	false		TraesCS4D03G0504900.1		5.18	0.4983	0.6081	0.00287562904385	2	1	1	3	1	1	     0	     0	     0			
TraesCS5B03G0706000LC.1	TraesCS5B03G0706000LC.1	TraesCS5B03G0706000LC.1		60	false	false		TraesCS5B03G0706000LC.1		23.33	0.4975	0.7390	0.00287562904385	1	0	1	1	0	1	     0	     0	     0	5M(15.9949)		
TraesCS6A03G1024800.1	TraesCS6A03G1024800.1	TraesCS6A03G1024800.1		720	false	false		TraesCS6A03G1024800.1		4.31	0.4958	0.7351	0.00287562904385	1	0	1	1	0	1	     0	     0	     0			TraesCS6B03G1263300.1, TraesCSU03G0089500.1
TraesCS4A03G0134200.1	TraesCS4A03G0134200.1	TraesCS4A03G0134200.1		965	false	false		TraesCS4A03G0134200.1		1.14	0.4935	0.7333	0.00287562904385	1	0	1	1	0	1	     0	     0	     0			TraesCS4A03G0134200.2, TraesCS4A03G0134200.3, TraesCS4B03G0617500.1, TraesCS4B03G0617500.2, TraesCS4D03G0545500.1, TraesCS4D03G0545500.2
TraesCS5B03G1296700.1	TraesCS5B03G1296700.1	TraesCS5B03G1296700.1		155	false	false		TraesCS5B03G1296700.1		5.81	0.4913	0.7316	0.00287562904385	1	1	1	1	1	1	     0	     0	     0	6C(57.0214)		
TraesCS4D03G0532100LC.1	TraesCS4D03G0532100LC.1	TraesCS4D03G0532100LC.1		65	false	false		TraesCS4D03G0532100LC.1		35.38	0.4889	0.7323	0.00287562904385	1	0	1	1	0	1	     0	     0	     0			
TraesCS3A03G0089300.1	TraesCS3A03G0089300.1	TraesCS3A03G0089300.1		599	false	false		TraesCS3A03G0089300.1		4.34	0.4813	0.7236	0.00287562904385	1	0	1	1	0	1	     0	     0	     0			TraesCS3A03G0089300.2, TraesCS3B03G0090300.1
TraesCS4B03G0633500LC.1	TraesCS4B03G0633500LC.1	TraesCS4B03G0633500LC.1		311	false	false		TraesCS4B03G0633500LC.1		8.36	0.4805	0.7230	0.00287562904385	1	1	1	1	1	1	     0	     0	     0			
TraesCS6D03G0818200LC.1	TraesCS6D03G0818200LC.1	TraesCS6D03G0818200LC.1		133	false	false		TraesCS6D03G0818200LC.1		6.77	0.4772	0.7203	0.00287562904385	1	1	1	3	3	3	     0	     0	     0			
TraesCS6B03G0455000.1	TraesCS6B03G0455000.1	TraesCS6B03G0455000.1		172	false	false		TraesCS6B03G0455000.1		14.53	0.4756	0.7190	0.00287562904385	1	1	1	1	1	1	     0	     0	     0	15C(57.0214), 16C(57.0214), 19C(57.0214)		
TraesCS1B03G0622100.1	TraesCS1B03G0622100.1	TraesCS1B03G0622100.1		189	false	false		TraesCS1B03G0622100.1		5.82	0.4742	0.7179	0.00287562904385	1	0	1	2	0	2	     0	     0	     0	N-term(42.0106)		TraesCS1D03G0512600.1
TraesCS7A03G0552300.1	TraesCS7A03G0552300.1	TraesCS7A03G0552300.1		247	false	false		TraesCS7A03G0552300.1		12.96	0.4740	0.7177	0.00287562904385	1	0	1	1	0	1	     0	     0	     0			TraesCS7B03G0369400.1, TraesCS7D03G0534100.1
TraesCS7B03G0503900.1	TraesCS7B03G0503900.1	TraesCS7B03G0503900.1		612	false	false		TraesCS7B03G0503900.1		2.29	0.4708	0.7151	0.00287562904385	1	0	1	1	0	1	     0	     0	     0			TraesCS7B03G0503900.2, TraesCS7D03G0686000.1
TraesCS6D03G0074300LC.1	TraesCS6D03G0074300LC.1	TraesCS6D03G0074300LC.1		72	false	false		TraesCS6D03G0074300LC.1		44.44	0.4699	0.7144	0.00287562904385	1	1	1	1	1	1	     0	     0	     0	12M(15.9949)		
TraesCS1A03G0686300LC.1	TraesCS1A03G0686300LC.1	TraesCS1A03G0686300LC.1		323	false	false		TraesCS1A03G0686300LC.1		2.48	0.4693	0.7139	0.00287562904385	1	1	1	1	1	1	     0	     0	     0			
TraesCS1D03G0948100.1	TraesCS1D03G0948100.1	TraesCS1D03G0948100.1		901	false	false		TraesCS1D03G0948100.1		1.78	0.4693	0.7139	0.00287562904385	1	1	1	1	1	1	     0	     0	     0			
TraesCS4A03G0209000.1	TraesCS4A03G0209000.1	TraesCS4A03G0209000.1		143	false	false		TraesCS4A03G0209000.1		7.69	0.4666	0.7117	0.00287562904385	1	1	1	1	1	1	     0	     0	     0	3C(57.0214)		
TraesCS5D03G0742400.1	TraesCS5D03G0742400.1	TraesCS5D03G0742400.1		231	false	false		TraesCS5D03G0742400.1		4.33	0.4603	0.7064	0.00287562904385	1	1	1	1	1	1	     0	     0	     0	3M(15.9949), 7C(57.0214), 9C(57.0214)		
TraesCS2A03G0158100.1	TraesCS2A03G0158100.1	TraesCS2A03G0158100.1		1181	false	false		TraesCS2A03G0158100.1		0.93	0.4591	0.7054	0.00287562904385	1	0	1	1	0	1	     0	     0	     0			TraesCS2B03G0221400.1, TraesCS2B03G0221400.2, TraesCS2B03G0221400.3, TraesCS2D03G0154100.1
TraesCS6A03G0516600LC.1	TraesCS6A03G0516600LC.1	TraesCS6A03G0516600LC.1		101	false	false		TraesCS6A03G0516600LC.1		10.89	0.4589	0.7053	0.00287562904385	1	0	1	1	0	1	     0	     0	     0			TraesCS6D03G0432400.1
TraesCS4A03G0365100.1	TraesCS4A03G0365100.1	TraesCS4A03G0365100.1		616	false	false		TraesCS4A03G0365100.1		2.92	0.4581	0.7046	0.00287562904385	1	0	1	2	0	2	     0	     0	     0	12C(57.0214)		TraesCS4B03G0446500.1, TraesCS4D03G0338300.1, TraesCS4D03G0338300.2
TraesCS2B03G1027900LC.1	TraesCS2B03G1027900LC.1	TraesCS2B03G1027900LC.1		83	false	false		TraesCS2B03G1027900LC.1		10.84	0.4570	0.7064	0.00287562904385	1	0	1	1	0	1	     0	     0	     0	7M(15.9949)		
TraesCS7B03G0106400LC.1	TraesCS7B03G0106400LC.1	TraesCS7B03G0106400LC.1		100	false	false		TraesCS7B03G0106400LC.1		36.00	0.4548	0.7018	0.00287562904385	1	1	1	1	1	1	     0	     0	     0	23C(57.0214)		
TraesCS3A03G0601300LC.1	TraesCS3A03G0601300LC.1	TraesCS3A03G0601300LC.1		95	false	false		TraesCS3A03G0601300LC.1		10.53	0.4462	0.6945	0.00287562904385	1	1	1	3	3	3	     0	     0	     0			
TraesCS6B03G0997000LC.1	TraesCS6B03G0997000LC.1	TraesCS6B03G0997000LC.1		566	false	false		TraesCS6B03G0997000LC.1		1.77	0.4459	0.6942	0.00287562904385	1	1	1	1	1	1	     0	     0	     0			
TraesCS2A03G0926600.1	TraesCS2A03G0926600.1	TraesCS2A03G0926600.1		526	false	false		TraesCS2A03G0926600.1		2.28	0.4439	0.6925	0.00287562904385	1	0	1	1	0	1	     0	     0	     0			TraesCS2B03G1018600.1, TraesCS2D03G0866200.1
TraesCS4B03G0943200LC.1	TraesCS4B03G0943200LC.1	TraesCS4B03G0943200LC.1		475	false	false		TraesCS4B03G0943200LC.1		2.53	0.4435	0.6922	0.00287562904385	1	1	1	2	2	2	     0	     0	     0			
TraesCS5A03G1053100LC.1	TraesCS5A03G1053100LC.1	TraesCS5A03G1053100LC.1		439	false	false		TraesCS5A03G1053100LC.1		2.51	0.4417	0.6906	0.00287562904385	1	1	1	1	1	1	     0	     0	     0			
TraesCS4A03G1079600LC.1	TraesCS4A03G1079600LC.1	TraesCS4A03G1079600LC.1		156	false	false		TraesCS4A03G1079600LC.1		7.69	0.4414	0.6946	0.00287562904385	1	0	1	1	0	1	     0	     0	     0			
TraesCS4B03G0870600LC.1	TraesCS4B03G0870600LC.1	TraesCS4B03G0870600LC.1		154	false	false		TraesCS4B03G0870600LC.1		7.14	0.4405	0.6896	0.00287562904385	1	1	1	1	1	1	     0	     0	     0	4C(57.0214), 7C(57.0214)		
TraesCS1A03G0940600.1	TraesCS1A03G0940600.1	TraesCS1A03G0940600.1		404	false	false		TraesCS1A03G0940600.1		5.45	0.4355	0.6852	0.00287562904385	1	1	1	1	1	1	     0	     0	     0	3M(15.9949)		
TraesCS7A03G0997400.1	TraesCS7A03G0997400.1	TraesCS7A03G0997400.1		462	false	false		TraesCS7A03G0997400.1		2.38	0.4336	0.6835	0.00287562904385	1	0	1	1	0	1	     0	     0	     0			TraesCS7B03G0833600.1, TraesCS7D03G0953000.1
TraesCS7A03G0872200LC.1	TraesCS7A03G0872200LC.1	TraesCS7A03G0872200LC.1		211	false	false		TraesCS7A03G0872200LC.1		8.06	0.4286	0.6819	0.00287562904385	1	0	1	1	0	1	     0	     0	     0			
TraesCS6B03G1267300.1	TraesCS6B03G1267300.1	TraesCS6B03G1267300.1		979	false	false		TraesCS6B03G1267300.1		1.53	0.4269	0.6776	0.00287562904385	1	1	1	1	1	1	     0	     0	     0	6C(57.0214)		
TraesCS2A03G0426000.1	TraesCS2A03G0426000.1	TraesCS2A03G0426000.1		560	false	false		TraesCS2A03G0426000.1		1.61	0.4268	0.6775	0.00287562904385	1	0	1	2	0	2	     0	     0	     0			TraesCS2B03G0553700.1, TraesCS2D03G0444800.1
TraesCS5A03G0885100LC.1	TraesCS5A03G0885100LC.1	TraesCS5A03G0885100LC.1		179	false	false		TraesCS5A03G0885100LC.1		5.03	0.4243	0.6752	0.00287562904385	1	1	1	1	1	1	     0	     0	     0	7C(57.0214)		
TraesCS4A03G0902800.1	TraesCS4A03G0902800.1	TraesCS4A03G0902800.1		226	false	false		TraesCS4A03G0902800.1		6.19	0.4205	0.6718	0.00287562904385	1	0	1	1	0	1	     0	     0	     0			TraesCS5B03G1230300.1, TraesCS5D03G1107100.1
TraesCS1A03G0218200.2	TraesCS1A03G0218200.2	TraesCS1A03G0218200.2		701	false	false		TraesCS1A03G0218200.2		1.85	0.4185	0.6700	0.00287562904385	1	0	1	1	0	1	     0	     0	     0			TraesCS1A03G0218200.3, TraesCS1B03G0321300.3, TraesCS1D03G0231200.2, TraesCS1D03G0231200.4
TraesCS1A03G0850100.1	TraesCS1A03G0850100.1	TraesCS1A03G0850100.1		746	false	false		TraesCS1A03G0850100.1		1.34	0.4181	0.6696	0.00287562904385	1	0	1	2	0	2	     0	     0	     0	7C(57.0214)		TraesCS1D03G0819500.1, TraesCS1D03G0819500.2, TraesCS1D03G0819500.3, TraesCS1D03G0819500.4
TraesCS6A03G0447800LC.1	TraesCS6A03G0447800LC.1	TraesCS6A03G0447800LC.1		310	false	false		TraesCS6A03G0447800LC.1		3.55	0.4164	0.6681	0.00287562904385	1	1	1	1	1	1	     0	     0	     0			
TraesCS1A03G0383200LC.1	TraesCS1A03G0383200LC.1	TraesCS1A03G0383200LC.1		168	false	false		TraesCS1A03G0383200LC.1		4.76	0.4161	0.6678	0.00287562904385	1	1	1	2	2	2	     0	     0	     0	6M(15.9949)		
TraesCS3A03G0811900.1	TraesCS3A03G0811900.1	TraesCS3A03G0811900.1		598	false	false		TraesCS3A03G0811900.1		1.34	0.4151	0.6669	0.00287562904385	1	0	1	2	0	2	     0	     0	     0	5M(15.9949)		TraesCS3D03G0747900.1
TraesCS2D03G0694700.1	TraesCS2D03G0694700.1	TraesCS2D03G0694700.1		237	false	false		TraesCS2D03G0694700.1		3.80	0.4140	0.6659	0.00287562904385	1	1	1	1	1	1	     0	     0	     0			
TraesCS4B03G0298200LC.1	TraesCS4B03G0298200LC.1	TraesCS4B03G0298200LC.1		249	false	false		TraesCS4B03G0298200LC.1		41.37	0.4130	0.6650	0.00287562904385	1	1	1	2	2	2	     0	     0	     0	11C(57.0214), 12M(15.9949), 7M(15.9949)		
TraesCS1A03G0211100.1	TraesCS1A03G0211100.1	TraesCS1A03G0211100.1		445	false	false		TraesCS1A03G0211100.1		6.52	0.4127	0.6647	0.00287562904385	1	1	1	1	1	1	     0	     0	     0			
TraesCS2A03G0465400.1	TraesCS2A03G0465400.1	TraesCS2A03G0465400.1		447	false	false		TraesCS2A03G0465400.1		2.91	0.4065	0.6589	0.00287562904385	1	0	1	1	0	1	     0	     0	     0			TraesCS2B03G0587100.1, TraesCS2B03G0587100.2, TraesCS2D03G0472600.1
TraesCS3D03G0787400LC.1	TraesCS3D03G0787400LC.1	TraesCS3D03G0787400LC.1		128	false	false		TraesCS3D03G0787400LC.1		18.75	0.4063	0.6588	0.00287562904385	1	1	1	1	1	1	     0	     0	     0			
TraesCS6D03G0841300.1	TraesCS6D03G0841300.1	TraesCS6D03G0841300.1		790	false	false		TraesCS6D03G0841300.1		1.77	0.4061	0.6631	0.00287562904385	1	0	1	1	0	1	     0	     0	     0			
TraesCS5A03G0870400.1	TraesCS5A03G0870400.1	TraesCS5A03G0870400.1		481	false	false		TraesCS5A03G0870400.1		3.12	0.4046	0.6572	0.00287562904385	1	1	1	1	1	1	     0	     0	     0			
TraesCS5B03G0762400LC.1	TraesCS5B03G0762400LC.1	TraesCS5B03G0762400LC.1		128	false	false		TraesCS5B03G0762400LC.1		10.94	0.4013	0.6541	0.00287562904385	1	1	1	1	1	1	     0	     0	     0			
TraesCS3B03G0148400.1	TraesCS3B03G0148400.1	TraesCS3B03G0148400.1		576	false	false		TraesCS3B03G0148400.1		2.26	0.3991	0.6520	0.00287562904385	1	1	1	1	1	1	     0	     0	     0			
TraesCS6A03G0931900LC.1	TraesCS6A03G0931900LC.1	TraesCS6A03G0931900LC.1		164	false	false		TraesCS6A03G0931900LC.1		9.76	0.3971	0.6501	0.00287562904385	1	1	1	1	1	1	     0	     0	     0			
TraesCS3A03G0900500.1	TraesCS3A03G0900500.1	TraesCS3A03G0900500.1		271	false	false		TraesCS3A03G0900500.1		18.45	0.3961	0.6492	0.00287562904385	2	0	2	2	0	2	     0	     0	     0			TraesCS3B03G1024800.1, TraesCS3D03G0826800.1
TraesCS4B03G0132000LC.1	TraesCS4B03G0132000LC.1	TraesCS4B03G0132000LC.1		560	false	false		TraesCS4B03G0132000LC.1		1.79	0.3936	0.6469	0.00287562904385	1	1	1	2	2	2	     0	     0	     0			
TraesCS3B03G0961200LC.1	TraesCS3B03G0961200LC.1	TraesCS3B03G0961200LC.1		903	false	false		TraesCS3B03G0961200LC.1		1.88	0.3934	0.6467	0.00287562904385	1	1	1	1	1	1	     0	     0	     0	11M(15.9949), 13M(15.9949)		
TraesCS3D03G0987900LC.1	TraesCS3D03G0987900LC.1	TraesCS3D03G0987900LC.1		110	false	false		TraesCS3D03G0987900LC.1		30.00	0.3914	0.6447	0.00287562904385	1	1	1	1	1	1	     0	     0	     0	9M(15.9949), N-term(42.0106)		
TraesCS1A03G0791800.1	TraesCS1A03G0791800.1	TraesCS1A03G0791800.1		186	false	false		TraesCS1A03G0791800.1		4.84	0.3905	0.6439	0.00287562904385	1	0	1	1	0	1	     0	     0	     0			TraesCS1B03G0909700.1, TraesCS1D03G0758000.1
TraesCS2B03G0567600LC.1	TraesCS2B03G0567600LC.1	TraesCS2B03G0567600LC.1		149	false	false		TraesCS2B03G0567600LC.1		4.70	0.3905	0.6486	0.00287562904385	1	0	1	1	0	1	     0	     0	     0	N-term(42.0106)		
TraesCS2A03G1320000.2	TraesCS2A03G1320000.2	TraesCS2A03G1320000.2		1149	false	false		TraesCS2A03G1320000.2		3.66	0.3895	0.6429	0.00287562904385	1	0	1	1	0	1	     0	     0	     0			TraesCS2B03G1522700.1, TraesCS2D03G1283900.3, TraesCS2D03G1283900.4
TraesCS1A03G0572500LC.1	TraesCS1A03G0572500LC.1	TraesCS1A03G0572500LC.1		84	false	false		TraesCS1A03G0572500LC.1		9.52	0.3888	0.6422	0.00287562904385	1	1	1	1	1	1	     0	     0	     0			
TraesCS1A03G0136900.1	TraesCS1A03G0136900.1	TraesCS1A03G0136900.1		771	false	false		TraesCS1A03G0136900.1		2.72	0.3844	0.6427	0.00287562904385	1	0	1	1	0	1	     0	     0	     0	11C(57.0214), 12M(15.9949)		TraesCS1B03G0185100.1, TraesCS1B03G0186400.1, TraesCS1B03G0186400.2
TraesCS5B03G1179600LC.1	TraesCS5B03G1179600LC.1	TraesCS5B03G1179600LC.1		589	false	false		TraesCS5B03G1179600LC.1		2.55	0.3831	0.6367	0.00287562904385	1	0	1	1	0	1	     0	     0	     0			TraesCS6A03G0225100LC.1
TraesCS4A03G1082500.1	TraesCS4A03G1082500.1	TraesCS4A03G1082500.1		226	false	false		TraesCS4A03G1082500.1		4.42	0.3822	0.6358	0.00287562904385	1	0	1	2	0	2	     0	     0	     0	N-term(42.0106)		TraesCS7A03G0109700.1, TraesCS7D03G0100700.1
TraesCS7B03G0626800.1	TraesCS7B03G0626800.1	TraesCS7B03G0626800.1		933	false	false		TraesCS7B03G0626800.1		1.82	0.3809	0.6345	0.00287562904385	2	0	2	3	0	3	     0	     0	     0	1M(15.9949), N-term(42.0106)		TraesCS7B03G0626800.2
TraesCS7A03G0482800.1	TraesCS7A03G0482800.1	TraesCS7A03G0482800.1		408	false	false		TraesCS7A03G0482800.1		4.41	0.3791	0.6327	0.00287562904385	1	0	1	1	0	1	     0	     0	     0			TraesCS7D03G0467000.1
TraesCS5A03G1014000LC.1	TraesCS5A03G1014000LC.1	TraesCS5A03G1014000LC.1		308	false	false		TraesCS5A03G1014000LC.1		3.57	0.3790	0.6326	0.00287562904385	1	0	1	1	0	1	     0	     0	     0			TraesCS5B03G1060300LC.1, TraesCS5D03G0959100LC.1
TraesCS6A03G0054700.1	TraesCS6A03G0054700.1	TraesCS6A03G0054700.1		2178	false	false		TraesCS6A03G0054700.1		1.24	0.3788	0.6324	0.00287562904385	1	0	1	1	0	1	     0	     0	     0			TraesCS6B03G0078900.1, TraesCS6D03G0055100.1
TraesCS4D03G0402400LC.1	TraesCS4D03G0402400LC.1	TraesCS4D03G0402400LC.1		468	false	false		TraesCS4D03G0402400LC.1		4.91	0.3759	0.6296	0.00287562904385	1	1	1	1	1	1	     0	     0	     0			
TraesCS6D03G0561000.1	TraesCS6D03G0561000.1	TraesCS6D03G0561000.1		139	false	false		TraesCS6D03G0561000.1		10.79	0.3756	0.6293	0.00287562904385	1	1	1	2	2	2	     0	     0	     0	11C(57.0214), 14C(57.0214), 8M(15.9949)		
TraesCS2B03G0675500LC.1	TraesCS2B03G0675500LC.1	TraesCS2B03G0675500LC.1		66	false	false		TraesCS2B03G0675500LC.1		24.24	0.3749	0.6286	0.00287562904385	1	0	1	2	0	2	     0	     0	     0			TraesCS3A03G0580600LC.1, TraesCS4B03G0566900.1, TraesCS6B03G0950000LC.1, TraesCS7B03G0414700LC.1
TraesCS4A03G0487500.1	TraesCS4A03G0487500.1	TraesCS4A03G0487500.1		314	false	false		TraesCS4A03G0487500.1		4.14	0.3736	0.6273	0.00287562904385	1	0	1	1	0	1	     0	     0	     0	N-term(42.0106)		TraesCS4B03G0324200.1, TraesCS4D03G0265700.1
TraesCS6A03G0001700LC.1	TraesCS6A03G0001700LC.1	TraesCS6A03G0001700LC.1		181	false	false		TraesCS6A03G0001700LC.1		11.60	0.3729	0.6266	0.00287562904385	2	2	2	2	2	2	     0	     0	     0			
TraesCS5A03G0565400.1	TraesCS5A03G0565400.1	TraesCS5A03G0565400.1		928	false	false		TraesCS5A03G0565400.1		1.72	0.3692	0.6229	0.00287562904385	1	0	1	1	0	1	     0	     0	     0			TraesCS5A03G0963000.1, TraesCS5B03G0576800.1, TraesCS5B03G1013800.1, TraesCS5D03G0531600.1, TraesCS5D03G0917600.1
TraesCS2A03G0853700LC.1	TraesCS2A03G0853700LC.1	TraesCS2A03G0853700LC.1		103	false	false		TraesCS2A03G0853700LC.1		12.62	0.3685	0.6221	0.00287562904385	1	1	1	1	1	1	     0	     0	     0	6C(57.0214)		
TraesCS6D03G0920500.1	TraesCS6D03G0920500.1	TraesCS6D03G0920500.1		518	false	false		TraesCS6D03G0920500.1		2.90	0.3674	0.6210	0.00287562904385	1	1	1	1	1	1	     0	     0	     0			
TraesCS3D03G0745700.1	TraesCS3D03G0745700.1	TraesCS3D03G0745700.1		407	false	false		TraesCS3D03G0745700.1		4.67	0.3651	0.6187	0.00287562904385	1	1	1	1	1	1	     0	     0	     0	14C(57.0214)		
TraesCS2B03G0873400.1	TraesCS2B03G0873400.1	TraesCS2B03G0873400.1		244	false	false		TraesCS2B03G0873400.1		4.92	0.3642	0.6227	0.00287562904385	1	0	1	1	0	1	     0	     0	     0			TraesCS2D03G0724700.2
TraesCS5A03G0664800.1	TraesCS5A03G0664800.1	TraesCS5A03G0664800.1		1430	false	false		TraesCS5A03G0664800.1		1.26	0.3634	0.6170	0.00287562904385	1	0	1	1	0	1	     0	     0	     0			TraesCS5A03G0664800.2, TraesCS5B03G0704300.1, TraesCS5B03G0704300.2, TraesCS5B03G0704300.3, TraesCS5D03G0635500.1, TraesCS5D03G0635500.2, TraesCS5D03G0635500.3, TraesCS5D03G0635500.4
TraesCS2B03G0762100LC.1	TraesCS2B03G0762100LC.1	TraesCS2B03G0762100LC.1		172	false	false		TraesCS2B03G0762100LC.1		5.81	0.3607	0.6142	0.00287562904385	1	1	1	1	1	1	     0	     0	     0			
TraesCS2A03G0911600.1	TraesCS2A03G0911600.1	TraesCS2A03G0911600.1		340	false	false		TraesCS2A03G0911600.1		2.35	0.3581	0.6115	0.00287562904385	1	1	1	1	1	1	     0	     0	     0	1M(15.9949), 7M(15.9949)		
TraesCS3A03G0376100.1	TraesCS3A03G0376100.1	TraesCS3A03G0376100.1		452	false	false		TraesCS3A03G0376100.1		2.65	0.3578	0.6112	0.00287562904385	1	0	1	1	0	1	     0	     0	     0	7M(15.9949)		TraesCS3B03G0461900.1, TraesCS3D03G0362500.1
TraesCS5A03G0622900.1	TraesCS5A03G0622900.1	TraesCS5A03G0622900.1		577	false	false		TraesCS5A03G0622900.1		1.73	0.3577	0.6111	0.00287562904385	1	0	1	1	0	1	     0	     0	     0			TraesCS5A03G0622900.2, TraesCS5A03G0622900.3, TraesCS5B03G0639900.1, TraesCS5B03G0639900.2, TraesCS5B03G0639900.3, TraesCS5B03G0639900.4, TraesCS5D03G0590700.1, TraesCS5D03G0590700.2, TraesCS5D03G0590700.3
TraesCS4D03G0693100LC.1	TraesCS4D03G0693100LC.1	TraesCS4D03G0693100LC.1		181	false	false		TraesCS4D03G0693100LC.1		9.39	0.3554	0.6087	0.00287562904385	1	0	1	1	0	1	     0	     0	     0			TraesCS5D03G1098400LC.1
TraesCS5D03G0833600LC.1	TraesCS5D03G0833600LC.1	TraesCS5D03G0833600LC.1		131	false	false		TraesCS5D03G0833600LC.1		6.87	0.3550	0.6083	0.00287562904385	1	1	1	2	2	2	     0	     0	     0			
TraesCS1A03G0589500.1	TraesCS1A03G0589500.1	TraesCS1A03G0589500.1		518	false	false		TraesCS1A03G0589500.1		1.74	0.3509	0.6040	0.00287562904385	1	0	1	1	0	1	     0	     0	     0	6M(15.9949), 8M(15.9949)		TraesCS1D03G0560700.1
TraesCS5A03G1285300.1	TraesCS5A03G1285300.1	TraesCS5A03G1285300.1		313	false	false		TraesCS5A03G1285300.1		5.75	0.3499	0.6030	0.00287562904385	1	0	1	1	0	1	     0	     0	     0			TraesCS5A03G1285400.1, TraesCS5A03G1285500LC.1, TraesCS5A03G1285600.1, TraesCS5A03G1285900LC.1
TraesCS1D03G0046100LC.1	TraesCS1D03G0046100LC.1	TraesCS1D03G0046100LC.1		157	false	false		TraesCS1D03G0046100LC.1		13.38	0.3498	0.6028	0.00287562904385	1	1	1	1	1	1	     0	     0	     0			
TraesCS3B03G1290600LC.1	TraesCS3B03G1290600LC.1	TraesCS3B03G1290600LC.1		701	false	false		TraesCS3B03G1290600LC.1		1.43	0.3496	0.6026	0.00287562904385	1	1	1	1	1	1	     0	     0	     0	3C(57.0214)		
TraesCS5A03G0571700LC.1	TraesCS5A03G0571700LC.1	TraesCS5A03G0571700LC.1		93	false	false		TraesCS5A03G0571700LC.1		16.13	0.3469	0.5998	0.00287562904385	1	1	1	1	1	1	     0	     0	     0			
TraesCS1A03G0473800.1	TraesCS1A03G0473800.1	TraesCS1A03G0473800.1		1066	false	false		TraesCS1A03G0473800.1		1.03	0.3449	0.5977	0.00287562904385	1	0	1	1	0	1	     0	     0	     0			TraesCS1D03G0421200.1, TraesCS1D03G0421200.2, TraesCS1D03G0421200.3
TraesCS7A03G1151500LC.1	TraesCS7A03G1151500LC.1	TraesCS7A03G1151500LC.1		389	false	false		TraesCS7A03G1151500LC.1		2.57	0.3445	0.5972	0.00287562904385	1	1	1	1	1	1	     0	     0	     0			
TraesCS2B03G1534600LC.1	TraesCS2B03G1534600LC.1	TraesCS2B03G1534600LC.1		184	false	false		TraesCS2B03G1534600LC.1		5.43	0.3440	0.5967	0.00287562904385	1	1	1	1	1	1	     0	     0	     0			
TraesCS7A03G0955000.1	TraesCS7A03G0955000.1	TraesCS7A03G0955000.1		1234	false	false		TraesCS7A03G0955000.1		1.46	0.3438	0.5965	0.00287562904385	1	0	1	1	0	1	     0	     0	     0			TraesCS7A03G0955000.2, TraesCS7A03G0955000.3, TraesCS7A03G0955000.4, TraesCS7B03G0797500.1, TraesCS7B03G0797500.2, TraesCS7B03G0797500.3, TraesCS7B03G0797500.4, TraesCS7D03G0919800.1, TraesCS7D03G0919800.2, TraesCS7D03G0919800.3, TraesCS7D03G0919800.4
TraesCS5A03G0583200.1	TraesCS5A03G0583200.1	TraesCS5A03G0583200.1		414	false	false		TraesCS5A03G0583200.1		2.90	0.3426	0.5952	0.00287562904385	1	0	1	1	0	1	     0	     0	     0	7C(57.0214)		TraesCS5B03G0597600.1, TraesCS5D03G0554100.1
TraesCS6B03G0306900LC.1	TraesCS6B03G0306900LC.1	TraesCS6B03G0306900LC.1		189	false	false		TraesCS6B03G0306900LC.1		5.82	0.3405	0.5929	0.00287562904385	1	1	1	1	1	1	     0	     0	     0	7C(57.0214), 8M(15.9949), 9M(15.9949)		
TraesCS1A03G0847100.1	TraesCS1A03G0847100.1	TraesCS1A03G0847100.1		535	false	false		TraesCS1A03G0847100.1		1.50	0.3382	0.5905	0.00287562904385	1	0	1	2	0	2	     0	     0	     0			TraesCS1B03G0973900.1, TraesCS1D03G0814900.1, TraesCS3A03G0445600.1, TraesCS3B03G0522800.1, TraesCS3D03G0413900.1
TraesCS3B03G0349700LC.1	TraesCS3B03G0349700LC.1	TraesCS3B03G0349700LC.1		1862	false	false		TraesCS3B03G0349700LC.1		0.48	0.3346	0.5866	0.00287562904385	1	1	1	1	1	1	     0	     0	     0			
TraesCS4B03G0285600LC.1	TraesCS4B03G0285600LC.1	TraesCS4B03G0285600LC.1		1044	false	false		TraesCS4B03G0285600LC.1		4.31	0.3345	0.5864	0.00287562904385	1	1	1	1	1	1	     0	     0	     0	19C(57.0214), 32M(15.9949), 40M(15.9949)		
TraesCS1A03G1048600LC.1	TraesCS1A03G1048600LC.1	TraesCS1A03G1048600LC.1		156	false	false		TraesCS1A03G1048600LC.1		7.05	0.3331	0.5849	0.00287562904385	1	1	1	1	1	1	     0	     0	     0			
TraesCS1D03G0328100.1	TraesCS1D03G0328100.1	TraesCS1D03G0328100.1		828	false	false		TraesCS1D03G0328100.1		1.21	0.3306	0.5875	0.00287562904385	1	0	1	1	0	1	     0	     0	     0			
TraesCS4B03G0224400.1	TraesCS4B03G0224400.1	TraesCS4B03G0224400.1		334	false	false		TraesCS4B03G0224400.1		2.69	0.3289	0.5803	0.00287562904385	1	1	1	1	1	1	     0	     0	     0			
TraesCS7A03G0862500.1	TraesCS7A03G0862500.1	TraesCS7A03G0862500.1		420	false	false		TraesCS7A03G0862500.1		2.38	0.3286	0.5800	0.00287562904385	1	0	1	1	0	1	     0	     0	     0	1M(15.9949), 2M(15.9949)		TraesCS7D03G0873100.1, TraesCS7D03G0873300.1
TraesCS6B03G0909500.1	TraesCS6B03G0909500.1	TraesCS6B03G0909500.1		564	false	false		TraesCS6B03G0909500.1		1.60	0.3285	0.5799	0.00287562904385	1	1	1	1	1	1	     0	     0	     0			
TraesCSU03G0310700LC.1	TraesCSU03G0310700LC.1	TraesCSU03G0310700LC.1		347	false	false		TraesCSU03G0310700LC.1		9.51	0.3285	0.5799	0.00287562904385	1	1	1	1	1	1	     0	     0	     0			
TraesCS7B03G0192100LC.1	TraesCS7B03G0192100LC.1	TraesCS7B03G0192100LC.1		479	false	false		TraesCS7B03G0192100LC.1		1.88	0.3284	0.5797	0.00287562904385	1	1	1	1	1	1	     0	     0	     0			
TraesCS2A03G0324900.1	TraesCS2A03G0324900.1	TraesCS2A03G0324900.1		368	false	false		TraesCS2A03G0324900.1		4.35	0.3270	0.5782	0.00287562904385	1	0	1	1	0	1	     0	     0	     0			TraesCS2B03G0445100.1, TraesCS2D03G0346600.1
TraesCS7A03G0471500.1	TraesCS7A03G0471500.1	TraesCS7A03G0471500.1		849	false	false		TraesCS7A03G0471500.1		1.41	0.3270	0.5782	0.00287562904385	1	0	1	3	0	3	     0	     0	     0			TraesCS7A03G0471700.1, TraesCS7B03G0280100.1, TraesCS7D03G0453000.1
TraesCS3B03G0663800.1	TraesCS3B03G0663800.1	TraesCS3B03G0663800.1		399	false	false		TraesCS3B03G0663800.1		4.26	0.3250	0.5760	0.00287562904385	1	0	1	1	0	1	     0	     0	     0			TraesCS3B03G0663800.2, TraesCS3D03G0536800.1
TraesCS2A03G0868600.1	TraesCS2A03G0868600.1	TraesCS2A03G0868600.1		766	false	false		TraesCS2A03G0868600.1		3.92	0.3244	0.5753	0.00287562904385	1	0	1	1	0	1	     0	     0	     0			TraesCS2A03G0868600.2, TraesCS2A03G0868600.3, TraesCS2B03G0960000.1, TraesCS2D03G0809000.1
TraesCS7B03G0454000.1	TraesCS7B03G0454000.1	TraesCS7B03G0454000.1		483	false	false		TraesCS7B03G0454000.1		2.90	0.3231	0.5738	0.00287562904385	1	0	1	1	0	1	     0	     0	     0			TraesCS7B03G0454000.2, TraesCS7B03G0454000.3
TraesCS2B03G1074600LC.1	TraesCS2B03G1074600LC.1	TraesCS2B03G1074600LC.1		121	false	false		TraesCS2B03G1074600LC.1		9.09	0.3218	0.5724	0.00287562904385	1	0	1	1	0	1	     0	     0	     0			TraesCS2B03G1355100LC.1
TraesCS1B03G0938800.1	TraesCS1B03G0938800.1	TraesCS1B03G0938800.1		505	false	false		TraesCS1B03G0938800.1		2.57	0.3214	0.5719	0.00287562904385	1	0	1	1	0	1	     0	     0	     0			TraesCS1B03G0938800.2, TraesCS1D03G0529000.1, TraesCS1D03G0529000.2, TraesCS1D03G0529000.3, TraesCS3A03G0974400.2, TraesCS3B03G1121200.1, TraesCS3D03G0910700.1
TraesCS2D03G0201700LC.1	TraesCS2D03G0201700LC.1	TraesCS2D03G0201700LC.1		103	false	false		TraesCS2D03G0201700LC.1		13.59	0.3213	0.5718	0.00287562904385	1	1	1	1	1	1	     0	     0	     0			
TraesCS7A03G0749400.1	TraesCS7A03G0749400.1	TraesCS7A03G0749400.1		1157	false	false		TraesCS7A03G0749400.1		1.04	0.3209	0.5714	0.00287562904385	1	0	1	1	0	1	     0	     0	     0	1M(15.9949)		TraesCS7A03G0749400.2
TraesCS7B03G0229800.1	TraesCS7B03G0229800.1	TraesCS7B03G0229800.1		368	false	false		TraesCS7B03G0229800.1		2.17	0.3191	0.5694	0.00287562904385	1	0	1	1	0	1	     0	     0	     0			TraesCS7D03G0410800.1
TraesCS2D03G0106800.1	TraesCS2D03G0106800.1	TraesCS2D03G0106800.1		338	false	false		TraesCS2D03G0106800.1		10.36	0.3187	0.5689	0.00287562904385	1	1	1	1	1	1	     0	     0	     0	15M(15.9949), 17C(57.0214), 30C(57.0214), 9M(15.9949)		
TraesCS4A03G0802900.1	TraesCS4A03G0802900.1	TraesCS4A03G0802900.1		460	false	false		TraesCS4A03G0802900.1		3.26	0.3183	0.5685	0.00287562904385	1	1	1	1	1	1	     0	     0	     0			
TraesCS7D03G1164800LC.1	TraesCS7D03G1164800LC.1	TraesCS7D03G1164800LC.1		571	false	false		TraesCS7D03G1164800LC.1		6.13	0.3180	0.5681	0.00287562904385	1	1	1	1	1	1	     0	     0	     0	6C(57.0214)		
TraesCS5A03G0183500LC.1	TraesCS5A03G0183500LC.1	TraesCS5A03G0183500LC.1		123	false	false		TraesCS5A03G0183500LC.1		7.32	0.3175	0.5675	0.00287562904385	1	1	1	1	1	1	     0	     0	     0			
TraesCS7A03G1176000.1	TraesCS7A03G1176000.1	TraesCS7A03G1176000.1		187	false	false		TraesCS7A03G1176000.1		6.95	0.3174	0.5674	0.00287562904385	1	0	1	1	0	1	     0	     0	     0			TraesCS7A03G1176400.1
TraesCS4B03G0002200.1	TraesCS4B03G0002200.1	TraesCS4B03G0002200.1		427	false	false		TraesCS4B03G0002200.1		6.79	0.3142	0.5638	0.00287562904385	1	0	1	1	0	1	     0	     0	     0			TraesCS4D03G0002300.1
TraesCS5B03G1360600LC.1	TraesCS5B03G1360600LC.1	TraesCS5B03G1360600LC.1		471	false	false		TraesCS5B03G1360600LC.1		4.03	0.3142	0.5638	0.00287562904385	1	1	1	1	1	1	     0	     0	     0			
TraesCS5D03G0649500LC.1	TraesCS5D03G0649500LC.1	TraesCS5D03G0649500LC.1		333	false	false		TraesCS5D03G0649500LC.1		6.01	0.3139	0.5634	0.00287562904385	1	0	1	1	0	1	     0	     0	     0	13M(15.9949), 19M(15.9949), 3C(57.0214)		TraesCS7A03G0752800LC.1
TraesCS6D03G0604100.1	TraesCS6D03G0604100.1	TraesCS6D03G0604100.1		407	false	false		TraesCS6D03G0604100.1		3.69	0.3119	0.5611	0.00287562904385	1	0	1	1	0	1	     0	     0	     0			TraesCS6D03G0604100.2, TraesCS6D03G0604100.3
TraesCS2A03G0434400LC.1	TraesCS2A03G0434400LC.1	TraesCS2A03G0434400LC.1		136	false	false		TraesCS2A03G0434400LC.1		8.82	0.3106	0.5597	0.00287562904385	1	1	1	1	1	1	     0	     0	     0	10C(57.0214), 12M(15.9949), 2C(57.0214)		
TraesCS4A03G1000100.1	TraesCS4A03G1000100.1	TraesCS4A03G1000100.1		222	false	false		TraesCS4A03G1000100.1		12.16	0.3106	0.5597	0.00287562904385	1	1	1	1	1	1	     0	     0	     0			
TraesCS1A03G1068800LC.1	TraesCS1A03G1068800LC.1	TraesCS1A03G1068800LC.1		487	false	false		TraesCS1A03G1068800LC.1		1.85	0.3097	0.5586	0.00287562904385	1	0	1	1	0	1	     0	     0	     0			TraesCS2B03G0812000LC.1, TraesCS3A03G0850300LC.1, TraesCS3B03G0212200LC.1
TraesCS3A03G0578500.1	TraesCS3A03G0578500.1	TraesCS3A03G0578500.1		368	false	false		TraesCS3A03G0578500.1		3.26	0.3056	0.5539	0.00287562904385	1	0	1	1	0	1	     0	     0	     0			TraesCS3B03G0657300.1, TraesCS3D03G0533100.1
TraesCS1B03G0395400.1	TraesCS1B03G0395400.1	TraesCS1B03G0395400.1		282	false	false		TraesCS1B03G0395400.1		4.61	0.3051	0.5589	0.00287562904385	1	0	1	1	0	1	     0	     0	     0			TraesCS1D03G0304900.1
TraesCS2A03G0577200LC.1	TraesCS2A03G0577200LC.1	TraesCS2A03G0577200LC.1		405	false	false		TraesCS2A03G0577200LC.1		7.65	0.3035	0.5514	0.00287562904385	1	1	1	1	1	1	     0	     0	     0	12M(15.9949)		
TraesCS1A03G1034500.1	TraesCS1A03G1034500.1	TraesCS1A03G1034500.1		354	false	false		TraesCS1A03G1034500.1		4.52	0.3028	0.5506	0.00287562904385	1	0	1	1	0	1	     0	     0	     0			TraesCS1B03G1232900.1, TraesCS1D03G0997300.1, TraesCS6A03G0444300.1
TraesCS2A03G0968100.1	TraesCS2A03G0968100.1	TraesCS2A03G0968100.1		472	false	false		TraesCS2A03G0968100.1		8.47	0.3013	0.5489	0.00287562904385	1	0	1	1	0	1	     0	     0	     0			TraesCS4D03G0484800.1, TraesCSU03G0304500LC.1
TraesCS4A03G0204900.1	TraesCS4A03G0204900.1	TraesCS4A03G0204900.1		675	false	false		TraesCS4A03G0204900.1		1.63	0.3011	0.5487	0.00287562904385	1	0	1	1	0	1	     0	     0	     0			TraesCS4B03G0570100.1, TraesCS4B03G0570100.2, TraesCS4B03G0570100.3, TraesCS4D03G0504000.1, TraesCS6A03G0693800.1, TraesCS6B03G0781600.1, TraesCS6D03G0582600.1
TraesCS2A03G0269600.1	TraesCS2A03G0269600.1	TraesCS2A03G0269600.1		446	false	false		TraesCS2A03G0269600.1		2.24	0.3010	0.5486	0.00287562904385	1	0	1	1	0	1	     0	     0	     0			TraesCS2B03G0372900.1, TraesCS2D03G0280900.1
TraesCS7B03G0848200LC.1	TraesCS7B03G0848200LC.1	TraesCS7B03G0848200LC.1		357	false	false		TraesCS7B03G0848200LC.1		2.80	0.2993	0.5466	0.00287562904385	1	1	1	1	1	1	     0	     0	     0			
TraesCS2B03G0102800.1	TraesCS2B03G0102800.1	TraesCS2B03G0102800.1		401	false	false		TraesCS2B03G0102800.1		9.23	0.2982	0.5453	0.00287562904385	1	1	1	1	1	1	     0	     0	     0	3C(57.0214)		
TraesCS1A03G1056300LC.1	TraesCS1A03G1056300LC.1	TraesCS1A03G1056300LC.1		281	false	false		TraesCS1A03G1056300LC.1		9.96	0.2980	0.5450	0.00287562904385	1	1	1	1	1	1	     0	     0	     0	9C(57.0214)		
TraesCS5A03G0500200.2	TraesCS5A03G0500200.2	TraesCS5A03G0500200.2		941	false	false		TraesCS5A03G0500200.2		1.28	0.2959	0.5425	0.00287562904385	1	0	1	1	0	1	     0	     0	     0	10C(57.0214), 2C(57.0214), 4C(57.0214), 9C(57.0214)		TraesCS5D03G0467000.1, TraesCS5D03G0467000.2
TraesCS2A03G0953700.1	TraesCS2A03G0953700.1	TraesCS2A03G0953700.1		517	false	false		TraesCS2A03G0953700.1		1.93	0.2953	0.5536	0.00287562904385	1	0	1	1	0	1	     0	     0	     0			TraesCS2D03G0895500.1
TraesCS5D03G0098300.3	TraesCS5D03G0098300.3	TraesCS5D03G0098300.3		968	false	false		TraesCS5D03G0098300.3		2.48	0.2936	0.5398	0.00287562904385	1	1	1	1	1	1	     0	     0	     0			
TraesCS1A03G0380100LC.1	TraesCS1A03G0380100LC.1	TraesCS1A03G0380100LC.1		285	false	false		TraesCS1A03G0380100LC.1		3.51	0.2887	0.5397	0.00287562904385	1	0	1	1	0	1	     0	     0	     0			
TraesCS3D03G0835200.1	TraesCS3D03G0835200.1	TraesCS3D03G0835200.1		307	false	false		TraesCS3D03G0835200.1		13.03	0.2882	0.5332	0.00287562904385	1	1	1	1	1	1	     0	     0	     0			
TraesCS4A03G0902600.1	TraesCS4A03G0902600.1	TraesCS4A03G0902600.1		335	false	false		TraesCS4A03G0902600.1		2.99	0.2871	0.5378	0.00287562904385	1	0	1	1	0	1	     0	     0	     0			TraesCS4A03G0902600.2
TraesCS5D03G0743900.1	TraesCS5D03G0743900.1	TraesCS5D03G0743900.1		310	false	false		TraesCS5D03G0743900.1		7.42	0.2868	0.5316	0.00287562904385	1	1	1	1	1	1	     0	     0	     0			
TraesCS7A03G0454200.1	TraesCS7A03G0454200.1	TraesCS7A03G0454200.1		261	false	false		TraesCS7A03G0454200.1		9.58	0.2851	0.5295	0.00287562904385	1	1	1	1	1	1	     0	     0	     0	24M(15.9949)		
TraesCS6A03G0573000LC.1	TraesCS6A03G0573000LC.1	TraesCS6A03G0573000LC.1		833	false	false		TraesCS6A03G0573000LC.1		1.56	0.2849	0.5292	0.00287562904385	1	0	1	1	0	1	     0	     0	     0			TraesCS7D03G0526800LC.1
TraesCS6B03G0848700.1	TraesCS6B03G0848700.1	TraesCS6B03G0848700.1		614	false	false		TraesCS6B03G0848700.1		2.93	0.2846	0.5289	0.00287562904385	1	1	1	1	1	1	     0	     0	     0	15M(15.9949)		
TraesCS3D03G0875800LC.1	TraesCS3D03G0875800LC.1	TraesCS3D03G0875800LC.1		168	false	false		TraesCS3D03G0875800LC.1		10.12	0.2828	0.5266	0.00287562904385	1	1	1	1	1	1	     0	     0	     0	11C(57.0214)		
TraesCS3A03G0669800.1	TraesCS3A03G0669800.1	TraesCS3A03G0669800.1		333	false	false		TraesCS3A03G0669800.1		3.00	0.2820	0.5257	0.00287562904385	1	0	1	1	0	1	     0	     0	     0			TraesCS3D03G0611500.1, TraesCS3D03G0611500.2
TraesCS2A03G1030400.1	TraesCS2A03G1030400.1	TraesCS2A03G1030400.1		244	false	false		TraesCS2A03G1030400.1		12.30	0.2813	0.5248	0.00287562904385	1	0	1	1	0	1	     0	     0	     0			TraesCS2B03G1152000.1, TraesCS2D03G0970000.1, TraesCS5A03G1069700.1, TraesCS5B03G1132900.1, TraesCS5D03G1025000.1
TraesCS2D03G1112800LC.1	TraesCS2D03G1112800LC.1	TraesCS2D03G1112800LC.1		101	false	false		TraesCS2D03G1112800LC.1		33.66	0.2813	0.5248	0.00287562904385	1	1	1	1	1	1	     0	     0	     0	13M(15.9949)		
TraesCS3A03G0792100LC.1	TraesCS3A03G0792100LC.1	TraesCS3A03G0792100LC.1		159	false	false		TraesCS3A03G0792100LC.1		6.92	0.2808	0.5242	0.00287562904385	1	1	1	1	1	1	     0	     0	     0	6M(15.9949)		
TraesCS5D03G0202700LC.1	TraesCS5D03G0202700LC.1	TraesCS5D03G0202700LC.1		117	false	false		TraesCS5D03G0202700LC.1		9.40	0.2797	0.3832	0.00287562904385	1	0	1	6	0	6	     0	     0	     0	1M(15.9949)		
TraesCS5A03G0585000.1	TraesCS5A03G0585000.1	TraesCS5A03G0585000.1		148	false	false		TraesCS5A03G0585000.1		14.86	0.2790	0.5220	0.00287562904385	1	0	1	1	0	1	     0	     0	     0	1M(15.9949)		TraesCS5B03G0599800.1, TraesCS5D03G0551400.1
TraesCS7A03G1312600.1	TraesCS7A03G1312600.1	TraesCS7A03G1312600.1		324	false	false		TraesCS7A03G1312600.1		2.78	0.2764	0.5187	0.00287562904385	1	1	1	2	2	2	     0	     0	     0			
TraesCS6A03G0926000.1	TraesCS6A03G0926000.1	TraesCS6A03G0926000.1		442	false	false		TraesCS6A03G0926000.1		5.43	0.2762	0.5185	0.00287562904385	1	0	1	1	0	1	     0	     0	     0			TraesCS6A03G0926000.2, TraesCS6B03G1118400.1, TraesCS6B03G1118400.2
TraesCS5D03G0172800.1	TraesCS5D03G0172800.1	TraesCS5D03G0172800.1		1034	false	false		TraesCS5D03G0172800.1		1.35	0.2757	0.5179	0.00287562904385	1	0	1	1	0	1	     0	     0	     0	13C(57.0214)		TraesCS5D03G0172800.2
TraesCS7A03G1051300LC.1	TraesCS7A03G1051300LC.1	TraesCS7A03G1051300LC.1		118	false	false		TraesCS7A03G1051300LC.1		16.10	0.2757	0.5178	0.00287562904385	1	1	1	1	1	1	     0	     0	     0	17C(57.0214), 6M(15.9949), 9C(57.0214)		
TraesCS6D03G0259100LC.1	TraesCS6D03G0259100LC.1	TraesCS6D03G0259100LC.1		189	false	false		TraesCS6D03G0259100LC.1		6.88	0.2736	0.5152	0.00287562904385	1	1	1	1	1	1	     0	     0	     0			
TraesCS6B03G1038400.1	TraesCS6B03G1038400.1	TraesCS6B03G1038400.1		461	false	false		TraesCS6B03G1038400.1		1.95	0.2732	0.5147	0.00287562904385	1	1	1	2	2	2	     0	     0	     0			
TraesCS2A03G0816200.1	TraesCS2A03G0816200.1	TraesCS2A03G0816200.1		1036	false	false		TraesCS2A03G0816200.1		0.97	0.2722	0.5135	0.00287562904385	1	1	1	2	2	2	     0	     0	     0	N-term(42.0106)		
TraesCS1D03G0703200LC.1	TraesCS1D03G0703200LC.1	TraesCS1D03G0703200LC.1		169	false	false		TraesCS1D03G0703200LC.1		7.69	0.2719	0.5131	0.00287562904385	1	1	1	1	1	1	     0	     0	     0			
TraesCS7D03G1095100LC.1	TraesCS7D03G1095100LC.1	TraesCS7D03G1095100LC.1		207	false	false		TraesCS7D03G1095100LC.1		7.73	0.2718	0.5129	0.00287562904385	1	1	1	1	1	1	     0	     0	     0	10M(15.9949)		
TraesCS6A03G0781900LC.1	TraesCS6A03G0781900LC.1	TraesCS6A03G0781900LC.1		837	false	false		TraesCS6A03G0781900LC.1		2.03	0.2703	0.5110	0.00287562904385	1	1	1	1	1	1	     0	     0	     0			
TraesCS1B03G0122300.1	TraesCS1B03G0122300.1	TraesCS1B03G0122300.1		184	false	false		TraesCS1B03G0122300.1		5.43	0.2697	0.5103	0.00287562904385	1	1	1	2	2	2	     0	     0	     0	4C(57.0214)		
TraesCS7B03G0841200LC.1	TraesCS7B03G0841200LC.1	TraesCS7B03G0841200LC.1		546	false	false		TraesCS7B03G0841200LC.1		2.01	0.2696	0.5101	0.00287562904385	1	1	1	1	1	1	     0	     0	     0			
TraesCS3A03G1058200.1	TraesCS3A03G1058200.1	TraesCS3A03G1058200.1		273	false	false		TraesCS3A03G1058200.1		4.03	0.2692	0.5097	0.00287562904385	1	0	1	1	0	1	     0	     0	     0			TraesCS3A03G1058300.1, TraesCS3B03G1224700.1, TraesCS3D03G0987500.1, TraesCS3D03G0987700.1, TraesCS3D03G0987800.1, TraesCSU03G0220000.1, TraesCSU03G0484400.1
TraesCS3A03G0289100LC.1	TraesCS3A03G0289100LC.1	TraesCS3A03G0289100LC.1		307	false	false		TraesCS3A03G0289100LC.1		4.56	0.2681	0.5083	0.00287562904385	1	1	1	1	1	1	     0	     0	     0			
TraesCS7A03G0171200.1	TraesCS7A03G0171200.1	TraesCS7A03G0171200.1		994	false	false		TraesCS7A03G0171200.1		1.11	0.2677	0.5077	0.00287562904385	1	1	1	1	1	1	     0	     0	     0			
TraesCS7D03G1009300LC.1	TraesCS7D03G1009300LC.1	TraesCS7D03G1009300LC.1		236	false	false		TraesCS7D03G1009300LC.1		5.51	0.2675	0.5075	0.00287562904385	1	1	1	1	1	1	     0	     0	     0	4C(57.0214), 9M(15.9949)		
TraesCS3B03G1365100.1	TraesCS3B03G1365100.1	TraesCS3B03G1365100.1		240	false	false		TraesCS3B03G1365100.1		10.00	0.2663	0.5060	0.00287562904385	1	1	1	1	1	1	     0	     0	     0			
TraesCS1B03G1051100.1	TraesCS1B03G1051100.1	TraesCS1B03G1051100.1		131	false	false		TraesCS1B03G1051100.1		8.40	0.2652	0.5045	0.00287562904385	1	0	1	1	0	1	     0	     0	     0	N-term(42.0106)		TraesCS1D03G0870600.1
TraesCS3A03G1040700LC.1	TraesCS3A03G1040700LC.1	TraesCS3A03G1040700LC.1		1829	false	false		TraesCS3A03G1040700LC.1		1.59	0.2641	0.5031	0.00287562904385	1	1	1	1	1	1	     0	     0	     0			
TraesCS2D03G1021000LC.1	TraesCS2D03G1021000LC.1	TraesCS2D03G1021000LC.1		59	false	false		TraesCS2D03G1021000LC.1		16.95	0.2639	0.5029	0.00287562904385	1	0	1	1	0	1	     0	     0	     0	5C(57.0214)		TraesCS4B03G0065800LC.1
TraesCS6B03G1204400.1	TraesCS6B03G1204400.1	TraesCS6B03G1204400.1		450	false	false		TraesCS6B03G1204400.1		2.44	0.2628	0.5015	0.00287562904385	1	1	1	1	1	1	     0	     0	     0			
TraesCS4A03G0555400.1	TraesCS4A03G0555400.1	TraesCS4A03G0555400.1		409	false	false		TraesCS4A03G0555400.1		2.20	0.2623	0.5008	0.00287562904385	1	0	1	1	0	1	     0	     0	     0			TraesCS4D03G0219100.1
TraesCS1A03G0192500LC.1	TraesCS1A03G0192500LC.1	TraesCS1A03G0192500LC.1		239	false	false		TraesCS1A03G0192500LC.1		5.44	0.2621	0.5006	0.00287562904385	1	1	1	1	1	1	     0	     0	     0			
TraesCS6A03G0273700.1	TraesCS6A03G0273700.1	TraesCS6A03G0273700.1		1282	false	false		TraesCS6A03G0273700.1		2.42	0.2615	0.4998	0.00287562904385	1	0	1	1	0	1	     0	     0	     0			TraesCS6B03G0361300.1, TraesCS6D03G0225400.1
TraesCS3A03G1273100.1	TraesCS3A03G1273100.1	TraesCS3A03G1273100.1		657	false	false		TraesCS3A03G1273100.1		2.44	0.2604	0.4984	0.00287562904385	1	0	1	1	0	1	     0	     0	     0	1M(15.9949), 3M(15.9949)		TraesCS3B03G1517500.1, TraesCS3D03G1194800.1
TraesCS1A03G0843400.1	TraesCS1A03G0843400.1	TraesCS1A03G0843400.1		1114	false	false		TraesCS1A03G0843400.1		0.99	0.2603	0.4982	0.00287562904385	1	0	1	1	0	1	     0	     0	     0	10M(15.9949)		
TraesCS5A03G0171300.1	TraesCS5A03G0171300.1	TraesCS5A03G0171300.1		529	false	false		TraesCS5A03G0171300.1		1.70	0.2591	0.4967	0.00287562904385	1	1	1	1	1	1	     0	     0	     0			
TraesCS3B03G1456200LC.1	TraesCS3B03G1456200LC.1	TraesCS3B03G1456200LC.1		1455	false	false		TraesCS3B03G1456200LC.1		1.17	0.2561	0.4927	0.00287562904385	1	0	1	1	0	1	     0	     0	     0			TraesCS5B03G1250000LC.1
TraesCS3D03G0231000LC.1	TraesCS3D03G0231000LC.1	TraesCS3D03G0231000LC.1		265	false	false		TraesCS3D03G0231000LC.1		4.53	0.2561	0.4927	0.00287562904385	1	0	1	1	0	1	     0	     0	     0	11C(57.0214)		TraesCS4A03G0091900.1, TraesCS5B03G0560800LC.1, TraesCS7A03G1176600.1
TraesCS3A03G0996300.1	TraesCS3A03G0996300.1	TraesCS3A03G0996300.1		788	false	false		TraesCS3A03G0996300.1		1.27	0.2556	0.4921	0.00287562904385	1	0	1	1	0	1	     0	     0	     0			TraesCS3A03G0996300.2, TraesCS3A03G0996300.3, TraesCS3B03G1146100.1, TraesCS3B03G1146100.2, TraesCS3B03G1146100.3, TraesCS3D03G0928500.1, TraesCS3D03G0928500.2, TraesCS3D03G0928500.3
TraesCS4A03G0200900.1	TraesCS4A03G0200900.1	TraesCS4A03G0200900.1		638	false	false		TraesCS4A03G0200900.1		7.52	0.2548	0.4910	0.00287562904385	1	0	1	1	0	1	     0	     0	     0			TraesCS4A03G0200900.2, TraesCS4B03G0575400.1, TraesCS4D03G0509000.1
TraesCS7A03G1225700.1	TraesCS7A03G1225700.1	TraesCS7A03G1225700.1		360	false	false		TraesCS7A03G1225700.1		2.78	0.2533	0.4890	0.00287562904385	1	1	1	1	1	1	     0	     0	     0			
TraesCS4B03G0465100LC.1	TraesCS4B03G0465100LC.1	TraesCS4B03G0465100LC.1		212	false	false		TraesCS4B03G0465100LC.1		7.55	0.2527	0.4883	0.00287562904385	1	1	1	1	1	1	     0	     0	     0	9M(15.9949)		
TraesCS7A03G0504700.1	TraesCS7A03G0504700.1	TraesCS7A03G0504700.1		111	false	false		TraesCS7A03G0504700.1		8.11	0.2485	0.4827	0.00287562904385	1	1	1	1	1	1	     0	     0	     0			
TraesCS3A03G0758400.1	TraesCS3A03G0758400.1	TraesCS3A03G0758400.1		193	false	false		TraesCS3A03G0758400.1		6.22	0.2476	0.4814	0.00287562904385	1	1	1	1	1	1	     0	     0	     0			
TraesCS5D03G0821800.1	TraesCS5D03G0821800.1	TraesCS5D03G0821800.1		403	false	false		TraesCS5D03G0821800.1		8.68	0.2440	0.4766	0.00287562904385	1	1	1	1	1	1	     0	     0	     0	13C(57.0214), 17C(57.0214), 31M(15.9949)		
TraesCS3A03G1136000.1	TraesCS3A03G1136000.1	TraesCS3A03G1136000.1		343	false	false		TraesCS3A03G1136000.1		7.87	0.2420	0.4739	0.00287562904385	1	0	1	1	0	1	     0	     0	     0			TraesCS3B03G1321300.1
TraesCS1A03G0745100.1	TraesCS1A03G0745100.1	TraesCS1A03G0745100.1		477	false	false		TraesCS1A03G0745100.1		4.61	0.2417	0.4735	0.00287562904385	1	0	1	1	0	1	     0	     0	     0			TraesCS1B03G0849800.1, TraesCS1D03G0712600.1
TraesCS5B03G1323900.1	TraesCS5B03G1323900.1	TraesCS5B03G1323900.1		398	false	false		TraesCS5B03G1323900.1		9.05	0.2403	0.4716	0.00287562904385	1	0	1	1	0	1	     0	     0	     0			TraesCS5B03G1323900.2
TraesCS7A03G0331500.1	TraesCS7A03G0331500.1	TraesCS7A03G0331500.1		739	false	false		TraesCS7A03G0331500.1		2.98	0.2401	0.4713	0.00287562904385	1	0	1	1	0	1	     0	     0	     0			TraesCS7A03G0331500.2, TraesCS7A03G0331500.3, TraesCS7B03G0112600.1, TraesCS7B03G0112600.2, TraesCS7D03G0319800.2, TraesCS7D03G0319800.3
TraesCS6B03G1224500.1	TraesCS6B03G1224500.1	TraesCS6B03G1224500.1		460	false	false		TraesCS6B03G1224500.1		2.61	0.2395	0.4704	0.00287562904385	1	1	1	1	1	1	     0	     0	     0			
TraesCS3A03G0371900.1	TraesCS3A03G0371900.1	TraesCS3A03G0371900.1		317	false	false		TraesCS3A03G0371900.1		2.52	0.2390	0.4763	0.00287562904385	1	0	1	1	0	1	     0	     0	     0			
TraesCS5D03G0629100.1	TraesCS5D03G0629100.1	TraesCS5D03G0629100.1		375	false	false		TraesCS5D03G0629100.1		3.47	0.2375	0.4677	0.00287562904385	1	1	1	1	1	1	     0	     0	     0			
TraesCS1A03G0336800LC.1	TraesCS1A03G0336800LC.1	TraesCS1A03G0336800LC.1		108	false	false		TraesCS1A03G0336800LC.1		12.96	0.2372	0.4673	0.00287562904385	1	1	1	1	1	1	     0	     0	     0	N-term(42.0106)		
TraesCS4D03G0809100.1	TraesCS4D03G0809100.1	TraesCS4D03G0809100.1		426	false	false		TraesCS4D03G0809100.1		8.92	0.2363	0.4661	0.00287562904385	1	1	1	1	1	1	     0	     0	     0			
TraesCS2A03G0021500.1	TraesCS2A03G0021500.1	TraesCS2A03G0021500.1		415	false	false		TraesCS2A03G0021500.1		5.30	0.2355	0.4649	0.00287562904385	1	1	1	1	1	1	     0	     0	     0	10C(57.0214), 15C(57.0214)		
TraesCS6B03G0422600LC.1	TraesCS6B03G0422600LC.1	TraesCS6B03G0422600LC.1		437	false	false		TraesCS6B03G0422600LC.1		2.97	0.2354	0.4648	0.00287562904385	1	1	1	1	1	1	     0	     0	     0			
TraesCS4A03G1107400.1	TraesCS4A03G1107400.1	TraesCS4A03G1107400.1		233	false	false		TraesCS4A03G1107400.1		5.15	0.2345	0.4636	0.00287562904385	1	0	1	1	0	1	     0	     0	     0	7C(57.0214)		TraesCS7D03G0095300.1, TraesCS7D03G0096200.1
TraesCS1B03G0693800LC.1	TraesCS1B03G0693800LC.1	TraesCS1B03G0693800LC.1		134	false	false		TraesCS1B03G0693800LC.1		6.72	0.2338	0.4626	0.00287562904385	1	1	1	1	1	1	     0	     0	     0	6M(15.9949)		
TraesCS5D03G0735700LC.1	TraesCS5D03G0735700LC.1	TraesCS5D03G0735700LC.1		145	false	false		TraesCS5D03G0735700LC.1		8.97	0.2329	0.4614	0.00287562904385	1	1	1	1	1	1	     0	     0	     0			
TraesCS2B03G0747200LC.1	TraesCS2B03G0747200LC.1	TraesCS2B03G0747200LC.1		310	false	false		TraesCS2B03G0747200LC.1		16.77	0.2327	0.4611	0.00287562904385	1	1	1	2	2	2	     0	     0	     0			
TraesCS4B03G0582900.1	TraesCS4B03G0582900.1	TraesCS4B03G0582900.1		335	false	false		TraesCS4B03G0582900.1		4.18	0.2325	0.4674	0.00287562904385	1	0	1	1	0	1	     0	     0	     0	N-term(42.0106)		
TraesCS6D03G0394600LC.1	TraesCS6D03G0394600LC.1	TraesCS6D03G0394600LC.1		228	false	false		TraesCS6D03G0394600LC.1		3.07	0.2318	0.4598	0.00287562904385	1	1	1	1	1	1	     0	     0	     0	3M(15.9949)		
TraesCS3D03G0049100.1	TraesCS3D03G0049100.1	TraesCS3D03G0049100.1		592	false	false		TraesCS3D03G0049100.1		7.43	0.2316	0.4596	0.00287562904385	1	0	1	1	0	1	     0	     0	     0	10C(57.0214)		TraesCS3D03G0049100.2
TraesCS2A03G0613000.1	TraesCS2A03G0613000.1	TraesCS2A03G0613000.1		374	false	false		TraesCS2A03G0613000.1		6.42	0.2312	0.4590	0.00287562904385	1	1	1	1	1	1	     0	     0	     0			
TraesCS1A03G0037100.1	TraesCS1A03G0037100.1	TraesCS1A03G0037100.1		205	false	false		TraesCS1A03G0037100.1		4.88	0.2305	0.4580	0.00287562904385	1	1	1	1	1	1	     0	     0	     0	N-term(42.0106)		
TraesCS1B03G1217600LC.1	TraesCS1B03G1217600LC.1	TraesCS1B03G1217600LC.1		480	false	false		TraesCS1B03G1217600LC.1		1.88	0.2299	0.4571	0.00287562904385	1	0	1	1	0	1	     0	     0	     0			TraesCS5B03G1111000LC.2
TraesCS1A03G0899300.1	TraesCS1A03G0899300.1	TraesCS1A03G0899300.1		256	false	false		TraesCS1A03G0899300.1		7.03	0.2294	0.4564	0.00287562904385	1	1	1	1	1	1	     0	     0	     0			
TraesCS4A03G0180300.1	TraesCS4A03G0180300.1	TraesCS4A03G0180300.1		1279	false	false		TraesCS4A03G0180300.1		0.63	0.2268	0.4609	0.00287562904385	1	0	1	1	0	1	     0	     0	     0			TraesCS4A03G0180300.2, TraesCS4A03G0180300.3, TraesCS4B03G0595300.1, TraesCS4B03G0595300.2, TraesCS4B03G0595300.3, TraesCS4B03G0595300.4, TraesCS4D03G0528200.1, TraesCS4D03G0528200.2
TraesCS6D03G0011700.1	TraesCS6D03G0011700.1	TraesCS6D03G0011700.1		587	false	false		TraesCS6D03G0011700.1		1.53	0.2261	0.4518	0.00287562904385	1	1	1	1	1	1	     0	     0	     0	3M(15.9949), 5M(15.9949), N-term(42.0106)		
TraesCS2A03G1091000LC.1	TraesCS2A03G1091000LC.1	TraesCS2A03G1091000LC.1		232	false	false		TraesCS2A03G1091000LC.1		3.02	0.2248	0.4499	0.00287562904385	1	1	1	1	1	1	     0	     0	     0			
TraesCS7A03G1156700.1	TraesCS7A03G1156700.1	TraesCS7A03G1156700.1		378	false	false		TraesCS7A03G1156700.1		2.12	0.2241	0.4490	0.00287562904385	1	1	1	2	2	2	     0	     0	     0	5M(15.9949)		
TraesCS4A03G0249800.1	TraesCS4A03G0249800.1	TraesCS4A03G0249800.1		282	false	false		TraesCS4A03G0249800.1		7.45	0.2229	0.4474	0.00287562904385	1	0	1	1	0	1	     0	     0	     0			TraesCS4D03G0458200.1
TraesCS6A03G0810000.1	TraesCS6A03G0810000.1	TraesCS6A03G0810000.1		2029	false	false		TraesCS6A03G0810000.1		0.54	0.2218	0.4458	0.00287562904385	1	0	1	1	0	1	     0	     0	     0			TraesCS6B03G0960600.1, TraesCS6D03G0684800.1
TraesCS6B03G0402100.1	TraesCS6B03G0402100.1	TraesCS6B03G0402100.1		450	false	false		TraesCS6B03G0402100.1		3.11	0.2218	0.4458	0.00287562904385	1	1	1	1	1	1	     0	     0	     0			
TraesCS2B03G0120300.1	TraesCS2B03G0120300.1	TraesCS2B03G0120300.1		1048	false	false		TraesCS2B03G0120300.1		2.96	0.2214	0.4452	0.00287562904385	1	0	1	1	0	1	     0	     0	     0	25M(15.9949)		TraesCS2D03G0078600.1
TraesCS3A03G0592500.1	TraesCS3A03G0592500.1	TraesCS3A03G0592500.1		249	false	false		TraesCS3A03G0592500.1		9.24	0.2212	0.4449	0.00287562904385	1	1	1	1	1	1	     0	     0	     0	10M(15.9949)		
TraesCS7B03G0960600.1	TraesCS7B03G0960600.1	TraesCS7B03G0960600.1		196	false	false		TraesCS7B03G0960600.1		7.65	0.2210	0.4446	0.00287562904385	1	1	1	3	3	3	     0	     0	     0	10M(15.9949), 4M(15.9949)		
TraesCS2A03G0282900.1	TraesCS2A03G0282900.1	TraesCS2A03G0282900.1		69	false	false		TraesCS2A03G0282900.1		14.49	0.2196	0.4426	0.00287562904385	1	0	1	1	0	1	     0	     0	     0			TraesCS2B03G0393400.1, TraesCS2D03G0297600.1
TraesCS5A03G0571500.1	TraesCS5A03G0571500.1	TraesCS5A03G0571500.1		232	false	false		TraesCS5A03G0571500.1		5.60	0.2183	0.4407	0.00287562904385	1	0	1	1	0	1	     0	     0	     0			TraesCS5A03G0571500.2
TraesCS3A03G0440600.1	TraesCS3A03G0440600.1	TraesCS3A03G0440600.1		445	false	false		TraesCS3A03G0440600.1		2.70	0.2179	0.4401	0.00287562904385	1	0	1	1	0	1	     0	     0	     0			TraesCS3B03G0519000.1, TraesCS3D03G0409900.1
TraesCS3B03G0033200.1	TraesCS3B03G0033200.1	TraesCS3B03G0033200.1		331	false	false		TraesCS3B03G0033200.1		7.55	0.2166	0.4382	0.00287562904385	1	1	1	1	1	1	     0	     0	     0			
TraesCS2A03G0057700.1	TraesCS2A03G0057700.1	TraesCS2A03G0057700.1		253	false	false		TraesCS2A03G0057700.1		9.09	0.2163	0.4378	0.00287562904385	1	1	1	1	1	1	     0	     0	     0			
TraesCS1A03G0077100LC.1	TraesCS1A03G0077100LC.1	TraesCS1A03G0077100LC.1		136	false	false		TraesCS1A03G0077100LC.1		9.56	0.2155	0.4366	0.00287562904385	1	1	1	7	7	7	     0	     0	     0	10C(57.0214), 11M(15.9949)		
TraesCS4D03G0212200LC.1	TraesCS4D03G0212200LC.1	TraesCS4D03G0212200LC.1		415	false	false		TraesCS4D03G0212200LC.1		2.41	0.2133	0.4335	0.00287562904385	1	1	1	1	1	1	     0	     0	     0			
TraesCS7A03G0300200LC.1	TraesCS7A03G0300200LC.1	TraesCS7A03G0300200LC.1		359	false	false		TraesCS7A03G0300200LC.1		2.79	0.2123	0.4320	0.00287562904385	1	0	1	1	0	1	     0	     0	     0			TraesCS7B03G0072000LC.1, TraesCS7D03G0281500LC.1
TraesCS7D03G1307200.1	TraesCS7D03G1307200.1	TraesCS7D03G1307200.1		1108	false	false		TraesCS7D03G1307200.1		2.89	0.2119	0.4314	0.00287562904385	1	1	1	1	1	1	     0	     0	     0			
TraesCS4A03G1249000LC.1	TraesCS4A03G1249000LC.1	TraesCS4A03G1249000LC.1		348	false	false		TraesCS4A03G1249000LC.1		2.01	0.2116	0.4309	0.00287562904385	1	1	1	2	2	2	     0	     0	     0			
TraesCS1A03G0137900LC.1	TraesCS1A03G0137900LC.1	TraesCS1A03G0137900LC.1		147	false	false		TraesCS1A03G0137900LC.1		9.52	0.2096	0.4280	0.00287562904385	1	1	1	1	1	1	     0	     0	     0			
TraesCS5A03G0813800.1	TraesCS5A03G0813800.1	TraesCS5A03G0813800.1		660	false	false		TraesCS5A03G0813800.1		1.36	0.2089	0.4269	0.00287562904385	1	1	1	1	1	1	     0	     0	     0			
TraesCS3B03G0309000.1	TraesCS3B03G0309000.1	TraesCS3B03G0309000.1		300	false	false		TraesCS3B03G0309000.1		3.00	0.2085	0.4264	0.00287562904385	1	0	1	1	0	1	     0	     0	     0			TraesCS3B03G0309000.2, TraesCS3B03G0309000.3, TraesCS3B03G0309000.4, TraesCS3B03G0309000.5
TraesCS1D03G0070000.1	TraesCS1D03G0070000.1	TraesCS1D03G0070000.1		310	false	false		TraesCS1D03G0070000.1		2.58	0.2080	0.4256	0.00287562904385	1	1	1	1	1	1	     0	     0	     0			
TraesCS3A03G0904800LC.1	TraesCS3A03G0904800LC.1	TraesCS3A03G0904800LC.1		607	false	false		TraesCS3A03G0904800LC.1		2.64	0.2079	0.4255	0.00287562904385	1	0	1	1	0	1	     0	     0	     0	12M(15.9949)		TraesCS3B03G1028200LC.1
TraesCS2D03G0251000LC.1	TraesCS2D03G0251000LC.1	TraesCS2D03G0251000LC.1		222	false	false		TraesCS2D03G0251000LC.1		4.05	0.2078	0.4254	0.00287562904385	1	1	1	1	1	1	     0	     0	     0	N-term(42.0106)		
TraesCS6A03G0083200.1	TraesCS6A03G0083200.1	TraesCS6A03G0083200.1		507	false	false		TraesCS6A03G0083200.1		3.75	0.2076	0.4250	0.00287562904385	1	1	1	1	1	1	     0	     0	     0			
TraesCS1A03G0515500.1	TraesCS1A03G0515500.1	TraesCS1A03G0515500.1		603	false	false		TraesCS1A03G0515500.1		2.32	0.2058	0.4223	0.00287562904385	1	0	1	1	0	1	     0	     0	     0			TraesCS1B03G0605100.1, TraesCS1D03G0499900.1
TraesCS4D03G0007200.1	TraesCS4D03G0007200.1	TraesCS4D03G0007200.1		658	false	false		TraesCS4D03G0007200.1		3.19	0.2042	0.4200	0.00287562904385	1	1	1	1	1	1	     0	     0	     0			
TraesCS3D03G0069700.1	TraesCS3D03G0069700.1	TraesCS3D03G0069700.1		460	false	false		TraesCS3D03G0069700.1		2.83	0.2035	0.4189	0.00287562904385	1	1	1	1	1	1	     0	     0	     0			
TraesCS7B03G1303300LC.1	TraesCS7B03G1303300LC.1	TraesCS7B03G1303300LC.1		139	false	false		TraesCS7B03G1303300LC.1		15.11	0.2035	0.4189	0.00287562904385	1	1	1	1	1	1	     0	     0	     0			
TraesCS2A03G0403300.1	TraesCS2A03G0403300.1	TraesCS2A03G0403300.1		785	false	false		TraesCS2A03G0403300.1		1.66	0.2032	0.4184	0.00287562904385	1	0	1	1	0	1	     0	     0	     0			TraesCS2B03G0514300.1
TraesCS7A03G0506800LC.1	TraesCS7A03G0506800LC.1	TraesCS7A03G0506800LC.1		1293	false	false		TraesCS7A03G0506800LC.1		2.24	0.2025	0.4174	0.00287562904385	1	1	1	1	1	1	     0	     0	     0	5M(15.9949)		
TraesCS3A03G0220800.1	TraesCS3A03G0220800.1	TraesCS3A03G0220800.1		181	false	false		TraesCS3A03G0220800.1		7.18	0.2021	0.4168	0.00287562904385	1	0	1	1	0	1	     0	     0	     0	10C(57.0214), 7C(57.0214)		TraesCS3B03G0268700.1, TraesCS3D03G0204600.1
TraesCS7D03G0816000.1	TraesCS7D03G0816000.1	TraesCS7D03G0816000.1		298	false	false		TraesCS7D03G0816000.1		3.36	0.2017	0.4162	0.00287562904385	1	1	1	1	1	1	     0	     0	     0			
TraesCS6B03G0002500.1	TraesCS6B03G0002500.1	TraesCS6B03G0002500.1		455	false	false		TraesCS6B03G0002500.1		5.27	0.2012	0.4155	0.00287562904385	1	1	1	1	1	1	     0	     0	     0	14M(15.9949), 16C(57.0214), 19M(15.9949)		
TraesCS3B03G1345800.1	TraesCS3B03G1345800.1	TraesCS3B03G1345800.1		372	false	false		TraesCS3B03G1345800.1		7.26	0.2011	0.4153	0.00287562904385	1	1	1	1	1	1	     0	     0	     0	12C(57.0214)		
TraesCS6A03G0472200LC.1	TraesCS6A03G0472200LC.1	TraesCS6A03G0472200LC.1		568	false	false		TraesCS6A03G0472200LC.1		1.94	0.2010	0.4152	0.00287562904385	2	1	2	2	1	2	     0	     0	     0			
TraesCS1A03G0007600.1	TraesCS1A03G0007600.1	TraesCS1A03G0007600.1		994	false	false		TraesCS1A03G0007600.1		2.72	0.0000	0.0000	0.00287562904385	1	0	1	1	0	1	     0	     0	     0	21C(57.0214)		
TraesCS1A03G0040100LC.1	TraesCS1A03G0040100LC.1	TraesCS1A03G0040100LC.1		412	false	false		TraesCS1A03G0040100LC.1		5.34	0.0000	0.1124	0.00287562904385	1	0	1	1	0	1	     0	     0	     0	20C(57.0214)		TraesCS1D03G0019000LC.1, TraesCS2B03G0094700LC.1, TraesCS2B03G0094700LC.2, TraesCS4A03G1026700LC.1, TraesCS4A03G1026700LC.2, TraesCS5D03G1138500LC.1, TraesCS5D03G1138500LC.2, TraesCS6B03G0887000LC.1, TraesCS6D03G0497900LC.1, TraesCS7A03G0279800LC.1, TraesCS7D03G0615400LC.1, TraesCS7D03G0615400LC.2, TraesCSU03G0088200LC.1, TraesCSU03G0088200LC.2
TraesCS1A03G0054500LC.2	TraesCS1A03G0054500LC.2	TraesCS1A03G0054500LC.2		1076	false	false		TraesCS1A03G0054500LC.2		1.58	0.0000	0.1116	0.00287562904385	1	0	1	1	0	1	     0	     0	     0			TraesCS1B03G1157300LC.1, TraesCS4A03G0237800LC.1, TraesCS4A03G0237800LC.2, TraesCS4A03G1170800LC.1, TraesCS4A03G1170800LC.2, TraesCS4A03G1170800LC.3, TraesCS5A03G0143900LC.1, TraesCS5A03G0143900LC.2, TraesCS5A03G0143900LC.3
TraesCS1A03G0072900LC.1	TraesCS1A03G0072900LC.1	TraesCS1A03G0072900LC.1		103	false	false		TraesCS1A03G0072900LC.1		6.80	0.0000	0.0000	0.00287562904385	1	0	1	1	0	1	     0	     0	     0			TraesCS1B03G0139700LC.1, TraesCS2A03G0093800LC.1, TraesCS2A03G0367500LC.1, TraesCS2A03G1329800LC.1, TraesCS2B03G0019600LC.1, TraesCS2B03G1280600LC.1, TraesCS2B03G1521800LC.1, TraesCS2D03G0150000LC.1, TraesCS2D03G0415800LC.1, TraesCS2D03G1035800LC.1, TraesCS3A03G1099500LC.1, TraesCS3A03G1157100LC.1, TraesCS3A03G1272800LC.1, TraesCS3B03G0909200LC.1, TraesCS3D03G1176500LC.1, TraesCS4B03G0569600LC.1, TraesCS4D03G0152400LC.1, TraesCS5A03G1045900LC.1, TraesCS5A03G1102000LC.1, TraesCS5B03G0815500LC.1, TraesCS5B03G0913200LC.1, TraesCS5D03G0996800LC.1, TraesCS5D03G1183400LC.1, TraesCS5D03G1211800LC.1, TraesCS6A03G0325800LC.1, TraesCS6A03G0815700LC.1, TraesCS6B03G0272500LC.1, TraesCS6B03G0325000LC.1, TraesCS6B03G0697400LC.1, TraesCS6B03G0906100LC.1, TraesCS6B03G1101000LC.1, TraesCS6D03G0184300LC.1, TraesCS7A03G0137600LC.1, TraesCS7A03G0368000LC.1, TraesCS7A03G0514100LC.1, TraesCS7B03G0196400LC.1, TraesCS7B03G0753800LC.1, TraesCS7B03G1281600LC.1, TraesCS7D03G0387700LC.1, TraesCS7D03G1176700LC.1
TraesCS1A03G0078000.1	TraesCS1A03G0078000.1	TraesCS1A03G0078000.1		766	false	false		TraesCS1A03G0078000.1		4.57	0.0000	0.1827	0.00287562904385	1	1	1	1	1	1	     0	     0	     0	20M(15.9949)		
TraesCS1A03G0090500.1	TraesCS1A03G0090500.1	TraesCS1A03G0090500.1		154	false	false		TraesCS1A03G0090500.1		27.92	0.0000	0.0907	0.00287562904385	4	0	1	4	0	1	     0	     0	     0			TraesCS1A03G0090800.1, TraesCS1D03G0080500.1, TraesCS1D03G0080700.1
TraesCS1A03G0091400LC.1	TraesCS1A03G0091400LC.1	TraesCS1A03G0091400LC.1		153	false	false		TraesCS1A03G0091400LC.1		9.80	0.0000	0.0997	0.00287562904385	1	1	1	1	1	1	     0	     0	     0			
TraesCS1A03G0094700LC.2	TraesCS1A03G0094700LC.2	TraesCS1A03G0094700LC.2		312	false	false		TraesCS1A03G0094700LC.2		2.88	0.0000	0.2163	0.00287562904385	1	0	1	1	0	1	     0	     0	     0			TraesCS5A03G0476100.1
TraesCS1A03G0096200.1	TraesCS1A03G0096200.1	TraesCS1A03G0096200.1		200	false	false		TraesCS1A03G0096200.1		9.50	0.0000	0.1602	0.00287562904385	1	1	1	1	1	1	     0	     0	     0	4M(15.9949), 6M(15.9949), 8M(15.9949)		
TraesCS1A03G0108300.1	TraesCS1A03G0108300.1	TraesCS1A03G0108300.1		716	false	false		TraesCS1A03G0108300.1		1.68	0.0000	0.0999	0.00287562904385	1	0	1	1	0	1	     0	     0	     0			TraesCS1A03G0108300.2
TraesCS1A03G0110000.1	TraesCS1A03G0110000.1	TraesCS1A03G0110000.1		234	false	false		TraesCS1A03G0110000.1		3.42	0.0000	0.1980	0.00287562904385	1	0	1	2	0	2	     0	     0	     0			TraesCS1A03G0374500.1, TraesCS2A03G0931300LC.1, TraesCS3A03G0611300.1, TraesCS3B03G0150000.1, TraesCS3B03G0758300LC.1, TraesCS4B03G0374300.1, TraesCS4B03G0430000.1, TraesCS5B03G0454300.1, TraesCS7B03G0637600.1
TraesCS1A03G0110100.1	TraesCS1A03G0110100.1	TraesCS1A03G0110100.1		363	false	false		TraesCS1A03G0110100.1		3.03	0.0000	0.0685	0.00287562904385	1	1	1	1	1	1	     0	     0	     0			
TraesCS1A03G0115300LC.1	TraesCS1A03G0115300LC.1	TraesCS1A03G0115300LC.1		291	false	false		TraesCS1A03G0115300LC.1		3.44	0.0000	0.0000	0.00287562904385	1	0	1	1	0	1	     0	     0	     0			TraesCS1A03G0979600LC.1, TraesCS1B03G0726700LC.1, TraesCS5A03G0240100LC.1, TraesCS6B03G0900400LC.1, TraesCS6D03G0745900LC.1, TraesCS7A03G0450900LC.1
TraesCS1A03G0121400.1	TraesCS1A03G0121400.1	TraesCS1A03G0121400.1		170	false	false		TraesCS1A03G0121400.1		8.82	0.0000	0.0530	0.00287562904385	1	1	1	1	1	1	     0	     0	     0			
TraesCS1A03G0158700.1	TraesCS1A03G0158700.1	TraesCS1A03G0158700.1		743	false	false		TraesCS1A03G0158700.1		1.35	0.0000	0.0724	0.00287562904385	1	0	1	1	0	1	     0	     0	     0			TraesCS1A03G0158700.2, TraesCS1A03G0158700.3, TraesCS1D03G0147100.3
TraesCS1A03G0164800.1	TraesCS1A03G0164800.1	TraesCS1A03G0164800.1		560	false	false		TraesCS1A03G0164800.1		1.79	0.0000	0.0884	0.00287562904385	1	1	1	1	1	1	     0	     0	     0			
TraesCS1A03G0168100LC.1	TraesCS1A03G0168100LC.1	TraesCS1A03G0168100LC.1		873	false	false		TraesCS1A03G0168100LC.1		2.75	0.0000	0.0588	0.00287562904385	1	0	1	1	0	1	     0	     0	     0			TraesCS5B03G1203800.1
TraesCS1A03G0172400LC.1	TraesCS1A03G0172400LC.1	TraesCS1A03G0172400LC.1		126	false	false		TraesCS1A03G0172400LC.1		13.49	0.0000	0.1344	0.00287562904385	1	1	1	1	1	1	     0	     0	     0			
TraesCS1A03G0212200.1	TraesCS1A03G0212200.1	TraesCS1A03G0212200.1		721	false	false		TraesCS1A03G0212200.1		2.50	0.0000	0.0608	0.00287562904385	1	0	1	1	0	1	     0	     0	     0	14M(15.9949), 15M(15.9949)		TraesCS1A03G0212200.2, TraesCS1B03G0286800.1, TraesCS1B03G0286800.2, TraesCS1B03G0286900.1, TraesCS1D03G0204900.1, TraesCS1D03G0204900.2
TraesCS1A03G0224900.1	TraesCS1A03G0224900.1	TraesCS1A03G0224900.1		196	false	false		TraesCS1A03G0224900.1		5.61	0.0000	0.0560	0.00287562904385	1	1	1	1	1	1	     0	     0	     0			
TraesCS1A03G0225400.1	TraesCS1A03G0225400.1	TraesCS1A03G0225400.1		192	false	false		TraesCS1A03G0225400.1		13.54	0.0000	0.1548	0.00287562904385	1	1	1	1	1	1	     0	     0	     0	19M(15.9949), 2M(15.9949)		
TraesCS1A03G0226500LC.1	TraesCS1A03G0226500LC.1	TraesCS1A03G0226500LC.1		283	false	false		TraesCS1A03G0226500LC.1		4.59	0.0000	0.1824	0.00287562904385	1	1	1	1	1	1	     0	     0	     0			
TraesCS1A03G0228400.1	TraesCS1A03G0228400.1	TraesCS1A03G0228400.1		419	false	false		TraesCS1A03G0228400.1		1.67	0.0000	0.3056	0.00287562904385	1	1	1	1	1	1	     0	     0	     0			
TraesCS1A03G0232900.1	TraesCS1A03G0232900.1	TraesCS1A03G0232900.1		638	false	false		TraesCS1A03G0232900.1		1.41	0.0000	0.1549	0.00287562904385	1	0	1	1	0	1	     0	     0	     0			TraesCS1D03G0250400.1
TraesCS1A03G0234500.1	TraesCS1A03G0234500.1	TraesCS1A03G0234500.1		297	false	false		TraesCS1A03G0234500.1		9.09	0.0000	0.0644	0.00287562904385	1	0	1	1	0	1	     0	     0	     0	10M(15.9949)		TraesCS1D03G0251400.1, TraesCS1D03G0251400.2
TraesCS1A03G0242100.1	TraesCS1A03G0242100.1	TraesCS1A03G0242100.1		565	false	false		TraesCS1A03G0242100.1		2.12	0.0000	0.3192	0.00287562904385	1	0	1	1	0	1	     0	     0	     0			TraesCS1A03G0242100.2, TraesCS1A03G0242100.3, TraesCS1B03G0340400.1, TraesCS1B03G0340400.2, TraesCS1B03G0340400.3, TraesCS1D03G0253200.1, TraesCS1D03G0253200.2, TraesCS1D03G0253200.3, TraesCS1D03G0253200.4
TraesCS1A03G0244400.1	TraesCS1A03G0244400.1	TraesCS1A03G0244400.1		600	false	false		TraesCS1A03G0244400.1		3.50	0.0000	0.0582	0.00287562904385	1	1	1	1	1	1	     0	     0	     0			
TraesCS1A03G0248800LC.1	TraesCS1A03G0248800LC.1	TraesCS1A03G0248800LC.1		140	false	false		TraesCS1A03G0248800LC.1		5.71	0.0000	0.0608	0.00287562904385	1	1	1	1	1	1	     0	     0	     0	3M(15.9949), 7C(57.0214)		
TraesCS1A03G0252300.1	TraesCS1A03G0252300.1	TraesCS1A03G0252300.1		280	false	false		TraesCS1A03G0252300.1		3.93	0.0000	0.1752	0.00287562904385	1	1	1	1	1	1	     0	     0	     0			
TraesCS1A03G0276900LC.1	TraesCS1A03G0276900LC.1	TraesCS1A03G0276900LC.1		532	false	false		TraesCS1A03G0276900LC.1		2.82	0.0000	0.1003	0.00287562904385	1	0	1	1	0	1	     0	     0	     0			TraesCS4D03G0326800LC.1, TraesCS5D03G1108800LC.1
TraesCS1A03G0283000.1	TraesCS1A03G0283000.1	TraesCS1A03G0283000.1		135	false	false		TraesCS1A03G0283000.1		17.04	0.0000	0.0593	0.00287562904385	1	1	1	1	1	1	     0	     0	     0			
TraesCS1A03G0296500.1	TraesCS1A03G0296500.1	TraesCS1A03G0296500.1		380	false	false		TraesCS1A03G0296500.1		4.21	0.0000	0.0553	0.00287562904385	1	0	1	1	0	1	     0	     0	     0			
TraesCS1A03G0296700.1	TraesCS1A03G0296700.1	TraesCS1A03G0296700.1		121	false	false		TraesCS1A03G0296700.1		14.05	0.0000	0.0908	0.00287562904385	1	1	1	1	1	1	     0	     0	     0			
TraesCS1A03G0305700.1	TraesCS1A03G0305700.1	TraesCS1A03G0305700.1		298	false	false		TraesCS1A03G0305700.1		3.69	0.0000	0.0681	0.00287562904385	1	1	1	1	1	1	     0	     0	     0	6C(57.0214)		
TraesCS1A03G0316800.1	TraesCS1A03G0316800.1	TraesCS1A03G0316800.1		109	false	false		TraesCS1A03G0316800.1		28.44	0.0000	0.9990	0.00000000000000	1	0	1	1	0	1	     0	     0	     0			
TraesCS1A03G0340500LC.1	TraesCS1A03G0340500LC.1	TraesCS1A03G0340500LC.1		408	false	false		TraesCS1A03G0340500LC.1		2.70	0.0000	0.1630	0.00287562904385	1	0	1	1	0	1	     0	     0	     0			TraesCS2A03G0035700LC.1, TraesCS2B03G1355700LC.1, TraesCS3A03G1133600LC.1, TraesCS4B03G0622900LC.1, TraesCS4B03G0625500LC.1, TraesCS5A03G1050700LC.1, TraesCS5D03G0243800LC.1, TraesCS6A03G0654800LC.1, TraesCS6A03G0801900LC.1, TraesCS6D03G0518700LC.1, TraesCS6D03G0525100LC.1
TraesCS1A03G0341400LC.1	TraesCS1A03G0341400LC.1	TraesCS1A03G0341400LC.1		307	false	false		TraesCS1A03G0341400LC.1		2.61	0.0000	0.2615	0.00287562904385	1	0	1	1	0	1	     0	     0	     0			TraesCS1B03G0424400.1, TraesCS1D03G0296800.1, TraesCS1D03G0296800.2, TraesCS1D03G0296800.3
TraesCS1A03G0351000LC.1	TraesCS1A03G0351000LC.1	TraesCS1A03G0351000LC.1		401	false	false		TraesCS1A03G0351000LC.1		2.99	0.0000	0.2860	0.00287562904385	1	0	1	1	0	1	     0	     0	     0	9C(57.0214)		TraesCS2B03G0788400LC.1, TraesCS3D03G0208400LC.1, TraesCS5B03G0473300LC.1, TraesCS5D03G0320700LC.1, TraesCS6B03G1294800LC.1, TraesCS6D03G0486600LC.1
TraesCS1A03G0363300LC.1	TraesCS1A03G0363300LC.1	TraesCS1A03G0363300LC.1		179	false	false		TraesCS1A03G0363300LC.1		9.50	0.0000	0.2255	0.00287562904385	1	1	1	1	1	1	     0	     0	     0			
TraesCS1A03G0365700LC.1	TraesCS1A03G0365700LC.1	TraesCS1A03G0365700LC.1		78	false	false		TraesCS1A03G0365700LC.1		15.38	0.0000	0.1640	0.00287562904385	1	1	1	1	1	1	     0	     0	     0			
TraesCS1A03G0365900LC.1	TraesCS1A03G0365900LC.1	TraesCS1A03G0365900LC.1		130	false	false		TraesCS1A03G0365900LC.1		22.31	0.0000	0.2953	0.00287562904385	1	1	1	1	1	1	     0	     0	     0	10M(15.9949), 16M(15.9949)		
TraesCS1A03G0369600.1	TraesCS1A03G0369600.1	TraesCS1A03G0369600.1		2045	false	false		TraesCS1A03G0369600.1		0.49	0.0000	0.1769	0.00287562904385	1	1	1	1	1	1	     0	     0	     0	N-term(42.0106)		
TraesCS1A03G0374600.1	TraesCS1A03G0374600.1	TraesCS1A03G0374600.1		349	false	false		TraesCS1A03G0374600.1		5.44	0.0000	0.1097	0.00287562904385	1	0	1	1	0	1	     0	     0	     0			TraesCS1A03G0374600.2
TraesCS1A03G0377600LC.1	TraesCS1A03G0377600LC.1	TraesCS1A03G0377600LC.1		548	false	false		TraesCS1A03G0377600LC.1		4.20	0.0000	0.1548	0.00287562904385	1	1	1	1	1	1	     0	     0	     0			
TraesCS1A03G0380800.1	TraesCS1A03G0380800.1	TraesCS1A03G0380800.1		473	false	false		TraesCS1A03G0380800.1		1.69	0.0000	0.0932	0.00287562904385	1	0	1	1	0	1	     0	     0	     0			TraesCS1B03G0462300.1, TraesCS1D03G0356300.1
TraesCS1A03G0383500.1	TraesCS1A03G0383500.1	TraesCS1A03G0383500.1		242	false	false		TraesCS1A03G0383500.1		4.96	0.0000	0.9233	0.00287562904385	1	0	1	1	0	1	     0	     0	     0	1M(15.9949), 2M(15.9949)		TraesCS1A03G0383500.2, TraesCS1A03G0383500.3, TraesCS1A03G0383500.4, TraesCS2B03G1063000LC.1, TraesCS5A03G0178200.1, TraesCS5A03G0178200.2, TraesCS5A03G0178200.3, TraesCS5A03G0178300.1, TraesCS5A03G0178300.2, TraesCS5A03G0178300.3, TraesCS5A03G0178300.4, TraesCS5A03G0552200LC.1, TraesCS5A03G1045100.1, TraesCS5B03G0090200LC.1, TraesCS6B03G0553700LC.1
TraesCS1A03G0394300.1	TraesCS1A03G0394300.1	TraesCS1A03G0394300.1		449	false	false		TraesCS1A03G0394300.1		1.78	0.0000	0.1858	0.00287562904385	1	0	1	1	0	1	     0	     0	     0	6C(57.0214)		TraesCS1B03G0483900.1
TraesCS1A03G0401400.1	TraesCS1A03G0401400.1	TraesCS1A03G0401400.1		376	false	false		TraesCS1A03G0401400.1		2.39	0.0000	0.1041	0.00287562904385	1	1	1	1	1	1	     0	     0	     0			
TraesCS1A03G0408900LC.1	TraesCS1A03G0408900LC.1	TraesCS1A03G0408900LC.1		115	false	false		TraesCS1A03G0408900LC.1		7.83	0.0000	0.1098	0.00287562904385	1	1	1	1	1	1	     0	     0	     0			
TraesCS1A03G0412000.1	TraesCS1A03G0412000.1	TraesCS1A03G0412000.1		280	false	false		TraesCS1A03G0412000.1		5.00	0.0000	0.0707	0.00287562904385	1	0	1	1	0	1	     0	     0	     0			TraesCS1B03G0506100.1, TraesCS1D03G0390700.1
TraesCS1A03G0416200LC.1	TraesCS1A03G0416200LC.1	TraesCS1A03G0416200LC.1		325	false	false		TraesCS1A03G0416200LC.1		9.85	0.0000	0.0000	0.00287562904385	1	0	1	1	0	1	     0	     0	     0	3C(57.0214)		TraesCS1A03G0416200LC.2
TraesCS1A03G0416600.1	TraesCS1A03G0416600.1	TraesCS1A03G0416600.1		328	false	false		TraesCS1A03G0416600.1		11.28	0.0000	0.9990	0.00000000000000	3	0	1	5	0	3	     0	     0	     0			
TraesCS1A03G0439300LC.1	TraesCS1A03G0439300LC.1	TraesCS1A03G0439300LC.1		904	false	false		TraesCS1A03G0439300LC.1		0.88	0.0000	0.0862	0.00287562904385	1	1	1	1	1	1	     0	     0	     0			
TraesCS1A03G0482500.1	TraesCS1A03G0482500.1	TraesCS1A03G0482500.1		630	false	false		TraesCS1A03G0482500.1		4.13	0.0000	0.3072	0.00287562904385	1	0	1	1	0	1	     0	     0	     0			TraesCS1D03G0455600.1
TraesCS1A03G0498000LC.1	TraesCS1A03G0498000LC.1	TraesCS1A03G0498000LC.1		116	false	false		TraesCS1A03G0498000LC.1		32.76	0.0000	0.1707	0.00287562904385	1	1	1	1	1	1	     0	     0	     0	20C(57.0214)		
TraesCS1A03G0501200.1	TraesCS1A03G0501200.1	TraesCS1A03G0501200.1		839	false	false		TraesCS1A03G0501200.1		0.95	0.0000	0.2884	0.00287562904385	1	0	1	2	0	2	     0	     0	     0			TraesCS1A03G0501200.2, TraesCS1A03G0501200.4, TraesCS1A03G0501200.5, TraesCS1A03G0501200.6, TraesCS1B03G0572900.1, TraesCS1B03G0572900.2, TraesCS1B03G0572900.3, TraesCS1D03G0487300.1, TraesCS1D03G0487300.2, TraesCS1D03G0487300.3, TraesCS1D03G0487300.4
TraesCS1A03G0501700.1	TraesCS1A03G0501700.1	TraesCS1A03G0501700.1		228	false	false		TraesCS1A03G0501700.1		4.39	0.0000	0.1559	0.00287562904385	1	0	1	1	0	1	     0	     0	     0			TraesCS1B03G0573800.1, TraesCS1D03G0486800.1
TraesCS1A03G0502500.1	TraesCS1A03G0502500.1	TraesCS1A03G0502500.1		235	false	false		TraesCS1A03G0502500.1		5.11	0.0000	0.0845	0.00287562904385	1	0	1	1	0	1	     0	     0	     0			TraesCS1B03G0574400.1, TraesCS1B03G0574500.1, TraesCS1D03G0485800LC.1, TraesCS3A03G0664700.1
TraesCS1A03G0510100.1	TraesCS1A03G0510100.1	TraesCS1A03G0510100.1		511	false	false		TraesCS1A03G0510100.1		1.76	0.0000	0.0920	0.00287562904385	1	0	1	1	0	1	     0	     0	     0			TraesCS1A03G0510100.2, TraesCS1A03G0510100.3, TraesCS1B03G0566500.1, TraesCS1B03G0566500.2, TraesCS1B03G0566500.3, TraesCS1D03G0496200.1, TraesCS1D03G0496200.2, TraesCS1D03G0496200.3
TraesCS1A03G0520500.1	TraesCS1A03G0520500.1	TraesCS1A03G0520500.1		105	false	false		TraesCS1A03G0520500.1		12.38	0.0000	0.1228	0.00287562904385	1	0	1	1	0	1	     0	     0	     0			TraesCS1B03G0610300.1, TraesCS1D03G0505000.1
TraesCS1A03G0531200.1	TraesCS1A03G0531200.1	TraesCS1A03G0531200.1		1711	false	false		TraesCS1A03G0531200.1		0.76	0.0000	0.0572	0.00287562904385	1	0	1	1	0	1	     0	     0	     0			TraesCS1A03G0531200.2, TraesCS1A03G0531200.3, TraesCS1A03G0531200.4, TraesCS1B03G0621800.1, TraesCS1B03G0621800.2
TraesCS1A03G0533900LC.1	TraesCS1A03G0533900LC.1	TraesCS1A03G0533900LC.1		80	false	false		TraesCS1A03G0533900LC.1		27.50	0.0000	0.3014	0.00287562904385	1	1	1	1	1	1	     0	     0	     0	N-term(42.0106)		
TraesCS1A03G0534900.1	TraesCS1A03G0534900.1	TraesCS1A03G0534900.1		320	false	false		TraesCS1A03G0534900.1		3.12	0.0000	0.1051	0.00287562904385	1	1	1	1	1	1	     0	     0	     0	8C(57.0214)		
TraesCS1A03G0561200.1	TraesCS1A03G0561200.1	TraesCS1A03G0561200.1		127	false	false		TraesCS1A03G0561200.1		9.45	0.0000	0.0753	0.00287562904385	1	0	1	1	0	1	     0	     0	     0			TraesCS1D03G0539900.1
TraesCS1A03G0572700.1	TraesCS1A03G0572700.1	TraesCS1A03G0572700.1		967	false	false		TraesCS1A03G0572700.1		1.34	0.0000	0.0532	0.00287562904385	1	0	1	1	0	1	     0	     0	     0			TraesCS1B03G0662900.1, TraesCS1D03G0546300.1
TraesCS1A03G0576000.1	TraesCS1A03G0576000.1	TraesCS1A03G0576000.1		329	false	false		TraesCS1A03G0576000.1		6.08	0.0000	0.1947	0.00287562904385	1	0	1	1	0	1	     0	     0	     0			TraesCS1D03G0549100.1
TraesCS1A03G0623100.1	TraesCS1A03G0623100.1	TraesCS1A03G0623100.1		610	false	false		TraesCS1A03G0623100.1		1.97	0.0000	0.3291	0.00287562904385	1	0	1	1	0	1	     0	     0	     0			TraesCS1B03G0711600.1, TraesCS1D03G0584600.1
TraesCS1A03G0630100.1	TraesCS1A03G0630100.1	TraesCS1A03G0630100.1		917	false	false		TraesCS1A03G0630100.1		1.31	0.0000	0.0766	0.00287562904385	1	0	1	1	0	1	     0	     0	     0			TraesCS1D03G0591500.1
TraesCS1A03G0631400.1	TraesCS1A03G0631400.1	TraesCS1A03G0631400.1		305	false	false		TraesCS1A03G0631400.1		3.28	0.0000	0.1078	0.00287562904385	1	1	1	1	1	1	     0	     0	     0	3M(15.9949)		
TraesCS1A03G0635200LC.1	TraesCS1A03G0635200LC.1	TraesCS1A03G0635200LC.1		151	false	false		TraesCS1A03G0635200LC.1		21.85	0.0000	0.3871	0.00287562904385	1	0	1	2	0	2	     0	     0	     0			TraesCS1D03G0379700LC.1, TraesCS5A03G0356200LC.1, TraesCS6A03G0492600.1
TraesCS1A03G0644100.1	TraesCS1A03G0644100.1	TraesCS1A03G0644100.1		189	false	false		TraesCS1A03G0644100.1		10.58	0.0000	0.3614	0.00287562904385	1	1	1	1	1	1	     0	     0	     0	1M(15.9949)		
TraesCS1A03G0646000.1	TraesCS1A03G0646000.1	TraesCS1A03G0646000.1		241	false	false		TraesCS1A03G0646000.1		9.96	0.0000	0.0911	0.00287562904385	1	0	1	1	0	1	     0	     0	     0			TraesCS1A03G0646000.2
TraesCS1A03G0654800LC.1	TraesCS1A03G0654800LC.1	TraesCS1A03G0654800LC.1		420	false	false		TraesCS1A03G0654800LC.1		2.62	0.0000	0.3773	0.00287562904385	1	1	1	1	1	1	     0	     0	     0			
TraesCS1A03G0680800.1	TraesCS1A03G0680800.1	TraesCS1A03G0680800.1		725	false	false		TraesCS1A03G0680800.1		2.07	0.0000	0.2690	0.00287562904385	1	0	1	1	0	1	     0	     0	     0	10M(15.9949)		TraesCS1A03G0680800.2, TraesCS1A03G0680800.3, TraesCS1B03G0773400.1, TraesCS1B03G0773400.2, TraesCS1B03G0773400.3, TraesCS1D03G0643900.1, TraesCS1D03G0643900.2, TraesCS6B03G0193300.1, TraesCS6B03G0193300.2
TraesCS1A03G0688500LC.1	TraesCS1A03G0688500LC.1	TraesCS1A03G0688500LC.1		180	false	false		TraesCS1A03G0688500LC.1		5.00	0.0000	0.0000	0.00287562904385	1	0	1	1	0	1	     0	     0	     0	8M(15.9949)		
TraesCS1A03G0702200.1	TraesCS1A03G0702200.1	TraesCS1A03G0702200.1		587	false	false		TraesCS1A03G0702200.1		2.90	0.0000	0.1455	0.00287562904385	1	0	1	1	0	1	     0	     0	     0			TraesCS1A03G0702200.2, TraesCS1A03G0702200.3
TraesCS1A03G0702700.1	TraesCS1A03G0702700.1	TraesCS1A03G0702700.1		494	false	false		TraesCS1A03G0702700.1		2.02	0.0000	0.1910	0.00287562904385	1	0	1	1	0	1	     0	     0	     0			TraesCS1B03G0800300.1, TraesCS1D03G0666700.1
TraesCS1A03G0704200.1	TraesCS1A03G0704200.1	TraesCS1A03G0704200.1		588	false	false		TraesCS1A03G0704200.1		1.36	0.0000	0.0801	0.00287562904385	1	0	1	1	0	1	     0	     0	     0			TraesCS1A03G0704200.2, TraesCS1A03G0704200.3, TraesCS1A03G0704200.4, TraesCS1B03G0803600.1, TraesCS1B03G0803600.2, TraesCS1B03G0803600.3, TraesCS1D03G0668900.2, TraesCS1D03G0668900.3, TraesCS1D03G0668900.4
TraesCS1A03G0704500.1	TraesCS1A03G0704500.1	TraesCS1A03G0704500.1		644	false	false		TraesCS1A03G0704500.1		1.71	0.0000	0.0643	0.00287562904385	1	0	1	1	0	1	     0	     0	     0			TraesCS1B03G0804700.1, TraesCS1D03G0669200.1
TraesCS1A03G0719700LC.1	TraesCS1A03G0719700LC.1	TraesCS1A03G0719700LC.1		508	false	false		TraesCS1A03G0719700LC.1		2.36	0.0000	0.0000	0.00287562904385	1	0	1	1	0	1	     0	     0	     0	6M(15.9949), N-term(42.0106)		TraesCS2B03G1480200LC.1, TraesCS2D03G0124800LC.1, TraesCS3B03G1311300LC.1, TraesCS4A03G0527600LC.1, TraesCS7B03G0779600LC.1
TraesCS1A03G0721500.1	TraesCS1A03G0721500.1	TraesCS1A03G0721500.1		157	false	false		TraesCS1A03G0721500.1		26.11	0.0000	0.2938	0.00287562904385	1	0	1	1	0	1	     0	     0	     0			TraesCS1B03G0823400.1, TraesCS1D03G0685500.1
TraesCS1A03G0746600.1	TraesCS1A03G0746600.1	TraesCS1A03G0746600.1		550	false	false		TraesCS1A03G0746600.1		2.18	0.0000	0.1168	0.00287562904385	1	1	1	1	1	1	     0	     0	     0	11M(15.9949)		
TraesCS1A03G0782200.1	TraesCS1A03G0782200.1	TraesCS1A03G0782200.1		394	false	false		TraesCS1A03G0782200.1		3.05	0.0000	0.0509	0.00287562904385	1	0	1	1	0	1	     0	     0	     0	5M(15.9949), 8M(15.9949)		TraesCS1B03G0897400.1, TraesCS1D03G0749100.1
TraesCS1A03G0805700.1	TraesCS1A03G0805700.1	TraesCS1A03G0805700.1		1547	false	false		TraesCS1A03G0805700.1		0.65	0.0000	0.0609	0.00287562904385	1	0	1	1	0	1	     0	     0	     0			TraesCS1A03G0805700.2, TraesCS1A03G0805700.3, TraesCS1B03G0926300.1, TraesCS1B03G0926300.2, TraesCS1D03G0772900.1
TraesCS1A03G0819600LC.1	TraesCS1A03G0819600LC.1	TraesCS1A03G0819600LC.1		206	false	false		TraesCS1A03G0819600LC.1		5.83	0.0000	0.0000	0.00287562904385	1	0	1	1	0	1	     0	     0	     0	4M(15.9949), N-term(42.0106)		TraesCS1B03G0950300LC.1, TraesCS1D03G0505400LC.2, TraesCS2A03G0951000LC.1, TraesCS2B03G1256400LC.1, TraesCS4A03G0403500LC.1, TraesCS4B03G0701900LC.1, TraesCS6B03G1063800LC.1
TraesCS1A03G0831700.1	TraesCS1A03G0831700.1	TraesCS1A03G0831700.1		303	false	false		TraesCS1A03G0831700.1		8.58	0.0000	0.2255	0.00287562904385	1	1	1	1	1	1	     0	     0	     0			
TraesCS1A03G0834600.1	TraesCS1A03G0834600.1	TraesCS1A03G0834600.1		206	false	false		TraesCS1A03G0834600.1		6.80	0.0000	0.0608	0.00287562904385	1	0	1	1	0	1	     0	     0	     0			TraesCS1B03G0959000.1, TraesCS1D03G0803500.1, TraesCS1D03G0803500.2, TraesCS3A03G0351700.1, TraesCS3A03G0722700.1, TraesCS3B03G0429200.1, TraesCS3B03G0829300.1, TraesCS3B03G0829300.2, TraesCS3D03G0342900.1, TraesCS3D03G0342900.2, TraesCS3D03G0342900.3, TraesCS3D03G0667400.1
TraesCS1A03G0853400.1	TraesCS1A03G0853400.1	TraesCS1A03G0853400.1		154	false	false		TraesCS1A03G0853400.1		4.55	0.0000	0.0000	0.00287562904385	1	0	1	1	0	1	     0	     0	     0			decoy_113433, decoy_119102, decoy_126241
TraesCS1A03G0866600LC.1	TraesCS1A03G0866600LC.1	TraesCS1A03G0866600LC.1		118	false	false		TraesCS1A03G0866600LC.1		9.32	0.0000	0.0662	0.00287562904385	1	1	1	1	1	1	     0	     0	     0	8M(15.9949), 9C(57.0214)		
TraesCS1A03G0868400.1	TraesCS1A03G0868400.1	TraesCS1A03G0868400.1		416	false	false		TraesCS1A03G0868400.1		4.81	0.0000	0.9990	0.00000000000000	1	0	1	4	0	4	     0	     0	     0			
TraesCS1A03G0882100LC.1	TraesCS1A03G0882100LC.1	TraesCS1A03G0882100LC.1		189	false	false		TraesCS1A03G0882100LC.1		5.82	0.0000	0.3515	0.00287562904385	1	1	1	3	3	3	     0	     0	     0	1M(15.9949)		
TraesCS1A03G0892000LC.1	TraesCS1A03G0892000LC.1	TraesCS1A03G0892000LC.1		132	false	false		TraesCS1A03G0892000LC.1		9.85	0.0000	0.2539	0.00287562904385	1	0	1	1	0	1	     0	     0	     0			
TraesCS1A03G0923100LC.1	TraesCS1A03G0923100LC.1	TraesCS1A03G0923100LC.1		207	false	false		TraesCS1A03G0923100LC.1		4.83	0.0000	0.0834	0.00287562904385	2	2	2	2	2	2	     0	     0	     0	4M(15.9949)		
TraesCS1A03G0961700LC.1	TraesCS1A03G0961700LC.1	TraesCS1A03G0961700LC.1		225	false	false		TraesCS1A03G0961700LC.1		4.00	0.0000	0.0825	0.00287562904385	1	0	1	1	0	1	     0	     0	     0			TraesCS2A03G0168900.1, TraesCS2D03G0166300.1
TraesCS1A03G0961800.1	TraesCS1A03G0961800.1	TraesCS1A03G0961800.1		513	false	false		TraesCS1A03G0961800.1		3.31	0.0000	0.0517	0.00287562904385	1	1	1	1	1	1	     0	     0	     0	4C(57.0214)		
TraesCS1A03G1003500LC.1	TraesCS1A03G1003500LC.1	TraesCS1A03G1003500LC.1		790	false	false		TraesCS1A03G1003500LC.1		2.15	0.0000	0.3017	0.00287562904385	1	0	1	1	0	1	     0	     0	     0	11M(15.9949)		TraesCS1B03G1183900LC.1
TraesCS1A03G1016700LC.1	TraesCS1A03G1016700LC.1	TraesCS1A03G1016700LC.1		174	false	false		TraesCS1A03G1016700LC.1		5.75	0.0000	0.1173	0.00287562904385	1	1	1	1	1	1	     0	     0	     0			
TraesCS1A03G1018800.1	TraesCS1A03G1018800.1	TraesCS1A03G1018800.1		926	false	false		TraesCS1A03G1018800.1		1.19	0.0000	0.1196	0.00287562904385	1	0	1	1	0	1	     0	     0	     0	6M(15.9949)		TraesCS1B03G1200700.1, TraesCS1D03G0979300.1, TraesCS1D03G0979300.2
TraesCS1A03G1023000.1	TraesCS1A03G1023000.1	TraesCS1A03G1023000.1		96	false	false		TraesCS1A03G1023000.1		27.08	0.0000	0.0598	0.00287562904385	1	0	1	1	0	1	     0	     0	     0	12M(15.9949)		TraesCS1A03G1023200.1
TraesCS1A03G1027800LC.1	TraesCS1A03G1027800LC.1	TraesCS1A03G1027800LC.1		760	false	false		TraesCS1A03G1027800LC.1		1.97	0.0000	0.0868	0.00287562904385	1	1	1	1	1	1	     0	     0	     0			
TraesCS1A03G1032200LC.1	TraesCS1A03G1032200LC.1	TraesCS1A03G1032200LC.1		85	false	false		TraesCS1A03G1032200LC.1		27.06	0.0000	0.0825	0.00287562904385	1	1	1	1	1	1	     0	     0	     0	6C(57.0214)		
TraesCS1A03G1039400.1	TraesCS1A03G1039400.1	TraesCS1A03G1039400.1		607	false	false		TraesCS1A03G1039400.1		1.15	0.0000	0.0804	0.00287562904385	1	0	1	1	0	1	     0	     0	     0			TraesCS1B03G1238300.1, TraesCS1D03G1003300.1
TraesCS1A03G1040200LC.1	TraesCS1A03G1040200LC.1	TraesCS1A03G1040200LC.1		263	false	false		TraesCS1A03G1040200LC.1		3.04	0.0000	0.0548	0.00287562904385	1	1	1	1	1	1	     0	     0	     0			
TraesCS1A03G1042500.1	TraesCS1A03G1042500.1	TraesCS1A03G1042500.1		329	false	false		TraesCS1A03G1042500.1		5.78	0.0000	0.0618	0.00287562904385	1	0	1	1	0	1	     0	     0	     0			TraesCS1A03G1042500.2, TraesCS1B03G1241400.1, TraesCS1D03G1005300.1
TraesCS1A03G1052500.1	TraesCS1A03G1052500.1	TraesCS1A03G1052500.1		192	false	false		TraesCS1A03G1052500.1		18.23	0.0000	0.1178	0.00287562904385	1	0	1	1	0	1	     0	     0	     0	18C(57.0214)		TraesCS1B03G1251900.1, TraesCS1D03G1018000.1
TraesCS1B03G0007200.1	TraesCS1B03G0007200.1	TraesCS1B03G0007200.1		864	false	false		TraesCS1B03G0007200.1		1.27	0.0000	0.0848	0.00287562904385	1	0	1	1	0	1	     0	     0	     0	5C(57.0214)		TraesCS1B03G0007200.2
TraesCS1B03G0016700.2	TraesCS1B03G0016700.2	TraesCS1B03G0016700.2		502	false	false		TraesCS1B03G0016700.2		2.19	0.0000	0.1509	0.00287562904385	1	1	1	1	1	1	     0	     0	     0	9C(57.0214)		
TraesCS1B03G0020400LC.1	TraesCS1B03G0020400LC.1	TraesCS1B03G0020400LC.1		245	false	false		TraesCS1B03G0020400LC.1		4.49	0.0000	0.3223	0.00287562904385	1	0	1	1	0	1	     0	     0	     0			TraesCS1B03G0675400LC.1, TraesCS1B03G1260100LC.1, TraesCS2A03G0095300LC.1, TraesCS2B03G0230600LC.1, TraesCS2B03G0239400LC.1, TraesCS3B03G1334500LC.1, TraesCS3B03G1472400LC.1, TraesCS4A03G1124300LC.1, TraesCS5A03G0737700LC.1, TraesCS6A03G0111600LC.1, TraesCS6B03G0271400LC.1, TraesCS6B03G0275000LC.1, TraesCS7A03G0369100LC.1, TraesCS7B03G0227100LC.1, TraesCS7B03G0838100LC.1, TraesCSU03G0308700LC.1
TraesCS1B03G0044800.1	TraesCS1B03G0044800.1	TraesCS1B03G0044800.1		385	false	false		TraesCS1B03G0044800.1		4.42	0.0000	0.0825	0.00287562904385	1	0	1	1	0	1	     0	     0	     0			TraesCS1D03G0035900.1
TraesCS1B03G0061500.1	TraesCS1B03G0061500.1	TraesCS1B03G0061500.1		416	false	false		TraesCS1B03G0061500.1		5.05	0.0000	0.0804	0.00287562904385	1	1	1	1	1	1	     0	     0	     0	14C(57.0214), 15C(57.0214), 5M(15.9949)		
TraesCS1B03G0082700LC.1	TraesCS1B03G0082700LC.1	TraesCS1B03G0082700LC.1		201	false	false		TraesCS1B03G0082700LC.1		5.97	0.0000	0.0690	0.00287562904385	1	0	1	1	0	1	     0	     0	     0			TraesCS3B03G0012000.1, TraesCS3D03G0005700.1
TraesCS1B03G0089700.1	TraesCS1B03G0089700.1	TraesCS1B03G0089700.1		732	false	false		TraesCS1B03G0089700.1		2.73	0.0000	0.0610	0.00287562904385	1	1	1	1	1	1	     0	     0	     0	17C(57.0214)		
TraesCS1B03G0104900LC.1	TraesCS1B03G0104900LC.1	TraesCS1B03G0104900LC.1		258	false	false		TraesCS1B03G0104900LC.1		3.10	0.0000	0.0661	0.00287562904385	1	1	1	1	1	1	     0	     0	     0			
TraesCS1B03G0122700LC.1	TraesCS1B03G0122700LC.1	TraesCS1B03G0122700LC.1		329	false	false		TraesCS1B03G0122700LC.1		4.86	0.0000	0.0000	0.00287562904385	1	0	1	1	0	1	     0	     0	     0			TraesCS1B03G0867300LC.1, TraesCS2A03G1351000LC.1, TraesCS2A03G1351100LC.1, TraesCS2B03G0253000LC.1, TraesCS2B03G0981900LC.1, TraesCS2B03G1323000LC.1, TraesCS5A03G0969800LC.1, TraesCS5D03G1066600LC.1, TraesCS6B03G0511300LC.1, TraesCS7D03G0964600LC.1
TraesCS1B03G0155500LC.1	TraesCS1B03G0155500LC.1	TraesCS1B03G0155500LC.1		147	false	false		TraesCS1B03G0155500LC.1		17.69	0.0000	0.0831	0.00287562904385	1	1	1	1	1	1	     0	     0	     0			
TraesCS1B03G0158400LC.1	TraesCS1B03G0158400LC.1	TraesCS1B03G0158400LC.1		1442	false	false		TraesCS1B03G0158400LC.1		0.55	0.0000	0.2237	0.00287562904385	1	1	1	1	1	1	     0	     0	     0			
TraesCS1B03G0158700LC.1	TraesCS1B03G0158700LC.1	TraesCS1B03G0158700LC.1		1247	false	false		TraesCS1B03G0158700LC.1		1.28	0.0000	0.0969	0.00287562904385	1	0	1	1	0	1	     0	     0	     0			
TraesCS1B03G0166300.1	TraesCS1B03G0166300.1	TraesCS1B03G0166300.1		591	false	false		TraesCS1B03G0166300.1		1.52	0.0000	0.0582	0.00287562904385	1	1	1	1	1	1	     0	     0	     0			
TraesCS1B03G0215200LC.1	TraesCS1B03G0215200LC.1	TraesCS1B03G0215200LC.1		259	false	false		TraesCS1B03G0215200LC.1		5.02	0.0000	0.0501	0.00287562904385	1	1	1	1	1	1	     0	     0	     0	6C(57.0214)		
TraesCS1B03G0235600.1	TraesCS1B03G0235600.1	TraesCS1B03G0235600.1		424	false	false		TraesCS1B03G0235600.1		2.12	0.0000	0.0851	0.00287562904385	1	1	1	1	1	1	     0	     0	     0	3M(15.9949)		
TraesCS1B03G0251200LC.1	TraesCS1B03G0251200LC.1	TraesCS1B03G0251200LC.1		231	false	false		TraesCS1B03G0251200LC.1		5.19	0.0000	0.0000	0.00287562904385	1	0	1	1	0	1	     0	     0	     0	10M(15.9949), 9M(15.9949)		TraesCS2A03G0927900.1, TraesCS2A03G0928500.1, TraesCS2B03G0789400.1, TraesCS5B03G0611400.1
TraesCS1B03G0252200.1	TraesCS1B03G0252200.1	TraesCS1B03G0252200.1		406	false	false		TraesCS1B03G0252200.1		1.97	0.0000	0.0508	0.00287562904385	1	0	1	1	0	1	     0	     0	     0			TraesCS1B03G0252200.2
TraesCS1B03G0299600LC.1	TraesCS1B03G0299600LC.1	TraesCS1B03G0299600LC.1		538	false	false		TraesCS1B03G0299600LC.1		1.30	0.0000	0.1288	0.00287562904385	1	1	1	1	1	1	     0	     0	     0	3M(15.9949)		
TraesCS1B03G0307300LC.1	TraesCS1B03G0307300LC.1	TraesCS1B03G0307300LC.1		193	false	false		TraesCS1B03G0307300LC.1		4.15	0.0000	0.1296	0.00287562904385	1	1	1	1	1	1	     0	     0	     0	7C(57.0214)		
TraesCS1B03G0323400.1	TraesCS1B03G0323400.1	TraesCS1B03G0323400.1		538	false	false		TraesCS1B03G0323400.1		2.79	0.0000	0.0683	0.00287562904385	1	1	1	1	1	1	     0	     0	     0	12M(15.9949)		
TraesCS1B03G0355400.1	TraesCS1B03G0355400.1	TraesCS1B03G0355400.1		584	false	false		TraesCS1B03G0355400.1		4.11	0.0000	0.0614	0.00287562904385	1	0	1	1	0	1	     0	     0	     0			TraesCS1B03G0355400.2
TraesCS1B03G0363500.1	TraesCS1B03G0363500.1	TraesCS1B03G0363500.1		578	false	false		TraesCS1B03G0363500.1		1.38	0.0000	0.0809	0.00287562904385	1	0	1	1	0	1	     0	     0	     0	N-term(42.0106)		TraesCS3A03G0205600.1, TraesCS3B03G0248300.1
TraesCS1B03G0395900LC.1	TraesCS1B03G0395900LC.1	TraesCS1B03G0395900LC.1		99	false	false		TraesCS1B03G0395900LC.1		13.13	0.0000	0.2798	0.00287562904385	1	0	1	1	0	1	     0	     0	     0			TraesCS1D03G0240000LC.1, TraesCS1D03G0332500LC.1, TraesCS2A03G0733000LC.1, TraesCS2A03G1210600LC.1, TraesCS3B03G0543300LC.1, TraesCS3B03G0543500LC.1, TraesCS3B03G0998000LC.1, TraesCS3B03G1266100LC.1, TraesCS3B03G1436200LC.1, TraesCS4A03G1118200LC.1, TraesCS6B03G0379900LC.1, TraesCS7B03G0630200LC.1, TraesCS7D03G1056000LC.1
TraesCS1B03G0417200LC.1	TraesCS1B03G0417200LC.1	TraesCS1B03G0417200LC.1		130	false	false		TraesCS1B03G0417200LC.1		7.69	0.0000	0.0960	0.00287562904385	1	1	1	1	1	1	     0	     0	     0	8C(57.0214)		
TraesCS1B03G0443000LC.1	TraesCS1B03G0443000LC.1	TraesCS1B03G0443000LC.1		307	false	false		TraesCS1B03G0443000LC.1		2.61	0.0000	0.0000	0.00287562904385	1	0	1	1	0	1	     0	     0	     0			
TraesCS1B03G0589200.1	TraesCS1B03G0589200.1	TraesCS1B03G0589200.1		270	false	false		TraesCS1B03G0589200.1		2.96	0.0000	0.0000	0.00287562904385	1	0	1	1	0	1	     0	     0	     0	N-term(42.0106)		
TraesCS1B03G0669100.1	TraesCS1B03G0669100.1	TraesCS1B03G0669100.1		1095	false	false		TraesCS1B03G0669100.1		2.47	0.0000	0.1681	0.00287562904385	1	1	1	1	1	1	     0	     0	     0			
TraesCS1B03G0690300.1	TraesCS1B03G0690300.1	TraesCS1B03G0690300.1		180	false	false		TraesCS1B03G0690300.1		4.44	0.0000	0.0631	0.00287562904385	1	0	1	1	0	1	     0	     0	     0	1C(57.0214), 5C(57.0214)		TraesCS1D03G0566500.1
TraesCS1B03G0700400LC.1	TraesCS1B03G0700400LC.1	TraesCS1B03G0700400LC.1		114	false	false		TraesCS1B03G0700400LC.1		7.89	0.0000	0.2503	0.00287562904385	1	1	1	1	1	1	     0	     0	     0			
TraesCS1B03G0701200.1	TraesCS1B03G0701200.1	TraesCS1B03G0701200.1		488	false	false		TraesCS1B03G0701200.1		3.07	0.0000	0.0829	0.00287562904385	1	1	1	1	1	1	     0	     0	     0			
TraesCS1B03G0705600LC.1	TraesCS1B03G0705600LC.1	TraesCS1B03G0705600LC.1		503	false	false		TraesCS1B03G0705600LC.1		2.39	0.0000	0.2454	0.00287562904385	1	1	1	1	1	1	     0	     0	     0			
TraesCS1B03G0728600.1	TraesCS1B03G0728600.1	TraesCS1B03G0728600.1		532	false	false		TraesCS1B03G0728600.1		4.89	0.0000	0.0677	0.00287562904385	1	1	1	1	1	1	     0	     0	     0			
TraesCS1B03G0742400LC.1	TraesCS1B03G0742400LC.1	TraesCS1B03G0742400LC.1		106	false	false		TraesCS1B03G0742400LC.1		11.32	0.0000	0.1161	0.00287562904385	1	1	1	1	1	1	     0	     0	     0			
TraesCS1B03G0763000.1	TraesCS1B03G0763000.1	TraesCS1B03G0763000.1		757	false	false		TraesCS1B03G0763000.1		0.92	0.0000	0.0644	0.00287562904385	1	0	1	1	0	1	     0	     0	     0			TraesCS1B03G0763000.2
TraesCS1B03G0764800.1	TraesCS1B03G0764800.1	TraesCS1B03G0764800.1		403	false	false		TraesCS1B03G0764800.1		15.38	0.0000	0.9990	0.00000000000000	3	0	1	8	0	3	     0	     0	     0	15M(15.9949)		
TraesCS1B03G0784500LC.1	TraesCS1B03G0784500LC.1	TraesCS1B03G0784500LC.1		133	false	false		TraesCS1B03G0784500LC.1		9.02	0.0000	0.0699	0.00287562904385	1	1	1	1	1	1	     0	     0	     0	10M(15.9949), 11M(15.9949)		
TraesCS1B03G0802200LC.1	TraesCS1B03G0802200LC.1	TraesCS1B03G0802200LC.1		868	false	false		TraesCS1B03G0802200LC.1		1.38	0.0000	0.1840	0.00287562904385	1	0	1	1	0	1	     0	     0	     0			TraesCS2B03G1105000LC.1, TraesCS3A03G0666800LC.1, TraesCS7B03G0839700LC.1
TraesCS1B03G0819500LC.1	TraesCS1B03G0819500LC.1	TraesCS1B03G0819500LC.1		207	false	false		TraesCS1B03G0819500LC.1		3.38	0.0000	0.3914	0.00287562904385	1	1	1	2	2	2	     0	     0	     0			
TraesCS1B03G0827200.1	TraesCS1B03G0827200.1	TraesCS1B03G0827200.1		182	false	false		TraesCS1B03G0827200.1		17.58	0.0000	0.0712	0.00287562904385	1	0	1	1	0	1	     0	     0	     0	N-term(42.0106)		TraesCS1B03G0827200.2, TraesCS1B03G0827200.3, TraesCS1D03G0689500.1, TraesCS1D03G0689500.2
TraesCS1B03G0835300.1	TraesCS1B03G0835300.1	TraesCS1B03G0835300.1		509	false	false		TraesCS1B03G0835300.1		2.36	0.0000	0.0000	0.00287562904385	1	0	1	1	0	1	     0	     0	     0			
TraesCS1B03G0858300.1	TraesCS1B03G0858300.1	TraesCS1B03G0858300.1		231	false	false		TraesCS1B03G0858300.1		6.06	0.0000	0.1261	0.00287562904385	1	1	1	1	1	1	     0	     0	     0			
TraesCS1B03G0859300.1	TraesCS1B03G0859300.1	TraesCS1B03G0859300.1		490	false	false		TraesCS1B03G0859300.1		4.29	0.0000	0.0964	0.00287562904385	1	1	1	1	1	1	     0	     0	     0			
TraesCS1B03G0918900.1	TraesCS1B03G0918900.1	TraesCS1B03G0918900.1		495	false	false		TraesCS1B03G0918900.1		2.22	0.0000	0.0531	0.00287562904385	1	1	1	1	1	1	     0	     0	     0			
TraesCS1B03G0942900.1	TraesCS1B03G0942900.1	TraesCS1B03G0942900.1		156	false	false		TraesCS1B03G0942900.1		8.97	0.0000	0.0697	0.00287562904385	1	1	1	1	1	1	     0	     0	     0			
TraesCS1B03G0962100LC.1	TraesCS1B03G0962100LC.1	TraesCS1B03G0962100LC.1		1163	false	false		TraesCS1B03G0962100LC.1		1.12	0.0000	0.0669	0.00287562904385	1	0	1	1	0	1	     0	     0	     0	6C(57.0214), 9C(57.0214)		TraesCS2B03G1450100LC.1, TraesCS5B03G1224600LC.1
TraesCS1B03G0970900LC.1	TraesCS1B03G0970900LC.1	TraesCS1B03G0970900LC.1		141	false	false		TraesCS1B03G0970900LC.1		4.96	0.0000	0.0000	0.00287562904385	1	0	1	1	0	1	     0	     0	     0			TraesCS2B03G1509600LC.1, TraesCS3B03G1056100.1, TraesCS4A03G0990000.1, TraesCS6A03G0937200.1, TraesCS7B03G0984000.1
TraesCS1B03G0992500LC.1	TraesCS1B03G0992500LC.1	TraesCS1B03G0992500LC.1		217	false	false		TraesCS1B03G0992500LC.1		4.61	0.0000	0.1057	0.00287562904385	1	1	1	1	1	1	     0	     0	     0	1M(15.9949)		
TraesCS1B03G1005200.1	TraesCS1B03G1005200.1	TraesCS1B03G1005200.1		761	false	false		TraesCS1B03G1005200.1		4.99	0.0000	0.0763	0.00287562904385	1	1	1	1	1	1	     0	     0	     0			
TraesCS1B03G1008700.1	TraesCS1B03G1008700.1	TraesCS1B03G1008700.1		109	false	false		TraesCS1B03G1008700.1		9.17	0.0000	0.1138	0.00287562904385	1	1	1	1	1	1	     0	     0	     0			
TraesCS1B03G1051700LC.1	TraesCS1B03G1051700LC.1	TraesCS1B03G1051700LC.1		277	false	false		TraesCS1B03G1051700LC.1		3.61	0.0000	0.1266	0.00287562904385	1	1	1	2	2	2	     0	     0	     0			
TraesCS1B03G1054000.1	TraesCS1B03G1054000.1	TraesCS1B03G1054000.1		559	false	false		TraesCS1B03G1054000.1		6.08	0.0000	0.1542	0.00287562904385	1	1	1	1	1	1	     0	     0	     0			
TraesCS1B03G1056400LC.1	TraesCS1B03G1056400LC.1	TraesCS1B03G1056400LC.1		192	false	false		TraesCS1B03G1056400LC.1		7.29	0.0000	0.1150	0.00287562904385	1	1	1	1	1	1	     0	     0	     0	6C(57.0214)		
TraesCS1B03G1063000LC.1	TraesCS1B03G1063000LC.1	TraesCS1B03G1063000LC.1		108	false	false		TraesCS1B03G1063000LC.1		14.81	0.0000	0.1585	0.00287562904385	1	1	1	1	1	1	     0	     0	     0	11C(57.0214)		
TraesCS1B03G1073400LC.1	TraesCS1B03G1073400LC.1	TraesCS1B03G1073400LC.1		524	false	false		TraesCS1B03G1073400LC.1		1.34	0.0000	0.0877	0.00287562904385	1	1	1	1	1	1	     0	     0	     0			
TraesCS1B03G1084300LC.1	TraesCS1B03G1084300LC.1	TraesCS1B03G1084300LC.1		101	false	false		TraesCS1B03G1084300LC.1		13.86	0.0000	0.0721	0.00287562904385	1	0	1	1	0	1	     0	     0	     0			TraesCS6B03G1200000LC.1
TraesCS1B03G1117400.1	TraesCS1B03G1117400.1	TraesCS1B03G1117400.1		382	false	false		TraesCS1B03G1117400.1		3.14	0.0000	0.1283	0.00287562904385	1	1	1	1	1	1	     0	     0	     0	1M(15.9949)		
TraesCS1B03G1127000.1	TraesCS1B03G1127000.1	TraesCS1B03G1127000.1		391	false	false		TraesCS1B03G1127000.1		9.21	0.0000	0.1316	0.00287562904385	1	1	1	1	1	1	     0	     0	     0	27C(57.0214)		
TraesCS1B03G1135800LC.1	TraesCS1B03G1135800LC.1	TraesCS1B03G1135800LC.1		97	false	false		TraesCS1B03G1135800LC.1		11.34	0.0000	0.0854	0.00287562904385	1	0	1	1	0	1	     0	     0	     0			TraesCS6A03G0993300LC.1
TraesCS1B03G1158500LC.1	TraesCS1B03G1158500LC.1	TraesCS1B03G1158500LC.1		329	false	false		TraesCS1B03G1158500LC.1		4.86	0.0000	0.0545	0.00287562904385	1	1	1	1	1	1	     0	     0	     0	1M(15.9949)		
TraesCS1B03G1162100.1	TraesCS1B03G1162100.1	TraesCS1B03G1162100.1		485	false	false		TraesCS1B03G1162100.1		4.74	0.0000	0.0666	0.00287562904385	1	1	1	1	1	1	     0	     0	     0			
TraesCS1B03G1182200.1	TraesCS1B03G1182200.1	TraesCS1B03G1182200.1		929	false	false		TraesCS1B03G1182200.1		2.80	0.0000	0.1938	0.00287562904385	2	0	2	2	0	2	     0	     0	     0			TraesCS1B03G1182200.2
TraesCS1B03G1200200.1	TraesCS1B03G1200200.1	TraesCS1B03G1200200.1		1676	false	false		TraesCS1B03G1200200.1		0.89	0.0000	0.0581	0.00287562904385	1	0	1	1	0	1	     0	     0	     0			TraesCS1D03G0979000.1, TraesCS6A03G0014100.1
TraesCS1B03G1248100.1	TraesCS1B03G1248100.1	TraesCS1B03G1248100.1		956	false	false		TraesCS1B03G1248100.1		1.05	0.0000	0.0936	0.00287562904385	1	1	1	1	1	1	     0	     0	     0	9C(57.0214)		
TraesCS1B03G1275700.1	TraesCS1B03G1275700.1	TraesCS1B03G1275700.1		774	false	false		TraesCS1B03G1275700.1		3.75	0.0000	0.0901	0.00287562904385	1	1	1	1	1	1	     0	     0	     0			
TraesCS1D03G0038300.1	TraesCS1D03G0038300.1	TraesCS1D03G0038300.1		516	false	false		TraesCS1D03G0038300.1		2.91	0.0000	0.3490	0.00287562904385	1	1	1	1	1	1	     0	     0	     0	7C(57.0214)		
TraesCS1D03G0057300LC.1	TraesCS1D03G0057300LC.1	TraesCS1D03G0057300LC.1		114	false	false		TraesCS1D03G0057300LC.1		9.65	0.0000	0.1809	0.00287562904385	1	1	1	1	1	1	     0	     0	     0			
TraesCS1D03G0062000LC.1	TraesCS1D03G0062000LC.1	TraesCS1D03G0062000LC.1		220	false	false		TraesCS1D03G0062000LC.1		7.27	0.0000	0.0937	0.00287562904385	1	1	1	1	1	1	     0	     0	     0	11C(57.0214), 8M(15.9949)		
TraesCS1D03G0062900.1	TraesCS1D03G0062900.1	TraesCS1D03G0062900.1		386	false	false		TraesCS1D03G0062900.1		4.15	0.0000	0.1468	0.00287562904385	1	1	1	2	2	2	     0	     0	     0	8C(57.0214)		
TraesCS1D03G0100400.1	TraesCS1D03G0100400.1	TraesCS1D03G0100400.1		272	false	false		TraesCS1D03G0100400.1		4.41	0.0000	0.1003	0.00287562904385	1	1	1	1	1	1	     0	     0	     0			
TraesCS1D03G0100600.1	TraesCS1D03G0100600.1	TraesCS1D03G0100600.1		304	false	false		TraesCS1D03G0100600.1		4.28	0.0000	0.0961	0.00287562904385	1	1	1	1	1	1	     0	     0	     0	11C(57.0214)		
TraesCS1D03G0129500.1	TraesCS1D03G0129500.1	TraesCS1D03G0129500.1		391	false	false		TraesCS1D03G0129500.1		3.58	0.0000	0.1208	0.00287562904385	1	1	1	1	1	1	     0	     0	     0			
TraesCS1D03G0132900.1	TraesCS1D03G0132900.1	TraesCS1D03G0132900.1		387	false	false		TraesCS1D03G0132900.1		6.46	0.0000	0.0663	0.00287562904385	1	1	1	1	1	1	     0	     0	     0			
TraesCS1D03G0178200LC.1	TraesCS1D03G0178200LC.1	TraesCS1D03G0178200LC.1		304	false	false		TraesCS1D03G0178200LC.1		2.96	0.0000	0.1260	0.00287562904385	1	1	1	1	1	1	     0	     0	     0			
TraesCS1D03G0197000.1	TraesCS1D03G0197000.1	TraesCS1D03G0197000.1		870	false	false		TraesCS1D03G0197000.1		1.95	0.0000	0.2447	0.00287562904385	1	1	1	1	1	1	     0	     0	     0	N-term(42.0106)		
TraesCS1D03G0245500LC.1	TraesCS1D03G0245500LC.1	TraesCS1D03G0245500LC.1		466	false	false		TraesCS1D03G0245500LC.1		4.08	0.0000	0.0747	0.00287562904385	1	1	1	1	1	1	     0	     0	     0	5C(57.0214)		
TraesCS1D03G0257100.1	TraesCS1D03G0257100.1	TraesCS1D03G0257100.1		431	false	false		TraesCS1D03G0257100.1		2.32	0.0000	0.4097	0.00287562904385	1	1	1	1	1	1	     0	     0	     0			
TraesCS1D03G0272800LC.1	TraesCS1D03G0272800LC.1	TraesCS1D03G0272800LC.1		104	false	false		TraesCS1D03G0272800LC.1		6.73	0.0000	0.0000	0.00287562904385	1	0	1	1	0	1	     0	     0	     0	4C(57.0214)		TraesCS3A03G0818400LC.1, TraesCS6B03G0285000LC.1
TraesCS1D03G0312100LC.1	TraesCS1D03G0312100LC.1	TraesCS1D03G0312100LC.1		84	false	false		TraesCS1D03G0312100LC.1		29.76	0.0000	0.0714	0.00287562904385	1	0	1	1	0	1	     0	     0	     0			TraesCS2B03G0703200.1, TraesCS3B03G0449800.1, TraesCS5D03G1230700.1, TraesCS7B03G0840900.1
TraesCS1D03G0337700LC.1	TraesCS1D03G0337700LC.1	TraesCS1D03G0337700LC.1		131	false	false		TraesCS1D03G0337700LC.1		9.16	0.0000	0.3216	0.00287562904385	1	0	1	1	0	1	     0	     0	     0	10M(15.9949), 11M(15.9949)		TraesCS1D03G0633200LC.1, TraesCS2A03G0266200LC.1, TraesCS2A03G0607300LC.1, TraesCS2A03G1160700LC.1, TraesCS2B03G0642500LC.1, TraesCS5D03G0144400LC.1, TraesCS5D03G1178600LC.1, TraesCS6A03G0558500LC.1, TraesCS6D03G0184000LC.1, TraesCS6D03G0831800LC.1, TraesCS7D03G0901300LC.1
TraesCS1D03G0362100LC.1	TraesCS1D03G0362100LC.1	TraesCS1D03G0362100LC.1		135	false	false		TraesCS1D03G0362100LC.1		10.37	0.0000	0.1162	0.00287562904385	1	1	1	1	1	1	     0	     0	     0	2C(57.0214)		
TraesCS1D03G0448300.1	TraesCS1D03G0448300.1	TraesCS1D03G0448300.1		1386	false	false		TraesCS1D03G0448300.1		0.79	0.0000	0.0566	0.00287562904385	1	0	1	1	0	1	     0	     0	     0			TraesCS1D03G0448300.2
TraesCS1D03G0482200.1	TraesCS1D03G0482200.1	TraesCS1D03G0482200.1		551	false	false		TraesCS1D03G0482200.1		5.44	0.0000	0.1679	0.00287562904385	1	1	1	1	1	1	     0	     0	     0	15M(15.9949), 27M(15.9949)		
TraesCS1D03G0498400.1	TraesCS1D03G0498400.1	TraesCS1D03G0498400.1		214	false	false		TraesCS1D03G0498400.1		7.48	0.0000	0.0650	0.00287562904385	1	1	1	1	1	1	     0	     0	     0			
TraesCS1D03G0519600.1	TraesCS1D03G0519600.1	TraesCS1D03G0519600.1		562	false	false		TraesCS1D03G0519600.1		1.96	0.0000	0.0741	0.00287562904385	1	1	1	1	1	1	     0	     0	     0			
TraesCS1D03G0532000.1	TraesCS1D03G0532000.1	TraesCS1D03G0532000.1		398	false	false		TraesCS1D03G0532000.1		2.76	0.0000	0.0505	0.00287562904385	1	1	1	1	1	1	     0	     0	     0			
TraesCS1D03G0561500LC.1	TraesCS1D03G0561500LC.1	TraesCS1D03G0561500LC.1		221	false	false		TraesCS1D03G0561500LC.1		4.98	0.0000	0.0000	0.00287562904385	1	0	1	3	0	3	     0	     0	     0	7M(15.9949), N-term(42.0106)		TraesCS3D03G0197600LC.1
TraesCS1D03G0590900.1	TraesCS1D03G0590900.1	TraesCS1D03G0590900.1		521	false	false		TraesCS1D03G0590900.1		2.11	0.0000	0.4005	0.00287562904385	1	1	1	1	1	1	     0	     0	     0			
TraesCS1D03G0596500LC.1	TraesCS1D03G0596500LC.1	TraesCS1D03G0596500LC.1		100	false	false		TraesCS1D03G0596500LC.1		24.00	0.0000	0.1066	0.00287562904385	1	1	1	1	1	1	     0	     0	     0	7C(57.0214)		
TraesCS1D03G0608900.1	TraesCS1D03G0608900.1	TraesCS1D03G0608900.1		586	false	false		TraesCS1D03G0608900.1		4.95	0.0000	0.2007	0.00287562904385	1	1	1	1	1	1	     0	     0	     0			
TraesCS1D03G0617300.1	TraesCS1D03G0617300.1	TraesCS1D03G0617300.1		358	false	false		TraesCS1D03G0617300.1		5.31	0.0000	0.0601	0.00287562904385	1	1	1	1	1	1	     0	     0	     0			
TraesCS1D03G0617400.1	TraesCS1D03G0617400.1	TraesCS1D03G0617400.1		514	false	false		TraesCS1D03G0617400.1		4.86	0.0000	0.0744	0.00287562904385	1	1	1	1	1	1	     0	     0	     0			
TraesCS1D03G0646000LC.1	TraesCS1D03G0646000LC.1	TraesCS1D03G0646000LC.1		374	false	false		TraesCS1D03G0646000LC.1		2.94	0.0000	0.1495	0.00287562904385	1	1	1	2	2	2	     0	     0	     0			
TraesCS1D03G0657100LC.1	TraesCS1D03G0657100LC.1	TraesCS1D03G0657100LC.1		184	false	false		TraesCS1D03G0657100LC.1		11.41	0.0000	0.2115	0.00287562904385	1	1	1	1	1	1	     0	     0	     0			
TraesCS1D03G0671000LC.1	TraesCS1D03G0671000LC.1	TraesCS1D03G0671000LC.1		311	false	false		TraesCS1D03G0671000LC.1		8.68	0.0000	0.2717	0.00287562904385	1	1	1	1	1	1	     0	     0	     0			
TraesCS1D03G0747200.1	TraesCS1D03G0747200.1	TraesCS1D03G0747200.1		184	false	false		TraesCS1D03G0747200.1		7.61	0.0000	0.1754	0.00287562904385	1	1	1	1	1	1	     0	     0	     0			
TraesCS1D03G0868000.1	TraesCS1D03G0868000.1	TraesCS1D03G0868000.1		377	false	false		TraesCS1D03G0868000.1		5.84	0.0000	0.2516	0.00287562904385	1	1	1	1	1	1	     0	     0	     0	16M(15.9949)		
TraesCS1D03G0871900LC.1	TraesCS1D03G0871900LC.1	TraesCS1D03G0871900LC.1		79	false	false		TraesCS1D03G0871900LC.1		58.23	0.0000	0.0619	0.00287562904385	1	1	1	1	1	1	     0	     0	     0	36C(57.0214)		
TraesCS1D03G0884000LC.1	TraesCS1D03G0884000LC.1	TraesCS1D03G0884000LC.1		132	false	false		TraesCS1D03G0884000LC.1		32.58	0.0000	0.1307	0.00287562904385	1	1	1	1	1	1	     0	     0	     0	21C(57.0214), 41C(57.0214)		
TraesCS1D03G0895500.1	TraesCS1D03G0895500.1	TraesCS1D03G0895500.1		1276	false	false		TraesCS1D03G0895500.1		0.71	0.0000	0.0596	0.00287562904385	1	1	1	1	1	1	     0	     0	     0			
TraesCS1D03G0899600LC.1	TraesCS1D03G0899600LC.1	TraesCS1D03G0899600LC.1		229	false	false		TraesCS1D03G0899600LC.1		8.73	0.0000	0.2314	0.00287562904385	1	0	1	1	0	1	     0	     0	     0			TraesCS6B03G0490500LC.1, TraesCS7D03G0878100LC.1
TraesCS1D03G0926100LC.1	TraesCS1D03G0926100LC.1	TraesCS1D03G0926100LC.1		305	false	false		TraesCS1D03G0926100LC.1		2.95	0.0000	0.0806	0.00287562904385	1	0	1	1	0	1	     0	     0	     0			TraesCS2B03G0625100LC.1, TraesCS5D03G0960500LC.1
TraesCS1D03G0926400.1	TraesCS1D03G0926400.1	TraesCS1D03G0926400.1		1485	false	false		TraesCS1D03G0926400.1		1.62	0.0000	0.0837	0.00287562904385	1	1	1	1	1	1	     0	     0	     0	22M(15.9949)		
TraesCS1D03G0948500LC.1	TraesCS1D03G0948500LC.1	TraesCS1D03G0948500LC.1		1041	false	false		TraesCS1D03G0948500LC.1		1.92	0.0000	0.1433	0.00287562904385	1	1	1	1	1	1	     0	     0	     0	6M(15.9949)		
TraesCS1D03G0957200.1	TraesCS1D03G0957200.1	TraesCS1D03G0957200.1		88	false	false		TraesCS1D03G0957200.1		21.59	0.0000	0.2700	0.00287562904385	1	1	1	1	1	1	     0	     0	     0			
TraesCS1D03G0973000LC.1	TraesCS1D03G0973000LC.1	TraesCS1D03G0973000LC.1		1059	false	false		TraesCS1D03G0973000LC.1		0.85	0.0000	0.2862	0.00287562904385	1	1	1	1	1	1	     0	     0	     0			
TraesCS1D03G0984300.1	TraesCS1D03G0984300.1	TraesCS1D03G0984300.1		176	false	false		TraesCS1D03G0984300.1		6.82	0.0000	0.0612	0.00287562904385	1	1	1	1	1	1	     0	     0	     0			
TraesCS1D03G0994700LC.1	TraesCS1D03G0994700LC.1	TraesCS1D03G0994700LC.1		264	false	false		TraesCS1D03G0994700LC.1		12.88	0.0000	0.1701	0.00287562904385	1	1	1	1	1	1	     0	     0	     0	12C(57.0214), 23C(57.0214), 26C(57.0214)		
TraesCS1D03G1003700LC.1	TraesCS1D03G1003700LC.1	TraesCS1D03G1003700LC.1		338	false	false		TraesCS1D03G1003700LC.1		5.92	0.0000	0.2875	0.00287562904385	1	1	1	2	2	2	     0	     0	     0			
TraesCS1D03G1022200.1	TraesCS1D03G1022200.1	TraesCS1D03G1022200.1		450	false	false		TraesCS1D03G1022200.1		9.11	0.0000	0.3498	0.00287562904385	1	1	1	1	1	1	     0	     0	     0	1C(57.0214), 40M(15.9949)		
TraesCS1D03G1023900LC.1	TraesCS1D03G1023900LC.1	TraesCS1D03G1023900LC.1		66	false	false		TraesCS1D03G1023900LC.1		21.21	0.0000	0.0875	0.00287562904385	1	0	1	1	0	1	     0	     0	     0	10M(15.9949), 1M(15.9949)		TraesCS2B03G1292500LC.1, TraesCS2D03G0020700LC.1, TraesCS3B03G0194800LC.1, TraesCS3B03G0713800LC.1, TraesCS4D03G0687100LC.1, TraesCS6D03G0331000LC.1, TraesCS6D03G0896500LC.1
TraesCS2A03G0009900.1	TraesCS2A03G0009900.1	TraesCS2A03G0009900.1		338	false	false		TraesCS2A03G0009900.1		2.37	0.0000	0.0000	0.00287562904385	1	0	1	1	0	1	     0	     0	     0			TraesCS5A03G0721800.1
TraesCS2A03G0022800LC.1	TraesCS2A03G0022800LC.1	TraesCS2A03G0022800LC.1		293	false	false		TraesCS2A03G0022800LC.1		10.24	0.0000	0.2810	0.00287562904385	1	1	1	1	1	1	     0	     0	     0	12C(57.0214)		
TraesCS2A03G0027200.2	TraesCS2A03G0027200.2	TraesCS2A03G0027200.2		609	false	false		TraesCS2A03G0027200.2		1.81	0.0000	0.0878	0.00287562904385	1	0	1	1	0	1	     0	     0	     0			TraesCS2A03G0027200.3
TraesCS2A03G0045300LC.1	TraesCS2A03G0045300LC.1	TraesCS2A03G0045300LC.1		424	false	false		TraesCS2A03G0045300LC.1		3.54	0.0000	0.1674	0.00287562904385	1	1	1	1	1	1	     0	     0	     0			
TraesCS2A03G0045700.1	TraesCS2A03G0045700.1	TraesCS2A03G0045700.1		393	false	false		TraesCS2A03G0045700.1		8.91	0.0000	0.0987	0.00287562904385	1	1	1	2	2	2	     0	     0	     0			
TraesCS2A03G0046300LC.1	TraesCS2A03G0046300LC.1	TraesCS2A03G0046300LC.1		189	false	false		TraesCS2A03G0046300LC.1		6.35	0.0000	0.1586	0.00287562904385	1	1	1	1	1	1	     0	     0	     0	N-term(42.0106)		
TraesCS2A03G0053100.2	TraesCS2A03G0053100.2	TraesCS2A03G0053100.2		941	false	false		TraesCS2A03G0053100.2		2.98	0.0000	0.2310	0.00287562904385	1	1	1	1	1	1	     0	     0	     0			
TraesCS2A03G0056500.1	TraesCS2A03G0056500.1	TraesCS2A03G0056500.1		956	false	false		TraesCS2A03G0056500.1		0.84	0.0000	0.0667	0.00287562904385	1	0	1	1	0	1	     0	     0	     0			TraesCS2B03G0083400.1, TraesCS2B03G0084400LC.1, TraesCS2D03G0057200.1
TraesCS2A03G0074400LC.1	TraesCS2A03G0074400LC.1	TraesCS2A03G0074400LC.1		581	false	false		TraesCS2A03G0074400LC.1		1.20	0.0000	0.0552	0.00287562904385	1	1	1	1	1	1	     0	     0	     0			
TraesCS2A03G0084000.1	TraesCS2A03G0084000.1	TraesCS2A03G0084000.1		250	false	false		TraesCS2A03G0084000.1		9.60	0.0000	0.0813	0.00287562904385	1	1	1	1	1	1	     0	     0	     0			
TraesCS2A03G0106600LC.1	TraesCS2A03G0106600LC.1	TraesCS2A03G0106600LC.1		103	false	false		TraesCS2A03G0106600LC.1		31.07	0.0000	0.0952	0.00287562904385	1	1	1	1	1	1	     0	     0	     0	19C(57.0214)		
TraesCS2A03G0148100.1	TraesCS2A03G0148100.1	TraesCS2A03G0148100.1		614	false	false		TraesCS2A03G0148100.1		3.26	0.0000	0.2220	0.00287562904385	1	1	1	1	1	1	     0	     0	     0	19M(15.9949), 4M(15.9949), 8M(15.9949)		
TraesCS2A03G0156100.1	TraesCS2A03G0156100.1	TraesCS2A03G0156100.1		790	false	false		TraesCS2A03G0156100.1		3.16	0.0000	0.2516	0.00287562904385	1	0	1	1	0	1	     0	     0	     0	22M(15.9949), 9M(15.9949)		TraesCS2B03G0217900.1, TraesCS2B03G0217900.2, TraesCS2B03G0217900.3, TraesCS2B03G0217900.4, TraesCS2B03G0217900.5, TraesCS2D03G0150300.1, TraesCS2D03G0150300.2, TraesCS2D03G0150300.3, TraesCS2D03G0150300.4
TraesCS2A03G0157200LC.1	TraesCS2A03G0157200LC.1	TraesCS2A03G0157200LC.1		293	false	false		TraesCS2A03G0157200LC.1		7.51	0.0000	0.3696	0.00287562904385	1	1	1	1	1	1	     0	     0	     0	6C(57.0214)		
TraesCS2A03G0171400.1	TraesCS2A03G0171400.1	TraesCS2A03G0171400.1		390	false	false		TraesCS2A03G0171400.1		2.31	0.0000	0.1262	0.00287562904385	1	0	1	1	0	1	     0	     0	     0			TraesCS2B03G0237100.1, TraesCS2D03G0168300.1
TraesCS2A03G0195900LC.1	TraesCS2A03G0195900LC.1	TraesCS2A03G0195900LC.1		105	false	false		TraesCS2A03G0195900LC.1		6.67	0.0000	0.1467	0.00287562904385	1	0	1	1	0	1	     0	     0	     0	4C(57.0214)		TraesCS6A03G0555400LC.1
TraesCS2A03G0216900.3	TraesCS2A03G0216900.3	TraesCS2A03G0216900.3		569	false	false		TraesCS2A03G0216900.3		1.41	0.0000	0.0538	0.00287562904385	1	1	1	1	1	1	     0	     0	     0			
TraesCS2A03G0217300.1	TraesCS2A03G0217300.1	TraesCS2A03G0217300.1		949	false	false		TraesCS2A03G0217300.1		0.95	0.0000	0.3046	0.00287562904385	1	0	1	1	0	1	     0	     0	     0	3M(15.9949)		TraesCS2A03G0217300.2
TraesCS2A03G0219900LC.1	TraesCS2A03G0219900LC.1	TraesCS2A03G0219900LC.1		508	false	false		TraesCS2A03G0219900LC.1		2.17	0.0000	0.1617	0.00287562904385	1	0	1	2	0	2	     0	     0	     0			TraesCS3B03G1266600LC.1, TraesCS3D03G0194600LC.1, TraesCS3D03G0842400LC.1, TraesCS5A03G0543000LC.1, TraesCS5D03G0680200LC.1, TraesCS7B03G0059600LC.1, TraesCS7D03G0101200LC.1
TraesCS2A03G0231100.2	TraesCS2A03G0231100.2	TraesCS2A03G0231100.2		284	false	false		TraesCS2A03G0231100.2		3.87	0.0000	0.1201	0.00287562904385	1	0	1	1	0	1	     0	     0	     0			TraesCS2B03G0318500.1, TraesCS2D03G0236300.1, TraesCS4D03G0418600.1
TraesCS2A03G0253500.1	TraesCS2A03G0253500.1	TraesCS2A03G0253500.1		1120	false	false		TraesCS2A03G0253500.1		2.59	0.0000	0.1236	0.00287562904385	1	0	1	1	0	1	     0	     0	     0	15C(57.0214)		TraesCS2B03G0350400.1, TraesCS2D03G0265500.1
TraesCS2A03G0265900.1	TraesCS2A03G0265900.1	TraesCS2A03G0265900.1		1318	false	false		TraesCS2A03G0265900.1		0.61	0.0000	0.1381	0.00287562904385	1	0	1	1	0	1	     0	     0	     0			TraesCS2B03G0368100.1, TraesCS2D03G0276100.1
TraesCS2A03G0269200.2	TraesCS2A03G0269200.2	TraesCS2A03G0269200.2		657	false	false		TraesCS2A03G0269200.2		1.67	0.0000	0.1368	0.00287562904385	1	0	1	1	0	1	     0	     0	     0			TraesCS2A03G0269200.3, TraesCS2A03G0269200.4, TraesCS2A03G0269200.5, TraesCS2A03G0269200.6, TraesCS2B03G0371900.1, TraesCS2B03G0371900.2, TraesCS2B03G0371900.3, TraesCS2B03G0371900.4, TraesCS2B03G0371900.5, TraesCS2B03G0371900.6, TraesCS2D03G0280300.1, TraesCS2D03G0280300.2, TraesCS2D03G0280300.3, TraesCS2D03G0280300.4, TraesCS2D03G0280300.5, TraesCS2D03G0280300.6, TraesCS4A03G0427800.1, TraesCS4A03G0427800.2, TraesCS4A03G0427800.3, TraesCS4B03G0395900.1, TraesCS4D03G0394300.1
TraesCS2A03G0270900LC.1	TraesCS2A03G0270900LC.1	TraesCS2A03G0270900LC.1		107	false	false		TraesCS2A03G0270900LC.1		8.41	0.0000	0.0684	0.00287562904385	1	1	1	1	1	1	     0	     0	     0			
TraesCS2A03G0310600LC.1	TraesCS2A03G0310600LC.1	TraesCS2A03G0310600LC.1		163	false	false		TraesCS2A03G0310600LC.1		25.77	0.0000	0.3552	0.00287562904385	1	1	1	1	1	1	     0	     0	     0	41M(15.9949), 7M(15.9949), 8M(15.9949)		
TraesCS2A03G0312500.1	TraesCS2A03G0312500.1	TraesCS2A03G0312500.1		608	false	false		TraesCS2A03G0312500.1		2.80	0.0000	0.0721	0.00287562904385	1	0	1	1	0	1	     0	     0	     0			TraesCS2A03G0312600.1, TraesCS2B03G0430400LC.1, TraesCS2D03G0328300.1, TraesCS2D03G0328400.1
TraesCS2A03G0327600.1	TraesCS2A03G0327600.1	TraesCS2A03G0327600.1		406	false	false		TraesCS2A03G0327600.1		2.71	0.0000	0.4118	0.00287562904385	1	0	1	1	0	1	     0	     0	     0	N-term(42.0106)		TraesCS2A03G0327600.2, TraesCS2D03G0349800.1, TraesCS2D03G0349800.2
TraesCS2A03G0329300LC.1	TraesCS2A03G0329300LC.1	TraesCS2A03G0329300LC.1		288	false	false		TraesCS2A03G0329300LC.1		2.78	0.0000	0.0000	0.00287562904385	1	0	1	1	0	1	     0	     0	     0			
TraesCS2A03G0375600.1	TraesCS2A03G0375600.1	TraesCS2A03G0375600.1		262	false	false		TraesCS2A03G0375600.1		5.34	0.0000	0.1199	0.00287562904385	1	1	1	1	1	1	     0	     0	     0			
TraesCS2A03G0394900.1	TraesCS2A03G0394900.1	TraesCS2A03G0394900.1		235	false	false		TraesCS2A03G0394900.1		2.98	0.0000	0.2026	0.00287562904385	1	0	1	1	0	1	     0	     0	     0			TraesCS2B03G0526600.1, TraesCS2D03G0413700.1, TraesCS3A03G0713700.1, TraesCS3B03G0816600.1, TraesCS3B03G0816600.2, TraesCS3B03G0816600.3, TraesCS3D03G0657000.1
TraesCS2A03G0399200.1	TraesCS2A03G0399200.1	TraesCS2A03G0399200.1		396	false	false		TraesCS2A03G0399200.1		2.27	0.0000	0.1657	0.00287562904385	1	0	1	1	0	1	     0	     0	     0			TraesCS2A03G0399200.2, TraesCS2B03G0517000.1, TraesCS2B03G0517000.2, TraesCS2B03G0517000.3, TraesCS2D03G0407900.1, TraesCS2D03G0407900.2, TraesCS2D03G0407900.3, TraesCS3A03G0051100.1, TraesCS3A03G0051100.2, TraesCS3A03G0051200.1, TraesCS3D03G0035900.1, TraesCS3D03G0036100.1
TraesCS2A03G0403100.1	TraesCS2A03G0403100.1	TraesCS2A03G0403100.1		576	false	false		TraesCS2A03G0403100.1		2.95	0.0000	0.1010	0.00287562904385	1	1	1	1	1	1	     0	     0	     0			
TraesCS2A03G0423700.1	TraesCS2A03G0423700.1	TraesCS2A03G0423700.1		1270	false	false		TraesCS2A03G0423700.1		3.70	0.0000	0.1814	0.00287562904385	2	1	2	2	1	2	     0	     0	     0	15C(57.0214), 6C(57.0214)		
TraesCS2A03G0458300.2	TraesCS2A03G0458300.2	TraesCS2A03G0458300.2		224	false	false		TraesCS2A03G0458300.2		6.25	0.0000	0.1876	0.00287562904385	1	0	1	1	0	1	     0	     0	     0	N-term(42.0106)		TraesCS2B03G0579500.1, TraesCS2B03G0579500.2
TraesCS2A03G0464000.1	TraesCS2A03G0464000.1	TraesCS2A03G0464000.1		687	false	false		TraesCS2A03G0464000.1		1.89	0.0000	0.0686	0.00287562904385	1	1	1	1	1	1	     0	     0	     0			
TraesCS2A03G0466200.1	TraesCS2A03G0466200.1	TraesCS2A03G0466200.1		805	false	false		TraesCS2A03G0466200.1		1.74	0.0000	0.0777	0.00287562904385	1	0	1	1	0	1	     0	     0	     0			TraesCS2D03G0476900.1
TraesCS2A03G0475900.1	TraesCS2A03G0475900.1	TraesCS2A03G0475900.1		117	false	false		TraesCS2A03G0475900.1		8.55	0.0000	0.2262	0.00287562904385	1	1	1	1	1	1	     0	     0	     0			
TraesCS2A03G0476700LC.1	TraesCS2A03G0476700LC.1	TraesCS2A03G0476700LC.1		154	false	false		TraesCS2A03G0476700LC.1		6.49	0.0000	0.0000	0.00287562904385	1	0	1	1	0	1	     0	     0	     0	6C(57.0214)		
TraesCS2A03G0482200.1	TraesCS2A03G0482200.1	TraesCS2A03G0482200.1		523	false	false		TraesCS2A03G0482200.1		2.49	0.0000	0.1465	0.00287562904385	1	0	1	1	0	1	     0	     0	     0			TraesCS2B03G0601500LC.1, TraesCS3A03G0336900.1, TraesCS3B03G0412100.1, TraesCS3D03G0327200LC.1, TraesCS7A03G0601800.1, TraesCS7B03G0429400.1, TraesCS7B03G0577700.1, TraesCS7D03G0589900.1, TraesCS7D03G0756100.1
TraesCS2A03G0492100.1	TraesCS2A03G0492100.1	TraesCS2A03G0492100.1		1194	false	false		TraesCS2A03G0492100.1		0.84	0.0000	0.2924	0.00287562904385	1	0	1	1	0	1	     0	     0	     0	4C(57.0214)		TraesCS2D03G0514300.1, TraesCS2D03G0514300.2, TraesCS2D03G0514300.3
TraesCS2A03G0529200LC.1	TraesCS2A03G0529200LC.1	TraesCS2A03G0529200LC.1		116	false	false		TraesCS2A03G0529200LC.1		26.72	0.0000	0.0675	0.00287562904385	1	1	1	1	1	1	     0	     0	     0			
TraesCS2A03G0547100LC.1	TraesCS2A03G0547100LC.1	TraesCS2A03G0547100LC.1		104	false	false		TraesCS2A03G0547100LC.1		6.73	0.0000	0.2353	0.00287562904385	1	1	1	1	1	1	     0	     0	     0	5M(15.9949)		
TraesCS2A03G0550300LC.1	TraesCS2A03G0550300LC.1	TraesCS2A03G0550300LC.1		111	false	false		TraesCS2A03G0550300LC.1		14.41	0.0000	0.0503	0.00287562904385	1	1	1	1	1	1	     0	     0	     0	13M(15.9949), 16C(57.0214), 8C(57.0214)		
TraesCS2A03G0597700LC.1	TraesCS2A03G0597700LC.1	TraesCS2A03G0597700LC.1		438	false	false		TraesCS2A03G0597700LC.1		4.34	0.0000	0.0546	0.00287562904385	1	1	1	1	1	1	     0	     0	     0			
TraesCS2A03G0625300LC.1	TraesCS2A03G0625300LC.1	TraesCS2A03G0625300LC.1		170	false	false		TraesCS2A03G0625300LC.1		10.59	0.0000	0.1540	0.00287562904385	1	1	1	1	1	1	     0	     0	     0			
TraesCS2A03G0637300.1	TraesCS2A03G0637300.1	TraesCS2A03G0637300.1		710	false	false		TraesCS2A03G0637300.1		1.27	0.0000	0.0510	0.00287562904385	1	1	1	1	1	1	     0	     0	     0			
TraesCS2A03G0638900.1	TraesCS2A03G0638900.1	TraesCS2A03G0638900.1		517	false	false		TraesCS2A03G0638900.1		3.29	0.0000	0.0586	0.00287562904385	1	0	1	1	0	1	     0	     0	     0			TraesCS2B03G0731200.1, TraesCS2D03G0609300.1
TraesCS2A03G0645400.1	TraesCS2A03G0645400.1	TraesCS2A03G0645400.1		546	false	false		TraesCS2A03G0645400.1		1.83	0.0000	0.2806	0.00287562904385	1	0	1	1	0	1	     0	     0	     0			TraesCS2A03G0645400.2, TraesCS2B03G0725100.1, TraesCS2B03G0725100.2, TraesCS2D03G0603200.1, TraesCS2D03G0603200.2
TraesCS2A03G0667100LC.1	TraesCS2A03G0667100LC.1	TraesCS2A03G0667100LC.1		76	false	false		TraesCS2A03G0667100LC.1		11.84	0.0000	0.4028	0.00287562904385	1	1	1	1	1	1	     0	     0	     0	4M(15.9949)		
TraesCS2A03G0677500.1	TraesCS2A03G0677500.1	TraesCS2A03G0677500.1		485	false	false		TraesCS2A03G0677500.1		3.30	0.0000	0.0555	0.00287562904385	1	0	1	1	0	1	     0	     0	     0	11M(15.9949), 13M(15.9949)		TraesCS2B03G0758000.1, TraesCS2D03G0630500.1
TraesCS2A03G0693700LC.1	TraesCS2A03G0693700LC.1	TraesCS2A03G0693700LC.1		80	false	false		TraesCS2A03G0693700LC.1		16.25	0.0000	0.1463	0.00287562904385	1	1	1	1	1	1	     0	     0	     0	7C(57.0214)		
TraesCS2A03G0714700.1	TraesCS2A03G0714700.1	TraesCS2A03G0714700.1		1421	false	false		TraesCS2A03G0714700.1		1.20	0.0000	0.1649	0.00287562904385	1	0	1	1	0	1	     0	     0	     0			TraesCS2A03G0714700.2, TraesCS2B03G0793700.1, TraesCS2B03G0793700.2, TraesCS2D03G0661500.1, TraesCS2D03G0661500.2
TraesCS2A03G0715300LC.1	TraesCS2A03G0715300LC.1	TraesCS2A03G0715300LC.1		177	false	false		TraesCS2A03G0715300LC.1		6.78	0.0000	0.0811	0.00287562904385	1	1	1	1	1	1	     0	     0	     0			
TraesCS2A03G0723800.1	TraesCS2A03G0723800.1	TraesCS2A03G0723800.1		772	false	false		TraesCS2A03G0723800.1		1.30	0.0000	0.0724	0.00287562904385	1	0	1	1	0	1	     0	     0	     0			TraesCS2B03G0799700.1, TraesCS2D03G0667000.1
TraesCS2A03G0727800LC.1	TraesCS2A03G0727800LC.1	TraesCS2A03G0727800LC.1		546	false	false		TraesCS2A03G0727800LC.1		2.01	0.0000	0.0780	0.00287562904385	1	1	1	1	1	1	     0	     0	     0			
TraesCS2A03G0729400LC.1	TraesCS2A03G0729400LC.1	TraesCS2A03G0729400LC.1		100	false	false		TraesCS2A03G0729400LC.1		11.00	0.0000	0.3360	0.00287562904385	1	1	1	1	1	1	     0	     0	     0			
TraesCS2A03G0742500.1	TraesCS2A03G0742500.1	TraesCS2A03G0742500.1		431	false	false		TraesCS2A03G0742500.1		1.86	0.0000	0.3263	0.00287562904385	1	0	1	1	0	1	     0	     0	     0			TraesCS2D03G0685400.1
TraesCS2A03G0743900.1	TraesCS2A03G0743900.1	TraesCS2A03G0743900.1		441	false	false		TraesCS2A03G0743900.1		3.85	0.0000	0.0729	0.00287562904385	1	0	1	1	0	1	     0	     0	     0	6M(15.9949)		TraesCS2B03G0820800.1, TraesCS2D03G0686600.1
TraesCS2A03G0753300.1	TraesCS2A03G0753300.1	TraesCS2A03G0753300.1		332	false	false		TraesCS2A03G0753300.1		3.61	0.0000	0.1152	0.00287562904385	1	0	1	1	0	1	     0	     0	     0			TraesCS2B03G0831500.1
TraesCS2A03G0753600LC.1	TraesCS2A03G0753600LC.1	TraesCS2A03G0753600LC.1		118	false	false		TraesCS2A03G0753600LC.1		8.47	0.0000	0.3279	0.00287562904385	1	1	1	1	1	1	     0	     0	     0	1M(15.9949), 6C(57.0214), 7M(15.9949)		
TraesCS2A03G0760100.1	TraesCS2A03G0760100.1	TraesCS2A03G0760100.1		584	false	false		TraesCS2A03G0760100.1		2.40	0.0000	0.0715	0.00287562904385	1	0	1	1	0	1	     0	     0	     0			TraesCS2B03G0838400.1, TraesCS2D03G0701900.1
TraesCS2A03G0769100.1	TraesCS2A03G0769100.1	TraesCS2A03G0769100.1		425	false	false		TraesCS2A03G0769100.1		2.12	0.0000	0.1136	0.00287562904385	1	0	1	1	0	1	     0	     0	     0			TraesCS2A03G0769100.2, TraesCS2A03G0769100.3, TraesCS2A03G0769100.4, TraesCS2A03G0769100.5, TraesCS2A03G0769100.6, TraesCS2B03G0846500.1, TraesCS2B03G0846500.2, TraesCS2B03G0846500.3, TraesCS2D03G0707700.1
TraesCS2A03G0782900.1	TraesCS2A03G0782900.1	TraesCS2A03G0782900.1		207	false	false		TraesCS2A03G0782900.1		11.59	0.0000	0.0629	0.00287562904385	1	1	1	1	1	1	     0	     0	     0			
TraesCS2A03G0783600LC.1	TraesCS2A03G0783600LC.1	TraesCS2A03G0783600LC.1		97	false	false		TraesCS2A03G0783600LC.1		7.22	0.0000	0.2291	0.00287562904385	1	0	1	1	0	1	     0	     0	     0	5C(57.0214)		TraesCS6A03G0329100.1, TraesCS6A03G0594900LC.1
TraesCS2A03G0784600.1	TraesCS2A03G0784600.1	TraesCS2A03G0784600.1		410	false	false		TraesCS2A03G0784600.1		2.20	0.0000	0.2241	0.00287562904385	1	1	1	3	3	3	     0	     0	     0			
TraesCS2A03G0800000LC.1	TraesCS2A03G0800000LC.1	TraesCS2A03G0800000LC.1		533	false	false		TraesCS2A03G0800000LC.1		1.88	0.0000	0.3089	0.00287562904385	1	1	1	1	1	1	     0	     0	     0			
TraesCS2A03G0824200.1	TraesCS2A03G0824200.1	TraesCS2A03G0824200.1		285	false	false		TraesCS2A03G0824200.1		3.16	0.0000	0.0815	0.00287562904385	1	0	1	1	0	1	     0	     0	     0			TraesCS2B03G0911800.1, TraesCS2D03G0766500.1
TraesCS2A03G0825100LC.1	TraesCS2A03G0825100LC.1	TraesCS2A03G0825100LC.1		1234	false	false		TraesCS2A03G0825100LC.1		1.38	0.0000	0.1088	0.00287562904385	1	1	1	1	1	1	     0	     0	     0			
TraesCS2A03G0830300.1	TraesCS2A03G0830300.1	TraesCS2A03G0830300.1		406	false	false		TraesCS2A03G0830300.1		4.68	0.0000	0.3597	0.00287562904385	1	0	1	1	0	1	     0	     0	     0	6M(15.9949), 7C(57.0214)		TraesCS2A03G0830300.2
TraesCS2A03G0844000LC.1	TraesCS2A03G0844000LC.1	TraesCS2A03G0844000LC.1		123	false	false		TraesCS2A03G0844000LC.1		21.95	0.0000	0.1406	0.00287562904385	1	1	1	2	2	2	     0	     0	     0	17M(15.9949)		
TraesCS2A03G0850400.1	TraesCS2A03G0850400.1	TraesCS2A03G0850400.1		457	false	false		TraesCS2A03G0850400.1		2.19	0.0000	0.2301	0.00287562904385	1	0	1	1	0	1	     0	     0	     0			TraesCS2B03G0942000.1, TraesCS2B03G1431700LC.1, TraesCS2D03G0791700LC.1
TraesCS2A03G0851400.1	TraesCS2A03G0851400.1	TraesCS2A03G0851400.1		260	false	false		TraesCS2A03G0851400.1		6.54	0.0000	0.2546	0.00287562904385	1	0	1	1	0	1	     0	     0	     0	10M(15.9949)		TraesCS2B03G0943400.1, TraesCS2D03G0793700.1
TraesCS2A03G0855300.1	TraesCS2A03G0855300.1	TraesCS2A03G0855300.1		132	false	false		TraesCS2A03G0855300.1		6.06	0.0000	0.1080	0.00287562904385	1	0	1	1	0	1	     0	     0	     0	5C(57.0214)		TraesCS2D03G0796500.1
TraesCS2A03G0877000LC.1	TraesCS2A03G0877000LC.1	TraesCS2A03G0877000LC.1		109	false	false		TraesCS2A03G0877000LC.1		7.34	0.0000	0.0699	0.00287562904385	1	1	1	1	1	1	     0	     0	     0	6C(57.0214), 7M(15.9949)		
TraesCS2A03G0898600.1	TraesCS2A03G0898600.1	TraesCS2A03G0898600.1		518	false	false		TraesCS2A03G0898600.1		6.56	0.0000	0.0951	0.00287562904385	1	0	1	1	0	1	     0	     0	     0	9M(15.9949)		TraesCS2A03G0898600.2
TraesCS2A03G0904100.1	TraesCS2A03G0904100.1	TraesCS2A03G0904100.1		678	false	false		TraesCS2A03G0904100.1		1.33	0.0000	0.0842	0.00287562904385	1	0	1	1	0	1	     0	     0	     0			TraesCS2B03G0994500.1, TraesCS2D03G0843300.1
TraesCS2A03G0913400LC.1	TraesCS2A03G0913400LC.1	TraesCS2A03G0913400LC.1		283	false	false		TraesCS2A03G0913400LC.1		2.47	0.0000	0.4094	0.00287562904385	1	0	1	1	0	1	     0	     0	     0			TraesCS2B03G1002900.1, TraesCS2D03G0853400.1, TraesCS6A03G0604900.1, TraesCS6B03G0768400.1, TraesCS6D03G0531300.1
TraesCS2A03G0931600LC.1	TraesCS2A03G0931600LC.1	TraesCS2A03G0931600LC.1		461	false	false		TraesCS2A03G0931600LC.1		2.17	0.0000	0.0589	0.00287562904385	1	0	1	1	0	1	     0	     0	     0	6M(15.9949)		TraesCS5B03G0661600LC.1
TraesCS2A03G0932900.1	TraesCS2A03G0932900.1	TraesCS2A03G0932900.1		649	false	false		TraesCS2A03G0932900.1		4.62	0.0000	0.0604	0.00287562904385	1	0	1	1	0	1	     0	     0	     0	2M(15.9949), 3C(57.0214)		TraesCS2A03G0932900.2, TraesCS2A03G0932900.3
TraesCS2A03G0943200LC.1	TraesCS2A03G0943200LC.1	TraesCS2A03G0943200LC.1		143	false	false		TraesCS2A03G0943200LC.1		7.69	0.0000	0.0679	0.00287562904385	1	0	1	1	0	1	     0	     0	     0	N-term(42.0106)		
TraesCS2A03G0951300.1	TraesCS2A03G0951300.1	TraesCS2A03G0951300.1		340	false	false		TraesCS2A03G0951300.1		5.59	0.0000	0.1321	0.00287562904385	1	0	1	1	0	1	     0	     0	     0	5C(57.0214)		TraesCS2B03G1051700.1
TraesCS2A03G0974300LC.1	TraesCS2A03G0974300LC.1	TraesCS2A03G0974300LC.1		103	false	false		TraesCS2A03G0974300LC.1		18.45	0.0000	0.0863	0.00287562904385	1	1	1	1	1	1	     0	     0	     0			
TraesCS2A03G0983900.1	TraesCS2A03G0983900.1	TraesCS2A03G0983900.1		467	false	false		TraesCS2A03G0983900.1		4.07	0.0000	0.3134	0.00287562904385	1	1	1	1	1	1	     0	     0	     0	13M(15.9949), 15M(15.9949), 18C(57.0214)		
TraesCS2A03G1006800.1	TraesCS2A03G1006800.1	TraesCS2A03G1006800.1		1785	false	false		TraesCS2A03G1006800.1		1.18	0.0000	0.2015	0.00287562904385	1	0	1	1	0	1	     0	     0	     0			TraesCS2A03G1006800.2, TraesCS2A03G1006800.3, TraesCS2B03G1118900.1, TraesCS2B03G1118900.2, TraesCS2B03G1118900.3, TraesCS2B03G1118900.4, TraesCS2D03G0942400.1, TraesCS2D03G0942400.2
TraesCS2A03G1025300.1	TraesCS2A03G1025300.1	TraesCS2A03G1025300.1		851	false	false		TraesCS2A03G1025300.1		1.18	0.0000	0.0877	0.00287562904385	1	0	1	1	0	1	     0	     0	     0			TraesCS2D03G0964600.1
TraesCS2A03G1026800.1	TraesCS2A03G1026800.1	TraesCS2A03G1026800.1		820	false	false		TraesCS2A03G1026800.1		1.83	0.0000	0.1508	0.00287562904385	1	0	1	1	0	1	     0	     0	     0			TraesCS2A03G1026800.2, TraesCS2B03G1148800.2, TraesCS2D03G0966400.1, TraesCS2D03G0966400.2
TraesCS2A03G1040300.1	TraesCS2A03G1040300.1	TraesCS2A03G1040300.1		600	false	false		TraesCS2A03G1040300.1		2.00	0.0000	0.0664	0.00287562904385	1	1	1	1	1	1	     0	     0	     0	6C(57.0214), 9M(15.9949)		
TraesCS2A03G1069200.1	TraesCS2A03G1069200.1	TraesCS2A03G1069200.1		341	false	false		TraesCS2A03G1069200.1		2.35	0.0000	0.0508	0.00287562904385	1	0	1	1	0	1	     0	     0	     0			TraesCS2A03G1069200.2, TraesCS2B03G1197900.1, TraesCS2B03G1197900.2
TraesCS2A03G1069400.1	TraesCS2A03G1069400.1	TraesCS2A03G1069400.1		437	false	false		TraesCS2A03G1069400.1		2.06	0.0000	0.2120	0.00287562904385	1	0	1	1	0	1	     0	     0	     0			TraesCS2D03G1013200.1
TraesCS2A03G1124500LC.1	TraesCS2A03G1124500LC.1	TraesCS2A03G1124500LC.1		206	false	false		TraesCS2A03G1124500LC.1		6.31	0.0000	0.0643	0.00287562904385	1	1	1	1	1	1	     0	     0	     0	11M(15.9949)		
TraesCS2A03G1143600.1	TraesCS2A03G1143600.1	TraesCS2A03G1143600.1		444	false	false		TraesCS2A03G1143600.1		10.36	0.0000	0.9990	0.00000000000000	5	0	5	13	0	13	     0	     0	     0	4M(15.9949), 8M(15.9949)		TraesCS2A03G1143600.2, TraesCS2B03G1299600.1, TraesCS2B03G1307900.3, TraesCS2D03G1093700.1
TraesCS2A03G1145800LC.1	TraesCS2A03G1145800LC.1	TraesCS2A03G1145800LC.1		435	false	false		TraesCS2A03G1145800LC.1		6.67	0.0000	0.1096	0.00287562904385	2	0	2	2	0	2	     0	     0	     0			TraesCS2B03G1303400.1, TraesCS2D03G1095600.1
TraesCS2A03G1159200LC.1	TraesCS2A03G1159200LC.1	TraesCS2A03G1159200LC.1		367	false	false		TraesCS2A03G1159200LC.1		2.72	0.0000	0.1418	0.00287562904385	1	0	1	2	0	2	     0	     0	     0			TraesCS5D03G0941000LC.1
TraesCS2A03G1160100.2	TraesCS2A03G1160100.2	TraesCS2A03G1160100.2		146	false	false		TraesCS2A03G1160100.2		5.48	0.0000	0.0627	0.00287562904385	1	1	1	1	1	1	     0	     0	     0	N-term(42.0106)		
TraesCS2A03G1169300.2	TraesCS2A03G1169300.2	TraesCS2A03G1169300.2		843	false	false		TraesCS2A03G1169300.2		6.41	0.0000	0.1380	0.00287562904385	3	0	1	9	0	1	     0	     0	     0			
TraesCS2A03G1171700.1	TraesCS2A03G1171700.1	TraesCS2A03G1171700.1		455	false	false		TraesCS2A03G1171700.1		2.86	0.0000	0.1066	0.00287562904385	1	0	1	1	0	1	     0	     0	     0	5M(15.9949)		TraesCS2B03G1331900.1, TraesCS2B03G1332100.1, TraesCS2D03G1123700.1
TraesCS2A03G1197900.1	TraesCS2A03G1197900.1	TraesCS2A03G1197900.1		335	false	false		TraesCS2A03G1197900.1		4.18	0.0000	0.1371	0.00287562904385	1	0	1	1	0	1	     0	     0	     0			TraesCS2A03G1197900.2
TraesCS2A03G1211600.1	TraesCS2A03G1211600.1	TraesCS2A03G1211600.1		1107	false	false		TraesCS2A03G1211600.1		0.63	0.0000	0.0000	0.00287562904385	1	0	1	1	0	1	     0	     0	     0			TraesCS2A03G1211600.2, TraesCS2A03G1211600.3
TraesCS2A03G1221100.1	TraesCS2A03G1221100.1	TraesCS2A03G1221100.1		509	false	false		TraesCS2A03G1221100.1		1.77	0.0000	0.0944	0.00287562904385	1	0	1	1	0	1	     0	     0	     0			TraesCS2B03G1396800.1, TraesCS2D03G1179600.1
TraesCS2A03G1228500.1	TraesCS2A03G1228500.1	TraesCS2A03G1228500.1		192	false	false		TraesCS2A03G1228500.1		7.29	0.0000	0.0598	0.00287562904385	1	1	1	1	1	1	     0	     0	     0	13C(57.0214)		
TraesCS2A03G1242900.1	TraesCS2A03G1242900.1	TraesCS2A03G1242900.1		705	false	false		TraesCS2A03G1242900.1		2.13	0.0000	0.3703	0.00287562904385	1	1	1	1	1	1	     0	     0	     0			
TraesCS2A03G1253700.2	TraesCS2A03G1253700.2	TraesCS2A03G1253700.2		442	false	false		TraesCS2A03G1253700.2		2.71	0.0000	0.3029	0.00287562904385	1	1	1	1	1	1	     0	     0	     0			
TraesCS2A03G1255000.1	TraesCS2A03G1255000.1	TraesCS2A03G1255000.1		865	false	false		TraesCS2A03G1255000.1		1.39	0.0000	0.0582	0.00287562904385	1	0	1	1	0	1	     0	     0	     0	2M(15.9949)		TraesCS2A03G1255000.2, TraesCS2B03G1438300.1, TraesCS2B03G1438300.2, TraesCS2B03G1438300.3
TraesCS2A03G1263400.1	TraesCS2A03G1263400.1	TraesCS2A03G1263400.1		701	false	false		TraesCS2A03G1263400.1		1.57	0.0000	0.0840	0.00287562904385	1	1	1	1	1	1	     0	     0	     0			
TraesCS2A03G1283100.1	TraesCS2A03G1283100.1	TraesCS2A03G1283100.1		539	false	false		TraesCS2A03G1283100.1		2.78	0.0000	0.0733	0.00287562904385	1	0	1	1	0	1	     0	     0	     0			TraesCS2B03G1474300.1, TraesCS2D03G1245700.1
TraesCS2A03G1283600.1	TraesCS2A03G1283600.1	TraesCS2A03G1283600.1		511	false	false		TraesCS2A03G1283600.1		1.96	0.0000	0.0000	0.00287562904385	1	0	1	1	0	1	     0	     0	     0			
TraesCS2A03G1320200LC.1	TraesCS2A03G1320200LC.1	TraesCS2A03G1320200LC.1		175	false	false		TraesCS2A03G1320200LC.1		9.71	0.0000	0.1304	0.00287562904385	1	1	1	1	1	1	     0	     0	     0	6M(15.9949)		
TraesCS2A03G1342500.1	TraesCS2A03G1342500.1	TraesCS2A03G1342500.1		1545	false	false		TraesCS2A03G1342500.1		1.10	0.0000	0.1783	0.00287562904385	1	1	1	1	1	1	     0	     0	     0			
TraesCS2A03G1343700.1	TraesCS2A03G1343700.1	TraesCS2A03G1343700.1		365	false	false		TraesCS2A03G1343700.1		3.29	0.0000	0.0766	0.00287562904385	1	0	1	1	0	1	     0	     0	     0			TraesCS2B03G1544900.1, TraesCS2D03G1314100.1
TraesCS2B03G0007300.1	TraesCS2B03G0007300.1	TraesCS2B03G0007300.1		945	false	false		TraesCS2B03G0007300.1		1.59	0.0000	0.1104	0.00287562904385	1	1	1	1	1	1	     0	     0	     0			
TraesCS2B03G0050500LC.1	TraesCS2B03G0050500LC.1	TraesCS2B03G0050500LC.1		151	false	false		TraesCS2B03G0050500LC.1		5.30	0.0000	0.2114	0.00287562904385	1	1	1	1	1	1	     0	     0	     0			
TraesCS2B03G0061000.1	TraesCS2B03G0061000.1	TraesCS2B03G0061000.1		274	false	false		TraesCS2B03G0061000.1		4.01	0.0000	0.1568	0.00287562904385	1	1	1	1	1	1	     0	     0	     0			
TraesCS2B03G0108800.1	TraesCS2B03G0108800.1	TraesCS2B03G0108800.1		915	false	false		TraesCS2B03G0108800.1		0.98	0.0000	0.0881	0.00287562904385	1	1	1	1	1	1	     0	     0	     0	4C(57.0214)		
TraesCS2B03G0154500.1	TraesCS2B03G0154500.1	TraesCS2B03G0154500.1		323	false	false		TraesCS2B03G0154500.1		6.19	0.0000	0.0837	0.00287562904385	1	1	1	1	1	1	     0	     0	     0			
TraesCS2B03G0172600LC.1	TraesCS2B03G0172600LC.1	TraesCS2B03G0172600LC.1		138	false	false		TraesCS2B03G0172600LC.1		8.70	0.0000	0.2002	0.00287562904385	1	0	1	1	0	1	     0	     0	     0			TraesCS2B03G1237200LC.1, TraesCS3A03G0910600LC.1, TraesCS3B03G0077500LC.1, TraesCS3B03G0311600LC.1, TraesCS4A03G1061200.1, TraesCS5B03G0081300LC.1, TraesCS5B03G0554500LC.1, TraesCS5B03G1184500LC.1, TraesCS6B03G0707700.1, TraesCS6B03G1168400LC.1, TraesCS7B03G0093500LC.1, TraesCS7B03G0411100.1
TraesCS2B03G0178300.1	TraesCS2B03G0178300.1	TraesCS2B03G0178300.1		393	false	false		TraesCS2B03G0178300.1		1.78	0.0000	0.0521	0.00287562904385	1	1	1	1	1	1	     0	     0	     0	2M(15.9949), 5M(15.9949)		
TraesCS2B03G0207100LC.1	TraesCS2B03G0207100LC.1	TraesCS2B03G0207100LC.1		371	false	false		TraesCS2B03G0207100LC.1		5.66	0.0000	0.0663	0.00287562904385	1	1	1	1	1	1	     0	     0	     0	18M(15.9949)		
TraesCS2B03G0237500LC.1	TraesCS2B03G0237500LC.1	TraesCS2B03G0237500LC.1		329	false	false		TraesCS2B03G0237500LC.1		2.74	0.0000	0.1067	0.00287562904385	1	1	1	1	1	1	     0	     0	     0	7M(15.9949)		
TraesCS2B03G0244200LC.2	TraesCS2B03G0244200LC.2	TraesCS2B03G0244200LC.2		168	false	false		TraesCS2B03G0244200LC.2		17.26	0.0000	0.0522	0.00287562904385	1	1	1	1	1	1	     0	     0	     0	11C(57.0214), 12C(57.0214), 2C(57.0214)		
TraesCS2B03G0251100LC.1	TraesCS2B03G0251100LC.1	TraesCS2B03G0251100LC.1		256	false	false		TraesCS2B03G0251100LC.1		5.47	0.0000	0.1099	0.00287562904385	1	1	1	2	2	2	     0	     0	     0	3M(15.9949), 8C(57.0214)		
TraesCS2B03G0260800LC.1	TraesCS2B03G0260800LC.1	TraesCS2B03G0260800LC.1		196	false	false		TraesCS2B03G0260800LC.1		6.12	0.0000	0.1051	0.00287562904385	1	1	1	1	1	1	     0	     0	     0	4C(57.0214)		
TraesCS2B03G0296400.1	TraesCS2B03G0296400.1	TraesCS2B03G0296400.1		763	false	false		TraesCS2B03G0296400.1		1.57	0.0000	0.3500	0.00287562904385	1	1	1	1	1	1	     0	     0	     0			
TraesCS2B03G0306600LC.1	TraesCS2B03G0306600LC.1	TraesCS2B03G0306600LC.1		465	false	false		TraesCS2B03G0306600LC.1		4.52	0.0000	0.1256	0.00287562904385	1	0	1	1	0	1	     0	     0	     0			TraesCS2D03G0059800LC.1, TraesCS4B03G0577500LC.1, TraesCS4B03G0860600LC.1, TraesCS5A03G1024700LC.1, TraesCS6D03G0035100LC.1
TraesCS2B03G0308000LC.1	TraesCS2B03G0308000LC.1	TraesCS2B03G0308000LC.1		215	false	false		TraesCS2B03G0308000LC.1		4.19	0.0000	0.0000	0.00287562904385	1	0	1	1	0	1	     0	     0	     0			
TraesCS2B03G0346000LC.1	TraesCS2B03G0346000LC.1	TraesCS2B03G0346000LC.1		406	false	false		TraesCS2B03G0346000LC.1		4.93	0.0000	0.1266	0.00287562904385	1	1	1	1	1	1	     0	     0	     0			
TraesCS2B03G0346500.1	TraesCS2B03G0346500.1	TraesCS2B03G0346500.1		69	false	false		TraesCS2B03G0346500.1		20.29	0.0000	0.0597	0.00287562904385	1	1	1	1	1	1	     0	     0	     0			
TraesCS2B03G0351200.1	TraesCS2B03G0351200.1	TraesCS2B03G0351200.1		360	false	false		TraesCS2B03G0351200.1		5.56	0.0000	0.0502	0.00287562904385	1	0	1	1	0	1	     0	     0	     0			TraesCS2D03G0265800.1
TraesCS2B03G0386600LC.1	TraesCS2B03G0386600LC.1	TraesCS2B03G0386600LC.1		446	false	false		TraesCS2B03G0386600LC.1		9.19	0.0000	0.0613	0.00287562904385	1	1	1	1	1	1	     0	     0	     0	1M(15.9949), 6M(15.9949)		
TraesCS2B03G0390300.1	TraesCS2B03G0390300.1	TraesCS2B03G0390300.1		604	false	false		TraesCS2B03G0390300.1		2.48	0.0000	0.2916	0.00287562904385	1	1	1	1	1	1	     0	     0	     0	5M(15.9949)		
TraesCS2B03G0450400LC.1	TraesCS2B03G0450400LC.1	TraesCS2B03G0450400LC.1		274	false	false		TraesCS2B03G0450400LC.1		8.76	0.0000	0.0643	0.00287562904385	1	1	1	1	1	1	     0	     0	     0	4M(15.9949)		
TraesCS2B03G0454400LC.1	TraesCS2B03G0454400LC.1	TraesCS2B03G0454400LC.1		281	false	false		TraesCS2B03G0454400LC.1		3.91	0.0000	0.0520	0.00287562904385	1	1	1	1	1	1	     0	     0	     0	3M(15.9949), 4M(15.9949)		
TraesCS2B03G0467700LC.1	TraesCS2B03G0467700LC.1	TraesCS2B03G0467700LC.1		197	false	false		TraesCS2B03G0467700LC.1		6.09	0.0000	0.0693	0.00287562904385	1	1	1	1	1	1	     0	     0	     0			
TraesCS2B03G0469600.1	TraesCS2B03G0469600.1	TraesCS2B03G0469600.1		391	false	false		TraesCS2B03G0469600.1		4.60	0.0000	0.0541	0.00287562904385	1	0	1	1	0	1	     0	     0	     0	17C(57.0214), 5C(57.0214), 9M(15.9949)		TraesCS2B03G0469600.2, TraesCS2B03G0469600.3, TraesCS2B03G0469600.4, TraesCS2D03G0367500.1
TraesCS2B03G0471000LC.1	TraesCS2B03G0471000LC.1	TraesCS2B03G0471000LC.1		772	false	false		TraesCS2B03G0471000LC.1		2.85	0.0000	0.1485	0.00287562904385	1	1	1	1	1	1	     0	     0	     0			
TraesCS2B03G0511400LC.1	TraesCS2B03G0511400LC.1	TraesCS2B03G0511400LC.1		226	false	false		TraesCS2B03G0511400LC.1		4.42	0.0000	0.1802	0.00287562904385	1	1	1	1	1	1	     0	     0	     0			
TraesCS2B03G0558200.1	TraesCS2B03G0558200.1	TraesCS2B03G0558200.1		1265	false	false		TraesCS2B03G0558200.1		1.90	0.0000	0.0586	0.00287562904385	1	0	1	1	0	1	     0	     0	     0			TraesCS2B03G0558200.2, TraesCS2B03G0558200.3, TraesCS2B03G0558200.4, TraesCS2D03G0442300.2
TraesCS2B03G0655600LC.1	TraesCS2B03G0655600LC.1	TraesCS2B03G0655600LC.1		344	false	false		TraesCS2B03G0655600LC.1		3.49	0.0000	0.2650	0.00287562904385	1	1	1	1	1	1	     0	     0	     0	5C(57.0214)		
TraesCS2B03G0655900LC.1	TraesCS2B03G0655900LC.1	TraesCS2B03G0655900LC.1		282	false	false		TraesCS2B03G0655900LC.1		2.48	0.0000	0.0516	0.00287562904385	1	1	1	1	1	1	     0	     0	     0			
TraesCS2B03G0665300LC.1	TraesCS2B03G0665300LC.1	TraesCS2B03G0665300LC.1		157	false	false		TraesCS2B03G0665300LC.1		10.19	0.0000	0.0976	0.00287562904385	1	1	1	1	1	1	     0	     0	     0			
TraesCS2B03G0678400.1	TraesCS2B03G0678400.1	TraesCS2B03G0678400.1		270	false	false		TraesCS2B03G0678400.1		6.67	0.0000	0.0621	0.00287562904385	1	1	1	1	1	1	     0	     0	     0	16M(15.9949)		
TraesCS2B03G0694100.1	TraesCS2B03G0694100.1	TraesCS2B03G0694100.1		1521	false	false		TraesCS2B03G0694100.1		0.92	0.0000	0.1320	0.00287562904385	1	0	1	1	0	1	     0	     0	     0			TraesCS2B03G0694100.2
TraesCS2B03G0707300LC.1	TraesCS2B03G0707300LC.1	TraesCS2B03G0707300LC.1		195	false	false		TraesCS2B03G0707300LC.1		4.62	0.0000	0.0564	0.00287562904385	1	0	1	1	0	1	     0	     0	     0			
TraesCS2B03G0715000.1	TraesCS2B03G0715000.1	TraesCS2B03G0715000.1		160	false	false		TraesCS2B03G0715000.1		16.25	0.0000	0.1605	0.00287562904385	1	1	1	1	1	1	     0	     0	     0	13C(57.0214)		
TraesCS2B03G0716800.1	TraesCS2B03G0716800.1	TraesCS2B03G0716800.1		466	false	false		TraesCS2B03G0716800.1		2.15	0.0000	0.0791	0.00287562904385	1	0	1	1	0	1	     0	     0	     0			TraesCS2B03G0716800.2
TraesCS2B03G0757600LC.1	TraesCS2B03G0757600LC.1	TraesCS2B03G0757600LC.1		122	false	false		TraesCS2B03G0757600LC.1		6.56	0.0000	0.0692	0.00287562904385	1	1	1	1	1	1	     0	     0	     0			
TraesCS2B03G0761200LC.1	TraesCS2B03G0761200LC.1	TraesCS2B03G0761200LC.1		220	false	false		TraesCS2B03G0761200LC.1		5.00	0.0000	0.1063	0.00287562904385	1	1	1	1	1	1	     0	     0	     0	2C(57.0214), 8C(57.0214)		
TraesCS2B03G0788500LC.1	TraesCS2B03G0788500LC.1	TraesCS2B03G0788500LC.1		330	false	false		TraesCS2B03G0788500LC.1		5.15	0.0000	0.2002	0.00287562904385	1	0	1	1	0	1	     0	     0	     0	1M(15.9949), 7C(57.0214)		TraesCS5B03G0473200LC.1
TraesCS2B03G0795900LC.1	TraesCS2B03G0795900LC.1	TraesCS2B03G0795900LC.1		101	false	false		TraesCS2B03G0795900LC.1		27.72	0.0000	0.2698	0.00287562904385	1	1	1	1	1	1	     0	     0	     0	15C(57.0214), 18C(57.0214)		
TraesCS2B03G0822800LC.1	TraesCS2B03G0822800LC.1	TraesCS2B03G0822800LC.1		279	false	false		TraesCS2B03G0822800LC.1		2.51	0.0000	0.2198	0.00287562904385	1	0	1	1	0	1	     0	     0	     0			TraesCS4B03G0620200.1, TraesCS4D03G0531300.1, TraesCS7D03G1021200LC.1, TraesCS7D03G1021200LC.2
TraesCS2B03G0825800.1	TraesCS2B03G0825800.1	TraesCS2B03G0825800.1		235	false	false		TraesCS2B03G0825800.1		5.11	0.0000	0.1043	0.00287562904385	1	0	1	1	0	1	     0	     0	     0			TraesCS2B03G0825800.2
TraesCS2B03G0837700LC.1	TraesCS2B03G0837700LC.1	TraesCS2B03G0837700LC.1		151	false	false		TraesCS2B03G0837700LC.1		6.62	0.0000	0.1467	0.00287562904385	1	1	1	1	1	1	     0	     0	     0			
TraesCS2B03G0875100.1	TraesCS2B03G0875100.1	TraesCS2B03G0875100.1		214	false	false		TraesCS2B03G0875100.1		7.94	0.0000	0.1111	0.00287562904385	1	1	1	1	1	1	     0	     0	     0			
TraesCS2B03G0887500.1	TraesCS2B03G0887500.1	TraesCS2B03G0887500.1		630	false	false		TraesCS2B03G0887500.1		1.59	0.0000	0.2711	0.00287562904385	1	0	1	1	0	1	     0	     0	     0	4C(57.0214)		TraesCS2B03G0887500.2
TraesCS2B03G0888600.2	TraesCS2B03G0888600.2	TraesCS2B03G0888600.2		1264	false	false		TraesCS2B03G0888600.2		2.14	0.0000	0.1617	0.00287562904385	1	1	1	1	1	1	     0	     0	     0	16C(57.0214), 22C(57.0214)		
TraesCS2B03G0926000LC.1	TraesCS2B03G0926000LC.1	TraesCS2B03G0926000LC.1		153	false	false		TraesCS2B03G0926000LC.1		8.50	0.0000	0.0771	0.00287562904385	1	1	1	1	1	1	     0	     0	     0			
TraesCS2B03G0978000.1	TraesCS2B03G0978000.1	TraesCS2B03G0978000.1		384	false	false		TraesCS2B03G0978000.1		3.91	0.0000	0.0647	0.00287562904385	1	0	1	1	0	1	     0	     0	     0			TraesCS2D03G0826400.1
TraesCS2B03G0988900.1	TraesCS2B03G0988900.1	TraesCS2B03G0988900.1		657	false	false		TraesCS2B03G0988900.1		1.07	0.0000	0.0505	0.00287562904385	1	1	1	1	1	1	     0	     0	     0			
TraesCS2B03G1026300LC.1	TraesCS2B03G1026300LC.1	TraesCS2B03G1026300LC.1		66	false	false		TraesCS2B03G1026300LC.1		18.18	0.0000	0.0571	0.00287562904385	1	1	1	1	1	1	     0	     0	     0			
TraesCS2B03G1047600LC.1	TraesCS2B03G1047600LC.1	TraesCS2B03G1047600LC.1		68	false	false		TraesCS2B03G1047600LC.1		39.71	0.0000	0.1207	0.00287562904385	1	1	1	1	1	1	     0	     0	     0	16C(57.0214)		
TraesCS2B03G1130800.2	TraesCS2B03G1130800.2	TraesCS2B03G1130800.2		287	false	false		TraesCS2B03G1130800.2		3.83	0.0000	0.1845	0.00287562904385	1	0	1	1	0	1	     0	     0	     0			TraesCS2D03G0953500.1
TraesCS2B03G1138100.1	TraesCS2B03G1138100.1	TraesCS2B03G1138100.1		147	false	false		TraesCS2B03G1138100.1		11.56	0.0000	0.1391	0.00287562904385	1	1	1	1	1	1	     0	     0	     0			
TraesCS2B03G1173500.1	TraesCS2B03G1173500.1	TraesCS2B03G1173500.1		2777	false	false		TraesCS2B03G1173500.1		0.40	0.0000	0.1349	0.00287562904385	1	0	1	1	0	1	     0	     0	     0			TraesCS2D03G0989600.1
TraesCS2B03G1205200.4	TraesCS2B03G1205200.4	TraesCS2B03G1205200.4		919	false	false		TraesCS2B03G1205200.4		1.09	0.0000	0.0523	0.00287562904385	1	0	1	1	0	1	     0	     0	     0			TraesCS2B03G1205200.5
TraesCS2B03G1210400LC.1	TraesCS2B03G1210400LC.1	TraesCS2B03G1210400LC.1		122	false	false		TraesCS2B03G1210400LC.1		9.02	0.0000	0.1300	0.00287562904385	1	1	1	1	1	1	     0	     0	     0			
TraesCS2B03G1221200.1	TraesCS2B03G1221200.1	TraesCS2B03G1221200.1		481	false	false		TraesCS2B03G1221200.1		2.49	0.0000	0.1680	0.00287562904385	1	1	1	1	1	1	     0	     0	     0			
TraesCS2B03G1246700.1	TraesCS2B03G1246700.1	TraesCS2B03G1246700.1		543	false	false		TraesCS2B03G1246700.1		1.29	0.0000	0.0000	0.00287562904385	1	0	1	1	0	1	     0	     0	     0	7M(15.9949)		TraesCS7B03G0884500LC.1, decoy_177024, decoy_177025
TraesCS2B03G1255200LC.1	TraesCS2B03G1255200LC.1	TraesCS2B03G1255200LC.1		201	false	false		TraesCS2B03G1255200LC.1		13.93	0.0000	0.0000	0.00287562904385	1	0	1	1	0	1	     0	     0	     0			TraesCS4A03G0953400LC.1
TraesCS2B03G1270700LC.1	TraesCS2B03G1270700LC.1	TraesCS2B03G1270700LC.1		339	false	false		TraesCS2B03G1270700LC.1		4.42	0.0000	0.0588	0.00287562904385	1	1	1	1	1	1	     0	     0	     0			
TraesCS2B03G1313300LC.1	TraesCS2B03G1313300LC.1	TraesCS2B03G1313300LC.1		223	false	false		TraesCS2B03G1313300LC.1		4.04	0.0000	0.1336	0.00287562904385	1	1	1	1	1	1	     0	     0	     0			
TraesCS2B03G1350300LC.1	TraesCS2B03G1350300LC.1	TraesCS2B03G1350300LC.1		268	false	false		TraesCS2B03G1350300LC.1		8.96	0.0000	0.2909	0.00287562904385	1	1	1	1	1	1	     0	     0	     0			
TraesCS2B03G1351600.1	TraesCS2B03G1351600.1	TraesCS2B03G1351600.1		78	false	false		TraesCS2B03G1351600.1		34.62	0.0000	0.0517	0.00287562904385	1	1	1	1	1	1	     0	     0	     0	16M(15.9949), 22M(15.9949)		
TraesCS2B03G1374800LC.1	TraesCS2B03G1374800LC.1	TraesCS2B03G1374800LC.1		66	false	false		TraesCS2B03G1374800LC.1		51.52	0.0000	0.0799	0.00287562904385	1	1	1	1	1	1	     0	     0	     0	23M(15.9949)		
TraesCS2B03G1387600.1	TraesCS2B03G1387600.1	TraesCS2B03G1387600.1		449	false	false		TraesCS2B03G1387600.1		1.78	0.0000	0.0719	0.00287562904385	1	1	1	1	1	1	     0	     0	     0			
TraesCS2B03G1463100.1	TraesCS2B03G1463100.1	TraesCS2B03G1463100.1		409	false	false		TraesCS2B03G1463100.1		4.40	0.0000	0.0758	0.00287562904385	1	1	1	1	1	1	     0	     0	     0			
TraesCS2B03G1474900.1	TraesCS2B03G1474900.1	TraesCS2B03G1474900.1		1049	false	false		TraesCS2B03G1474900.1		1.43	0.0000	0.0684	0.00287562904385	1	1	1	1	1	1	     0	     0	     0	3M(15.9949)		
TraesCS2B03G1543200LC.1	TraesCS2B03G1543200LC.1	TraesCS2B03G1543200LC.1		1666	false	false		TraesCS2B03G1543200LC.1		1.50	0.0000	0.1186	0.00287562904385	1	1	1	1	1	1	     0	     0	     0	19C(57.0214), 20C(57.0214)		
TraesCS2B03G1572600.1	TraesCS2B03G1572600.1	TraesCS2B03G1572600.1		362	false	false		TraesCS2B03G1572600.1		4.70	0.0000	0.1147	0.00287562904385	1	1	1	1	1	1	     0	     0	     0	15M(15.9949)		
TraesCS2D03G0024500LC.1	TraesCS2D03G0024500LC.1	TraesCS2D03G0024500LC.1		132	false	false		TraesCS2D03G0024500LC.1		9.09	0.0000	0.0557	0.00287562904385	1	1	1	1	1	1	     0	     0	     0	2C(57.0214)		
TraesCS2D03G0026500.1	TraesCS2D03G0026500.1	TraesCS2D03G0026500.1		446	false	false		TraesCS2D03G0026500.1		4.26	0.0000	0.1236	0.00287562904385	1	1	1	1	1	1	     0	     0	     0	12C(57.0214)		
TraesCS2D03G0069700LC.1	TraesCS2D03G0069700LC.1	TraesCS2D03G0069700LC.1		1028	false	false		TraesCS2D03G0069700LC.1		1.07	0.0000	0.0810	0.00287562904385	1	1	1	1	1	1	     0	     0	     0			
TraesCS2D03G0116600.4	TraesCS2D03G0116600.4	TraesCS2D03G0116600.4		1341	false	false		TraesCS2D03G0116600.4		0.60	0.0000	0.1397	0.00287562904385	1	1	1	2	2	2	     0	     0	     0			
TraesCS2D03G0136400.1	TraesCS2D03G0136400.1	TraesCS2D03G0136400.1		1018	false	false		TraesCS2D03G0136400.1		0.98	0.0000	0.1878	0.00287562904385	1	0	1	1	0	1	     0	     0	     0			TraesCS2D03G0136400.2
TraesCS2D03G0235300.1	TraesCS2D03G0235300.1	TraesCS2D03G0235300.1		1478	false	false		TraesCS2D03G0235300.1		0.81	0.0000	0.1131	0.00287562904385	1	0	1	1	0	1	     0	     0	     0			TraesCS2D03G0235300.2, TraesCS2D03G0235300.3
TraesCS2D03G0245800LC.1	TraesCS2D03G0245800LC.1	TraesCS2D03G0245800LC.1		319	false	false		TraesCS2D03G0245800LC.1		8.15	0.0000	0.0503	0.00287562904385	1	1	1	1	1	1	     0	     0	     0	18C(57.0214)		
TraesCS2D03G0275600LC.1	TraesCS2D03G0275600LC.1	TraesCS2D03G0275600LC.1		213	false	false		TraesCS2D03G0275600LC.1		10.33	0.0000	0.0617	0.00287562904385	1	1	1	1	1	1	     0	     0	     0	3C(57.0214)		
TraesCS2D03G0287800.1	TraesCS2D03G0287800.1	TraesCS2D03G0287800.1		528	false	false		TraesCS2D03G0287800.1		3.79	0.0000	0.1496	0.00287562904385	1	1	1	1	1	1	     0	     0	     0	15M(15.9949), 16M(15.9949)		
TraesCS2D03G0313700LC.1	TraesCS2D03G0313700LC.1	TraesCS2D03G0313700LC.1		177	false	false		TraesCS2D03G0313700LC.1		4.52	0.0000	0.1974	0.00287562904385	1	0	1	1	0	1	     0	     0	     0			TraesCS2D03G0608000LC.1, TraesCS3D03G0272700LC.1, TraesCS3D03G0815300LC.1, TraesCS4A03G0492200LC.1, TraesCS4D03G0049700LC.1, TraesCS5A03G0958400LC.1, TraesCS5A03G0960100LC.1, TraesCS5D03G0958800LC.1, TraesCS6D03G0550600LC.1, TraesCS6D03G0782800LC.1, TraesCS7D03G0799600LC.1, TraesCS7D03G0822800LC.1, TraesCS7D03G0903200LC.1, TraesCS7D03G1050100LC.1
TraesCS2D03G0332200LC.1	TraesCS2D03G0332200LC.1	TraesCS2D03G0332200LC.1		112	false	false		TraesCS2D03G0332200LC.1		8.93	0.0000	0.1295	0.00287562904385	1	1	1	1	1	1	     0	     0	     0			
TraesCS2D03G0365400.1	TraesCS2D03G0365400.1	TraesCS2D03G0365400.1		417	false	false		TraesCS2D03G0365400.1		3.84	0.0000	0.2767	0.00287562904385	1	1	1	1	1	1	     0	     0	     0	5M(15.9949), 9M(15.9949)		
TraesCS2D03G0420800.1	TraesCS2D03G0420800.1	TraesCS2D03G0420800.1		192	false	false		TraesCS2D03G0420800.1		5.73	0.0000	0.0668	0.00287562904385	1	1	1	1	1	1	     0	     0	     0	N-term(42.0106)		
TraesCS2D03G0446600.1	TraesCS2D03G0446600.1	TraesCS2D03G0446600.1		609	false	false		TraesCS2D03G0446600.1		1.15	0.0000	0.0000	0.00287562904385	1	0	1	1	0	1	     0	     0	     0			decoy_106862
TraesCS2D03G0481300LC.1	TraesCS2D03G0481300LC.1	TraesCS2D03G0481300LC.1		63	false	false		TraesCS2D03G0481300LC.1		30.16	0.0000	0.2340	0.00287562904385	1	1	1	1	1	1	     0	     0	     0			
TraesCS2D03G0525100LC.1	TraesCS2D03G0525100LC.1	TraesCS2D03G0525100LC.1		101	false	false		TraesCS2D03G0525100LC.1		7.92	0.0000	0.0859	0.00287562904385	1	0	1	1	0	1	     0	     0	     0			TraesCS3A03G0427100.1
TraesCS2D03G0529100LC.1	TraesCS2D03G0529100LC.1	TraesCS2D03G0529100LC.1		262	false	false		TraesCS2D03G0529100LC.1		5.73	0.0000	0.0950	0.00287562904385	1	1	1	1	1	1	     0	     0	     0			
TraesCS2D03G0555400LC.1	TraesCS2D03G0555400LC.1	TraesCS2D03G0555400LC.1		104	false	false		TraesCS2D03G0555400LC.1		16.35	0.0000	0.1938	0.00287562904385	1	1	1	1	1	1	     0	     0	     0	10C(57.0214), 1M(15.9949), 8M(15.9949)		
TraesCS2D03G0557900LC.1	TraesCS2D03G0557900LC.1	TraesCS2D03G0557900LC.1		125	false	false		TraesCS2D03G0557900LC.1		7.20	0.0000	0.1702	0.00287562904385	1	1	1	1	1	1	     0	     0	     0			
TraesCS2D03G0636000LC.1	TraesCS2D03G0636000LC.1	TraesCS2D03G0636000LC.1		1296	false	false		TraesCS2D03G0636000LC.1		2.01	0.0000	0.1394	0.00287562904385	1	0	1	1	0	1	     0	     0	     0	15C(57.0214), 8M(15.9949)		TraesCS5D03G0082500LC.1, TraesCS5D03G0082500LC.2, TraesCS7D03G0097100LC.1
TraesCS2D03G0688700.1	TraesCS2D03G0688700.1	TraesCS2D03G0688700.1		256	false	false		TraesCS2D03G0688700.1		4.69	0.0000	0.1549	0.00287562904385	1	1	1	1	1	1	     0	     0	     0	N-term(42.0106)		
TraesCS2D03G0691600LC.1	TraesCS2D03G0691600LC.1	TraesCS2D03G0691600LC.1		593	false	false		TraesCS2D03G0691600LC.1		2.87	0.0000	0.0519	0.00287562904385	1	1	1	1	1	1	     0	     0	     0			
TraesCS2D03G0778500.1	TraesCS2D03G0778500.1	TraesCS2D03G0778500.1		344	false	false		TraesCS2D03G0778500.1		10.17	0.0000	0.1724	0.00287562904385	1	1	1	1	1	1	     0	     0	     0	20C(57.0214)		
TraesCS2D03G0790500LC.1	TraesCS2D03G0790500LC.1	TraesCS2D03G0790500LC.1		889	false	false		TraesCS2D03G0790500LC.1		1.69	0.0000	0.1125	0.00287562904385	1	1	1	1	1	1	     0	     0	     0	1M(15.9949)		
TraesCS2D03G0807600.1	TraesCS2D03G0807600.1	TraesCS2D03G0807600.1		409	false	false		TraesCS2D03G0807600.1		2.69	0.0000	0.4120	0.00287562904385	1	1	1	1	1	1	     0	     0	     0			
TraesCS2D03G0819000LC.1	TraesCS2D03G0819000LC.1	TraesCS2D03G0819000LC.1		82	false	false		TraesCS2D03G0819000LC.1		46.34	0.0000	0.0682	0.00287562904385	1	1	1	1	1	1	     0	     0	     0			
TraesCS2D03G0852100LC.1	TraesCS2D03G0852100LC.1	TraesCS2D03G0852100LC.1		642	false	false		TraesCS2D03G0852100LC.1		1.40	0.0000	0.0000	0.00287562904385	1	0	1	1	0	1	     0	     0	     0	N-term(42.0106)		TraesCS4D03G0811100LC.1, TraesCS5A03G0549500LC.1, TraesCS5D03G0847500LC.1, TraesCS6D03G0194300LC.1
TraesCS2D03G0946500.1	TraesCS2D03G0946500.1	TraesCS2D03G0946500.1		232	false	false		TraesCS2D03G0946500.1		5.17	0.0000	0.1477	0.00287562904385	1	1	1	1	1	1	     0	     0	     0			
TraesCS2D03G0985900LC.1	TraesCS2D03G0985900LC.1	TraesCS2D03G0985900LC.1		160	false	false		TraesCS2D03G0985900LC.1		8.75	0.0000	0.2989	0.00287562904385	1	0	1	1	0	1	     0	     0	     0			TraesCS4A03G0174400LC.1, TraesCS4A03G0184000LC.1
TraesCS2D03G0987000.2	TraesCS2D03G0987000.2	TraesCS2D03G0987000.2		2078	false	false		TraesCS2D03G0987000.2		0.72	0.0000	0.0550	0.00287562904385	1	0	1	1	0	1	     0	     0	     0	13M(15.9949), 4C(57.0214)		TraesCS2D03G0987500LC.1
TraesCS2D03G1027100.1	TraesCS2D03G1027100.1	TraesCS2D03G1027100.1		356	false	false		TraesCS2D03G1027100.1		4.21	0.0000	0.2213	0.00287562904385	1	1	1	1	1	1	     0	     0	     0			
TraesCS2D03G1033100.1	TraesCS2D03G1033100.1	TraesCS2D03G1033100.1		292	false	false		TraesCS2D03G1033100.1		7.88	0.0000	0.0548	0.00287562904385	1	1	1	1	1	1	     0	     0	     0	16M(15.9949)		
TraesCS2D03G1034500.1	TraesCS2D03G1034500.1	TraesCS2D03G1034500.1		359	false	false		TraesCS2D03G1034500.1		4.46	0.0000	0.2876	0.00287562904385	1	1	1	1	1	1	     0	     0	     0	13C(57.0214), 6M(15.9949), 8M(15.9949)		
TraesCS2D03G1038900LC.1	TraesCS2D03G1038900LC.1	TraesCS2D03G1038900LC.1		581	false	false		TraesCS2D03G1038900LC.1		2.24	0.0000	0.1943	0.00287562904385	1	0	1	1	0	1	     0	     0	     0	12C(57.0214)		TraesCS3B03G0624100LC.1, TraesCS3D03G0378500LC.1
TraesCS2D03G1075600LC.1	TraesCS2D03G1075600LC.1	TraesCS2D03G1075600LC.1		109	false	false		TraesCS2D03G1075600LC.1		8.26	0.0000	0.3197	0.00287562904385	1	1	1	1	1	1	     0	     0	     0			
TraesCS2D03G1091800LC.1	TraesCS2D03G1091800LC.1	TraesCS2D03G1091800LC.1		349	false	false		TraesCS2D03G1091800LC.1		4.01	0.0000	0.0775	0.00287562904385	1	1	1	1	1	1	     0	     0	     0			
TraesCS2D03G1093200LC.1	TraesCS2D03G1093200LC.1	TraesCS2D03G1093200LC.1		256	false	false		TraesCS2D03G1093200LC.1		6.64	0.0000	0.0515	0.00287562904385	1	1	1	1	1	1	     0	     0	     0	14C(57.0214), 15M(15.9949)		
TraesCS2D03G1109800.1	TraesCS2D03G1109800.1	TraesCS2D03G1109800.1		361	false	false		TraesCS2D03G1109800.1		14.13	0.0000	0.3470	0.00287562904385	1	1	1	1	1	1	     0	     0	     0			
TraesCS2D03G1123500LC.1	TraesCS2D03G1123500LC.1	TraesCS2D03G1123500LC.1		401	false	false		TraesCS2D03G1123500LC.1		2.99	0.0000	0.1662	0.00287562904385	1	1	1	1	1	1	     0	     0	     0			
TraesCS2D03G1167500LC.1	TraesCS2D03G1167500LC.1	TraesCS2D03G1167500LC.1		209	false	false		TraesCS2D03G1167500LC.1		3.83	0.0000	0.2315	0.00287562904385	1	1	1	2	2	2	     0	     0	     0	6C(57.0214)		
TraesCS2D03G1168400.1	TraesCS2D03G1168400.1	TraesCS2D03G1168400.1		112	false	false		TraesCS2D03G1168400.1		6.25	0.0000	0.3307	0.00287562904385	1	1	1	1	1	1	     0	     0	     0			
TraesCS2D03G1177600.1	TraesCS2D03G1177600.1	TraesCS2D03G1177600.1		934	false	false		TraesCS2D03G1177600.1		0.86	0.0000	0.0646	0.00287562904385	1	1	1	1	1	1	     0	     0	     0			
TraesCS2D03G1242300LC.1	TraesCS2D03G1242300LC.1	TraesCS2D03G1242300LC.1		229	false	false		TraesCS2D03G1242300LC.1		11.35	0.0000	0.2338	0.00287562904385	1	1	1	1	1	1	     0	     0	     0	17M(15.9949), 9C(57.0214)		
TraesCS2D03G1254000.1	TraesCS2D03G1254000.1	TraesCS2D03G1254000.1		514	false	false		TraesCS2D03G1254000.1		9.34	0.0000	0.2466	0.00287562904385	2	1	1	3	1	1	     0	     0	     0			
TraesCS2D03G1290400LC.1	TraesCS2D03G1290400LC.1	TraesCS2D03G1290400LC.1		134	false	false		TraesCS2D03G1290400LC.1		14.93	0.0000	0.2719	0.00287562904385	1	1	1	1	1	1	     0	     0	     0			
TraesCS2D03G1310500LC.1	TraesCS2D03G1310500LC.1	TraesCS2D03G1310500LC.1		303	false	false		TraesCS2D03G1310500LC.1		3.63	0.0000	0.3368	0.00287562904385	1	1	1	1	1	1	     0	     0	     0	6C(57.0214), N-term(42.0106)		
TraesCS2D03G1316500LC.1	TraesCS2D03G1316500LC.1	TraesCS2D03G1316500LC.1		164	false	false		TraesCS2D03G1316500LC.1		17.68	0.0000	0.0890	0.00287562904385	1	0	1	1	0	1	     0	     0	     0	21C(57.0214), 24M(15.9949), 25C(57.0214)		TraesCS7D03G0784300LC.1
TraesCS3A03G0023200.1	TraesCS3A03G0023200.1	TraesCS3A03G0023200.1		502	false	false		TraesCS3A03G0023200.1		5.38	0.0000	0.3610	0.00287562904385	1	1	1	1	1	1	     0	     0	     0	25M(15.9949)		
TraesCS3A03G0091200.1	TraesCS3A03G0091200.1	TraesCS3A03G0091200.1		709	false	false		TraesCS3A03G0091200.1		2.26	0.0000	0.2378	0.00287562904385	1	0	1	1	0	1	     0	     0	     0	1C(57.0214)		TraesCS3A03G0091200.2
TraesCS3A03G0115000.1	TraesCS3A03G0115000.1	TraesCS3A03G0115000.1		465	false	false		TraesCS3A03G0115000.1		2.37	0.0000	0.1129	0.00287562904385	1	1	1	1	1	1	     0	     0	     0			
TraesCS3A03G0118200.1	TraesCS3A03G0118200.1	TraesCS3A03G0118200.1		322	false	false		TraesCS3A03G0118200.1		2.80	0.0000	0.0000	0.00287562904385	1	0	1	2	0	2	     0	     0	     0	1M(15.9949)		TraesCS3B03G0156800LC.1
TraesCS3A03G0137500LC.1	TraesCS3A03G0137500LC.1	TraesCS3A03G0137500LC.1		187	false	false		TraesCS3A03G0137500LC.1		6.42	0.0000	0.1813	0.00287562904385	1	1	1	1	1	1	     0	     0	     0	9C(57.0214)		
TraesCS3A03G0145500LC.1	TraesCS3A03G0145500LC.1	TraesCS3A03G0145500LC.1		103	false	false		TraesCS3A03G0145500LC.1		6.80	0.0000	0.3466	0.00287562904385	1	1	1	1	1	1	     0	     0	     0	5C(57.0214), 6C(57.0214)		
TraesCS3A03G0168200LC.1	TraesCS3A03G0168200LC.1	TraesCS3A03G0168200LC.1		212	false	false		TraesCS3A03G0168200LC.1		9.43	0.0000	0.1220	0.00287562904385	1	1	1	1	1	1	     0	     0	     0	13C(57.0214), 15M(15.9949)		
TraesCS3A03G0168400.1	TraesCS3A03G0168400.1	TraesCS3A03G0168400.1		760	false	false		TraesCS3A03G0168400.1		1.18	0.0000	0.1017	0.00287562904385	1	0	1	1	0	1	     0	     0	     0	2M(15.9949)		TraesCS3A03G0168400.2, TraesCS3A03G0168400.3, TraesCS3A03G0168400.4, TraesCS3A03G0168400.5, TraesCS3D03G0151800.1, TraesCS3D03G0151800.2, TraesCS6A03G0297200.1, TraesCS6A03G0297200.2, TraesCS6A03G0297200.3, TraesCS6B03G0387800.1, TraesCS6B03G0387800.2, TraesCS6D03G0254200.1
TraesCS3A03G0203500LC.1	TraesCS3A03G0203500LC.1	TraesCS3A03G0203500LC.1		195	false	false		TraesCS3A03G0203500LC.1		4.10	0.0000	0.1125	0.00287562904385	1	0	1	2	0	2	     0	     0	     0			
TraesCS3A03G0229700LC.1	TraesCS3A03G0229700LC.1	TraesCS3A03G0229700LC.1		142	false	false		TraesCS3A03G0229700LC.1		7.75	0.0000	0.1119	0.00287562904385	1	1	1	1	1	1	     0	     0	     0			
TraesCS3A03G0241200.1	TraesCS3A03G0241200.1	TraesCS3A03G0241200.1		223	false	false		TraesCS3A03G0241200.1		16.59	0.0000	0.1347	0.00287562904385	1	0	1	1	0	1	     0	     0	     0	18M(15.9949)		TraesCS3A03G0241500.1
TraesCS3A03G0260100.1	TraesCS3A03G0260100.1	TraesCS3A03G0260100.1		181	false	false		TraesCS3A03G0260100.1		8.29	0.0000	0.1233	0.00287562904385	1	0	1	1	0	1	     0	     0	     0	9M(15.9949)		TraesCS3D03G0253400.1, TraesCS4A03G0144500.1, TraesCS4B03G0623500.1, TraesCS4D03G0553400.1, TraesCS7A03G0501200.1, TraesCS7D03G0484100.1
TraesCS3A03G0263700LC.1	TraesCS3A03G0263700LC.1	TraesCS3A03G0263700LC.1		80	false	false		TraesCS3A03G0263700LC.1		37.50	0.0000	0.2860	0.00287562904385	1	1	1	1	1	1	     0	     0	     0	5C(57.0214)		
TraesCS3A03G0264100.1	TraesCS3A03G0264100.1	TraesCS3A03G0264100.1		456	false	false		TraesCS3A03G0264100.1		2.19	0.0000	0.0898	0.00287562904385	1	0	1	1	0	1	     0	     0	     0			TraesCS3D03G0257100.1
TraesCS3A03G0294900LC.1	TraesCS3A03G0294900LC.1	TraesCS3A03G0294900LC.1		243	false	false		TraesCS3A03G0294900LC.1		7.00	0.0000	0.0504	0.00287562904385	1	1	1	1	1	1	     0	     0	     0			
TraesCS3A03G0330800.1	TraesCS3A03G0330800.1	TraesCS3A03G0330800.1		425	false	false		TraesCS3A03G0330800.1		6.35	0.0000	0.1667	0.00287562904385	1	0	1	1	0	1	     0	     0	     0			TraesCS3B03G0388100.1, TraesCS3D03G0308300.1
TraesCS3A03G0398500LC.1	TraesCS3A03G0398500LC.1	TraesCS3A03G0398500LC.1		110	false	false		TraesCS3A03G0398500LC.1		7.27	0.0000	0.1147	0.00287562904385	1	1	1	1	1	1	     0	     0	     0			
TraesCS3A03G0413700.1	TraesCS3A03G0413700.1	TraesCS3A03G0413700.1		616	false	false		TraesCS3A03G0413700.1		2.60	0.0000	0.0000	0.00287562904385	1	0	1	1	0	1	     0	     0	     0			TraesCS3A03G0413700.2, TraesCS3B03G0497400.1, TraesCS3D03G0390500.1, TraesCS3D03G0390500.2
TraesCS3A03G0419000.1	TraesCS3A03G0419000.1	TraesCS3A03G0419000.1		429	false	false		TraesCS3A03G0419000.1		1.86	0.0000	0.3923	0.00287562904385	1	0	1	2	0	2	     0	     0	     0			TraesCS3A03G0419000.2, TraesCS3A03G0419800.1, TraesCS3B03G0504000.1, TraesCS3B03G0504200.1, TraesCS3B03G0504200.2, TraesCS3B03G0504200.3, TraesCS3D03G0399600.1, TraesCS3D03G0399800.1, TraesCS3D03G0399800.2
TraesCS3A03G0423100.1	TraesCS3A03G0423100.1	TraesCS3A03G0423100.1		241	false	false		TraesCS3A03G0423100.1		6.22	0.0000	0.2227	0.00287562904385	1	0	1	1	0	1	     0	     0	     0			TraesCS3B03G0502200.1, TraesCS3D03G0397900.1
TraesCS3A03G0457900LC.1	TraesCS3A03G0457900LC.1	TraesCS3A03G0457900LC.1		424	false	false		TraesCS3A03G0457900LC.1		3.77	0.0000	0.1218	0.00287562904385	1	1	1	1	1	1	     0	     0	     0	14C(57.0214), 4M(15.9949)		
TraesCS3A03G0499000.1	TraesCS3A03G0499000.1	TraesCS3A03G0499000.1		703	false	false		TraesCS3A03G0499000.1		3.41	0.0000	0.0713	0.00287562904385	1	0	1	1	0	1	     0	     0	     0	20M(15.9949)		TraesCS3B03G0571200.1, TraesCS3D03G0433000.1
TraesCS3A03G0513000.1	TraesCS3A03G0513000.1	TraesCS3A03G0513000.1		639	false	false		TraesCS3A03G0513000.1		2.19	0.0000	0.0886	0.00287562904385	1	1	1	1	1	1	     0	     0	     0			
TraesCS3A03G0523600.1	TraesCS3A03G0523600.1	TraesCS3A03G0523600.1		276	false	false		TraesCS3A03G0523600.1		5.80	0.0000	0.0923	0.00287562904385	1	0	1	1	0	1	     0	     0	     0			TraesCS3B03G0592400.2
TraesCS3A03G0539300.1	TraesCS3A03G0539300.1	TraesCS3A03G0539300.1		310	false	false		TraesCS3A03G0539300.1		3.23	0.0000	0.1669	0.00287562904385	1	0	1	1	0	1	     0	     0	     0			TraesCS3A03G0539300.2, TraesCS3B03G0619100.1, TraesCS3D03G0500300.1
TraesCS3A03G0556200.1	TraesCS3A03G0556200.1	TraesCS3A03G0556200.1		568	false	false		TraesCS3A03G0556200.1		1.23	0.0000	0.0820	0.00287562904385	1	0	1	1	0	1	     0	     0	     0	N-term(42.0106)		TraesCS3B03G0071700.1, TraesCS3B03G0640400.1, TraesCS3D03G0040000.1, TraesCS3D03G0040000.2, TraesCS3D03G0040000.3, TraesCS3D03G0517500.2, TraesCS7A03G1259000.1
TraesCS3A03G0557500.1	TraesCS3A03G0557500.1	TraesCS3A03G0557500.1		782	false	false		TraesCS3A03G0557500.1		4.09	0.0000	0.2962	0.00287562904385	2	0	2	2	0	2	     0	     0	     0	10M(15.9949), 12C(57.0214)		TraesCS3D03G0520600.1
TraesCS3A03G0585200.1	TraesCS3A03G0585200.1	TraesCS3A03G0585200.1		272	false	false		TraesCS3A03G0585200.1		4.04	0.0000	0.2532	0.00287562904385	1	0	1	1	0	1	     0	     0	     0	2C(57.0214)		TraesCS3B03G0665500.1, TraesCS3D03G0538700.1
TraesCS3A03G0592200.1	TraesCS3A03G0592200.1	TraesCS3A03G0592200.1		161	false	false		TraesCS3A03G0592200.1		4.35	0.0000	0.0661	0.00287562904385	1	0	1	1	0	1	     0	     0	     0	5M(15.9949), N-term(42.0106)		
TraesCS3A03G0610700LC.1	TraesCS3A03G0610700LC.1	TraesCS3A03G0610700LC.1		228	false	false		TraesCS3A03G0610700LC.1		3.07	0.0000	0.1465	0.00287562904385	1	0	1	1	0	1	     0	     0	     0			
TraesCS3A03G0624000.1	TraesCS3A03G0624000.1	TraesCS3A03G0624000.1		146	false	false		TraesCS3A03G0624000.1		9.59	0.0000	0.0625	0.00287562904385	1	1	1	1	1	1	     0	     0	     0	6M(15.9949)		
TraesCS3A03G0626100.1	TraesCS3A03G0626100.1	TraesCS3A03G0626100.1		558	false	false		TraesCS3A03G0626100.1		2.69	0.0000	0.0935	0.00287562904385	1	0	1	1	0	1	     0	     0	     0			TraesCS3D03G0572900.1
TraesCS3A03G0649200.1	TraesCS3A03G0649200.1	TraesCS3A03G0649200.1		143	false	false		TraesCS3A03G0649200.1		21.68	0.0000	0.3039	0.00287562904385	1	0	1	1	0	1	     0	     0	     0			TraesCS3B03G0732200.1, TraesCS3D03G0593700.1
TraesCS3A03G0656700.1	TraesCS3A03G0656700.1	TraesCS3A03G0656700.1		316	false	false		TraesCS3A03G0656700.1		6.01	0.0000	0.9990	0.00000000000000	1	0	1	3	0	3	     0	     0	     0			TraesCS3B03G0745800.1, TraesCS3B03G0745800.2, TraesCS3D03G0600000.1
TraesCS3A03G0657200.1	TraesCS3A03G0657200.1	TraesCS3A03G0657200.1		759	false	false		TraesCS3A03G0657200.1		2.37	0.0000	0.2752	0.00287562904385	1	0	1	1	0	1	     0	     0	     0			TraesCS3A03G0657200.2, TraesCS3D03G0600500.1, TraesCS3D03G0600500.2
TraesCS3A03G0660100.3	TraesCS3A03G0660100.3	TraesCS3A03G0660100.3		1258	false	false		TraesCS3A03G0660100.3		1.59	0.0000	0.0517	0.00287562904385	1	0	1	1	0	1	     0	     0	     0	17M(15.9949)		TraesCS3A03G0660100.4, TraesCS3A03G0660100.5, TraesCS3A03G0660100.6
TraesCS3A03G0666000.1	TraesCS3A03G0666000.1	TraesCS3A03G0666000.1		798	false	false		TraesCS3A03G0666000.1		1.13	0.0000	0.0000	0.00287562904385	1	0	1	1	0	1	     0	     0	     0			TraesCS3A03G0666000.2, TraesCS3D03G0608500.1
TraesCS3A03G0676400LC.1	TraesCS3A03G0676400LC.1	TraesCS3A03G0676400LC.1		127	false	false		TraesCS3A03G0676400LC.1		7.09	0.0000	0.1805	0.00287562904385	1	1	1	1	1	1	     0	     0	     0	5M(15.9949)		
TraesCS3A03G0697700LC.1	TraesCS3A03G0697700LC.1	TraesCS3A03G0697700LC.1		207	false	false		TraesCS3A03G0697700LC.1		7.25	0.0000	0.1108	0.00287562904385	1	0	1	1	0	1	     0	     0	     0	14M(15.9949)		TraesCS3A03G0698500.1, TraesCS3A03G0698500.2, TraesCS3B03G0795000.1, TraesCS3B03G0795400LC.1, TraesCS3B03G0796000.1, TraesCS3D03G0638900.1, TraesCS3D03G0639500.1, TraesCS3D03G0639500.2
TraesCS3A03G0702300.1	TraesCS3A03G0702300.1	TraesCS3A03G0702300.1		101	false	false		TraesCS3A03G0702300.1		8.91	0.0000	0.0611	0.00287562904385	1	0	1	1	0	1	     0	     0	     0			TraesCS3B03G0801400.1, TraesCS3D03G0644400.1
TraesCS3A03G0704200LC.1	TraesCS3A03G0704200LC.1	TraesCS3A03G0704200LC.1		156	false	false		TraesCS3A03G0704200LC.1		17.31	0.0000	0.1371	0.00287562904385	1	1	1	1	1	1	     0	     0	     0	3C(57.0214), 5C(57.0214)		
TraesCS3A03G0740400.1	TraesCS3A03G0740400.1	TraesCS3A03G0740400.1		1933	false	false		TraesCS3A03G0740400.1		0.52	0.0000	0.1191	0.00287562904385	1	0	1	1	0	1	     0	     0	     0			TraesCS3B03G0846500.1
TraesCS3A03G0742000LC.1	TraesCS3A03G0742000LC.1	TraesCS3A03G0742000LC.1		200	false	false		TraesCS3A03G0742000LC.1		9.50	0.0000	0.4022	0.00287562904385	1	1	1	1	1	1	     0	     0	     0			
TraesCS3A03G0752100.1	TraesCS3A03G0752100.1	TraesCS3A03G0752100.1		373	false	false		TraesCS3A03G0752100.1		5.09	0.0000	0.0537	0.00287562904385	1	0	1	1	0	1	     0	     0	     0			TraesCS3D03G0692300.1
TraesCS3A03G0752400.1	TraesCS3A03G0752400.1	TraesCS3A03G0752400.1		317	false	false		TraesCS3A03G0752400.1		3.79	0.0000	0.0589	0.00287562904385	1	0	1	2	0	2	     0	     0	     0	11M(15.9949)		TraesCS3D03G0693300LC.1
TraesCS3A03G0756500.1	TraesCS3A03G0756500.1	TraesCS3A03G0756500.1		336	false	false		TraesCS3A03G0756500.1		4.46	0.0000	0.0753	0.00287562904385	1	0	1	1	0	1	     0	     0	     0			TraesCS3B03G0864600.1, TraesCS3D03G0697200.1
TraesCS3A03G0759800LC.1	TraesCS3A03G0759800LC.1	TraesCS3A03G0759800LC.1		626	false	false		TraesCS3A03G0759800LC.1		1.60	0.0000	0.0515	0.00287562904385	1	1	1	1	1	1	     0	     0	     0	9M(15.9949)		
TraesCS3A03G0766900.1	TraesCS3A03G0766900.1	TraesCS3A03G0766900.1		1068	false	false		TraesCS3A03G0766900.1		1.12	0.0000	0.0697	0.00287562904385	1	0	1	1	0	1	     0	     0	     0			TraesCS3A03G0766900.2, TraesCS3B03G0881300.1, TraesCS3B03G0881300.2, TraesCS3B03G0881300.3, TraesCS3D03G0708500.1
TraesCS3A03G0789600LC.1	TraesCS3A03G0789600LC.1	TraesCS3A03G0789600LC.1		149	false	false		TraesCS3A03G0789600LC.1		10.74	0.0000	0.1234	0.00287562904385	1	1	1	1	1	1	     0	     0	     0			
TraesCS3A03G0833400LC.1	TraesCS3A03G0833400LC.1	TraesCS3A03G0833400LC.1		189	false	false		TraesCS3A03G0833400LC.1		5.29	0.0000	0.1993	0.00287562904385	1	1	1	1	1	1	     0	     0	     0	7C(57.0214)		
TraesCS3A03G0872100.1	TraesCS3A03G0872100.1	TraesCS3A03G0872100.1		260	false	false		TraesCS3A03G0872100.1		4.62	0.0000	0.2675	0.00287562904385	1	0	1	1	0	1	     0	     0	     0			TraesCS3B03G0995600.1, TraesCS3D03G0798400.1
TraesCS3A03G0886200.1	TraesCS3A03G0886200.1	TraesCS3A03G0886200.1		364	false	false		TraesCS3A03G0886200.1		3.02	0.0000	0.1840	0.00287562904385	1	0	1	1	0	1	     0	     0	     0			TraesCS3A03G0886200.2, TraesCS3A03G0886200.3, TraesCS3A03G0886200.4, TraesCS3B03G1012500.1, TraesCS3B03G1012500.2, TraesCS3D03G0813200.1, TraesCS3D03G0813200.2
TraesCS3A03G0889700LC.1	TraesCS3A03G0889700LC.1	TraesCS3A03G0889700LC.1		149	false	false		TraesCS3A03G0889700LC.1		11.41	0.0000	0.1359	0.00287562904385	1	1	1	1	1	1	     0	     0	     0	8C(57.0214)		
TraesCS3A03G0896400LC.1	TraesCS3A03G0896400LC.1	TraesCS3A03G0896400LC.1		399	false	false		TraesCS3A03G0896400LC.1		4.01	0.0000	0.0582	0.00287562904385	1	0	1	1	0	1	     0	     0	     0	12M(15.9949)		TraesCS3A03G0897100.1, TraesCS3B03G1238400LC.1, TraesCS3B03G1243600LC.1, TraesCS3D03G0997800.1
TraesCS3A03G0896500LC.1	TraesCS3A03G0896500LC.1	TraesCS3A03G0896500LC.1		103	false	false		TraesCS3A03G0896500LC.1		8.74	0.0000	0.0918	0.00287562904385	1	1	1	1	1	1	     0	     0	     0			
TraesCS3A03G0908500LC.1	TraesCS3A03G0908500LC.1	TraesCS3A03G0908500LC.1		70	false	false		TraesCS3A03G0908500LC.1		12.86	0.0000	0.0625	0.00287562904385	1	0	1	1	0	1	     0	     0	     0	6M(15.9949)		
TraesCS3A03G0927400.1	TraesCS3A03G0927400.1	TraesCS3A03G0927400.1		964	false	false		TraesCS3A03G0927400.1		1.56	0.0000	0.0678	0.00287562904385	1	1	1	1	1	1	     0	     0	     0			
TraesCS3A03G0932600.1	TraesCS3A03G0932600.1	TraesCS3A03G0932600.1		699	false	false		TraesCS3A03G0932600.1		2.15	0.0000	0.0799	0.00287562904385	1	0	1	1	0	1	     0	     0	     0	13M(15.9949), 14M(15.9949)		TraesCS3B03G1058500.1, TraesCS3D03G0865400.1
TraesCS3A03G0932700.1	TraesCS3A03G0932700.1	TraesCS3A03G0932700.1		1180	false	false		TraesCS3A03G0932700.1		0.93	0.0000	0.0548	0.00287562904385	1	0	1	1	0	1	     0	     0	     0			TraesCS3A03G0932700.2, TraesCS3B03G1058600.1, TraesCS3B03G1058600.2, TraesCS3B03G1058600.3, TraesCS3D03G0865500.1, TraesCS3D03G0865500.2, TraesCS3D03G0865500.3
TraesCS3A03G0960900.1	TraesCS3A03G0960900.1	TraesCS3A03G0960900.1		391	false	false		TraesCS3A03G0960900.1		8.95	0.0000	0.0729	0.00287562904385	1	0	1	1	0	1	     0	     0	     0			TraesCS3D03G0895200LC.1
TraesCS3A03G0982500.1	TraesCS3A03G0982500.1	TraesCS3A03G0982500.1		475	false	false		TraesCS3A03G0982500.1		3.79	0.0000	0.0741	0.00287562904385	1	0	1	1	0	1	     0	     0	     0	10C(57.0214), 4C(57.0214), 8M(15.9949)		TraesCS3A03G0982500.2, TraesCS3A03G0982500.3, TraesCS3A03G0982500.4, TraesCS3A03G0982500.5, TraesCS3A03G0982500.6, TraesCS3A03G0982500.7, TraesCS3A03G0982500.8, TraesCS3B03G1132000.1, TraesCS3B03G1132000.2, TraesCS3B03G1132000.3, TraesCS3B03G1132000.4, TraesCS3B03G1132000.5, TraesCS3B03G1132000.6, TraesCS3D03G0917300.1, TraesCS3D03G0917300.2, TraesCS3D03G0917300.3, TraesCS3D03G0917300.4, TraesCS3D03G0917300.5, TraesCS3D03G0917300.6
TraesCS3A03G1005400.1	TraesCS3A03G1005400.1	TraesCS3A03G1005400.1		632	false	false		TraesCS3A03G1005400.1		5.38	0.0000	0.1787	0.00287562904385	1	1	1	1	1	1	     0	     0	     0	29C(57.0214)		
TraesCS3A03G1024700.1	TraesCS3A03G1024700.1	TraesCS3A03G1024700.1		156	false	false		TraesCS3A03G1024700.1		14.10	0.0000	0.2014	0.00287562904385	1	1	1	1	1	1	     0	     0	     0	13M(15.9949), 18C(57.0214), 21C(57.0214), 5M(15.9949), 9M(15.9949)		
TraesCS3A03G1027200.1	TraesCS3A03G1027200.1	TraesCS3A03G1027200.1		797	false	false		TraesCS3A03G1027200.1		2.26	0.0000	0.0000	0.00287562904385	1	0	1	1	0	1	     0	     0	     0			TraesCS3A03G1042200.1, TraesCS3A03G1042200.2, TraesCS3A03G1042200.3, TraesCS3B03G1175400.1, TraesCS3B03G1202900.1, TraesCS3B03G1202900.2, TraesCS3D03G0956500.1, TraesCS3D03G0969600.1, TraesCS3D03G0969600.3, TraesCS3D03G0969600.4, TraesCS3D03G0969600.5, TraesCS3D03G0969600.6, TraesCS3D03G0969600.7
TraesCS3A03G1030700LC.1	TraesCS3A03G1030700LC.1	TraesCS3A03G1030700LC.1		1130	false	false		TraesCS3A03G1030700LC.1		1.59	0.0000	0.0514	0.00287562904385	1	1	1	1	1	1	     0	     0	     0			
TraesCS3A03G1049400.1	TraesCS3A03G1049400.1	TraesCS3A03G1049400.1		659	false	false		TraesCS3A03G1049400.1		1.21	0.0000	0.1227	0.00287562904385	1	1	1	1	1	1	     0	     0	     0			
TraesCS3A03G1118000LC.1	TraesCS3A03G1118000LC.1	TraesCS3A03G1118000LC.1		174	false	false		TraesCS3A03G1118000LC.1		5.75	0.0000	0.1155	0.00287562904385	1	1	1	1	1	1	     0	     0	     0	6C(57.0214)		
TraesCS3A03G1122700.1	TraesCS3A03G1122700.1	TraesCS3A03G1122700.1		235	false	false		TraesCS3A03G1122700.1		7.23	0.0000	0.0537	0.00287562904385	1	0	1	1	0	1	     0	     0	     0			TraesCS3A03G1122700.2, TraesCS3A03G1122700.3, TraesCS3B03G1299900.1, TraesCS3B03G1299900.2, TraesCS3B03G1299900.3, TraesCS3D03G1044800.1
TraesCS3A03G1134100.1	TraesCS3A03G1134100.1	TraesCS3A03G1134100.1		334	false	false		TraesCS3A03G1134100.1		5.09	0.0000	0.2072	0.00287562904385	1	0	1	1	0	1	     0	     0	     0			TraesCS3D03G1055800.1
TraesCS3A03G1138000LC.1	TraesCS3A03G1138000LC.1	TraesCS3A03G1138000LC.1		360	false	false		TraesCS3A03G1138000LC.1		6.11	0.0000	0.2321	0.00287562904385	1	1	1	1	1	1	     0	     0	     0			
TraesCS3A03G1175200LC.1	TraesCS3A03G1175200LC.1	TraesCS3A03G1175200LC.1		439	false	false		TraesCS3A03G1175200LC.1		2.73	0.0000	0.0677	0.00287562904385	1	1	1	1	1	1	     0	     0	     0			
TraesCS3A03G1187900LC.1	TraesCS3A03G1187900LC.1	TraesCS3A03G1187900LC.1		621	false	false		TraesCS3A03G1187900LC.1		2.09	0.0000	0.1291	0.00287562904385	1	1	1	1	1	1	     0	     0	     0			
TraesCS3A03G1194300LC.1	TraesCS3A03G1194300LC.1	TraesCS3A03G1194300LC.1		696	false	false		TraesCS3A03G1194300LC.1		1.29	0.0000	0.1834	0.00287562904385	1	1	1	1	1	1	     0	     0	     0			
TraesCS3A03G1226700.1	TraesCS3A03G1226700.1	TraesCS3A03G1226700.1		336	false	false		TraesCS3A03G1226700.1		6.25	0.0000	0.0591	0.00287562904385	1	1	1	1	1	1	     0	     0	     0	13M(15.9949)		
TraesCS3B03G0014400.1	TraesCS3B03G0014400.1	TraesCS3B03G0014400.1		464	false	false		TraesCS3B03G0014400.1		2.37	0.0000	0.1433	0.00287562904385	1	0	1	1	0	1	     0	     0	     0			TraesCS3B03G0014400.2
TraesCS3B03G0015000.1	TraesCS3B03G0015000.1	TraesCS3B03G0015000.1		546	false	false		TraesCS3B03G0015000.1		3.85	0.0000	0.3047	0.00287562904385	1	0	1	2	0	2	     0	     0	     0			
TraesCS3B03G0072000LC.1	TraesCS3B03G0072000LC.1	TraesCS3B03G0072000LC.1		367	false	false		TraesCS3B03G0072000LC.1		4.09	0.0000	0.0961	0.00287562904385	1	1	1	1	1	1	     0	     0	     0			
TraesCS3B03G0100200.1	TraesCS3B03G0100200.1	TraesCS3B03G0100200.1		942	false	false		TraesCS3B03G0100200.1		1.70	0.0000	0.0777	0.00287562904385	1	1	1	1	1	1	     0	     0	     0	12C(57.0214)		
TraesCS3B03G0112600LC.1	TraesCS3B03G0112600LC.1	TraesCS3B03G0112600LC.1		110	false	false		TraesCS3B03G0112600LC.1		9.09	0.0000	0.0669	0.00287562904385	1	1	1	1	1	1	     0	     0	     0	3C(57.0214)		
TraesCS3B03G0119400LC.1	TraesCS3B03G0119400LC.1	TraesCS3B03G0119400LC.1		427	false	false		TraesCS3B03G0119400LC.1		7.96	0.0000	0.1585	0.00287562904385	1	1	1	1	1	1	     0	     0	     0	24C(57.0214)		
TraesCS3B03G0146300LC.1	TraesCS3B03G0146300LC.1	TraesCS3B03G0146300LC.1		181	false	false		TraesCS3B03G0146300LC.1		8.84	0.0000	0.1768	0.00287562904385	1	1	1	1	1	1	     0	     0	     0			
TraesCS3B03G0154300LC.1	TraesCS3B03G0154300LC.1	TraesCS3B03G0154300LC.1		225	false	false		TraesCS3B03G0154300LC.1		7.11	0.0000	0.1835	0.00287562904385	1	1	1	1	1	1	     0	     0	     0			
TraesCS3B03G0163600LC.1	TraesCS3B03G0163600LC.1	TraesCS3B03G0163600LC.1		360	false	false		TraesCS3B03G0163600LC.1		11.39	0.0000	0.1837	0.00287562904385	1	1	1	1	1	1	     0	     0	     0			
TraesCS3B03G0166900LC.1	TraesCS3B03G0166900LC.1	TraesCS3B03G0166900LC.1		283	false	false		TraesCS3B03G0166900LC.1		4.95	0.0000	0.1724	0.00287562904385	1	1	1	1	1	1	     0	     0	     0			
TraesCS3B03G0198200LC.1	TraesCS3B03G0198200LC.1	TraesCS3B03G0198200LC.1		656	false	false		TraesCS3B03G0198200LC.1		1.98	0.0000	0.1596	0.00287562904385	1	1	1	1	1	1	     0	     0	     0			
TraesCS3B03G0219000.1	TraesCS3B03G0219000.1	TraesCS3B03G0219000.1		769	false	false		TraesCS3B03G0219000.1		3.64	0.0000	0.0523	0.00287562904385	1	1	1	1	1	1	     0	     0	     0			
TraesCS3B03G0222100.1	TraesCS3B03G0222100.1	TraesCS3B03G0222100.1		153	false	false		TraesCS3B03G0222100.1		14.38	0.0000	0.1321	0.00287562904385	1	0	1	1	0	1	     0	     0	     0	14C(57.0214), 17C(57.0214), N-term(42.0106)		TraesCS3D03G0160400.1
TraesCS3B03G0248900.1	TraesCS3B03G0248900.1	TraesCS3B03G0248900.1		1832	false	false		TraesCS3B03G0248900.1		0.98	0.0000	0.0530	0.00287562904385	1	0	1	1	0	1	     0	     0	     0			TraesCS3B03G0248900.2, TraesCS3D03G0184500.1, TraesCS3D03G0184500.2
TraesCS3B03G0289400.1	TraesCS3B03G0289400.1	TraesCS3B03G0289400.1		1261	false	false		TraesCS3B03G0289400.1		1.43	0.0000	0.1937	0.00287562904385	2	1	1	2	1	1	     0	     0	     0			
TraesCS3B03G0311900LC.1	TraesCS3B03G0311900LC.1	TraesCS3B03G0311900LC.1		510	false	false		TraesCS3B03G0311900LC.1		1.96	0.0000	0.1009	0.00287562904385	1	1	1	1	1	1	     0	     0	     0	8C(57.0214)		
TraesCS3B03G0316700.1	TraesCS3B03G0316700.1	TraesCS3B03G0316700.1		783	false	false		TraesCS3B03G0316700.1		1.02	0.0000	0.1549	0.00287562904385	1	1	1	1	1	1	     0	     0	     0	6C(57.0214)		
TraesCS3B03G0330900LC.1	TraesCS3B03G0330900LC.1	TraesCS3B03G0330900LC.1		79	false	false		TraesCS3B03G0330900LC.1		13.92	0.0000	0.0938	0.00287562904385	1	1	1	1	1	1	     0	     0	     0	1C(57.0214), 6C(57.0214), 9C(57.0214), N-term(42.0106)		
TraesCS3B03G0347700LC.1	TraesCS3B03G0347700LC.1	TraesCS3B03G0347700LC.1		104	false	false		TraesCS3B03G0347700LC.1		11.54	0.0000	0.3467	0.00287562904385	1	0	1	1	0	1	     0	     0	     0	5C(57.0214), 7C(57.0214)		TraesCS3B03G0347800LC.1
TraesCS3B03G0367600LC.1	TraesCS3B03G0367600LC.1	TraesCS3B03G0367600LC.1		993	false	false		TraesCS3B03G0367600LC.1		0.91	0.0000	0.0563	0.00287562904385	1	1	1	1	1	1	     0	     0	     0			
TraesCS3B03G0406600LC.1	TraesCS3B03G0406600LC.1	TraesCS3B03G0406600LC.1		396	false	false		TraesCS3B03G0406600LC.1		1.77	0.0000	0.2463	0.00287562904385	1	1	1	1	1	1	     0	     0	     0	5C(57.0214)		
TraesCS3B03G0415500.1	TraesCS3B03G0415500.1	TraesCS3B03G0415500.1		864	false	false		TraesCS3B03G0415500.1		1.16	0.0000	0.2878	0.00287562904385	1	0	1	1	0	1	     0	     0	     0			TraesCS3D03G0330100.1, TraesCS7A03G0990000LC.1
TraesCS3B03G0429900.1	TraesCS3B03G0429900.1	TraesCS3B03G0429900.1		199	false	false		TraesCS3B03G0429900.1		16.58	0.0000	0.1010	0.00287562904385	1	1	1	1	1	1	     0	     0	     0			
TraesCS3B03G0462000.1	TraesCS3B03G0462000.1	TraesCS3B03G0462000.1		378	false	false		TraesCS3B03G0462000.1		6.08	0.0000	0.1077	0.00287562904385	1	0	1	1	0	1	     0	     0	     0			TraesCS3B03G0462000.2
TraesCS3B03G0507400LC.1	TraesCS3B03G0507400LC.1	TraesCS3B03G0507400LC.1		476	false	false		TraesCS3B03G0507400LC.1		6.72	0.0000	0.0564	0.00287562904385	1	1	1	1	1	1	     0	     0	     0	7M(15.9949)		
TraesCS3B03G0529900.1	TraesCS3B03G0529900.1	TraesCS3B03G0529900.1		1162	false	false		TraesCS3B03G0529900.1		1.46	0.0000	0.1355	0.00287562904385	1	0	1	1	0	1	     0	     0	     0			TraesCS3B03G0529900.2
TraesCS3B03G0571900.1	TraesCS3B03G0571900.1	TraesCS3B03G0571900.1		117	false	false		TraesCS3B03G0571900.1		12.82	0.0000	0.1151	0.00287562904385	1	1	1	1	1	1	     0	     0	     0	11M(15.9949), 6C(57.0214), 9M(15.9949)		
TraesCS3B03G0611400LC.1	TraesCS3B03G0611400LC.1	TraesCS3B03G0611400LC.1		121	false	false		TraesCS3B03G0611400LC.1		10.74	0.0000	0.1800	0.00287562904385	1	1	1	1	1	1	     0	     0	     0	10M(15.9949)		
TraesCS3B03G0676900.1	TraesCS3B03G0676900.1	TraesCS3B03G0676900.1		166	false	false		TraesCS3B03G0676900.1		7.23	0.0000	0.1040	0.00287562904385	1	1	1	1	1	1	     0	     0	     0			
TraesCS3B03G0736100.1	TraesCS3B03G0736100.1	TraesCS3B03G0736100.1		217	false	false		TraesCS3B03G0736100.1		6.91	0.0000	0.0603	0.00287562904385	1	1	1	1	1	1	     0	     0	     0			
TraesCS3B03G0758500.1	TraesCS3B03G0758500.1	TraesCS3B03G0758500.1		343	false	false		TraesCS3B03G0758500.1		10.79	0.0000	0.0875	0.00287562904385	1	1	1	1	1	1	     0	     0	     0	12M(15.9949), 3M(15.9949)		
TraesCS3B03G0780900.1	TraesCS3B03G0780900.1	TraesCS3B03G0780900.1		194	false	false		TraesCS3B03G0780900.1		9.28	0.0000	0.0655	0.00287562904385	1	0	1	1	0	1	     0	     0	     0	N-term(42.0106)		TraesCS3D03G0622800.1
TraesCS3B03G0820700LC.1	TraesCS3B03G0820700LC.1	TraesCS3B03G0820700LC.1		448	false	false		TraesCS3B03G0820700LC.1		7.37	0.0000	0.1696	0.00287562904385	1	1	1	1	1	1	     0	     0	     0			
TraesCS3B03G0821500.1	TraesCS3B03G0821500.1	TraesCS3B03G0821500.1		930	false	false		TraesCS3B03G0821500.1		1.51	0.0000	0.0518	0.00287562904385	1	1	1	1	1	1	     0	     0	     0			
TraesCS3B03G0939100LC.1	TraesCS3B03G0939100LC.1	TraesCS3B03G0939100LC.1		310	false	false		TraesCS3B03G0939100LC.1		3.87	0.0000	0.1853	0.00287562904385	1	0	1	1	0	1	     0	     0	     0			decoy_192901
TraesCS3B03G1012100LC.1	TraesCS3B03G1012100LC.1	TraesCS3B03G1012100LC.1		464	false	false		TraesCS3B03G1012100LC.1		3.45	0.0000	0.0903	0.00287562904385	1	1	1	1	1	1	     0	     0	     0	N-term(42.0106)		
TraesCS3B03G1021200LC.1	TraesCS3B03G1021200LC.1	TraesCS3B03G1021200LC.1		363	false	false		TraesCS3B03G1021200LC.1		6.89	0.0000	0.1696	0.00287562904385	1	1	1	1	1	1	     0	     0	     0			
TraesCS3B03G1030800.1	TraesCS3B03G1030800.1	TraesCS3B03G1030800.1		578	false	false		TraesCS3B03G1030800.1		5.36	0.0000	0.0609	0.00287562904385	1	1	1	1	1	1	     0	     0	     0			
TraesCS3B03G1034500LC.1	TraesCS3B03G1034500LC.1	TraesCS3B03G1034500LC.1		162	false	false		TraesCS3B03G1034500LC.1		4.32	0.0000	0.3323	0.00287562904385	1	1	1	1	1	1	     0	     0	     0	4M(15.9949)		
TraesCS3B03G1053200LC.1	TraesCS3B03G1053200LC.1	TraesCS3B03G1053200LC.1		174	false	false		TraesCS3B03G1053200LC.1		6.90	0.0000	0.0834	0.00287562904385	1	1	1	1	1	1	     0	     0	     0	11M(15.9949)		
TraesCS3B03G1074000LC.1	TraesCS3B03G1074000LC.1	TraesCS3B03G1074000LC.1		141	false	false		TraesCS3B03G1074000LC.1		11.35	0.0000	0.1230	0.00287562904385	1	1	1	1	1	1	     0	     0	     0	N-term(42.0106)		
TraesCS3B03G1097700LC.1	TraesCS3B03G1097700LC.1	TraesCS3B03G1097700LC.1		508	false	false		TraesCS3B03G1097700LC.1		1.77	0.0000	0.0636	0.00287562904385	1	1	1	1	1	1	     0	     0	     0			
TraesCS3B03G1122600.1	TraesCS3B03G1122600.1	TraesCS3B03G1122600.1		564	false	false		TraesCS3B03G1122600.1		2.48	0.0000	0.3469	0.00287562904385	1	1	1	2	2	2	     0	     0	     0	4M(15.9949)		
TraesCS3B03G1144400.1	TraesCS3B03G1144400.1	TraesCS3B03G1144400.1		459	false	false		TraesCS3B03G1144400.1		1.96	0.0000	0.1148	0.00287562904385	1	1	1	1	1	1	     0	     0	     0			
TraesCS3B03G1150500LC.1	TraesCS3B03G1150500LC.1	TraesCS3B03G1150500LC.1		113	false	false		TraesCS3B03G1150500LC.1		9.73	0.0000	0.0571	0.00287562904385	1	1	1	1	1	1	     0	     0	     0	N-term(42.0106)		
TraesCS3B03G1178100.1	TraesCS3B03G1178100.1	TraesCS3B03G1178100.1		327	false	false		TraesCS3B03G1178100.1		4.89	0.0000	0.0905	0.00287562904385	1	0	1	1	0	1	     0	     0	     0			TraesCS3B03G1178700.1
TraesCS3B03G1194600.1	TraesCS3B03G1194600.1	TraesCS3B03G1194600.1		328	false	false		TraesCS3B03G1194600.1		7.01	0.0000	0.0626	0.00287562904385	1	1	1	1	1	1	     0	     0	     0			
TraesCS3B03G1208200LC.1	TraesCS3B03G1208200LC.1	TraesCS3B03G1208200LC.1		195	false	false		TraesCS3B03G1208200LC.1		12.31	0.0000	0.0627	0.00287562904385	1	0	1	1	0	1	     0	     0	     0	18M(15.9949), 22M(15.9949)		TraesCS6B03G0823200LC.1
TraesCS3B03G1222800LC.1	TraesCS3B03G1222800LC.1	TraesCS3B03G1222800LC.1		349	false	false		TraesCS3B03G1222800LC.1		4.30	0.0000	0.1568	0.00287562904385	1	0	1	1	0	1	     0	     0	     0			
TraesCS3B03G1236900LC.1	TraesCS3B03G1236900LC.1	TraesCS3B03G1236900LC.1		284	false	false		TraesCS3B03G1236900LC.1		3.17	0.0000	0.0705	0.00287562904385	1	1	1	1	1	1	     0	     0	     0			
TraesCS3B03G1261400LC.1	TraesCS3B03G1261400LC.1	TraesCS3B03G1261400LC.1		443	false	false		TraesCS3B03G1261400LC.1		2.26	0.0000	0.0507	0.00287562904385	1	1	1	1	1	1	     0	     0	     0			
TraesCS3B03G1263500LC.1	TraesCS3B03G1263500LC.1	TraesCS3B03G1263500LC.1		154	false	false		TraesCS3B03G1263500LC.1		7.14	0.0000	0.0604	0.00287562904385	1	1	1	1	1	1	     0	     0	     0	3C(57.0214)		
TraesCS3B03G1291500.1	TraesCS3B03G1291500.1	TraesCS3B03G1291500.1		310	false	false		TraesCS3B03G1291500.1		5.16	0.0000	0.0804	0.00287562904385	1	0	1	1	0	1	     0	     0	     0			TraesCS3B03G1291500.2, TraesCS3D03G1040300.1, TraesCS3D03G1040300.2
TraesCS3B03G1313200LC.1	TraesCS3B03G1313200LC.1	TraesCS3B03G1313200LC.1		141	false	false		TraesCS3B03G1313200LC.1		7.09	0.0000	0.0822	0.00287562904385	1	0	1	1	0	1	     0	     0	     0			
TraesCS3B03G1326600LC.1	TraesCS3B03G1326600LC.1	TraesCS3B03G1326600LC.1		120	false	false		TraesCS3B03G1326600LC.1		19.17	0.0000	0.3180	0.00287562904385	1	1	1	1	1	1	     0	     0	     0	10C(57.0214), 11M(15.9949), 17C(57.0214), 8C(57.0214)		
TraesCS3B03G1359500.1	TraesCS3B03G1359500.1	TraesCS3B03G1359500.1		293	false	false		TraesCS3B03G1359500.1		3.07	0.0000	0.0694	0.00287562904385	1	1	1	1	1	1	     0	     0	     0			
TraesCS3B03G1363500.1	TraesCS3B03G1363500.1	TraesCS3B03G1363500.1		476	false	false		TraesCS3B03G1363500.1		3.15	0.0000	0.1042	0.00287562904385	1	1	1	1	1	1	     0	     0	     0	12C(57.0214)		
TraesCS3B03G1386000LC.1	TraesCS3B03G1386000LC.1	TraesCS3B03G1386000LC.1		414	false	false		TraesCS3B03G1386000LC.1		2.90	0.0000	0.2400	0.00287562904385	1	1	1	1	1	1	     0	     0	     0	6M(15.9949)		
TraesCS3B03G1388600LC.1	TraesCS3B03G1388600LC.1	TraesCS3B03G1388600LC.1		231	false	false		TraesCS3B03G1388600LC.1		3.03	0.0000	0.0669	0.00287562904385	1	0	1	1	0	1	     0	     0	     0			TraesCS6B03G1192200LC.1
TraesCS3B03G1439000LC.1	TraesCS3B03G1439000LC.1	TraesCS3B03G1439000LC.1		222	false	false		TraesCS3B03G1439000LC.1		3.15	0.0000	0.2119	0.00287562904385	1	0	1	1	0	1	     0	     0	     0	N-term(42.0106)		TraesCS6A03G0403300LC.1
TraesCS3B03G1441700LC.1	TraesCS3B03G1441700LC.1	TraesCS3B03G1441700LC.1		270	false	false		TraesCS3B03G1441700LC.1		3.33	0.0000	0.0984	0.00287562904385	1	0	1	1	0	1	     0	     0	     0	7C(57.0214)		TraesCS7A03G0835900.1, TraesCS7B03G0692300.1, TraesCS7D03G0820000.1
TraesCS3B03G1442200.1	TraesCS3B03G1442200.1	TraesCS3B03G1442200.1		524	false	false		TraesCS3B03G1442200.1		1.53	0.0000	0.0987	0.00287562904385	1	0	1	1	0	1	     0	     0	     0			TraesCS3D03G1143900.1
TraesCS3B03G1462500LC.1	TraesCS3B03G1462500LC.1	TraesCS3B03G1462500LC.1		128	false	false		TraesCS3B03G1462500LC.1		5.47	0.0000	0.2597	0.00287562904385	1	0	1	1	0	1	     0	     0	     0			TraesCS4B03G0814300LC.1
TraesCS3B03G1484000.1	TraesCS3B03G1484000.1	TraesCS3B03G1484000.1		685	false	false		TraesCS3B03G1484000.1		2.34	0.0000	0.0000	0.00287562904385	1	0	1	1	0	1	     0	     0	     0			TraesCS3B03G1484000.2, TraesCS3B03G1484000.3, TraesCS3D03G1174700.1
TraesCS3B03G1515600LC.1	TraesCS3B03G1515600LC.1	TraesCS3B03G1515600LC.1		896	false	false		TraesCS3B03G1515600LC.1		2.23	0.0000	0.0658	0.00287562904385	1	1	1	1	1	1	     0	     0	     0			
TraesCS3D03G0003800.1	TraesCS3D03G0003800.1	TraesCS3D03G0003800.1		795	false	false		TraesCS3D03G0003800.1		3.02	0.0000	0.3788	0.00287562904385	1	1	1	1	1	1	     0	     0	     0			
TraesCS3D03G0014000.1	TraesCS3D03G0014000.1	TraesCS3D03G0014000.1		665	false	false		TraesCS3D03G0014000.1		1.95	0.0000	0.2701	0.00287562904385	1	1	1	3	3	3	     0	     0	     0			
TraesCS3D03G0046400LC.1	TraesCS3D03G0046400LC.1	TraesCS3D03G0046400LC.1		560	false	false		TraesCS3D03G0046400LC.1		3.39	0.0000	0.3380	0.00287562904385	1	1	1	1	1	1	     0	     0	     0			
TraesCS3D03G0055000.3	TraesCS3D03G0055000.3	TraesCS3D03G0055000.3		651	false	false		TraesCS3D03G0055000.3		3.07	0.0000	0.0931	0.00287562904385	1	1	1	2	2	2	     0	     0	     0	14C(57.0214), 2M(15.9949)		
TraesCS3D03G0067600.1	TraesCS3D03G0067600.1	TraesCS3D03G0067600.1		507	false	false		TraesCS3D03G0067600.1		2.17	0.0000	0.2299	0.00287562904385	1	1	1	1	1	1	     0	     0	     0	9M(15.9949)		
TraesCS3D03G0185600LC.1	TraesCS3D03G0185600LC.1	TraesCS3D03G0185600LC.1		922	false	false		TraesCS3D03G0185600LC.1		1.19	0.0000	0.1274	0.00287562904385	1	1	1	1	1	1	     0	     0	     0	9C(57.0214)		
TraesCS3D03G0208700LC.1	TraesCS3D03G0208700LC.1	TraesCS3D03G0208700LC.1		159	false	false		TraesCS3D03G0208700LC.1		5.66	0.0000	0.0509	0.00287562904385	1	1	1	1	1	1	     0	     0	     0			
TraesCS3D03G0270400.1	TraesCS3D03G0270400.1	TraesCS3D03G0270400.1		469	false	false		TraesCS3D03G0270400.1		3.84	0.0000	0.1711	0.00287562904385	1	1	1	1	1	1	     0	     0	     0	7C(57.0214)		
TraesCS3D03G0282300.1	TraesCS3D03G0282300.1	TraesCS3D03G0282300.1		902	false	false		TraesCS3D03G0282300.1		1.11	0.0000	0.1385	0.00287562904385	1	1	1	1	1	1	     0	     0	     0			
TraesCS3D03G0346400.1	TraesCS3D03G0346400.1	TraesCS3D03G0346400.1		538	false	false		TraesCS3D03G0346400.1		7.25	0.0000	0.1418	0.00287562904385	1	0	1	1	0	1	     0	     0	     0	11M(15.9949), 34M(15.9949)		TraesCS4D03G0089200.1
TraesCS3D03G0448700LC.1	TraesCS3D03G0448700LC.1	TraesCS3D03G0448700LC.1		447	false	false		TraesCS3D03G0448700LC.1		4.92	0.0000	0.0538	0.00287562904385	1	0	1	1	0	1	     0	     0	     0	10C(57.0214), 13M(15.9949), 4C(57.0214)		TraesCS7D03G0830500LC.1
TraesCS3D03G0486300LC.1	TraesCS3D03G0486300LC.1	TraesCS3D03G0486300LC.1		310	false	false		TraesCS3D03G0486300LC.1		3.23	0.0000	0.1207	0.00287562904385	1	1	1	1	1	1	     0	     0	     0	5C(57.0214)		
TraesCS3D03G0552700.1	TraesCS3D03G0552700.1	TraesCS3D03G0552700.1		330	false	false		TraesCS3D03G0552700.1		10.30	0.0000	0.0927	0.00287562904385	1	0	1	1	0	1	     0	     0	     0	31C(57.0214)		TraesCS3D03G0552700.2
TraesCS3D03G0585300.1	TraesCS3D03G0585300.1	TraesCS3D03G0585300.1		307	false	false		TraesCS3D03G0585300.1		12.70	0.0000	0.1184	0.00287562904385	1	1	1	1	1	1	     0	     0	     0	24C(57.0214)		
TraesCS3D03G0589600LC.1	TraesCS3D03G0589600LC.1	TraesCS3D03G0589600LC.1		119	false	false		TraesCS3D03G0589600LC.1		5.88	0.0000	0.0000	0.00287562904385	1	0	1	1	0	1	     0	     0	     0			
TraesCS3D03G0661000LC.1	TraesCS3D03G0661000LC.1	TraesCS3D03G0661000LC.1		350	false	false		TraesCS3D03G0661000LC.1		6.00	0.0000	0.0900	0.00287562904385	1	0	1	1	0	1	     0	     0	     0			TraesCS4D03G0200500LC.1, TraesCS6B03G0643400LC.1, TraesCS7B03G0091900LC.1, TraesCS7D03G0585500LC.1, TraesCS7D03G0652600LC.1, TraesCS7D03G1130100LC.1
TraesCS3D03G0665800LC.1	TraesCS3D03G0665800LC.1	TraesCS3D03G0665800LC.1		136	false	false		TraesCS3D03G0665800LC.1		10.29	0.0000	0.0000	0.00287562904385	1	0	1	1	0	1	     0	     0	     0			TraesCS5D03G0064100LC.1, TraesCS7B03G0914700LC.1
TraesCS3D03G0681700.1	TraesCS3D03G0681700.1	TraesCS3D03G0681700.1		261	false	false		TraesCS3D03G0681700.1		4.21	0.0000	0.0876	0.00287562904385	1	0	1	1	0	1	     0	     0	     0	N-term(42.0106)		TraesCS3D03G0681700.2
TraesCS3D03G0683300LC.1	TraesCS3D03G0683300LC.1	TraesCS3D03G0683300LC.1		398	false	false		TraesCS3D03G0683300LC.1		5.03	0.0000	0.0631	0.00287562904385	1	1	1	1	1	1	     0	     0	     0			
TraesCS3D03G0695900.1	TraesCS3D03G0695900.1	TraesCS3D03G0695900.1		511	false	false		TraesCS3D03G0695900.1		2.35	0.0000	0.1307	0.00287562904385	1	1	1	1	1	1	     0	     0	     0	3M(15.9949)		
TraesCS3D03G0862300.1	TraesCS3D03G0862300.1	TraesCS3D03G0862300.1		90	false	false		TraesCS3D03G0862300.1		23.33	0.0000	0.0623	0.00287562904385	1	1	1	1	1	1	     0	     0	     0			
TraesCS3D03G0884400.1	TraesCS3D03G0884400.1	TraesCS3D03G0884400.1		436	false	false		TraesCS3D03G0884400.1		2.52	0.0000	0.2317	0.00287562904385	1	1	1	1	1	1	     0	     0	     0			
TraesCS3D03G0933000LC.1	TraesCS3D03G0933000LC.1	TraesCS3D03G0933000LC.1		188	false	false		TraesCS3D03G0933000LC.1		4.79	0.0000	0.3618	0.00287562904385	1	1	1	1	1	1	     0	     0	     0			
TraesCS3D03G0935300LC.1	TraesCS3D03G0935300LC.1	TraesCS3D03G0935300LC.1		209	false	false		TraesCS3D03G0935300LC.1		9.09	0.0000	0.2794	0.00287562904385	1	0	1	1	0	1	     0	     0	     0	16C(57.0214), 8C(57.0214)		
TraesCS3D03G0972500LC.1	TraesCS3D03G0972500LC.1	TraesCS3D03G0972500LC.1		219	false	false		TraesCS3D03G0972500LC.1		4.57	0.0000	0.1813	0.00287562904385	1	0	1	1	0	1	     0	     0	     0			decoy_202081
TraesCS3D03G1031400.1	TraesCS3D03G1031400.1	TraesCS3D03G1031400.1		317	false	false		TraesCS3D03G1031400.1		3.15	0.0000	0.2377	0.00287562904385	1	1	1	1	1	1	     0	     0	     0	5M(15.9949)		
TraesCS3D03G1036900.1	TraesCS3D03G1036900.1	TraesCS3D03G1036900.1		188	false	false		TraesCS3D03G1036900.1		6.91	0.0000	0.1008	0.00287562904385	1	1	1	2	2	2	     0	     0	     0			
TraesCS3D03G1052500LC.1	TraesCS3D03G1052500LC.1	TraesCS3D03G1052500LC.1		1749	false	false		TraesCS3D03G1052500LC.1		0.91	0.0000	0.2094	0.00287562904385	1	1	1	1	1	1	     0	     0	     0			
TraesCS3D03G1082900LC.1	TraesCS3D03G1082900LC.1	TraesCS3D03G1082900LC.1		150	false	false		TraesCS3D03G1082900LC.1		10.00	0.0000	0.1081	0.00287562904385	1	1	1	1	1	1	     0	     0	     0	11M(15.9949), 13M(15.9949), 14M(15.9949)		
TraesCS3D03G1094400.1	TraesCS3D03G1094400.1	TraesCS3D03G1094400.1		386	false	false		TraesCS3D03G1094400.1		2.33	0.0000	0.0642	0.00287562904385	1	1	1	1	1	1	     0	     0	     0			
TraesCS3D03G1133000LC.1	TraesCS3D03G1133000LC.1	TraesCS3D03G1133000LC.1		211	false	false		TraesCS3D03G1133000LC.1		4.27	0.0000	0.0865	0.00287562904385	1	1	1	1	1	1	     0	     0	     0	5C(57.0214)		
TraesCS3D03G1162800.1	TraesCS3D03G1162800.1	TraesCS3D03G1162800.1		590	false	false		TraesCS3D03G1162800.1		6.95	0.0000	0.0575	0.00287562904385	1	1	1	1	1	1	     0	     0	     0	14M(15.9949)		
TraesCS3D03G1172300LC.1	TraesCS3D03G1172300LC.1	TraesCS3D03G1172300LC.1		517	false	false		TraesCS3D03G1172300LC.1		3.48	0.0000	0.1715	0.00287562904385	1	1	1	1	1	1	     0	     0	     0	16C(57.0214)		
TraesCS3D03G1196700.1	TraesCS3D03G1196700.1	TraesCS3D03G1196700.1		625	false	false		TraesCS3D03G1196700.1		1.92	0.0000	0.2964	0.00287562904385	1	1	1	1	1	1	     0	     0	     0			
TraesCS4A03G0000400LC.1	TraesCS4A03G0000400LC.1	TraesCS4A03G0000400LC.1		379	false	false		TraesCS4A03G0000400LC.1		8.97	0.0000	0.1774	0.00287562904385	1	1	1	1	1	1	     0	     0	     0			
TraesCS4A03G0032600.1	TraesCS4A03G0032600.1	TraesCS4A03G0032600.1		537	false	false		TraesCS4A03G0032600.1		3.35	0.0000	0.1790	0.00287562904385	1	0	1	1	0	1	     0	     0	     0			TraesCS4D03G0673300.1
TraesCS4A03G0059800.1	TraesCS4A03G0059800.1	TraesCS4A03G0059800.1		508	false	false		TraesCS4A03G0059800.1		3.15	0.0000	0.0691	0.00287562904385	1	0	1	1	0	1	     0	     0	     0			TraesCS4B03G0727100.1, TraesCS4D03G0646700.1
TraesCS4A03G0060700.1	TraesCS4A03G0060700.1	TraesCS4A03G0060700.1		139	false	false		TraesCS4A03G0060700.1		10.07	0.0000	0.1080	0.00287562904385	1	0	1	1	0	1	     0	     0	     0	13M(15.9949)		TraesCS4A03G0060800.1, TraesCS4A03G0060900.1, TraesCS4A03G0060900.2, TraesCS4B03G0725400.1, TraesCS4D03G0645500.1
TraesCS4A03G0083100.1	TraesCS4A03G0083100.1	TraesCS4A03G0083100.1		302	false	false		TraesCS4A03G0083100.1		2.32	0.0000	0.0734	0.00287562904385	1	0	1	1	0	1	     0	     0	     0			TraesCS4B03G0701000.1, TraesCS4D03G0627100.1
TraesCS4A03G0087300LC.1	TraesCS4A03G0087300LC.1	TraesCS4A03G0087300LC.1		484	false	false		TraesCS4A03G0087300LC.1		3.93	0.0000	0.0566	0.00287562904385	1	0	1	1	0	1	     0	     0	     0	2C(57.0214), 7M(15.9949)		
TraesCS4A03G0088500.1	TraesCS4A03G0088500.1	TraesCS4A03G0088500.1		384	false	false		TraesCS4A03G0088500.1		3.91	0.0000	0.0805	0.00287562904385	1	0	1	1	0	1	     0	     0	     0	13M(15.9949)		TraesCS4B03G0692400.1, TraesCS4D03G0620400.1
TraesCS4A03G0088800.1	TraesCS4A03G0088800.1	TraesCS4A03G0088800.1		277	false	false		TraesCS4A03G0088800.1		10.11	0.0000	0.1286	0.00287562904385	2	0	2	2	0	2	     0	     0	     0			TraesCS4B03G0692800.1, TraesCS4D03G0620100.1
TraesCS4A03G0091400.1	TraesCS4A03G0091400.1	TraesCS4A03G0091400.1		890	false	false		TraesCS4A03G0091400.1		1.24	0.0000	0.0853	0.00287562904385	1	0	1	1	0	1	     0	     0	     0			TraesCS4B03G0688700.1, TraesCS4D03G0617800.1
TraesCS4A03G0097300.1	TraesCS4A03G0097300.1	TraesCS4A03G0097300.1		380	false	false		TraesCS4A03G0097300.1		2.37	0.0000	0.2978	0.00287562904385	1	0	1	1	0	1	     0	     0	     0	4M(15.9949), 7M(15.9949)		TraesCS4A03G0097300.2, TraesCS4B03G0682600.1, TraesCS4D03G0609000.1
TraesCS4A03G0113600.1	TraesCS4A03G0113600.1	TraesCS4A03G0113600.1		286	false	false		TraesCS4A03G0113600.1		4.55	0.0000	0.3116	0.00287562904385	1	1	1	1	1	1	     0	     0	     0			
TraesCS4A03G0114300LC.1	TraesCS4A03G0114300LC.1	TraesCS4A03G0114300LC.1		138	false	false		TraesCS4A03G0114300LC.1		14.49	0.0000	0.0913	0.00287562904385	1	1	1	1	1	1	     0	     0	     0			
TraesCS4A03G0125200.1	TraesCS4A03G0125200.1	TraesCS4A03G0125200.1		870	false	false		TraesCS4A03G0125200.1		1.26	0.0000	0.2212	0.00287562904385	1	0	1	1	0	1	     0	     0	     0			TraesCS4A03G0125200.2, TraesCS4A03G0125200.3, TraesCS4B03G0654300.1, TraesCS4D03G0578600.1
TraesCS4A03G0132200.1	TraesCS4A03G0132200.1	TraesCS4A03G0132200.1		1397	false	false		TraesCS4A03G0132200.1		0.93	0.0000	0.0590	0.00287562904385	1	0	1	1	0	1	     0	     0	     0			TraesCS4B03G0663700.1, TraesCS4B03G0663700.2, TraesCS4D03G0585400.1
TraesCS4A03G0159000LC.1	TraesCS4A03G0159000LC.1	TraesCS4A03G0159000LC.1		441	false	false		TraesCS4A03G0159000LC.1		4.31	0.0000	0.0686	0.00287562904385	1	1	1	1	1	1	     0	     0	     0	14C(57.0214), 16C(57.0214), 9M(15.9949)		
TraesCS4A03G0172300LC.1	TraesCS4A03G0172300LC.1	TraesCS4A03G0172300LC.1		551	false	false		TraesCS4A03G0172300LC.1		1.63	0.0000	0.0532	0.00287562904385	1	1	1	1	1	1	     0	     0	     0			
TraesCS4A03G0189800LC.1	TraesCS4A03G0189800LC.1	TraesCS4A03G0189800LC.1		187	false	false		TraesCS4A03G0189800LC.1		6.95	0.0000	0.0910	0.00287562904385	1	1	1	1	1	1	     0	     0	     0	1M(15.9949)		
TraesCS4A03G0200200LC.1	TraesCS4A03G0200200LC.1	TraesCS4A03G0200200LC.1		300	false	false		TraesCS4A03G0200200LC.1		5.67	0.0000	0.3880	0.00287562904385	1	1	1	1	1	1	     0	     0	     0	5M(15.9949), N-term(42.0106)		
TraesCS4A03G0229500.1	TraesCS4A03G0229500.1	TraesCS4A03G0229500.1		418	false	false		TraesCS4A03G0229500.1		3.35	0.0000	0.2217	0.00287562904385	1	1	1	1	1	1	     0	     0	     0			
TraesCS4A03G0229800.1	TraesCS4A03G0229800.1	TraesCS4A03G0229800.1		266	false	false		TraesCS4A03G0229800.1		9.02	0.0000	0.0585	0.00287562904385	1	1	1	1	1	1	     0	     0	     0			
TraesCS4A03G0245000.1	TraesCS4A03G0245000.1	TraesCS4A03G0245000.1		579	false	false		TraesCS4A03G0245000.1		2.25	0.0000	0.0704	0.00287562904385	1	0	1	1	0	1	     0	     0	     0			TraesCS4D03G0462300.1
TraesCS4A03G0261900.1	TraesCS4A03G0261900.1	TraesCS4A03G0261900.1		311	false	false		TraesCS4A03G0261900.1		3.22	0.0000	0.1639	0.00287562904385	1	0	1	1	0	1	     0	     0	     0			TraesCS4B03G0504200.1, TraesCS4B03G0504200.2, TraesCS4D03G0449800.1, TraesCS4D03G0449800.2
TraesCS4A03G0268100LC.1	TraesCS4A03G0268100LC.1	TraesCS4A03G0268100LC.1		77	false	false		TraesCS4A03G0268100LC.1		35.06	0.0000	0.0604	0.00287562904385	1	1	1	1	1	1	     0	     0	     0	23C(57.0214), 3C(57.0214)		
TraesCS4A03G0284700.1	TraesCS4A03G0284700.1	TraesCS4A03G0284700.1		503	false	false		TraesCS4A03G0284700.1		1.59	0.0000	0.2243	0.00287562904385	1	0	1	1	0	1	     0	     0	     0			TraesCS4A03G0284700.2, TraesCS4A03G0284700.3, TraesCS4D03G0431800.1, TraesCS4D03G0431800.2, TraesCS4D03G0431800.3, TraesCS4D03G0431800.4
TraesCS4A03G0305400.1	TraesCS4A03G0305400.1	TraesCS4A03G0305400.1		904	false	false		TraesCS4A03G0305400.1		2.21	0.0000	0.4063	0.00287562904385	1	0	1	1	0	1	     0	     0	     0			TraesCS4A03G0305400.2, TraesCS4B03G0420900.1, TraesCS4B03G0420900.2, TraesCS4D03G0413200.1, TraesCS6B03G0156200.1, TraesCS6B03G0156200.2
TraesCS4A03G0308100.1	TraesCS4A03G0308100.1	TraesCS4A03G0308100.1		778	false	false		TraesCS4A03G0308100.1		2.57	0.0000	0.0777	0.00287562904385	1	0	1	1	0	1	     0	     0	     0	16C(57.0214)		TraesCS4A03G0308100.2, TraesCS4A03G0308100.3, TraesCS4A03G0308100.4, TraesCS4A03G0308100.5, TraesCS4A03G0308100.6, TraesCS4A03G0308100.7, TraesCS4A03G0308100.8
TraesCS4A03G0325700.1	TraesCS4A03G0325700.1	TraesCS4A03G0325700.1		1023	false	false		TraesCS4A03G0325700.1		1.17	0.0000	0.1158	0.00287562904385	1	0	1	1	0	1	     0	     0	     0			TraesCS4A03G0325700.2, TraesCS4B03G0408600.1, TraesCS4B03G0408600.2, TraesCS4D03G0407800.1, TraesCS4D03G0407800.2, TraesCS4D03G0407800.3
TraesCS4A03G0357500LC.1	TraesCS4A03G0357500LC.1	TraesCS4A03G0357500LC.1		183	false	false		TraesCS4A03G0357500LC.1		22.40	0.0000	0.0620	0.00287562904385	1	1	1	1	1	1	     0	     0	     0			
TraesCS4A03G0400400.2	TraesCS4A03G0400400.2	TraesCS4A03G0400400.2		941	false	false		TraesCS4A03G0400400.2		0.96	0.0000	0.0738	0.00287562904385	1	0	1	1	0	1	     0	     0	     0			TraesCS4A03G0400400.3, TraesCS4B03G0389300.1, TraesCS4D03G0394100.2
TraesCS4A03G0424000LC.1	TraesCS4A03G0424000LC.1	TraesCS4A03G0424000LC.1		430	false	false		TraesCS4A03G0424000LC.1		8.60	0.0000	0.1090	0.00287562904385	1	0	1	1	0	1	     0	     0	     0	24M(15.9949)		TraesCS4A03G0424000LC.2
TraesCS4A03G0460200LC.1	TraesCS4A03G0460200LC.1	TraesCS4A03G0460200LC.1		95	false	false		TraesCS4A03G0460200LC.1		22.11	0.0000	0.1489	0.00287562904385	1	0	1	1	0	1	     0	     0	     0	19M(15.9949)		TraesCS4D03G0303800LC.1
TraesCS4A03G0479100LC.1	TraesCS4A03G0479100LC.1	TraesCS4A03G0479100LC.1		100	false	false		TraesCS4A03G0479100LC.1		10.00	0.0000	0.3603	0.00287562904385	1	1	1	1	1	1	     0	     0	     0			
TraesCS4A03G0481300.1	TraesCS4A03G0481300.1	TraesCS4A03G0481300.1		908	false	false		TraesCS4A03G0481300.1		1.43	0.0000	0.0561	0.00287562904385	1	0	1	1	0	1	     0	     0	     0	11M(15.9949)		TraesCS4A03G0481300.10, TraesCS4A03G0481300.11, TraesCS4A03G0481300.12, TraesCS4A03G0481300.13, TraesCS4A03G0481300.14, TraesCS4A03G0481300.15, TraesCS4A03G0481300.16, TraesCS4A03G0481300.17, TraesCS4A03G0481300.2, TraesCS4A03G0481300.3, TraesCS4A03G0481300.4, TraesCS4A03G0481300.5, TraesCS4A03G0481300.6, TraesCS4A03G0481300.7, TraesCS4A03G0481300.8, TraesCS4A03G0481300.9, TraesCS4B03G0331000.1, TraesCS4D03G0270000.1, TraesCS4D03G0270000.2, TraesCS4D03G0270000.3, TraesCS4D03G0270000.4, TraesCS4D03G0270000.5, TraesCS4D03G0270000.6, TraesCS4D03G0270000.7
TraesCS4A03G0502300.1	TraesCS4A03G0502300.1	TraesCS4A03G0502300.1		625	false	false		TraesCS4A03G0502300.1		3.68	0.0000	0.0781	0.00287562904385	1	1	1	1	1	1	     0	     0	     0	11C(57.0214), 21C(57.0214), 3M(15.9949)		
TraesCS4A03G0506700.1	TraesCS4A03G0506700.1	TraesCS4A03G0506700.1		636	false	false		TraesCS4A03G0506700.1		1.57	0.0000	0.0575	0.00287562904385	1	0	1	1	0	1	     0	     0	     0	N-term(42.0106)		TraesCS4B03G0300900.1, TraesCS4D03G0249900.1
TraesCS4A03G0529100LC.1	TraesCS4A03G0529100LC.1	TraesCS4A03G0529100LC.1		140	false	false		TraesCS4A03G0529100LC.1		7.14	0.0000	0.2131	0.00287562904385	1	0	1	2	0	2	     0	     0	     0			TraesCS7D03G0904300LC.1
TraesCS4A03G0540200LC.1	TraesCS4A03G0540200LC.1	TraesCS4A03G0540200LC.1		125	false	false		TraesCS4A03G0540200LC.1		8.00	0.0000	0.0503	0.00287562904385	1	1	1	1	1	1	     0	     0	     0			
TraesCS4A03G0553800.1	TraesCS4A03G0553800.1	TraesCS4A03G0553800.1		351	false	false		TraesCS4A03G0553800.1		2.56	0.0000	0.1698	0.00287562904385	1	1	1	1	1	1	     0	     0	     0	7M(15.9949)		
TraesCS4A03G0563800.1	TraesCS4A03G0563800.1	TraesCS4A03G0563800.1		166	false	false		TraesCS4A03G0563800.1		7.83	0.0000	0.2196	0.00287562904385	1	1	1	1	1	1	     0	     0	     0			
TraesCS4A03G0581600LC.1	TraesCS4A03G0581600LC.1	TraesCS4A03G0581600LC.1		138	false	false		TraesCS4A03G0581600LC.1		9.42	0.0000	0.0000	0.00287562904385	1	0	1	1	0	1	     0	     0	     0	1M(15.9949)		
TraesCS4A03G0600500LC.1	TraesCS4A03G0600500LC.1	TraesCS4A03G0600500LC.1		403	false	false		TraesCS4A03G0600500LC.1		4.47	0.0000	0.2820	0.00287562904385	1	1	1	1	1	1	     0	     0	     0			
TraesCS4A03G0602100.1	TraesCS4A03G0602100.1	TraesCS4A03G0602100.1		419	false	false		TraesCS4A03G0602100.1		4.06	0.0000	0.2402	0.00287562904385	1	1	1	1	1	1	     0	     0	     0	8C(57.0214)		
TraesCS4A03G0651400.1	TraesCS4A03G0651400.1	TraesCS4A03G0651400.1		945	false	false		TraesCS4A03G0651400.1		1.27	0.0000	0.0998	0.00287562904385	1	0	1	1	0	1	     0	     0	     0			TraesCS4A03G0651400.2, TraesCS4B03G0148200.1, TraesCS4B03G0148200.2, TraesCS4B03G0148200.3
TraesCS4A03G0658800LC.1	TraesCS4A03G0658800LC.1	TraesCS4A03G0658800LC.1		776	false	false		TraesCS4A03G0658800LC.1		1.68	0.0000	0.0808	0.00287562904385	1	1	1	1	1	1	     0	     0	     0			
TraesCS4A03G0664900.1	TraesCS4A03G0664900.1	TraesCS4A03G0664900.1		1000	false	false		TraesCS4A03G0664900.1		4.00	0.0000	0.1933	0.00287562904385	1	0	1	1	0	1	     0	     0	     0	14M(15.9949)		TraesCS4B03G0134400.1, TraesCS4B03G0134400.2, TraesCS4D03G0113000.1
TraesCS4A03G0670400.1	TraesCS4A03G0670400.1	TraesCS4A03G0670400.1		420	false	false		TraesCS4A03G0670400.1		2.38	0.0000	0.2228	0.00287562904385	1	1	1	1	1	1	     0	     0	     0	9C(57.0214)		
TraesCS4A03G0682400LC.1	TraesCS4A03G0682400LC.1	TraesCS4A03G0682400LC.1		141	false	false		TraesCS4A03G0682400LC.1		11.35	0.0000	0.0933	0.00287562904385	1	0	1	1	0	1	     0	     0	     0	12M(15.9949)		TraesCS4B03G0113900.1, TraesCS4D03G0096900.1
TraesCS4A03G0695800.1	TraesCS4A03G0695800.1	TraesCS4A03G0695800.1		1247	false	false		TraesCS4A03G0695800.1		0.56	0.0000	0.2073	0.00287562904385	1	0	1	1	0	1	     0	     0	     0			TraesCS4A03G0695800.2, TraesCS4A03G0695800.3
TraesCS4A03G0715000LC.1	TraesCS4A03G0715000LC.1	TraesCS4A03G0715000LC.1		86	false	false		TraesCS4A03G0715000LC.1		12.79	0.0000	0.3381	0.00287562904385	1	1	1	1	1	1	     0	     0	     0	1M(15.9949)		
TraesCS4A03G0725300.1	TraesCS4A03G0725300.1	TraesCS4A03G0725300.1		98	false	false		TraesCS4A03G0725300.1		13.27	0.0000	0.2491	0.00287562904385	1	0	1	1	0	1	     0	     0	     0	1M(15.9949)		TraesCS4A03G0725300.2, TraesCS4B03G0069400.1, TraesCS4B03G0069400.2
TraesCS4A03G0737300.1	TraesCS4A03G0737300.1	TraesCS4A03G0737300.1		857	false	false		TraesCS4A03G0737300.1		1.05	0.0000	0.1170	0.00287562904385	1	0	1	1	0	1	     0	     0	     0	7M(15.9949)		TraesCS4A03G0737300.2, TraesCS5B03G1145800.1
TraesCS4A03G0739800.1	TraesCS4A03G0739800.1	TraesCS4A03G0739800.1		508	false	false		TraesCS4A03G0739800.1		2.56	0.0000	0.0563	0.00287562904385	1	0	1	1	0	1	     0	     0	     0			TraesCS4A03G0739800.2
TraesCS4A03G0744200.1	TraesCS4A03G0744200.1	TraesCS4A03G0744200.1		359	false	false		TraesCS4A03G0744200.1		5.01	0.0000	0.0914	0.00287562904385	1	0	1	1	0	1	     0	     0	     0			
TraesCS4A03G0744700.1	TraesCS4A03G0744700.1	TraesCS4A03G0744700.1		162	false	false		TraesCS4A03G0744700.1		10.49	0.0000	0.0809	0.00287562904385	1	1	1	1	1	1	     0	     0	     0			
TraesCS4A03G0764800.1	TraesCS4A03G0764800.1	TraesCS4A03G0764800.1		997	false	false		TraesCS4A03G0764800.1		1.10	0.0000	0.0529	0.00287562904385	1	0	1	1	0	1	     0	     0	     0			TraesCS4A03G0764800.2, TraesCS4D03G0014600.1
TraesCS4A03G0765500LC.1	TraesCS4A03G0765500LC.1	TraesCS4A03G0765500LC.1		143	false	false		TraesCS4A03G0765500LC.1		9.79	0.0000	0.3904	0.00287562904385	1	1	1	1	1	1	     0	     0	     0	8C(57.0214)		
TraesCS4A03G0775200LC.1	TraesCS4A03G0775200LC.1	TraesCS4A03G0775200LC.1		1280	false	false		TraesCS4A03G0775200LC.1		1.33	0.0000	0.0612	0.00287562904385	1	1	1	1	1	1	     0	     0	     0			
TraesCS4A03G0784600LC.1	TraesCS4A03G0784600LC.1	TraesCS4A03G0784600LC.1		649	false	false		TraesCS4A03G0784600LC.1		2.00	0.0000	0.1821	0.00287562904385	1	1	1	1	1	1	     0	     0	     0	11M(15.9949)		
TraesCS4A03G0789000.1	TraesCS4A03G0789000.1	TraesCS4A03G0789000.1		559	false	false		TraesCS4A03G0789000.1		7.33	0.0000	0.2158	0.00287562904385	1	0	1	1	0	1	     0	     0	     0	23C(57.0214), 38M(15.9949), 40C(57.0214)		TraesCS4A03G0789000.2, TraesCS4A03G0789000.3, TraesCS5B03G1365700.1, TraesCS5B03G1365700.2, TraesCS5B03G1365700.3, TraesCS5D03G1201000.1
TraesCS4A03G0800500.1	TraesCS4A03G0800500.1	TraesCS4A03G0800500.1		209	false	false		TraesCS4A03G0800500.1		15.79	0.0000	0.0650	0.00287562904385	1	1	1	1	1	1	     0	     0	     0	10C(57.0214), 30C(57.0214)		
TraesCS4A03G0807700LC.1	TraesCS4A03G0807700LC.1	TraesCS4A03G0807700LC.1		321	false	false		TraesCS4A03G0807700LC.1		3.43	0.0000	0.0000	0.00287562904385	1	0	1	1	0	1	     0	     0	     0			TraesCS7A03G0771800.1, TraesCS7D03G0740000.1
TraesCS4A03G0809900LC.1	TraesCS4A03G0809900LC.1	TraesCS4A03G0809900LC.1		724	false	false		TraesCS4A03G0809900LC.1		1.38	0.0000	0.1346	0.00287562904385	1	0	1	1	0	1	     0	     0	     0	8C(57.0214)		TraesCS6A03G0119800LC.1
TraesCS4A03G0811500.1	TraesCS4A03G0811500.1	TraesCS4A03G0811500.1		157	false	false		TraesCS4A03G0811500.1		11.46	0.0000	0.1233	0.00287562904385	1	1	1	1	1	1	     0	     0	     0			
TraesCS4A03G0815900.2	TraesCS4A03G0815900.2	TraesCS4A03G0815900.2		539	false	false		TraesCS4A03G0815900.2		1.67	0.0000	0.0740	0.00287562904385	1	1	1	1	1	1	     0	     0	     0			
TraesCS4A03G0820000LC.1	TraesCS4A03G0820000LC.1	TraesCS4A03G0820000LC.1		506	false	false		TraesCS4A03G0820000LC.1		1.58	0.0000	0.0000	0.00287562904385	1	0	1	1	0	1	     0	     0	     0	N-term(42.0106)		
TraesCS4A03G0828700.1	TraesCS4A03G0828700.1	TraesCS4A03G0828700.1		294	false	false		TraesCS4A03G0828700.1		5.10	0.0000	0.0999	0.00287562904385	1	0	1	1	0	1	     0	     0	     0			TraesCS5B03G1313300.1, TraesCS5D03G1173000.1
TraesCS4A03G0835400.1	TraesCS4A03G0835400.1	TraesCS4A03G0835400.1		253	false	false		TraesCS4A03G0835400.1		9.88	0.0000	0.0595	0.00287562904385	1	0	1	1	0	1	     0	     0	     0			TraesCS5B03G1307000.1, TraesCS5D03G1168000LC.1
TraesCS4A03G0846800.1	TraesCS4A03G0846800.1	TraesCS4A03G0846800.1		300	false	false		TraesCS4A03G0846800.1		4.33	0.0000	0.0682	0.00287562904385	1	1	1	1	1	1	     0	     0	     0	10M(15.9949)		
TraesCS4A03G0865200.1	TraesCS4A03G0865200.1	TraesCS4A03G0865200.1		735	false	false		TraesCS4A03G0865200.1		1.22	0.0000	0.3206	0.00287562904385	1	0	1	1	0	1	     0	     0	     0			TraesCS5D03G1141300.1
TraesCS4A03G0866200.1	TraesCS4A03G0866200.1	TraesCS4A03G0866200.1		2029	false	false		TraesCS4A03G0866200.1		0.49	0.0000	0.0600	0.00287562904385	1	1	1	1	1	1	     0	     0	     0	4M(15.9949)		
TraesCS4A03G0878900.1	TraesCS4A03G0878900.1	TraesCS4A03G0878900.1		211	false	false		TraesCS4A03G0878900.1		4.74	0.0000	0.1170	0.00287562904385	1	0	1	2	0	2	     0	     0	     0			TraesCS5B03G1254800.1, TraesCS5D03G1127000.1
TraesCS4A03G0888400LC.1	TraesCS4A03G0888400LC.1	TraesCS4A03G0888400LC.1		170	false	false		TraesCS4A03G0888400LC.1		4.71	0.0000	0.0587	0.00287562904385	1	1	1	1	1	1	     0	     0	     0			
TraesCS4A03G0891100LC.1	TraesCS4A03G0891100LC.1	TraesCS4A03G0891100LC.1		4802	false	false		TraesCS4A03G0891100LC.1		0.58	0.0000	0.1322	0.00287562904385	1	1	1	1	1	1	     0	     0	     0	2M(15.9949), 4M(15.9949)		
TraesCS4A03G0907400.1	TraesCS4A03G0907400.1	TraesCS4A03G0907400.1		732	false	false		TraesCS4A03G0907400.1		1.78	0.0000	0.0535	0.00287562904385	1	1	1	1	1	1	     0	     0	     0	10M(15.9949)		
TraesCS4A03G0919800LC.1	TraesCS4A03G0919800LC.1	TraesCS4A03G0919800LC.1		257	false	false		TraesCS4A03G0919800LC.1		2.72	0.0000	0.1222	0.00287562904385	1	1	1	1	1	1	     0	     0	     0			
TraesCS4A03G0968600.1	TraesCS4A03G0968600.1	TraesCS4A03G0968600.1		766	false	false		TraesCS4A03G0968600.1		0.91	0.0000	0.0783	0.00287562904385	1	0	1	1	0	1	     0	     0	     0			TraesCS7B03G0509900.1, TraesCS7B03G0509900.2
TraesCS4A03G0975900.1	TraesCS4A03G0975900.1	TraesCS4A03G0975900.1		725	false	false		TraesCS4A03G0975900.1		2.07	0.0000	0.0588	0.00287562904385	1	0	1	1	0	1	     0	     0	     0			TraesCS7D03G0198300.1
TraesCS4A03G0989800.1	TraesCS4A03G0989800.1	TraesCS4A03G0989800.1		427	false	false		TraesCS4A03G0989800.1		3.51	0.0000	0.1028	0.00287562904385	1	0	1	1	0	1	     0	     0	     0	12C(57.0214)		TraesCS7D03G0213900.1
TraesCS4A03G0998300LC.1	TraesCS4A03G0998300LC.1	TraesCS4A03G0998300LC.1		209	false	false		TraesCS4A03G0998300LC.1		5.26	0.0000	0.1147	0.00287562904385	1	1	1	1	1	1	     0	     0	     0			
TraesCS4A03G1008200.1	TraesCS4A03G1008200.1	TraesCS4A03G1008200.1		388	false	false		TraesCS4A03G1008200.1		2.32	0.0000	0.0740	0.00287562904385	1	0	1	1	0	1	     0	     0	     0			TraesCS4B03G0798400.1
TraesCS4A03G1014300LC.1	TraesCS4A03G1014300LC.1	TraesCS4A03G1014300LC.1		548	false	false		TraesCS4A03G1014300LC.1		2.74	0.0000	0.0505	0.00287562904385	1	1	1	1	1	1	     0	     0	     0			
TraesCS4A03G1020800LC.1	TraesCS4A03G1020800LC.1	TraesCS4A03G1020800LC.1		469	false	false		TraesCS4A03G1020800LC.1		3.20	0.0000	0.0932	0.00287562904385	1	1	1	1	1	1	     0	     0	     0			
TraesCS4A03G1023000.1	TraesCS4A03G1023000.1	TraesCS4A03G1023000.1		263	false	false		TraesCS4A03G1023000.1		4.18	0.0000	0.1236	0.00287562904385	1	1	1	1	1	1	     0	     0	     0	10M(15.9949)		
TraesCS4A03G1031700LC.1	TraesCS4A03G1031700LC.1	TraesCS4A03G1031700LC.1		134	false	false		TraesCS4A03G1031700LC.1		17.91	0.0000	0.1614	0.00287562904385	1	1	1	1	1	1	     0	     0	     0			
TraesCS4A03G1034100.1	TraesCS4A03G1034100.1	TraesCS4A03G1034100.1		1013	false	false		TraesCS4A03G1034100.1		0.79	0.0000	0.1893	0.00287562904385	1	0	1	2	0	2	     0	     0	     0			TraesCS4A03G1034200.1
TraesCS4A03G1079000.1	TraesCS4A03G1079000.1	TraesCS4A03G1079000.1		517	false	false		TraesCS4A03G1079000.1		2.71	0.0000	0.4031	0.00287562904385	1	0	1	1	0	1	     0	     0	     0			
TraesCS4A03G1084500LC.1	TraesCS4A03G1084500LC.1	TraesCS4A03G1084500LC.1		150	false	false		TraesCS4A03G1084500LC.1		8.00	0.0000	0.0796	0.00287562904385	1	1	1	1	1	1	     0	     0	     0	11C(57.0214), 1M(15.9949)		
TraesCS4A03G1087000.1	TraesCS4A03G1087000.1	TraesCS4A03G1087000.1		235	false	false		TraesCS4A03G1087000.1		4.68	0.0000	0.0836	0.00287562904385	1	0	1	1	0	1	     0	     0	     0			
TraesCS4A03G1115500.1	TraesCS4A03G1115500.1	TraesCS4A03G1115500.1		511	false	false		TraesCS4A03G1115500.1		1.76	0.0000	0.0634	0.00287562904385	1	0	1	1	0	1	     0	     0	     0			TraesCS6A03G0010800.1, TraesCS7D03G0084100LC.1
TraesCS4A03G1116400.1	TraesCS4A03G1116400.1	TraesCS4A03G1116400.1		926	false	false		TraesCS4A03G1116400.1		0.76	0.0000	0.0000	0.00287562904385	1	0	1	1	0	1	     0	     0	     0	6C(57.0214)		TraesCS7A03G0091400.1, TraesCS7D03G0081900.1
TraesCS4A03G1117200.1	TraesCS4A03G1117200.1	TraesCS4A03G1117200.1		498	false	false		TraesCS4A03G1117200.1		1.81	0.0000	0.1607	0.00287562904385	1	1	1	1	1	1	     0	     0	     0			
TraesCS4A03G1126900LC.1	TraesCS4A03G1126900LC.1	TraesCS4A03G1126900LC.1		102	false	false		TraesCS4A03G1126900LC.1		7.84	0.0000	0.1500	0.00287562904385	1	1	1	1	1	1	     0	     0	     0			
TraesCS4A03G1131400.1	TraesCS4A03G1131400.1	TraesCS4A03G1131400.1		895	false	false		TraesCS4A03G1131400.1		1.34	0.0000	0.2565	0.00287562904385	1	0	1	1	0	1	     0	     0	     0			TraesCS7A03G0079800.1, TraesCS7D03G0075800.1
TraesCS4A03G1133700.3	TraesCS4A03G1133700.3	TraesCS4A03G1133700.3		554	false	false		TraesCS4A03G1133700.3		24.91	0.0000	0.3172	0.00287562904385	7	0	1	28	0	1	     0	     0	     0			
TraesCS4A03G1180100LC.1	TraesCS4A03G1180100LC.1	TraesCS4A03G1180100LC.1		333	false	false		TraesCS4A03G1180100LC.1		8.11	0.0000	0.0536	0.00287562904385	1	1	1	1	1	1	     0	     0	     0			
TraesCS4A03G1214300.1	TraesCS4A03G1214300.1	TraesCS4A03G1214300.1		532	false	false		TraesCS4A03G1214300.1		5.45	0.0000	0.0556	0.00287562904385	1	1	1	1	1	1	     0	     0	     0	24C(57.0214)		
TraesCS4A03G1223000.1	TraesCS4A03G1223000.1	TraesCS4A03G1223000.1		613	false	false		TraesCS4A03G1223000.1		2.61	0.0000	0.1048	0.00287562904385	1	0	1	1	0	1	     0	     0	     0	13M(15.9949)		TraesCS4A03G1223000.2, TraesCS4A03G1223000.3, TraesCS4A03G1224500.1, TraesCS7A03G0018100.1, TraesCS7D03G0020100.1, TraesCS7D03G0021900.1
TraesCS4A03G1229700LC.1	TraesCS4A03G1229700LC.1	TraesCS4A03G1229700LC.1		129	false	false		TraesCS4A03G1229700LC.1		13.95	0.0000	0.0713	0.00287562904385	1	0	1	1	0	1	     0	     0	     0			TraesCS6A03G1020700LC.1
TraesCS4A03G1249200.1	TraesCS4A03G1249200.1	TraesCS4A03G1249200.1		483	false	false		TraesCS4A03G1249200.1		2.90	0.0000	0.3312	0.00287562904385	1	1	1	1	1	1	     0	     0	     0	10C(57.0214), 11M(15.9949), 13M(15.9949)		
TraesCS4B03G0012600LC.1	TraesCS4B03G0012600LC.1	TraesCS4B03G0012600LC.1		89	false	false		TraesCS4B03G0012600LC.1		11.24	0.0000	0.1908	0.00287562904385	1	1	1	2	2	2	     0	     0	     0			
TraesCS4B03G0027200.1	TraesCS4B03G0027200.1	TraesCS4B03G0027200.1		1049	false	false		TraesCS4B03G0027200.1		0.86	0.0000	0.1495	0.00287562904385	1	1	1	1	1	1	     0	     0	     0			
TraesCS4B03G0041500.1	TraesCS4B03G0041500.1	TraesCS4B03G0041500.1		163	false	false		TraesCS4B03G0041500.1		12.27	0.0000	0.0516	0.00287562904385	1	1	1	1	1	1	     0	     0	     0			
TraesCS4B03G0045000.1	TraesCS4B03G0045000.1	TraesCS4B03G0045000.1		127	false	false		TraesCS4B03G0045000.1		7.87	0.0000	0.0964	0.00287562904385	1	1	1	1	1	1	     0	     0	     0			
TraesCS4B03G0060300.1	TraesCS4B03G0060300.1	TraesCS4B03G0060300.1		545	false	false		TraesCS4B03G0060300.1		4.22	0.0000	0.2516	0.00287562904385	1	0	1	1	0	1	     0	     0	     0			TraesCS4B03G0060300.2
TraesCS4B03G0077500LC.1	TraesCS4B03G0077500LC.1	TraesCS4B03G0077500LC.1		104	false	false		TraesCS4B03G0077500LC.1		26.92	0.0000	0.0540	0.00287562904385	1	1	1	1	1	1	     0	     0	     0	21M(15.9949)		
TraesCS4B03G0081000LC.1	TraesCS4B03G0081000LC.1	TraesCS4B03G0081000LC.1		194	false	false		TraesCS4B03G0081000LC.1		11.34	0.0000	0.0842	0.00287562904385	1	1	1	1	1	1	     0	     0	     0			
TraesCS4B03G0102100LC.1	TraesCS4B03G0102100LC.1	TraesCS4B03G0102100LC.1		160	false	false		TraesCS4B03G0102100LC.1		9.38	0.0000	0.1938	0.00287562904385	1	1	1	1	1	1	     0	     0	     0			
TraesCS4B03G0122700.1	TraesCS4B03G0122700.1	TraesCS4B03G0122700.1		96	false	false		TraesCS4B03G0122700.1		7.29	0.0000	0.0586	0.00287562904385	1	0	1	1	0	1	     0	     0	     0			
TraesCS4B03G0179300.1	TraesCS4B03G0179300.1	TraesCS4B03G0179300.1		402	false	false		TraesCS4B03G0179300.1		3.98	0.0000	0.3047	0.00287562904385	1	1	1	1	1	1	     0	     0	     0			
TraesCS4B03G0203400LC.1	TraesCS4B03G0203400LC.1	TraesCS4B03G0203400LC.1		146	false	false		TraesCS4B03G0203400LC.1		6.16	0.0000	0.1259	0.00287562904385	1	1	1	1	1	1	     0	     0	     0			
TraesCS4B03G0232900.1	TraesCS4B03G0232900.1	TraesCS4B03G0232900.1		330	false	false		TraesCS4B03G0232900.1		2.73	0.0000	0.1848	0.00287562904385	1	1	1	1	1	1	     0	     0	     0			
TraesCS4B03G0286700LC.1	TraesCS4B03G0286700LC.1	TraesCS4B03G0286700LC.1		264	false	false		TraesCS4B03G0286700LC.1		3.79	0.0000	0.0723	0.00287562904385	1	1	1	1	1	1	     0	     0	     0	6C(57.0214)		
TraesCS4B03G0291300LC.1	TraesCS4B03G0291300LC.1	TraesCS4B03G0291300LC.1		133	false	false		TraesCS4B03G0291300LC.1		6.02	0.0000	0.3151	0.00287562904385	1	1	1	1	1	1	     0	     0	     0	2M(15.9949), 3C(57.0214)		
TraesCS4B03G0320300.1	TraesCS4B03G0320300.1	TraesCS4B03G0320300.1		254	false	false		TraesCS4B03G0320300.1		14.17	0.0000	0.0990	0.00287562904385	1	1	1	1	1	1	     0	     0	     0	12M(15.9949)		
TraesCS4B03G0343800LC.1	TraesCS4B03G0343800LC.1	TraesCS4B03G0343800LC.1		89	false	false		TraesCS4B03G0343800LC.1		8.99	0.0000	0.0751	0.00287562904385	1	1	1	1	1	1	     0	     0	     0			
TraesCS4B03G0357700LC.1	TraesCS4B03G0357700LC.1	TraesCS4B03G0357700LC.1		108	false	false		TraesCS4B03G0357700LC.1		7.41	0.0000	0.1076	0.00287562904385	1	0	1	1	0	1	     0	     0	     0	N-term(42.0106)		
TraesCS4B03G0408800LC.1	TraesCS4B03G0408800LC.1	TraesCS4B03G0408800LC.1		794	false	false		TraesCS4B03G0408800LC.1		1.51	0.0000	0.1889	0.00287562904385	1	1	1	1	1	1	     0	     0	     0	5C(57.0214), 8C(57.0214)		
TraesCS4B03G0434100.1	TraesCS4B03G0434100.1	TraesCS4B03G0434100.1		362	false	false		TraesCS4B03G0434100.1		4.70	0.0000	0.3550	0.00287562904385	1	1	1	1	1	1	     0	     0	     0	16M(15.9949)		
TraesCS4B03G0533000.1	TraesCS4B03G0533000.1	TraesCS4B03G0533000.1		600	false	false		TraesCS4B03G0533000.1		4.83	0.0000	0.2575	0.00287562904385	1	1	1	1	1	1	     0	     0	     0	2M(15.9949), 6C(57.0214), 7C(57.0214)		
TraesCS4B03G0539200LC.1	TraesCS4B03G0539200LC.1	TraesCS4B03G0539200LC.1		180	false	false		TraesCS4B03G0539200LC.1		3.89	0.0000	0.4013	0.00287562904385	1	1	1	1	1	1	     0	     0	     0	5C(57.0214)		
TraesCS4B03G0645800.1	TraesCS4B03G0645800.1	TraesCS4B03G0645800.1		901	false	false		TraesCS4B03G0645800.1		1.00	0.0000	0.1885	0.00287562904385	1	1	1	1	1	1	     0	     0	     0			
TraesCS4B03G0724300LC.1	TraesCS4B03G0724300LC.1	TraesCS4B03G0724300LC.1		125	false	false		TraesCS4B03G0724300LC.1		8.80	0.0000	0.0920	0.00287562904385	1	1	1	1	1	1	     0	     0	     0			
TraesCS4B03G0738700LC.1	TraesCS4B03G0738700LC.1	TraesCS4B03G0738700LC.1		261	false	false		TraesCS4B03G0738700LC.1		2.68	0.0000	0.3031	0.00287562904385	1	0	1	1	0	1	     0	     0	     0			TraesCS5B03G1379000LC.1
TraesCS4B03G0760100.1	TraesCS4B03G0760100.1	TraesCS4B03G0760100.1		132	false	false		TraesCS4B03G0760100.1		5.30	0.0000	0.2707	0.00287562904385	1	1	1	1	1	1	     0	     0	     0			
TraesCS4B03G0780000.1	TraesCS4B03G0780000.1	TraesCS4B03G0780000.1		163	false	false		TraesCS4B03G0780000.1		11.66	0.0000	0.0574	0.00287562904385	1	1	1	1	1	1	     0	     0	     0	4M(15.9949)		
TraesCS4B03G0787500LC.1	TraesCS4B03G0787500LC.1	TraesCS4B03G0787500LC.1		133	false	false		TraesCS4B03G0787500LC.1		15.79	0.0000	0.1037	0.00287562904385	1	1	1	1	1	1	     0	     0	     0	18C(57.0214)		
TraesCS4B03G0793200LC.1	TraesCS4B03G0793200LC.1	TraesCS4B03G0793200LC.1		544	false	false		TraesCS4B03G0793200LC.1		2.57	0.0000	0.1342	0.00287562904385	1	1	1	1	1	1	     0	     0	     0			
TraesCS4B03G0806100.1	TraesCS4B03G0806100.1	TraesCS4B03G0806100.1		658	false	false		TraesCS4B03G0806100.1		4.71	0.0000	0.0536	0.00287562904385	1	1	1	1	1	1	     0	     0	     0			
TraesCS4B03G0832200.2	TraesCS4B03G0832200.2	TraesCS4B03G0832200.2		865	false	false		TraesCS4B03G0832200.2		1.16	0.0000	0.1144	0.00287562904385	1	0	1	1	0	1	     0	     0	     0			TraesCS4B03G0832200.3, TraesCS4D03G0740800.3, TraesCS4D03G0740800.4
TraesCS4B03G0866300LC.1	TraesCS4B03G0866300LC.1	TraesCS4B03G0866300LC.1		279	false	false		TraesCS4B03G0866300LC.1		3.23	0.0000	0.0576	0.00287562904385	1	1	1	1	1	1	     0	     0	     0	1M(15.9949)		
TraesCS4B03G0903700.1	TraesCS4B03G0903700.1	TraesCS4B03G0903700.1		220	false	false		TraesCS4B03G0903700.1		7.73	0.0000	0.9990	0.00000000000000	1	0	1	2	0	2	     0	     0	     0			
TraesCS4B03G0909800LC.1	TraesCS4B03G0909800LC.1	TraesCS4B03G0909800LC.1		893	false	false		TraesCS4B03G0909800LC.1		1.34	0.0000	0.0965	0.00287562904385	1	1	1	1	1	1	     0	     0	     0			
TraesCS4B03G0922000LC.1	TraesCS4B03G0922000LC.1	TraesCS4B03G0922000LC.1		342	false	false		TraesCS4B03G0922000LC.1		3.80	0.0000	0.4112	0.00287562904385	1	1	1	1	1	1	     0	     0	     0			
TraesCS4B03G0944100LC.1	TraesCS4B03G0944100LC.1	TraesCS4B03G0944100LC.1		414	false	false		TraesCS4B03G0944100LC.1		3.86	0.0000	0.2260	0.00287562904385	1	1	1	1	1	1	     0	     0	     0			
TraesCS4B03G0946500.1	TraesCS4B03G0946500.1	TraesCS4B03G0946500.1		449	false	false		TraesCS4B03G0946500.1		10.91	0.0000	0.2671	0.00287562904385	4	0	1	6	0	2	     0	     0	     0			TraesCS5A03G1247300.1
TraesCS4B03G0963700.1	TraesCS4B03G0963700.1	TraesCS4B03G0963700.1		854	false	false		TraesCS4B03G0963700.1		2.46	0.0000	0.3786	0.00287562904385	1	1	1	1	1	1	     0	     0	     0	10M(15.9949)		
TraesCS4B03G0979900.1	TraesCS4B03G0979900.1	TraesCS4B03G0979900.1		549	false	false		TraesCS4B03G0979900.1		5.28	0.0000	0.0652	0.00287562904385	1	1	1	1	1	1	     0	     0	     0	13M(15.9949)		
TraesCS4B03G0983000LC.1	TraesCS4B03G0983000LC.1	TraesCS4B03G0983000LC.1		132	false	false		TraesCS4B03G0983000LC.1		13.64	0.0000	0.3844	0.00287562904385	1	0	1	1	0	1	     0	     0	     0	9M(15.9949)		TraesCS5A03G1286000.1
TraesCS4B03G0984700.1	TraesCS4B03G0984700.1	TraesCS4B03G0984700.1		472	false	false		TraesCS4B03G0984700.1		2.54	0.0000	0.0000	0.00287562904385	1	0	1	1	0	1	     0	     0	     0			TraesCSU03G0222800LC.1
TraesCS4B03G0986300.1	TraesCS4B03G0986300.1	TraesCS4B03G0986300.1		676	false	false		TraesCS4B03G0986300.1		1.63	0.0000	0.1522	0.00287562904385	1	1	1	1	1	1	     0	     0	     0			
TraesCS4B03G0997400.1	TraesCS4B03G0997400.1	TraesCS4B03G0997400.1		570	false	false		TraesCS4B03G0997400.1		2.46	0.0000	0.0738	0.00287562904385	1	1	1	1	1	1	     0	     0	     0	4C(57.0214)		
TraesCS4D03G0000400LC.1	TraesCS4D03G0000400LC.1	TraesCS4D03G0000400LC.1		279	false	false		TraesCS4D03G0000400LC.1		6.81	0.0000	0.4000	0.00287562904385	1	1	1	1	1	1	     0	     0	     0			
TraesCS4D03G0058900.1	TraesCS4D03G0058900.1	TraesCS4D03G0058900.1		829	false	false		TraesCS4D03G0058900.1		1.45	0.0000	0.2087	0.00287562904385	1	1	1	1	1	1	     0	     0	     0			
TraesCS4D03G0117100LC.1	TraesCS4D03G0117100LC.1	TraesCS4D03G0117100LC.1		99	false	false		TraesCS4D03G0117100LC.1		12.12	0.0000	0.1304	0.00287562904385	1	1	1	1	1	1	     0	     0	     0			
TraesCS4D03G0148900LC.1	TraesCS4D03G0148900LC.1	TraesCS4D03G0148900LC.1		639	false	false		TraesCS4D03G0148900LC.1		4.23	0.0000	0.0548	0.00287562904385	1	1	1	1	1	1	     0	     0	     0			
TraesCS4D03G0160000LC.1	TraesCS4D03G0160000LC.1	TraesCS4D03G0160000LC.1		168	false	false		TraesCS4D03G0160000LC.1		4.17	0.0000	0.0571	0.00287562904385	1	0	1	1	0	1	     0	     0	     0			
TraesCS4D03G0163400LC.1	TraesCS4D03G0163400LC.1	TraesCS4D03G0163400LC.1		175	false	false		TraesCS4D03G0163400LC.1		7.43	0.0000	0.1081	0.00287562904385	1	1	1	1	1	1	     0	     0	     0			
TraesCS4D03G0213500.1	TraesCS4D03G0213500.1	TraesCS4D03G0213500.1		740	false	false		TraesCS4D03G0213500.1		1.35	0.0000	0.1350	0.00287562904385	1	1	1	1	1	1	     0	     0	     0			
TraesCS4D03G0262800.1	TraesCS4D03G0262800.1	TraesCS4D03G0262800.1		256	false	false		TraesCS4D03G0262800.1		8.98	0.0000	0.1843	0.00287562904385	1	1	1	1	1	1	     0	     0	     0			
TraesCS4D03G0291300.1	TraesCS4D03G0291300.1	TraesCS4D03G0291300.1		168	false	false		TraesCS4D03G0291300.1		5.36	0.0000	0.2500	0.00287562904385	1	0	1	1	0	1	     0	     0	     0	1M(15.9949)		TraesCSU03G0067600.1
TraesCS4D03G0322600LC.1	TraesCS4D03G0322600LC.1	TraesCS4D03G0322600LC.1		119	false	false		TraesCS4D03G0322600LC.1		8.40	0.0000	0.1519	0.00287562904385	1	1	1	1	1	1	     0	     0	     0			
TraesCS4D03G0415500LC.1	TraesCS4D03G0415500LC.1	TraesCS4D03G0415500LC.1		118	false	false		TraesCS4D03G0415500LC.1		7.63	0.0000	0.1380	0.00287562904385	1	1	1	1	1	1	     0	     0	     0	8C(57.0214)		
TraesCS4D03G0436900LC.1	TraesCS4D03G0436900LC.1	TraesCS4D03G0436900LC.1		724	false	false		TraesCS4D03G0436900LC.1		1.66	0.0000	0.0591	0.00287562904385	1	1	1	1	1	1	     0	     0	     0			
TraesCS4D03G0546500LC.1	TraesCS4D03G0546500LC.1	TraesCS4D03G0546500LC.1		140	false	false		TraesCS4D03G0546500LC.1		22.86	0.0000	0.1364	0.00287562904385	1	1	1	1	1	1	     0	     0	     0	24M(15.9949), 30M(15.9949)		
TraesCS4D03G0550500LC.1	TraesCS4D03G0550500LC.1	TraesCS4D03G0550500LC.1		124	false	false		TraesCS4D03G0550500LC.1		5.65	0.0000	0.1331	0.00287562904385	1	0	1	1	0	1	     0	     0	     0	1M(15.9949)		TraesCS6A03G1024300LC.1
TraesCS4D03G0607300.1	TraesCS4D03G0607300.1	TraesCS4D03G0607300.1		600	false	false		TraesCS4D03G0607300.1		1.50	0.0000	0.0518	0.00287562904385	1	1	1	1	1	1	     0	     0	     0			
TraesCS4D03G0614500LC.1	TraesCS4D03G0614500LC.1	TraesCS4D03G0614500LC.1		460	false	false		TraesCS4D03G0614500LC.1		8.04	0.0000	0.4085	0.00287562904385	2	1	1	2	1	1	     0	     0	     0			
TraesCS4D03G0732600LC.1	TraesCS4D03G0732600LC.1	TraesCS4D03G0732600LC.1		452	false	false		TraesCS4D03G0732600LC.1		2.21	0.0000	0.0879	0.00287562904385	1	0	1	1	0	1	     0	     0	     0	8M(15.9949)		TraesCS4D03G0732600LC.2
TraesCS4D03G0819600.1	TraesCS4D03G0819600.1	TraesCS4D03G0819600.1		709	false	false		TraesCS4D03G0819600.1		1.27	0.0000	0.0997	0.00287562904385	1	0	1	1	0	1	     0	     0	     0	5M(15.9949)		TraesCS5A03G1236300.1
TraesCS4D03G0841500LC.1	TraesCS4D03G0841500LC.1	TraesCS4D03G0841500LC.1		318	false	false		TraesCS4D03G0841500LC.1		2.83	0.0000	0.1211	0.00287562904385	1	1	1	1	1	1	     0	     0	     0			
TraesCS5A03G0014600LC.1	TraesCS5A03G0014600LC.1	TraesCS5A03G0014600LC.1		102	false	false		TraesCS5A03G0014600LC.1		15.69	0.0000	0.0643	0.00287562904385	1	1	1	1	1	1	     0	     0	     0	2M(15.9949)		
TraesCS5A03G0025900LC.1	TraesCS5A03G0025900LC.1	TraesCS5A03G0025900LC.1		113	false	false		TraesCS5A03G0025900LC.1		7.08	0.0000	0.2399	0.00287562904385	1	1	1	1	1	1	     0	     0	     0	6M(15.9949)		
TraesCS5A03G0071000LC.1	TraesCS5A03G0071000LC.1	TraesCS5A03G0071000LC.1		325	false	false		TraesCS5A03G0071000LC.1		8.00	0.0000	0.1402	0.00287562904385	1	1	1	1	1	1	     0	     0	     0			
TraesCS5A03G0104600LC.1	TraesCS5A03G0104600LC.1	TraesCS5A03G0104600LC.1		427	false	false		TraesCS5A03G0104600LC.1		3.98	0.0000	0.1062	0.00287562904385	1	1	1	1	1	1	     0	     0	     0	2M(15.9949)		
TraesCS5A03G0106600.1	TraesCS5A03G0106600.1	TraesCS5A03G0106600.1		374	false	false		TraesCS5A03G0106600.1		2.67	0.0000	0.0635	0.00287562904385	1	0	1	1	0	1	     0	     0	     0			TraesCS5D03G0126700.1
TraesCS5A03G0161600LC.1	TraesCS5A03G0161600LC.1	TraesCS5A03G0161600LC.1		95	false	false		TraesCS5A03G0161600LC.1		11.58	0.0000	0.0775	0.00287562904385	1	0	1	1	0	1	     0	     0	     0			TraesCS5B03G0171600LC.1, TraesCS5D03G0179000.1
TraesCS5A03G0186300.1	TraesCS5A03G0186300.1	TraesCS5A03G0186300.1		193	false	false		TraesCS5A03G0186300.1		3.63	0.0000	0.1827	0.00287562904385	1	0	1	1	0	1	     0	     0	     0			decoy_115068, decoy_120882, decoy_127920
TraesCS5A03G0191100LC.1	TraesCS5A03G0191100LC.1	TraesCS5A03G0191100LC.1		145	false	false		TraesCS5A03G0191100LC.1		8.28	0.0000	0.0566	0.00287562904385	1	0	1	1	0	1	     0	     0	     0			TraesCS5A03G0191100LC.2
TraesCS5A03G0198400.1	TraesCS5A03G0198400.1	TraesCS5A03G0198400.1		684	false	false		TraesCS5A03G0198400.1		2.49	0.0000	0.0945	0.00287562904385	1	0	1	1	0	1	     0	     0	     0	11C(57.0214)		TraesCS5B03G0219100.1, TraesCS5D03G0223800.1
TraesCS5A03G0216100.1	TraesCS5A03G0216100.1	TraesCS5A03G0216100.1		858	false	false		TraesCS5A03G0216100.1		1.98	0.0000	0.0989	0.00287562904385	1	1	1	1	1	1	     0	     0	     0			
TraesCS5A03G0242000.1	TraesCS5A03G0242000.1	TraesCS5A03G0242000.1		660	false	false		TraesCS5A03G0242000.1		2.27	0.0000	0.0654	0.00287562904385	1	1	1	1	1	1	     0	     0	     0			
TraesCS5A03G0263200LC.1	TraesCS5A03G0263200LC.1	TraesCS5A03G0263200LC.1		287	false	false		TraesCS5A03G0263200LC.1		2.79	0.0000	0.0871	0.00287562904385	1	1	1	1	1	1	     0	     0	     0			
TraesCS5A03G0289400.1	TraesCS5A03G0289400.1	TraesCS5A03G0289400.1		167	false	false		TraesCS5A03G0289400.1		10.78	0.0000	0.0657	0.00287562904385	1	1	1	1	1	1	     0	     0	     0	N-term(42.0106)		
TraesCS5A03G0340800LC.1	TraesCS5A03G0340800LC.1	TraesCS5A03G0340800LC.1		111	false	false		TraesCS5A03G0340800LC.1		32.43	0.0000	0.1164	0.00287562904385	1	1	1	1	1	1	     0	     0	     0			
TraesCS5A03G0362000.1	TraesCS5A03G0362000.1	TraesCS5A03G0362000.1		600	false	false		TraesCS5A03G0362000.1		2.17	0.0000	0.1146	0.00287562904385	1	0	1	1	0	1	     0	     0	     0			TraesCS5B03G0349400.1, TraesCS5B03G0349400.2, TraesCS5D03G0344900.1, TraesCS5D03G0344900.2
TraesCS5A03G0389300.1	TraesCS5A03G0389300.1	TraesCS5A03G0389300.1		776	false	false		TraesCS5A03G0389300.1		1.68	0.0000	0.0841	0.00287562904385	1	0	1	1	0	1	     0	     0	     0			TraesCS5A03G0389300.2, TraesCS5B03G0386800.1, TraesCS5D03G0377300.1
TraesCS5A03G0391000.1	TraesCS5A03G0391000.1	TraesCS5A03G0391000.1		479	false	false		TraesCS5A03G0391000.1		1.88	0.0000	0.2775	0.00287562904385	1	0	1	1	0	1	     0	     0	     0			TraesCS5B03G0380200.1, TraesCS5B03G0380200.2, TraesCS5B03G0380200.3, TraesCS5D03G0378400.1, TraesCS5D03G0378400.2
TraesCS5A03G0406100.1	TraesCS5A03G0406100.1	TraesCS5A03G0406100.1		338	false	false		TraesCS5A03G0406100.1		2.96	0.0000	0.1497	0.00287562904385	1	1	1	1	1	1	     0	     0	     0	6C(57.0214)		
TraesCS5A03G0421300.4	TraesCS5A03G0421300.4	TraesCS5A03G0421300.4		585	false	false		TraesCS5A03G0421300.4		2.22	0.0000	0.0558	0.00287562904385	1	0	1	1	0	1	     0	     0	     0	1M(15.9949)		TraesCS5A03G0421300.5, TraesCS5B03G0418800.1, TraesCS5B03G0418800.2, TraesCS5D03G0389800.1
TraesCS5A03G0441200.2	TraesCS5A03G0441200.2	TraesCS5A03G0441200.2		275	false	false		TraesCS5A03G0441200.2		2.55	0.0000	0.0000	0.00287562904385	1	0	1	1	0	1	     0	     0	     0			
TraesCS5A03G0457800.1	TraesCS5A03G0457800.1	TraesCS5A03G0457800.1		573	false	false		TraesCS5A03G0457800.1		3.14	0.0000	0.2378	0.00287562904385	1	0	1	1	0	1	     0	     0	     0			TraesCS5B03G0450700.1, TraesCS5D03G0423200.1
TraesCS5A03G0462900.1	TraesCS5A03G0462900.1	TraesCS5A03G0462900.1		385	false	false		TraesCS5A03G0462900.1		2.60	0.0000	0.1608	0.00287562904385	1	0	1	1	0	1	     0	     0	     0			TraesCS5D03G0427600.1
TraesCS5A03G0491000.1	TraesCS5A03G0491000.1	TraesCS5A03G0491000.1		620	false	false		TraesCS5A03G0491000.1		1.61	0.0000	0.0604	0.00287562904385	1	0	1	1	0	1	     0	     0	     0			TraesCS5A03G0491000.2, TraesCS5B03G0493600.1, TraesCS5B03G0493600.2, TraesCS5B03G0493600.3, TraesCS5D03G0456200.1
TraesCS5A03G0491700LC.1	TraesCS5A03G0491700LC.1	TraesCS5A03G0491700LC.1		180	false	false		TraesCS5A03G0491700LC.1		4.44	0.0000	0.0000	0.00287562904385	1	0	1	1	0	1	     0	     0	     0	N-term(42.0106)		
TraesCS5A03G0517200LC.1	TraesCS5A03G0517200LC.1	TraesCS5A03G0517200LC.1		115	false	false		TraesCS5A03G0517200LC.1		7.83	0.0000	0.0864	0.00287562904385	1	1	1	1	1	1	     0	     0	     0			
TraesCS5A03G0536400.1	TraesCS5A03G0536400.1	TraesCS5A03G0536400.1		226	false	false		TraesCS5A03G0536400.1		5.31	0.0000	0.0836	0.00287562904385	1	0	1	1	0	1	     0	     0	     0			TraesCS5B03G0547900.1, TraesCS5B03G0547900.2, TraesCS5D03G0499900.1, TraesCS5D03G0499900.2
TraesCS5A03G0549300.1	TraesCS5A03G0549300.1	TraesCS5A03G0549300.1		296	false	false		TraesCS5A03G0549300.1		11.49	0.0000	0.2560	0.00287562904385	1	1	1	1	1	1	     0	     0	     0	5C(57.0214)		
TraesCS5A03G0556100.2	TraesCS5A03G0556100.2	TraesCS5A03G0556100.2		380	false	false		TraesCS5A03G0556100.2		2.37	0.0000	0.2837	0.00287562904385	1	1	1	1	1	1	     0	     0	     0	1M(15.9949)		
TraesCS5A03G0589700.1	TraesCS5A03G0589700.1	TraesCS5A03G0589700.1		872	false	false		TraesCS5A03G0589700.1		2.29	0.0000	0.4083	0.00287562904385	1	0	1	1	0	1	     0	     0	     0			TraesCS5B03G0605400.1, TraesCS5D03G0547400.1, TraesCS6B03G0352100.1
TraesCS5A03G0597200.1	TraesCS5A03G0597200.1	TraesCS5A03G0597200.1		318	false	false		TraesCS5A03G0597200.1		5.97	0.0000	0.0775	0.00287562904385	1	0	1	1	0	1	     0	     0	     0	16M(15.9949)		TraesCS5A03G0597200.2, TraesCS5D03G0561400.1, TraesCS5D03G0561400.2
TraesCS5A03G0598300.1	TraesCS5A03G0598300.1	TraesCS5A03G0598300.1		497	false	false		TraesCS5A03G0598300.1		4.63	0.0000	0.1302	0.00287562904385	1	0	1	1	0	1	     0	     0	     0			TraesCS5A03G0598300.2, TraesCS5B03G0613100.1, TraesCS5B03G0613100.2, TraesCS5D03G0562800.1
TraesCS5A03G0601800.1	TraesCS5A03G0601800.1	TraesCS5A03G0601800.1		92	false	false		TraesCS5A03G0601800.1		14.13	0.0000	0.0818	0.00287562904385	1	1	1	1	1	1	     0	     0	     0			
TraesCS5A03G0610200.1	TraesCS5A03G0610200.1	TraesCS5A03G0610200.1		340	false	false		TraesCS5A03G0610200.1		3.24	0.0000	0.0545	0.00287562904385	1	1	1	1	1	1	     0	     0	     0	8M(15.9949)		
TraesCS5A03G0613600LC.1	TraesCS5A03G0613600LC.1	TraesCS5A03G0613600LC.1		208	false	false		TraesCS5A03G0613600LC.1		10.10	0.0000	0.0877	0.00287562904385	1	1	1	1	1	1	     0	     0	     0	16C(57.0214), 3M(15.9949)		
TraesCS5A03G0615000.1	TraesCS5A03G0615000.1	TraesCS5A03G0615000.1		328	false	false		TraesCS5A03G0615000.1		2.74	0.0000	0.0999	0.00287562904385	1	0	1	1	0	1	     0	     0	     0			TraesCS5A03G0615000.2
TraesCS5A03G0641600.1	TraesCS5A03G0641600.1	TraesCS5A03G0641600.1		112	false	false		TraesCS5A03G0641600.1		31.25	0.0000	0.0764	0.00287562904385	1	1	1	1	1	1	     0	     0	     0	18C(57.0214), 34M(15.9949)		
TraesCS5A03G0650400.1	TraesCS5A03G0650400.1	TraesCS5A03G0650400.1		441	false	false		TraesCS5A03G0650400.1		3.63	0.0000	0.3534	0.00287562904385	1	0	1	1	0	1	     0	     0	     0			TraesCS5A03G0650400.2, TraesCS5B03G0675300.1, TraesCS5B03G0675300.3, TraesCS5D03G0616300.1, TraesCS5D03G0616300.2
TraesCS5A03G0685000.1	TraesCS5A03G0685000.1	TraesCS5A03G0685000.1		386	false	false		TraesCS5A03G0685000.1		2.85	0.0000	0.3320	0.00287562904385	1	0	1	1	0	1	     0	     0	     0	1M(15.9949), 9C(57.0214)		TraesCS5A03G0685000.2, TraesCS5B03G0722700.1, TraesCS5B03G0722700.2, TraesCS5D03G0654900.1, TraesCS5D03G0654900.2, TraesCS5D03G0654900.3, TraesCS5D03G0654900.4, TraesCS5D03G0654900.5
TraesCS5A03G0688800.1	TraesCS5A03G0688800.1	TraesCS5A03G0688800.1		343	false	false		TraesCS5A03G0688800.1		3.79	0.0000	0.1347	0.00287562904385	1	0	1	1	0	1	     0	     0	     0			
TraesCS5A03G0712500.1	TraesCS5A03G0712500.1	TraesCS5A03G0712500.1		627	false	false		TraesCS5A03G0712500.1		6.54	0.0000	0.3559	0.00287562904385	1	0	1	1	0	1	     0	     0	     0			TraesCS5B03G0751600.1, TraesCS5D03G0681600.1
TraesCS5A03G0722400.1	TraesCS5A03G0722400.1	TraesCS5A03G0722400.1		982	false	false		TraesCS5A03G0722400.1		1.63	0.0000	0.0000	0.00287562904385	1	0	1	1	0	1	     0	     0	     0			TraesCS5A03G0722400.3, TraesCS5B03G0759900.1, TraesCS5B03G0759900.3
TraesCS5A03G0722900.1	TraesCS5A03G0722900.1	TraesCS5A03G0722900.1		330	false	false		TraesCS5A03G0722900.1		2.42	0.0000	0.1684	0.00287562904385	1	0	1	1	0	1	     0	     0	     0			TraesCS5B03G0760200.1, TraesCS5D03G0689700.1
TraesCS5A03G0729200LC.1	TraesCS5A03G0729200LC.1	TraesCS5A03G0729200LC.1		279	false	false		TraesCS5A03G0729200LC.1		8.96	0.0000	0.1117	0.00287562904385	1	1	1	1	1	1	     0	     0	     0	2M(15.9949)		
TraesCS5A03G0752000.1	TraesCS5A03G0752000.1	TraesCS5A03G0752000.1		406	false	false		TraesCS5A03G0752000.1		2.22	0.0000	0.0752	0.00287562904385	1	1	1	1	1	1	     0	     0	     0			
TraesCS5A03G0753700.1	TraesCS5A03G0753700.1	TraesCS5A03G0753700.1		369	false	false		TraesCS5A03G0753700.1		1.90	0.0000	0.1536	0.00287562904385	1	0	1	1	0	1	     0	     0	     0			TraesCS5B03G0788200.1
TraesCS5A03G0770800.1	TraesCS5A03G0770800.1	TraesCS5A03G0770800.1		512	false	false		TraesCS5A03G0770800.1		2.15	0.0000	0.0945	0.00287562904385	1	0	1	1	0	1	     0	     0	     0			TraesCS5B03G0806100.1, TraesCS5D03G0731200.1
TraesCS5A03G0783700.1	TraesCS5A03G0783700.1	TraesCS5A03G0783700.1		386	false	false		TraesCS5A03G0783700.1		2.59	0.0000	0.0000	0.00287562904385	1	0	1	1	0	1	     0	     0	     0			
TraesCS5A03G0785100.1	TraesCS5A03G0785100.1	TraesCS5A03G0785100.1		312	false	false		TraesCS5A03G0785100.1		4.17	0.0000	0.2500	0.00287562904385	1	0	1	1	0	1	     0	     0	     0			TraesCS5B03G0817900.1, TraesCS5D03G0743700.1
TraesCS5A03G0805800.1	TraesCS5A03G0805800.1	TraesCS5A03G0805800.1		175	false	false		TraesCS5A03G0805800.1		22.86	0.0000	0.1195	0.00287562904385	1	1	1	1	1	1	     0	     0	     0			
TraesCS5A03G0808200.1	TraesCS5A03G0808200.1	TraesCS5A03G0808200.1		747	false	false		TraesCS5A03G0808200.1		2.81	0.0000	0.0563	0.00287562904385	1	1	1	1	1	1	     0	     0	     0	18C(57.0214)		
TraesCS5A03G0814600LC.1	TraesCS5A03G0814600LC.1	TraesCS5A03G0814600LC.1		4978	false	false		TraesCS5A03G0814600LC.1		0.24	0.0000	0.2657	0.00287562904385	1	0	1	2	0	2	     0	     0	     0			TraesCS5A03G0814600LC.2
TraesCS5A03G0839300LC.1	TraesCS5A03G0839300LC.1	TraesCS5A03G0839300LC.1		650	false	false		TraesCS5A03G0839300LC.1		2.00	0.0000	0.3468	0.00287562904385	1	1	1	1	1	1	     0	     0	     0			
TraesCS5A03G0871900LC.1	TraesCS5A03G0871900LC.1	TraesCS5A03G0871900LC.1		222	false	false		TraesCS5A03G0871900LC.1		4.05	0.0000	0.1691	0.00287562904385	1	1	1	1	1	1	     0	     0	     0			
TraesCS5A03G0900600.1	TraesCS5A03G0900600.1	TraesCS5A03G0900600.1		458	false	false		TraesCS5A03G0900600.1		8.73	0.0000	0.1279	0.00287562904385	1	1	1	1	1	1	     0	     0	     0	16M(15.9949), 6M(15.9949)		
TraesCS5A03G0901600.1	TraesCS5A03G0901600.1	TraesCS5A03G0901600.1		778	false	false		TraesCS5A03G0901600.1		1.67	0.0000	0.1572	0.00287562904385	1	0	1	1	0	1	     0	     0	     0			TraesCS5B03G0947000.1, TraesCS5D03G0863200.1
TraesCS5A03G0907700.1	TraesCS5A03G0907700.1	TraesCS5A03G0907700.1		477	false	false		TraesCS5A03G0907700.1		2.73	0.0000	0.0547	0.00287562904385	1	0	1	1	0	1	     0	     0	     0			TraesCS5B03G0958500.1, TraesCS5D03G0869300.1
TraesCS5A03G0911800LC.1	TraesCS5A03G0911800LC.1	TraesCS5A03G0911800LC.1		146	false	false		TraesCS5A03G0911800LC.1		4.79	0.0000	0.0604	0.00287562904385	1	1	1	1	1	1	     0	     0	     0	3M(15.9949)		
TraesCS5A03G0917000LC.1	TraesCS5A03G0917000LC.1	TraesCS5A03G0917000LC.1		326	false	false		TraesCS5A03G0917000LC.1		4.29	0.0000	0.0776	0.00287562904385	1	1	1	1	1	1	     0	     0	     0	6M(15.9949)		
TraesCS5A03G0918100.1	TraesCS5A03G0918100.1	TraesCS5A03G0918100.1		469	false	false		TraesCS5A03G0918100.1		1.92	0.0000	0.2429	0.00287562904385	1	0	1	2	0	2	     0	     0	     0			TraesCS5B03G0967700.1, TraesCS5D03G0877500.1
TraesCS5A03G0921900.1	TraesCS5A03G0921900.1	TraesCS5A03G0921900.1		573	false	false		TraesCS5A03G0921900.1		1.75	0.0000	0.0640	0.00287562904385	1	0	1	1	0	1	     0	     0	     0	4C(57.0214)		TraesCS5B03G0973300.1, TraesCS5D03G0881300.1
TraesCS5A03G0948700.1	TraesCS5A03G0948700.1	TraesCS5A03G0948700.1		516	false	false		TraesCS5A03G0948700.1		2.52	0.0000	0.2625	0.00287562904385	1	0	1	2	0	2	     0	     0	     0			TraesCS5D03G0904500.2, TraesCS5D03G0904600.1, TraesCS5D03G0904700.1
TraesCS5A03G0955300.1	TraesCS5A03G0955300.1	TraesCS5A03G0955300.1		289	false	false		TraesCS5A03G0955300.1		7.61	0.0000	0.1391	0.00287562904385	1	1	1	1	1	1	     0	     0	     0	10M(15.9949)		
TraesCS5A03G0976600.1	TraesCS5A03G0976600.1	TraesCS5A03G0976600.1		203	false	false		TraesCS5A03G0976600.1		9.85	0.0000	0.1736	0.00287562904385	1	0	1	1	0	1	     0	     0	     0	6C(57.0214)		TraesCS6B03G0980300LC.1
TraesCS5A03G0999600LC.1	TraesCS5A03G0999600LC.1	TraesCS5A03G0999600LC.1		213	false	false		TraesCS5A03G0999600LC.1		7.98	0.0000	0.0764	0.00287562904385	1	0	1	1	0	1	     0	     0	     0			TraesCS5B03G1044300.1, TraesCS5D03G0946600.1, TraesCS5D03G0946700.1
TraesCS5A03G1028900.2	TraesCS5A03G1028900.2	TraesCS5A03G1028900.2		640	false	false		TraesCS5A03G1028900.2		1.72	0.0000	0.0815	0.00287562904385	1	1	1	1	1	1	     0	     0	     0	N-term(42.0106)		
TraesCS5A03G1035300LC.1	TraesCS5A03G1035300LC.1	TraesCS5A03G1035300LC.1		527	false	false		TraesCS5A03G1035300LC.1		1.33	0.0000	0.0646	0.00287562904385	1	0	1	1	0	1	     0	     0	     0			TraesCS5D03G0977700LC.1
TraesCS5A03G1038900LC.1	TraesCS5A03G1038900LC.1	TraesCS5A03G1038900LC.1		196	false	false		TraesCS5A03G1038900LC.1		6.63	0.0000	0.2120	0.00287562904385	1	1	1	2	2	2	     0	     0	     0			
TraesCS5A03G1045200.1	TraesCS5A03G1045200.1	TraesCS5A03G1045200.1		448	false	false		TraesCS5A03G1045200.1		3.35	0.0000	0.2003	0.00287562904385	1	1	1	2	2	2	     0	     0	     0			
TraesCS5A03G1049500LC.1	TraesCS5A03G1049500LC.1	TraesCS5A03G1049500LC.1		259	false	false		TraesCS5A03G1049500LC.1		2.70	0.0000	0.0752	0.00287562904385	1	1	1	1	1	1	     0	     0	     0	4M(15.9949)		
TraesCS5A03G1061800LC.1	TraesCS5A03G1061800LC.1	TraesCS5A03G1061800LC.1		373	false	false		TraesCS5A03G1061800LC.1		9.65	0.0000	0.3239	0.00287562904385	1	0	1	1	0	1	     0	     0	     0			TraesCS5B03G1122900.1, TraesCS5D03G1016700.1
TraesCS5A03G1105300.1	TraesCS5A03G1105300.1	TraesCS5A03G1105300.1		139	false	false		TraesCS5A03G1105300.1		15.11	0.0000	0.1986	0.00287562904385	1	1	1	1	1	1	     0	     0	     0			
TraesCS5A03G1125800.1	TraesCS5A03G1125800.1	TraesCS5A03G1125800.1		169	false	false		TraesCS5A03G1125800.1		13.61	0.0000	0.0531	0.00287562904385	1	1	1	1	1	1	     0	     0	     0	22M(15.9949), 8C(57.0214)		
TraesCS5A03G1130400.1	TraesCS5A03G1130400.1	TraesCS5A03G1130400.1		390	false	false		TraesCS5A03G1130400.1		1.79	0.0000	0.1929	0.00287562904385	1	0	1	1	0	1	     0	     0	     0			TraesCS5A03G1130400.2, TraesCS5B03G1199600.1, TraesCS5B03G1199600.2, TraesCS5D03G1082300.1, TraesCS5D03G1082300.2
TraesCS5A03G1137300.1	TraesCS5A03G1137300.1	TraesCS5A03G1137300.1		692	false	false		TraesCS5A03G1137300.1		3.03	0.0000	0.1881	0.00287562904385	1	0	1	1	0	1	     0	     0	     0			TraesCS5B03G1207700.1, TraesCS5D03G1090400.1, TraesCSU03G0235100LC.1
TraesCS5A03G1217500LC.1	TraesCS5A03G1217500LC.1	TraesCS5A03G1217500LC.1		9	false	false		TraesCS5A03G1217500LC.1		100.00	0.0000	0.1313	0.00287562904385	1	1	1	1	1	1	     0	     0	     0	2C(57.0214), 7C(57.0214), N-term(42.0106)		
TraesCS5A03G1239100LC.1	TraesCS5A03G1239100LC.1	TraesCS5A03G1239100LC.1		219	false	false		TraesCS5A03G1239100LC.1		6.85	0.0000	0.0676	0.00287562904385	1	1	1	1	1	1	     0	     0	     0	12M(15.9949)		
TraesCS5A03G1252000.1	TraesCS5A03G1252000.1	TraesCS5A03G1252000.1		173	false	false		TraesCS5A03G1252000.1		6.94	0.0000	0.0000	0.00287562904385	1	0	1	1	0	1	     0	     0	     0	10M(15.9949)		
TraesCS5A03G1277000LC.1	TraesCS5A03G1277000LC.1	TraesCS5A03G1277000LC.1		99	false	false		TraesCS5A03G1277000LC.1		8.08	0.0000	0.1986	0.00287562904385	1	1	1	1	1	1	     0	     0	     0			
TraesCS5A03G1284700.1	TraesCS5A03G1284700.1	TraesCS5A03G1284700.1		389	false	false		TraesCS5A03G1284700.1		5.66	0.0000	0.3894	0.00287562904385	1	1	1	2	2	2	     0	     0	     0			
TraesCS5A03G1301100.1	TraesCS5A03G1301100.1	TraesCS5A03G1301100.1		419	false	false		TraesCS5A03G1301100.1		2.15	0.0000	0.3252	0.00287562904385	1	1	1	1	1	1	     0	     0	     0			
TraesCS5B03G0024900LC.1	TraesCS5B03G0024900LC.1	TraesCS5B03G0024900LC.1		432	false	false		TraesCS5B03G0024900LC.1		3.24	0.0000	0.0569	0.00287562904385	1	0	1	1	0	1	     0	     0	     0	11M(15.9949)		
TraesCS5B03G0026100.1	TraesCS5B03G0026100.1	TraesCS5B03G0026100.1		1017	false	false		TraesCS5B03G0026100.1		1.28	0.0000	0.2367	0.00287562904385	1	0	1	1	0	1	     0	     0	     0			TraesCS5D03G0041900.1
TraesCS5B03G0100700.1	TraesCS5B03G0100700.1	TraesCS5B03G0100700.1		942	false	false		TraesCS5B03G0100700.1		1.27	0.0000	0.0662	0.00287562904385	1	1	1	1	1	1	     0	     0	     0			
TraesCS5B03G0137100.1	TraesCS5B03G0137100.1	TraesCS5B03G0137100.1		367	false	false		TraesCS5B03G0137100.1		3.81	0.0000	0.2051	0.00287562904385	1	1	1	1	1	1	     0	     0	     0			
TraesCS5B03G0190400LC.1	TraesCS5B03G0190400LC.1	TraesCS5B03G0190400LC.1		165	false	false		TraesCS5B03G0190400LC.1		8.48	0.0000	0.1621	0.00287562904385	1	1	1	1	1	1	     0	     0	     0			
TraesCS5B03G0254800.1	TraesCS5B03G0254800.1	TraesCS5B03G0254800.1		531	false	false		TraesCS5B03G0254800.1		2.45	0.0000	0.1606	0.00287562904385	1	1	1	1	1	1	     0	     0	     0			
TraesCS5B03G0313900LC.1	TraesCS5B03G0313900LC.1	TraesCS5B03G0313900LC.1		166	false	false		TraesCS5B03G0313900LC.1		6.02	0.0000	0.1079	0.00287562904385	1	1	1	1	1	1	     0	     0	     0			
TraesCS5B03G0315600LC.1	TraesCS5B03G0315600LC.1	TraesCS5B03G0315600LC.1		113	false	false		TraesCS5B03G0315600LC.1		15.04	0.0000	0.1196	0.00287562904385	1	1	1	1	1	1	     0	     0	     0			
TraesCS5B03G0335300LC.1	TraesCS5B03G0335300LC.1	TraesCS5B03G0335300LC.1		278	false	false		TraesCS5B03G0335300LC.1		2.88	0.0000	0.1596	0.00287562904385	1	1	1	1	1	1	     0	     0	     0			
TraesCS5B03G0342500LC.1	TraesCS5B03G0342500LC.1	TraesCS5B03G0342500LC.1		172	false	false		TraesCS5B03G0342500LC.1		5.81	0.0000	0.0532	0.00287562904385	1	1	1	1	1	1	     0	     0	     0	8M(15.9949)		
TraesCS5B03G0361200.1	TraesCS5B03G0361200.1	TraesCS5B03G0361200.1		1173	false	false		TraesCS5B03G0361200.1		1.11	0.0000	0.0670	0.00287562904385	1	0	1	1	0	1	     0	     0	     0			TraesCS5B03G0361200.2, TraesCS5B03G0361200.3
TraesCS5B03G0418000.1	TraesCS5B03G0418000.1	TraesCS5B03G0418000.1		609	false	false		TraesCS5B03G0418000.1		4.43	0.0000	0.1749	0.00287562904385	1	0	1	1	0	1	     0	     0	     0	10C(57.0214), 20C(57.0214), 7C(57.0214)		TraesCS5D03G0388600.1
TraesCS5B03G0441600LC.1	TraesCS5B03G0441600LC.1	TraesCS5B03G0441600LC.1		249	false	false		TraesCS5B03G0441600LC.1		4.02	0.0000	0.0802	0.00287562904385	1	1	1	1	1	1	     0	     0	     0	10M(15.9949), 8M(15.9949)		
TraesCS5B03G0442800.1	TraesCS5B03G0442800.1	TraesCS5B03G0442800.1		785	false	false		TraesCS5B03G0442800.1		3.06	0.0000	0.1078	0.00287562904385	1	1	1	1	1	1	     0	     0	     0			
TraesCS5B03G0453500LC.1	TraesCS5B03G0453500LC.1	TraesCS5B03G0453500LC.1		244	false	false		TraesCS5B03G0453500LC.1		4.51	0.0000	0.0917	0.00287562904385	1	1	1	1	1	1	     0	     0	     0			
TraesCS5B03G0467500LC.1	TraesCS5B03G0467500LC.1	TraesCS5B03G0467500LC.1		262	false	false		TraesCS5B03G0467500LC.1		11.45	0.0000	0.0547	0.00287562904385	1	1	1	1	1	1	     0	     0	     0	10C(57.0214), 20C(57.0214), 23C(57.0214)		
TraesCS5B03G0502700LC.1	TraesCS5B03G0502700LC.1	TraesCS5B03G0502700LC.1		200	false	false		TraesCS5B03G0502700LC.1		5.00	0.0000	0.2239	0.00287562904385	1	0	1	1	0	1	     0	     0	     0			TraesCS7B03G0324900LC.1
TraesCS5B03G0504300LC.1	TraesCS5B03G0504300LC.1	TraesCS5B03G0504300LC.1		162	false	false		TraesCS5B03G0504300LC.1		6.79	0.0000	0.0597	0.00287562904385	1	1	1	1	1	1	     0	     0	     0			
TraesCS5B03G0558000LC.1	TraesCS5B03G0558000LC.1	TraesCS5B03G0558000LC.1		223	false	false		TraesCS5B03G0558000LC.1		8.52	0.0000	0.0911	0.00287562904385	1	1	1	1	1	1	     0	     0	     0			
TraesCS5B03G0563300.1	TraesCS5B03G0563300.1	TraesCS5B03G0563300.1		586	false	false		TraesCS5B03G0563300.1		2.39	0.0000	0.1778	0.00287562904385	1	1	1	1	1	1	     0	     0	     0	4M(15.9949), 6M(15.9949)		
TraesCS5B03G0582100.3	TraesCS5B03G0582100.3	TraesCS5B03G0582100.3		1053	false	false		TraesCS5B03G0582100.3		2.56	0.0000	0.0607	0.00287562904385	1	0	1	1	0	1	     0	     0	     0	10C(57.0214), 13C(57.0214), 18C(57.0214), 21C(57.0214)		TraesCS5B03G0582100.4, TraesCS5D03G0536900.1
TraesCS5B03G0586100.1	TraesCS5B03G0586100.1	TraesCS5B03G0586100.1		1219	false	false		TraesCS5B03G0586100.1		0.74	0.0000	0.1739	0.00287562904385	1	0	1	1	0	1	     0	     0	     0	3M(15.9949)		TraesCS5B03G0586100.2, TraesCS5B03G0586100.3
TraesCS5B03G0590900LC.1	TraesCS5B03G0590900LC.1	TraesCS5B03G0590900LC.1		144	false	false		TraesCS5B03G0590900LC.1		9.72	0.0000	0.0611	0.00287562904385	1	1	1	1	1	1	     0	     0	     0			
TraesCS5B03G0633000.1	TraesCS5B03G0633000.1	TraesCS5B03G0633000.1		159	false	false		TraesCS5B03G0633000.1		25.79	0.0000	0.3467	0.00287562904385	1	1	1	1	1	1	     0	     0	     0			
TraesCS5B03G0689300.1	TraesCS5B03G0689300.1	TraesCS5B03G0689300.1		453	false	false		TraesCS5B03G0689300.1		3.97	0.0000	0.0660	0.00287562904385	1	1	1	1	1	1	     0	     0	     0	13M(15.9949), 2C(57.0214), N-term(42.0106)		
TraesCS5B03G0749300LC.1	TraesCS5B03G0749300LC.1	TraesCS5B03G0749300LC.1		336	false	false		TraesCS5B03G0749300LC.1		3.27	0.0000	0.1367	0.00287562904385	1	1	1	2	2	2	     0	     0	     0	5C(57.0214)		
TraesCS5B03G0763400.1	TraesCS5B03G0763400.1	TraesCS5B03G0763400.1		668	false	false		TraesCS5B03G0763400.1		6.44	0.0000	0.2509	0.00287562904385	1	1	1	1	1	1	     0	     0	     0			
TraesCS5B03G0844300.1	TraesCS5B03G0844300.1	TraesCS5B03G0844300.1		642	false	false		TraesCS5B03G0844300.1		2.34	0.0000	0.0000	0.00287562904385	1	0	1	2	0	2	     0	     0	     0			
TraesCS5B03G0876900LC.1	TraesCS5B03G0876900LC.1	TraesCS5B03G0876900LC.1		977	false	false		TraesCS5B03G0876900LC.1		2.05	0.0000	0.1429	0.00287562904385	1	1	1	1	1	1	     0	     0	     0			
TraesCS5B03G0903200LC.1	TraesCS5B03G0903200LC.1	TraesCS5B03G0903200LC.1		117	false	false		TraesCS5B03G0903200LC.1		9.40	0.0000	0.0599	0.00287562904385	1	1	1	1	1	1	     0	     0	     0			
TraesCS5B03G0904600.1	TraesCS5B03G0904600.1	TraesCS5B03G0904600.1		1930	false	false		TraesCS5B03G0904600.1		0.41	0.0000	0.0655	0.00287562904385	1	1	1	1	1	1	     0	     0	     0			
TraesCS5B03G0913400.2	TraesCS5B03G0913400.2	TraesCS5B03G0913400.2		928	false	false		TraesCS5B03G0913400.2		3.77	0.0000	0.3208	0.00287562904385	1	0	1	1	0	1	     0	     0	     0	22C(57.0214), 3C(57.0214)		TraesCS5B03G0913400.3, TraesCS5B03G0913400.4, TraesCS5B03G0913400.5
TraesCS5B03G0982500.1	TraesCS5B03G0982500.1	TraesCS5B03G0982500.1		370	false	false		TraesCS5B03G0982500.1		2.70	0.0000	0.0724	0.00287562904385	1	1	1	1	1	1	     0	     0	     0			
TraesCS5B03G0988100.1	TraesCS5B03G0988100.1	TraesCS5B03G0988100.1		653	false	false		TraesCS5B03G0988100.1		1.68	0.0000	0.0513	0.00287562904385	1	0	1	1	0	1	     0	     0	     0			TraesCS5B03G0988100.2
TraesCS5B03G1027100LC.1	TraesCS5B03G1027100LC.1	TraesCS5B03G1027100LC.1		840	false	false		TraesCS5B03G1027100LC.1		0.83	0.0000	0.0742	0.00287562904385	1	0	1	1	0	1	     0	     0	     0			TraesCS5B03G1027100LC.2, TraesCS5D03G0929700LC.1, TraesCS5D03G0929700LC.2, TraesCS5D03G0929700LC.3
TraesCS5B03G1054800.1	TraesCS5B03G1054800.1	TraesCS5B03G1054800.1		320	false	false		TraesCS5B03G1054800.1		2.50	0.0000	0.1119	0.00287562904385	1	1	1	1	1	1	     0	     0	     0			
TraesCS5B03G1110000.1	TraesCS5B03G1110000.1	TraesCS5B03G1110000.1		501	false	false		TraesCS5B03G1110000.1		2.79	0.0000	0.0586	0.00287562904385	1	0	1	1	0	1	     0	     0	     0	6C(57.0214)		TraesCS5B03G1110100.1, TraesCS5B03G1111200.1, TraesCS5B03G1111300.1, TraesCS5B03G1111300.2
TraesCS5B03G1131400.1	TraesCS5B03G1131400.1	TraesCS5B03G1131400.1		537	false	false		TraesCS5B03G1131400.1		5.03	0.0000	0.1261	0.00287562904385	1	1	1	1	1	1	     0	     0	     0			
TraesCS5B03G1140000LC.1	TraesCS5B03G1140000LC.1	TraesCS5B03G1140000LC.1		118	false	false		TraesCS5B03G1140000LC.1		11.86	0.0000	0.0634	0.00287562904385	1	1	1	1	1	1	     0	     0	     0			
TraesCS5B03G1148100.1	TraesCS5B03G1148100.1	TraesCS5B03G1148100.1		1075	false	false		TraesCS5B03G1148100.1		0.93	0.0000	0.0644	0.00287562904385	1	0	1	1	0	1	     0	     0	     0			TraesCS5B03G1148100.2, TraesCS5B03G1148100.3
TraesCS5B03G1158900LC.1	TraesCS5B03G1158900LC.1	TraesCS5B03G1158900LC.1		72	false	false		TraesCS5B03G1158900LC.1		13.89	0.0000	0.2293	0.00287562904385	1	1	1	1	1	1	     0	     0	     0	3M(15.9949)		
TraesCS5B03G1176900LC.1	TraesCS5B03G1176900LC.1	TraesCS5B03G1176900LC.1		169	false	false		TraesCS5B03G1176900LC.1		23.67	0.0000	0.1134	0.00287562904385	1	1	1	1	1	1	     0	     0	     0	11C(57.0214)		
TraesCS5B03G1200800.1	TraesCS5B03G1200800.1	TraesCS5B03G1200800.1		617	false	false		TraesCS5B03G1200800.1		1.30	0.0000	0.3164	0.00287562904385	1	1	1	1	1	1	     0	     0	     0	1M(15.9949), 3C(57.0214)		
TraesCS5B03G1216400.1	TraesCS5B03G1216400.1	TraesCS5B03G1216400.1		471	false	false		TraesCS5B03G1216400.1		2.12	0.0000	0.0561	0.00287562904385	1	1	1	1	1	1	     0	     0	     0			
TraesCS5B03G1227400LC.1	TraesCS5B03G1227400LC.1	TraesCS5B03G1227400LC.1		251	false	false		TraesCS5B03G1227400LC.1		5.98	0.0000	0.0581	0.00287562904385	1	1	1	1	1	1	     0	     0	     0	14M(15.9949), 3M(15.9949)		
TraesCS5B03G1228300LC.1	TraesCS5B03G1228300LC.1	TraesCS5B03G1228300LC.1		112	false	false		TraesCS5B03G1228300LC.1		24.11	0.0000	0.0740	0.00287562904385	1	1	1	1	1	1	     0	     0	     0			
TraesCS5B03G1242700LC.1	TraesCS5B03G1242700LC.1	TraesCS5B03G1242700LC.1		615	false	false		TraesCS5B03G1242700LC.1		2.60	0.0000	0.0662	0.00287562904385	1	1	1	1	1	1	     0	     0	     0	12C(57.0214)		
TraesCS5B03G1287700.1	TraesCS5B03G1287700.1	TraesCS5B03G1287700.1		385	false	false		TraesCS5B03G1287700.1		5.97	0.0000	0.2455	0.00287562904385	1	1	1	1	1	1	     0	     0	     0			
TraesCS5B03G1291100LC.1	TraesCS5B03G1291100LC.1	TraesCS5B03G1291100LC.1		191	false	false		TraesCS5B03G1291100LC.1		8.90	0.0000	0.0751	0.00287562904385	1	1	1	1	1	1	     0	     0	     0	2C(57.0214)		
TraesCS5B03G1296000.1	TraesCS5B03G1296000.1	TraesCS5B03G1296000.1		1563	false	false		TraesCS5B03G1296000.1		0.90	0.0000	0.0877	0.00287562904385	1	0	1	1	0	1	     0	     0	     0	12M(15.9949)		TraesCS5B03G1296000.2
TraesCS5B03G1347900LC.1	TraesCS5B03G1347900LC.1	TraesCS5B03G1347900LC.1		127	false	false		TraesCS5B03G1347900LC.1		14.17	0.0000	0.1188	0.00287562904385	1	1	1	1	1	1	     0	     0	     0			
TraesCS5B03G1349300.1	TraesCS5B03G1349300.1	TraesCS5B03G1349300.1		182	false	false		TraesCS5B03G1349300.1		7.69	0.0000	0.2603	0.00287562904385	1	1	1	1	1	1	     0	     0	     0	5M(15.9949)		
TraesCS5B03G1368100.1	TraesCS5B03G1368100.1	TraesCS5B03G1368100.1		929	false	false		TraesCS5B03G1368100.1		1.61	0.0000	0.0864	0.00287562904385	1	1	1	1	1	1	     0	     0	     0	14M(15.9949)		
TraesCS5B03G1371300.1	TraesCS5B03G1371300.1	TraesCS5B03G1371300.1		1529	false	false		TraesCS5B03G1371300.1		0.92	0.0000	0.3299	0.00287562904385	1	1	1	1	1	1	     0	     0	     0	1M(15.9949)		
TraesCS5B03G1375600.1	TraesCS5B03G1375600.1	TraesCS5B03G1375600.1		888	false	false		TraesCS5B03G1375600.1		3.94	0.0000	0.2558	0.00287562904385	1	0	1	1	0	1	     0	     0	     0			TraesCS5D03G1232900.1, TraesCS7B03G0005700.1
TraesCS5B03G1376300.1	TraesCS5B03G1376300.1	TraesCS5B03G1376300.1		667	false	false		TraesCS5B03G1376300.1		3.30	0.0000	0.0611	0.00287562904385	1	1	1	1	1	1	     0	     0	     0			
TraesCS5B03G1377900LC.1	TraesCS5B03G1377900LC.1	TraesCS5B03G1377900LC.1		897	false	false		TraesCS5B03G1377900LC.1		2.79	0.0000	0.0667	0.00287562904385	1	1	1	1	1	1	     0	     0	     0			
TraesCS5D03G0034200.1	TraesCS5D03G0034200.1	TraesCS5D03G0034200.1		482	false	false		TraesCS5D03G0034200.1		2.28	0.0000	0.0735	0.00287562904385	1	1	1	1	1	1	     0	     0	     0	N-term(42.0106)		
TraesCS5D03G0036700.1	TraesCS5D03G0036700.1	TraesCS5D03G0036700.1		293	false	false		TraesCS5D03G0036700.1		3.41	0.0000	0.0539	0.00287562904385	1	1	1	1	1	1	     0	     0	     0	1M(15.9949)		
TraesCS5D03G0057500.1	TraesCS5D03G0057500.1	TraesCS5D03G0057500.1		101	false	false		TraesCS5D03G0057500.1		6.93	0.0000	0.0857	0.00287562904385	1	0	1	1	0	1	     0	     0	     0	1M(15.9949)		TraesCS7A03G1271100.1
TraesCS5D03G0064000.1	TraesCS5D03G0064000.1	TraesCS5D03G0064000.1		144	false	false		TraesCS5D03G0064000.1		9.03	0.0000	0.0554	0.00287562904385	1	1	1	1	1	1	     0	     0	     0			
TraesCS5D03G0068200LC.1	TraesCS5D03G0068200LC.1	TraesCS5D03G0068200LC.1		141	false	false		TraesCS5D03G0068200LC.1		38.30	0.0000	0.1605	0.00287562904385	1	1	1	1	1	1	     0	     0	     0	54C(57.0214)		
TraesCS5D03G0151000LC.1	TraesCS5D03G0151000LC.1	TraesCS5D03G0151000LC.1		131	false	false		TraesCS5D03G0151000LC.1		14.50	0.0000	0.0539	0.00287562904385	1	1	1	1	1	1	     0	     0	     0	12C(57.0214)		
TraesCS5D03G0242300LC.1	TraesCS5D03G0242300LC.1	TraesCS5D03G0242300LC.1		330	false	false		TraesCS5D03G0242300LC.1		2.73	0.0000	0.0889	0.00287562904385	1	1	1	1	1	1	     0	     0	     0			
TraesCS5D03G0253400.1	TraesCS5D03G0253400.1	TraesCS5D03G0253400.1		609	false	false		TraesCS5D03G0253400.1		1.31	0.0000	0.1396	0.00287562904385	1	0	1	1	0	1	     0	     0	     0			TraesCS5D03G0253400.2
TraesCS5D03G0256000.1	TraesCS5D03G0256000.1	TraesCS5D03G0256000.1		532	false	false		TraesCS5D03G0256000.1		6.39	0.0000	0.2308	0.00287562904385	1	0	1	1	0	1	     0	     0	     0			TraesCS5D03G0256000.2
TraesCS5D03G0269300LC.1	TraesCS5D03G0269300LC.1	TraesCS5D03G0269300LC.1		266	false	false		TraesCS5D03G0269300LC.1		5.64	0.0000	0.1262	0.00287562904385	1	1	1	1	1	1	     0	     0	     0	8M(15.9949)		
TraesCS5D03G0293500LC.1	TraesCS5D03G0293500LC.1	TraesCS5D03G0293500LC.1		130	false	false		TraesCS5D03G0293500LC.1		7.69	0.0000	0.0729	0.00287562904385	1	1	1	1	1	1	     0	     0	     0	8C(57.0214)		
TraesCS5D03G0313700.1	TraesCS5D03G0313700.1	TraesCS5D03G0313700.1		1102	false	false		TraesCS5D03G0313700.1		1.45	0.0000	0.1363	0.00287562904385	1	0	1	1	0	1	     0	     0	     0	14C(57.0214)		TraesCS5D03G0313700.2
TraesCS5D03G0334100LC.1	TraesCS5D03G0334100LC.1	TraesCS5D03G0334100LC.1		179	false	false		TraesCS5D03G0334100LC.1		19.55	0.0000	0.1576	0.00287562904385	1	1	1	3	3	3	     0	     0	     0	12C(57.0214), 13M(15.9949)		
TraesCS5D03G0356000.1	TraesCS5D03G0356000.1	TraesCS5D03G0356000.1		486	false	false		TraesCS5D03G0356000.1		2.06	0.0000	0.0508	0.00287562904385	1	1	1	1	1	1	     0	     0	     0	1M(15.9949)		
TraesCS5D03G0513000.1	TraesCS5D03G0513000.1	TraesCS5D03G0513000.1		230	false	false		TraesCS5D03G0513000.1		4.35	0.0000	0.1477	0.00287562904385	1	0	1	1	0	1	     0	     0	     0			TraesCS5D03G0513000.2
TraesCS5D03G0521700LC.2	TraesCS5D03G0521700LC.2	TraesCS5D03G0521700LC.2		103	false	false		TraesCS5D03G0521700LC.2		12.62	0.0000	0.2986	0.00287562904385	1	1	1	1	1	1	     0	     0	     0			
TraesCS5D03G0551900LC.1	TraesCS5D03G0551900LC.1	TraesCS5D03G0551900LC.1		170	false	false		TraesCS5D03G0551900LC.1		11.76	0.0000	0.1728	0.00287562904385	1	1	1	1	1	1	     0	     0	     0			
TraesCS5D03G0570200.1	TraesCS5D03G0570200.1	TraesCS5D03G0570200.1		599	false	false		TraesCS5D03G0570200.1		5.84	0.0000	0.1017	0.00287562904385	1	0	1	1	0	1	     0	     0	     0	26C(57.0214)		TraesCS5D03G0570200.2
TraesCS5D03G0671100.1	TraesCS5D03G0671100.1	TraesCS5D03G0671100.1		409	false	false		TraesCS5D03G0671100.1		5.13	0.0000	0.3681	0.00287562904385	1	1	1	1	1	1	     0	     0	     0			
TraesCS5D03G0753800LC.1	TraesCS5D03G0753800LC.1	TraesCS5D03G0753800LC.1		353	false	false		TraesCS5D03G0753800LC.1		3.97	0.0000	0.1350	0.00287562904385	1	1	1	1	1	1	     0	     0	     0	2M(15.9949), 6C(57.0214)		
TraesCS5D03G0758400.1	TraesCS5D03G0758400.1	TraesCS5D03G0758400.1		210	false	false		TraesCS5D03G0758400.1		10.95	0.0000	0.3311	0.00287562904385	1	1	1	1	1	1	     0	     0	     0			
TraesCS5D03G0799800.1	TraesCS5D03G0799800.1	TraesCS5D03G0799800.1		525	false	false		TraesCS5D03G0799800.1		2.29	0.0000	0.3588	0.00287562904385	1	1	1	2	2	2	     0	     0	     0			
TraesCS5D03G0800800.1	TraesCS5D03G0800800.1	TraesCS5D03G0800800.1		816	false	false		TraesCS5D03G0800800.1		4.41	0.0000	0.0602	0.00287562904385	1	1	1	1	1	1	     0	     0	     0	12M(15.9949)		
TraesCS5D03G0802500LC.1	TraesCS5D03G0802500LC.1	TraesCS5D03G0802500LC.1		287	false	false		TraesCS5D03G0802500LC.1		8.71	0.0000	0.0758	0.00287562904385	1	1	1	1	1	1	     0	     0	     0			
TraesCS5D03G0832100LC.1	TraesCS5D03G0832100LC.1	TraesCS5D03G0832100LC.1		222	false	false		TraesCS5D03G0832100LC.1		4.95	0.0000	0.0692	0.00287562904385	1	1	1	1	1	1	     0	     0	     0			
TraesCS5D03G0838600.1	TraesCS5D03G0838600.1	TraesCS5D03G0838600.1		750	false	false		TraesCS5D03G0838600.1		1.47	0.0000	0.0848	0.00287562904385	1	1	1	1	1	1	     0	     0	     0			
TraesCS5D03G0900500.2	TraesCS5D03G0900500.2	TraesCS5D03G0900500.2		310	false	false		TraesCS5D03G0900500.2		8.71	0.0000	0.0765	0.00287562904385	1	1	1	1	1	1	     0	     0	     0			
TraesCS5D03G0902700.1	TraesCS5D03G0902700.1	TraesCS5D03G0902700.1		795	false	false		TraesCS5D03G0902700.1		1.89	0.0000	0.1172	0.00287562904385	1	1	1	1	1	1	     0	     0	     0			
TraesCS5D03G0917000LC.1	TraesCS5D03G0917000LC.1	TraesCS5D03G0917000LC.1		384	false	false		TraesCS5D03G0917000LC.1		3.39	0.0000	0.0627	0.00287562904385	1	1	1	1	1	1	     0	     0	     0			
TraesCS5D03G0940100LC.1	TraesCS5D03G0940100LC.1	TraesCS5D03G0940100LC.1		99	false	false		TraesCS5D03G0940100LC.1		10.10	0.0000	0.1913	0.00287562904385	1	1	1	1	1	1	     0	     0	     0			
TraesCS5D03G0943000LC.1	TraesCS5D03G0943000LC.1	TraesCS5D03G0943000LC.1		212	false	false		TraesCS5D03G0943000LC.1		4.72	0.0000	0.1415	0.00287562904385	1	1	1	1	1	1	     0	     0	     0	8C(57.0214)		
TraesCS5D03G0995400.1	TraesCS5D03G0995400.1	TraesCS5D03G0995400.1		303	false	false		TraesCS5D03G0995400.1		7.26	0.0000	0.3031	0.00287562904385	1	1	1	1	1	1	     0	     0	     0	11C(57.0214), 3M(15.9949)		
TraesCS5D03G1045800LC.1	TraesCS5D03G1045800LC.1	TraesCS5D03G1045800LC.1		99	false	false		TraesCS5D03G1045800LC.1		8.08	0.0000	0.2935	0.00287562904385	1	1	1	1	1	1	     0	     0	     0			
TraesCS5D03G1065400.1	TraesCS5D03G1065400.1	TraesCS5D03G1065400.1		315	false	false		TraesCS5D03G1065400.1		14.60	0.0000	0.0586	0.00287562904385	1	0	1	1	0	1	     0	     0	     0	7M(15.9949)		TraesCS5D03G1065400.2
TraesCS5D03G1127200LC.1	TraesCS5D03G1127200LC.1	TraesCS5D03G1127200LC.1		135	false	false		TraesCS5D03G1127200LC.1		19.26	0.0000	0.0563	0.00287562904385	1	1	1	1	1	1	     0	     0	     0	10M(15.9949)		
TraesCS5D03G1141500LC.1	TraesCS5D03G1141500LC.1	TraesCS5D03G1141500LC.1		129	false	false		TraesCS5D03G1141500LC.1		6.20	0.0000	0.1154	0.00287562904385	1	1	1	1	1	1	     0	     0	     0			
TraesCS5D03G1161900LC.1	TraesCS5D03G1161900LC.1	TraesCS5D03G1161900LC.1		296	false	false		TraesCS5D03G1161900LC.1		4.73	0.0000	0.1234	0.00287562904385	1	1	1	1	1	1	     0	     0	     0			
TraesCS5D03G1180800LC.1	TraesCS5D03G1180800LC.1	TraesCS5D03G1180800LC.1		109	false	false		TraesCS5D03G1180800LC.1		14.68	0.0000	0.0656	0.00287562904385	1	1	1	1	1	1	     0	     0	     0			
TraesCS5D03G1214300.1	TraesCS5D03G1214300.1	TraesCS5D03G1214300.1		578	false	false		TraesCS5D03G1214300.1		3.63	0.0000	0.0809	0.00287562904385	1	0	1	1	0	1	     0	     0	     0	20C(57.0214), 6C(57.0214)		TraesCS5D03G1214300.3
TraesCS5D03G1217300.1	TraesCS5D03G1217300.1	TraesCS5D03G1217300.1		590	false	false		TraesCS5D03G1217300.1		3.22	0.0000	0.0645	0.00287562904385	1	1	1	1	1	1	     0	     0	     0	2C(57.0214)		
TraesCS5D03G1231400.1	TraesCS5D03G1231400.1	TraesCS5D03G1231400.1		543	false	false		TraesCS5D03G1231400.1		2.39	0.0000	0.1854	0.00287562904385	1	1	1	1	1	1	     0	     0	     0			
TraesCS6A03G0002100.1	TraesCS6A03G0002100.1	TraesCS6A03G0002100.1		504	false	false		TraesCS6A03G0002100.1		3.77	0.0000	0.1819	0.00287562904385	1	0	1	1	0	1	     0	     0	     0	8M(15.9949)		TraesCS6D03G0009100.1
TraesCS6A03G0003300.1	TraesCS6A03G0003300.1	TraesCS6A03G0003300.1		703	false	false		TraesCS6A03G0003300.1		1.56	0.0000	0.2170	0.00287562904385	1	0	1	1	0	1	     0	     0	     0			TraesCS6B03G0014000.1, TraesCS6D03G0010900.1
TraesCS6A03G0064000LC.1	TraesCS6A03G0064000LC.1	TraesCS6A03G0064000LC.1		427	false	false		TraesCS6A03G0064000LC.1		5.85	0.0000	0.1254	0.00287562904385	1	1	1	1	1	1	     0	     0	     0			
TraesCS6A03G0103800LC.1	TraesCS6A03G0103800LC.1	TraesCS6A03G0103800LC.1		144	false	false		TraesCS6A03G0103800LC.1		11.11	0.0000	0.0530	0.00287562904385	1	1	1	1	1	1	     0	     0	     0			
TraesCS6A03G0119000LC.1	TraesCS6A03G0119000LC.1	TraesCS6A03G0119000LC.1		195	false	false		TraesCS6A03G0119000LC.1		7.18	0.0000	0.2764	0.00287562904385	1	1	1	1	1	1	     0	     0	     0			
TraesCS6A03G0125500.1	TraesCS6A03G0125500.1	TraesCS6A03G0125500.1		473	false	false		TraesCS6A03G0125500.1		2.33	0.0000	0.0000	0.00287562904385	1	0	1	1	0	1	     0	     0	     0	6M(15.9949)		
TraesCS6A03G0182000.1	TraesCS6A03G0182000.1	TraesCS6A03G0182000.1		1056	false	false		TraesCS6A03G0182000.1		0.85	0.0000	0.1322	0.00287562904385	1	0	1	1	0	1	     0	     0	     0	7C(57.0214)		
TraesCS6A03G0192100LC.1	TraesCS6A03G0192100LC.1	TraesCS6A03G0192100LC.1		477	false	false		TraesCS6A03G0192100LC.1		5.03	0.0000	0.1277	0.00287562904385	1	1	1	1	1	1	     0	     0	     0			
TraesCS6A03G0197300LC.1	TraesCS6A03G0197300LC.1	TraesCS6A03G0197300LC.1		99	false	false		TraesCS6A03G0197300LC.1		20.20	0.0000	0.1996	0.00287562904385	1	1	1	1	1	1	     0	     0	     0			
TraesCS6A03G0240100LC.1	TraesCS6A03G0240100LC.1	TraesCS6A03G0240100LC.1		363	false	false		TraesCS6A03G0240100LC.1		3.58	0.0000	0.1446	0.00287562904385	1	1	1	1	1	1	     0	     0	     0	10C(57.0214), 7M(15.9949)		
TraesCS6A03G0251200.1	TraesCS6A03G0251200.1	TraesCS6A03G0251200.1		1227	false	false		TraesCS6A03G0251200.1		0.90	0.0000	0.1292	0.00287562904385	1	0	1	1	0	1	     0	     0	     0			TraesCS6B03G0340800.1, TraesCS6B03G0340800.2, TraesCS6D03G0205800.1, TraesCS6D03G0205800.2
TraesCS6A03G0274300.1	TraesCS6A03G0274300.1	TraesCS6A03G0274300.1		442	false	false		TraesCS6A03G0274300.1		2.94	0.0000	0.0000	0.00287562904385	1	0	1	1	0	1	     0	     0	     0	N-term(42.0106)		TraesCS6B03G0362200.1, TraesCS6B03G0362200.2, TraesCS6D03G0225900.1
TraesCS6A03G0279200LC.1	TraesCS6A03G0279200LC.1	TraesCS6A03G0279200LC.1		422	false	false		TraesCS6A03G0279200LC.1		2.61	0.0000	0.1686	0.00287562904385	1	1	1	2	2	2	     0	     0	     0			
TraesCS6A03G0348900LC.1	TraesCS6A03G0348900LC.1	TraesCS6A03G0348900LC.1		836	false	false		TraesCS6A03G0348900LC.1		1.32	0.0000	0.1654	0.00287562904385	1	1	1	1	1	1	     0	     0	     0			
TraesCS6A03G0407100.1	TraesCS6A03G0407100.1	TraesCS6A03G0407100.1		466	false	false		TraesCS6A03G0407100.1		3.43	0.0000	0.3167	0.00287562904385	1	0	1	1	0	1	     0	     0	     0			TraesCS6A03G0407100.2, TraesCS6A03G0407100.3, TraesCS6D03G0343300.1, TraesCS6D03G0343300.2, TraesCS6D03G0343300.3
TraesCS6A03G0412400.1	TraesCS6A03G0412400.1	TraesCS6A03G0412400.1		1682	false	false		TraesCS6A03G0412400.1		0.54	0.0000	0.1025	0.00287562904385	1	0	1	1	0	1	     0	     0	     0			TraesCS6B03G0502000.1, TraesCS6D03G0350500.1
TraesCS6A03G0418100.1	TraesCS6A03G0418100.1	TraesCS6A03G0418100.1		1948	false	false		TraesCS6A03G0418100.1		0.56	0.0000	0.1070	0.00287562904385	1	1	1	1	1	1	     0	     0	     0			
TraesCS6A03G0437900LC.1	TraesCS6A03G0437900LC.1	TraesCS6A03G0437900LC.1		128	false	false		TraesCS6A03G0437900LC.1		8.59	0.0000	0.1262	0.00287562904385	1	1	1	1	1	1	     0	     0	     0			
TraesCS6A03G0459400.1	TraesCS6A03G0459400.1	TraesCS6A03G0459400.1		438	false	false		TraesCS6A03G0459400.1		2.51	0.0000	0.1555	0.00287562904385	1	0	1	1	0	1	     0	     0	     0			TraesCS6B03G0570400.1, TraesCS6D03G0384400.1
TraesCS6A03G0498900LC.1	TraesCS6A03G0498900LC.1	TraesCS6A03G0498900LC.1		344	false	false		TraesCS6A03G0498900LC.1		2.91	0.0000	0.4054	0.00287562904385	1	1	1	2	2	2	     0	     0	     0	2M(15.9949), 4M(15.9949), 9M(15.9949)		
TraesCS6A03G0505900.1	TraesCS6A03G0505900.1	TraesCS6A03G0505900.1		968	false	false		TraesCS6A03G0505900.1		3.82	0.0000	0.0718	0.00287562904385	2	0	1	2	0	1	     0	     0	     0	10M(15.9949)		TraesCS6B03G0615400.1, TraesCS6D03G0441600.1, TraesCS6D03G0441600.2, TraesCS6D03G0441600.3
TraesCS6A03G0533000LC.1	TraesCS6A03G0533000LC.1	TraesCS6A03G0533000LC.1		253	false	false		TraesCS6A03G0533000LC.1		3.95	0.0000	0.1002	0.00287562904385	1	1	1	1	1	1	     0	     0	     0	8M(15.9949)		
TraesCS6A03G0582100.1	TraesCS6A03G0582100.1	TraesCS6A03G0582100.1		308	false	false		TraesCS6A03G0582100.1		3.57	0.0000	0.0663	0.00287562904385	1	1	1	1	1	1	     0	     0	     0	2M(15.9949), 5C(57.0214)		
TraesCS6A03G0590300LC.1	TraesCS6A03G0590300LC.1	TraesCS6A03G0590300LC.1		436	false	false		TraesCS6A03G0590300LC.1		2.52	0.0000	0.0589	0.00287562904385	1	1	1	1	1	1	     0	     0	     0			
TraesCS6A03G0612300LC.1	TraesCS6A03G0612300LC.1	TraesCS6A03G0612300LC.1		293	false	false		TraesCS6A03G0612300LC.1		5.12	0.0000	0.0506	0.00287562904385	1	1	1	1	1	1	     0	     0	     0			
TraesCS6A03G0623900LC.1	TraesCS6A03G0623900LC.1	TraesCS6A03G0623900LC.1		575	false	false		TraesCS6A03G0623900LC.1		4.17	0.0000	0.0664	0.00287562904385	1	1	1	1	1	1	     0	     0	     0			
TraesCS6A03G0664100LC.1	TraesCS6A03G0664100LC.1	TraesCS6A03G0664100LC.1		285	false	false		TraesCS6A03G0664100LC.1		7.02	0.0000	0.2610	0.00287562904385	1	1	1	1	1	1	     0	     0	     0			
TraesCS6A03G0672600LC.1	TraesCS6A03G0672600LC.1	TraesCS6A03G0672600LC.1		161	false	false		TraesCS6A03G0672600LC.1		4.35	0.0000	0.2237	0.00287562904385	1	1	1	1	1	1	     0	     0	     0	2M(15.9949)		
TraesCS6A03G0675600LC.1	TraesCS6A03G0675600LC.1	TraesCS6A03G0675600LC.1		155	false	false		TraesCS6A03G0675600LC.1		5.16	0.0000	0.0721	0.00287562904385	1	1	1	1	1	1	     0	     0	     0			
TraesCS6A03G0696000LC.1	TraesCS6A03G0696000LC.1	TraesCS6A03G0696000LC.1		985	false	false		TraesCS6A03G0696000LC.1		2.34	0.0000	0.0759	0.00287562904385	1	0	1	1	0	1	     0	     0	     0			
TraesCS6A03G0702300.1	TraesCS6A03G0702300.1	TraesCS6A03G0702300.1		384	false	false		TraesCS6A03G0702300.1		2.08	0.0000	0.2797	0.00287562904385	1	0	1	1	0	1	     0	     0	     0			TraesCS6B03G0834100.1, TraesCS6D03G0590500.1
TraesCS6A03G0712500.1	TraesCS6A03G0712500.1	TraesCS6A03G0712500.1		190	false	false		TraesCS6A03G0712500.1		20.53	0.0000	0.0507	0.00287562904385	1	1	1	1	1	1	     0	     0	     0			
TraesCS6A03G0722700.1	TraesCS6A03G0722700.1	TraesCS6A03G0722700.1		159	false	false		TraesCS6A03G0722700.1		10.06	0.0000	0.1777	0.00287562904385	1	1	1	1	1	1	     0	     0	     0			
TraesCS6A03G0736000.1	TraesCS6A03G0736000.1	TraesCS6A03G0736000.1		345	false	false		TraesCS6A03G0736000.1		7.25	0.0000	0.0711	0.00287562904385	1	0	1	1	0	1	     0	     0	     0	19C(57.0214), 9M(15.9949)		TraesCS6D03G0618900.1
TraesCS6A03G0758900LC.1	TraesCS6A03G0758900LC.1	TraesCS6A03G0758900LC.1		76	false	false		TraesCS6A03G0758900LC.1		42.11	0.0000	0.3171	0.00287562904385	1	1	1	1	1	1	     0	     0	     0	4C(57.0214)		
TraesCS6A03G0793400.1	TraesCS6A03G0793400.1	TraesCS6A03G0793400.1		328	false	false		TraesCS6A03G0793400.1		2.44	0.0000	0.2446	0.00287562904385	1	0	1	1	0	1	     0	     0	     0	6M(15.9949)		TraesCS6B03G0937400.1, TraesCS6D03G0667900.1
TraesCS6A03G0804500.1	TraesCS6A03G0804500.1	TraesCS6A03G0804500.1		141	false	false		TraesCS6A03G0804500.1		17.02	0.0000	0.0667	0.00287562904385	1	1	1	1	1	1	     0	     0	     0	13C(57.0214)		
TraesCS6A03G0814600.1	TraesCS6A03G0814600.1	TraesCS6A03G0814600.1		829	false	false		TraesCS6A03G0814600.1		1.45	0.0000	0.2907	0.00287562904385	1	0	1	1	0	1	     0	     0	     0			TraesCS6A03G0814600.2
TraesCS6A03G0820900.1	TraesCS6A03G0820900.1	TraesCS6A03G0820900.1		533	false	false		TraesCS6A03G0820900.1		2.44	0.0000	0.0580	0.00287562904385	1	0	1	1	0	1	     0	     0	     0			TraesCS6A03G0820900.2, TraesCS6B03G0974500.1, TraesCS6D03G0694100.1
TraesCS6A03G0825700.1	TraesCS6A03G0825700.1	TraesCS6A03G0825700.1		492	false	false		TraesCS6A03G0825700.1		5.49	0.0000	0.1017	0.00287562904385	2	0	1	2	0	1	     0	     0	     0	8M(15.9949)		TraesCS6D03G0699300.1
TraesCS6A03G0840100.1	TraesCS6A03G0840100.1	TraesCS6A03G0840100.1		465	false	false		TraesCS6A03G0840100.1		3.23	0.0000	0.1159	0.00287562904385	1	1	1	1	1	1	     0	     0	     0	1C(57.0214), N-term(42.0106)		
TraesCS6A03G0926900LC.1	TraesCS6A03G0926900LC.1	TraesCS6A03G0926900LC.1		337	false	false		TraesCS6A03G0926900LC.1		5.64	0.0000	0.1316	0.00287562904385	1	1	1	1	1	1	     0	     0	     0			
TraesCS6A03G0930600.1	TraesCS6A03G0930600.1	TraesCS6A03G0930600.1		489	false	false		TraesCS6A03G0930600.1		1.64	0.0000	0.0706	0.00287562904385	1	1	1	1	1	1	     0	     0	     0	N-term(42.0106)		
TraesCS6A03G0934300.1	TraesCS6A03G0934300.1	TraesCS6A03G0934300.1		169	false	false		TraesCS6A03G0934300.1		8.88	0.0000	0.0778	0.00287562904385	1	1	1	1	1	1	     0	     0	     0			
TraesCS6A03G0975300.1	TraesCS6A03G0975300.1	TraesCS6A03G0975300.1		208	false	false		TraesCS6A03G0975300.1		6.25	0.0000	0.0826	0.00287562904385	1	0	1	1	0	1	     0	     0	     0			TraesCS6A03G0975400.1
TraesCS6A03G1007200LC.1	TraesCS6A03G1007200LC.1	TraesCS6A03G1007200LC.1		104	false	false		TraesCS6A03G1007200LC.1		7.69	0.0000	0.0508	0.00287562904385	1	1	1	1	1	1	     0	     0	     0	3M(15.9949), 4M(15.9949), 7M(15.9949)		
TraesCS6A03G1007900.1	TraesCS6A03G1007900.1	TraesCS6A03G1007900.1		340	false	false		TraesCS6A03G1007900.1		2.35	0.0000	0.2469	0.00287562904385	1	0	1	1	0	1	     0	     0	     0			TraesCS6B03G1238800.1, TraesCS6D03G0886500.1
TraesCS6A03G1011900LC.1	TraesCS6A03G1011900LC.1	TraesCS6A03G1011900LC.1		139	false	false		TraesCS6A03G1011900LC.1		8.63	0.0000	0.3511	0.00287562904385	1	1	1	1	1	1	     0	     0	     0			
TraesCS6A03G1025000.1	TraesCS6A03G1025000.1	TraesCS6A03G1025000.1		236	false	false		TraesCS6A03G1025000.1		6.78	0.0000	0.0972	0.00287562904385	1	0	1	1	0	1	     0	     0	     0			TraesCSU03G0281100.1, TraesCSU03G0290300.1, TraesCSU03G0296000.1
TraesCS6A03G1035900.1	TraesCS6A03G1035900.1	TraesCS6A03G1035900.1		917	false	false		TraesCS6A03G1035900.1		1.31	0.0000	0.3261	0.00287562904385	1	1	1	1	1	1	     0	     0	     0	7M(15.9949)		
TraesCS6A03G1041200.1	TraesCS6A03G1041200.1	TraesCS6A03G1041200.1		413	false	false		TraesCS6A03G1041200.1		3.15	0.0000	0.0789	0.00287562904385	1	0	1	1	0	1	     0	     0	     0			TraesCS6B03G1291100.1, TraesCS6D03G0919100.1
TraesCS6B03G0020600LC.1	TraesCS6B03G0020600LC.1	TraesCS6B03G0020600LC.1		247	false	false		TraesCS6B03G0020600LC.1		10.12	0.0000	0.2060	0.00287562904385	1	1	1	1	1	1	     0	     0	     0	15C(57.0214)		
TraesCS6B03G0049500.1	TraesCS6B03G0049500.1	TraesCS6B03G0049500.1		1002	false	false		TraesCS6B03G0049500.1		2.00	0.0000	0.1819	0.00287562904385	1	1	1	1	1	1	     0	     0	     0			
TraesCS6B03G0078300LC.1	TraesCS6B03G0078300LC.1	TraesCS6B03G0078300LC.1		226	false	false		TraesCS6B03G0078300LC.1		11.95	0.0000	0.1040	0.00287562904385	1	1	1	1	1	1	     0	     0	     0	15M(15.9949)		
TraesCS6B03G0085600.1	TraesCS6B03G0085600.1	TraesCS6B03G0085600.1		716	false	false		TraesCS6B03G0085600.1		1.68	0.0000	0.0691	0.00287562904385	1	1	1	1	1	1	     0	     0	     0			
TraesCS6B03G0145800.1	TraesCS6B03G0145800.1	TraesCS6B03G0145800.1		783	false	false		TraesCS6B03G0145800.1		1.92	0.0000	0.1185	0.00287562904385	1	0	1	1	0	1	     0	     0	     0			TraesCS6B03G0145800.2, TraesCS6B03G0145800.3
TraesCS6B03G0187800.1	TraesCS6B03G0187800.1	TraesCS6B03G0187800.1		462	false	false		TraesCS6B03G0187800.1		4.55	0.0000	0.0725	0.00287562904385	2	1	1	3	1	1	     0	     0	     0			
TraesCS6B03G0289100LC.1	TraesCS6B03G0289100LC.1	TraesCS6B03G0289100LC.1		1028	false	false		TraesCS6B03G0289100LC.1		2.04	0.0000	0.0606	0.00287562904385	1	1	1	1	1	1	     0	     0	     0			
TraesCS6B03G0292300LC.1	TraesCS6B03G0292300LC.1	TraesCS6B03G0292300LC.1		351	false	false		TraesCS6B03G0292300LC.1		3.42	0.0000	0.2410	0.00287562904385	1	1	1	1	1	1	     0	     0	     0	1C(57.0214), 7M(15.9949)		
TraesCS6B03G0301300.1	TraesCS6B03G0301300.1	TraesCS6B03G0301300.1		206	false	false		TraesCS6B03G0301300.1		7.28	0.0000	0.2420	0.00287562904385	1	1	1	1	1	1	     0	     0	     0			
TraesCS6B03G0338200LC.1	TraesCS6B03G0338200LC.1	TraesCS6B03G0338200LC.1		165	false	false		TraesCS6B03G0338200LC.1		9.09	0.0000	0.1293	0.00287562904385	1	1	1	1	1	1	     0	     0	     0			
TraesCS6B03G0341500LC.1	TraesCS6B03G0341500LC.1	TraesCS6B03G0341500LC.1		224	false	false		TraesCS6B03G0341500LC.1		12.05	0.0000	0.2003	0.00287562904385	1	0	1	1	0	1	     0	     0	     0	6M(15.9949)		TraesCS6B03G0341500LC.2
TraesCS6B03G0347300.1	TraesCS6B03G0347300.1	TraesCS6B03G0347300.1		524	false	false		TraesCS6B03G0347300.1		4.20	0.0000	0.2058	0.00287562904385	1	1	1	1	1	1	     0	     0	     0			
TraesCS6B03G0358000LC.1	TraesCS6B03G0358000LC.1	TraesCS6B03G0358000LC.1		1022	false	false		TraesCS6B03G0358000LC.1		1.76	0.0000	0.1509	0.00287562904385	1	1	1	1	1	1	     0	     0	     0	5M(15.9949)		
TraesCS6B03G0366000LC.1	TraesCS6B03G0366000LC.1	TraesCS6B03G0366000LC.1		108	false	false		TraesCS6B03G0366000LC.1		10.19	0.0000	0.1359	0.00287562904385	1	1	1	1	1	1	     0	     0	     0			
TraesCS6B03G0378100LC.1	TraesCS6B03G0378100LC.1	TraesCS6B03G0378100LC.1		279	false	false		TraesCS6B03G0378100LC.1		3.23	0.0000	0.0630	0.00287562904385	1	1	1	1	1	1	     0	     0	     0			
TraesCS6B03G0395500LC.1	TraesCS6B03G0395500LC.1	TraesCS6B03G0395500LC.1		458	false	false		TraesCS6B03G0395500LC.1		3.49	0.0000	0.2813	0.00287562904385	1	1	1	1	1	1	     0	     0	     0			
TraesCS6B03G0399500LC.1	TraesCS6B03G0399500LC.1	TraesCS6B03G0399500LC.1		218	false	false		TraesCS6B03G0399500LC.1		16.51	0.0000	0.1731	0.00287562904385	1	1	1	1	1	1	     0	     0	     0			
TraesCS6B03G0413500.1	TraesCS6B03G0413500.1	TraesCS6B03G0413500.1		338	false	false		TraesCS6B03G0413500.1		8.88	0.0000	0.2330	0.00287562904385	1	0	1	1	0	1	     0	     0	     0	15C(57.0214)		TraesCS6D03G0275000.1, TraesCS6D03G0275000.2
TraesCS6B03G0446100.1	TraesCS6B03G0446100.1	TraesCS6B03G0446100.1		268	false	false		TraesCS6B03G0446100.1		10.07	0.0000	0.1435	0.00287562904385	1	1	1	1	1	1	     0	     0	     0	6M(15.9949)		
TraesCS6B03G0468600LC.1	TraesCS6B03G0468600LC.1	TraesCS6B03G0468600LC.1		464	false	false		TraesCS6B03G0468600LC.1		1.51	0.0000	0.0750	0.00287562904385	1	1	1	1	1	1	     0	     0	     0			
TraesCS6B03G0473200LC.1	TraesCS6B03G0473200LC.1	TraesCS6B03G0473200LC.1		74	false	false		TraesCS6B03G0473200LC.1		16.22	0.0000	0.0596	0.00287562904385	1	1	1	1	1	1	     0	     0	     0			
TraesCS6B03G0504400.1	TraesCS6B03G0504400.1	TraesCS6B03G0504400.1		190	false	false		TraesCS6B03G0504400.1		8.42	0.0000	0.2561	0.00287562904385	1	0	1	1	0	1	     0	     0	     0			TraesCS6D03G0352100.1, TraesCS6D03G0352900.1
TraesCS6B03G0528900LC.1	TraesCS6B03G0528900LC.1	TraesCS6B03G0528900LC.1		186	false	false		TraesCS6B03G0528900LC.1		3.76	0.0000	0.0651	0.00287562904385	1	1	1	1	1	1	     0	     0	     0	1M(15.9949), 5M(15.9949)		
TraesCS6B03G0556200LC.1	TraesCS6B03G0556200LC.1	TraesCS6B03G0556200LC.1		108	false	false		TraesCS6B03G0556200LC.1		12.96	0.0000	0.2452	0.00287562904385	1	1	1	1	1	1	     0	     0	     0			
TraesCS6B03G0650300LC.1	TraesCS6B03G0650300LC.1	TraesCS6B03G0650300LC.1		320	false	false		TraesCS6B03G0650300LC.1		3.44	0.0000	0.1053	0.00287562904385	1	1	1	1	1	1	     0	     0	     0	8M(15.9949)		
TraesCS6B03G0662600LC.1	TraesCS6B03G0662600LC.1	TraesCS6B03G0662600LC.1		287	false	false		TraesCS6B03G0662600LC.1		4.18	0.0000	0.0513	0.00287562904385	1	1	1	1	1	1	     0	     0	     0			
TraesCS6B03G0697100LC.1	TraesCS6B03G0697100LC.1	TraesCS6B03G0697100LC.1		248	false	false		TraesCS6B03G0697100LC.1		6.05	0.0000	0.1095	0.00287562904385	1	1	1	1	1	1	     0	     0	     0	11M(15.9949), 13M(15.9949)		
TraesCS6B03G0702000LC.1	TraesCS6B03G0702000LC.1	TraesCS6B03G0702000LC.1		187	false	false		TraesCS6B03G0702000LC.1		7.49	0.0000	0.1577	0.00287562904385	1	1	1	1	1	1	     0	     0	     0			
TraesCS6B03G0711500LC.1	TraesCS6B03G0711500LC.1	TraesCS6B03G0711500LC.1		264	false	false		TraesCS6B03G0711500LC.1		6.44	0.0000	0.1622	0.00287562904385	1	1	1	1	1	1	     0	     0	     0	9M(15.9949)		
TraesCS6B03G0732400.1	TraesCS6B03G0732400.1	TraesCS6B03G0732400.1		388	false	false		TraesCS6B03G0732400.1		3.09	0.0000	0.0561	0.00287562904385	1	0	1	1	0	1	     0	     0	     0			TraesCS6B03G0732400.2
TraesCS6B03G0733200LC.1	TraesCS6B03G0733200LC.1	TraesCS6B03G0733200LC.1		309	false	false		TraesCS6B03G0733200LC.1		9.39	0.0000	0.3990	0.00287562904385	1	1	1	1	1	1	     0	     0	     0			
TraesCS6B03G0747000LC.1	TraesCS6B03G0747000LC.1	TraesCS6B03G0747000LC.1		312	false	false		TraesCS6B03G0747000LC.1		11.22	0.0000	0.0736	0.00287562904385	1	1	1	1	1	1	     0	     0	     0			
TraesCS6B03G0760400LC.1	TraesCS6B03G0760400LC.1	TraesCS6B03G0760400LC.1		130	false	false		TraesCS6B03G0760400LC.1		26.92	0.0000	0.0654	0.00287562904385	1	1	1	1	1	1	     0	     0	     0	3M(15.9949)		
TraesCS6B03G0778900LC.1	TraesCS6B03G0778900LC.1	TraesCS6B03G0778900LC.1		268	false	false		TraesCS6B03G0778900LC.1		3.73	0.0000	0.0919	0.00287562904385	1	1	1	1	1	1	     0	     0	     0			
TraesCS6B03G0785000LC.1	TraesCS6B03G0785000LC.1	TraesCS6B03G0785000LC.1		261	false	false		TraesCS6B03G0785000LC.1		3.45	0.0000	0.1184	0.00287562904385	1	1	1	1	1	1	     0	     0	     0	3C(57.0214)		
TraesCS6B03G0801300LC.1	TraesCS6B03G0801300LC.1	TraesCS6B03G0801300LC.1		531	false	false		TraesCS6B03G0801300LC.1		2.07	0.0000	0.1140	0.00287562904385	1	1	1	1	1	1	     0	     0	     0			
TraesCS6B03G0854800.1	TraesCS6B03G0854800.1	TraesCS6B03G0854800.1		406	false	false		TraesCS6B03G0854800.1		4.93	0.0000	0.2127	0.00287562904385	1	1	1	1	1	1	     0	     0	     0	17M(15.9949)		
TraesCS6B03G0864900.1	TraesCS6B03G0864900.1	TraesCS6B03G0864900.1		698	false	false		TraesCS6B03G0864900.1		1.29	0.0000	0.0775	0.00287562904385	1	1	1	1	1	1	     0	     0	     0			
TraesCS6B03G0914200LC.1	TraesCS6B03G0914200LC.1	TraesCS6B03G0914200LC.1		166	false	false		TraesCS6B03G0914200LC.1		9.04	0.0000	0.3620	0.00287562904385	1	0	1	1	0	1	     0	     0	     0			TraesCS7A03G1345800LC.1
TraesCS6B03G0938600.1	TraesCS6B03G0938600.1	TraesCS6B03G0938600.1		403	false	false		TraesCS6B03G0938600.1		2.98	0.0000	0.0503	0.00287562904385	1	0	1	1	0	1	     0	     0	     0			TraesCS6D03G0670400.1
TraesCS6B03G0938800LC.1	TraesCS6B03G0938800LC.1	TraesCS6B03G0938800LC.1		385	false	false		TraesCS6B03G0938800LC.1		3.38	0.0000	0.2988	0.00287562904385	1	1	1	1	1	1	     0	     0	     0			
TraesCS6B03G0947800LC.1	TraesCS6B03G0947800LC.1	TraesCS6B03G0947800LC.1		179	false	false		TraesCS6B03G0947800LC.1		7.82	0.0000	0.0702	0.00287562904385	1	1	1	1	1	1	     0	     0	     0	N-term(42.0106)		
TraesCS6B03G0949100LC.1	TraesCS6B03G0949100LC.1	TraesCS6B03G0949100LC.1		197	false	false		TraesCS6B03G0949100LC.1		5.58	0.0000	0.0903	0.00287562904385	1	1	1	1	1	1	     0	     0	     0			
TraesCS6B03G0959700.1	TraesCS6B03G0959700.1	TraesCS6B03G0959700.1		538	false	false		TraesCS6B03G0959700.1		2.79	0.0000	0.2564	0.00287562904385	1	1	1	2	2	2	     0	     0	     0	N-term(42.0106)		
TraesCS6B03G0974100LC.1	TraesCS6B03G0974100LC.1	TraesCS6B03G0974100LC.1		105	false	false		TraesCS6B03G0974100LC.1		20.00	0.0000	0.2672	0.00287562904385	1	1	1	1	1	1	     0	     0	     0			
TraesCS6B03G0992100.1	TraesCS6B03G0992100.1	TraesCS6B03G0992100.1		162	false	false		TraesCS6B03G0992100.1		4.94	0.0000	0.2101	0.00287562904385	1	0	1	1	0	1	     0	     0	     0			TraesCS6B03G0992100.2
TraesCS6B03G1028700LC.1	TraesCS6B03G1028700LC.1	TraesCS6B03G1028700LC.1		289	false	false		TraesCS6B03G1028700LC.1		4.84	0.0000	0.0819	0.00287562904385	1	1	1	1	1	1	     0	     0	     0			
TraesCS6B03G1089700.1	TraesCS6B03G1089700.1	TraesCS6B03G1089700.1		677	false	false		TraesCS6B03G1089700.1		4.58	0.0000	0.0700	0.00287562904385	1	1	1	1	1	1	     0	     0	     0	28C(57.0214)		
TraesCS6B03G1100400LC.1	TraesCS6B03G1100400LC.1	TraesCS6B03G1100400LC.1		171	false	false		TraesCS6B03G1100400LC.1		7.60	0.0000	0.1349	0.00287562904385	1	1	1	1	1	1	     0	     0	     0	12M(15.9949), N-term(42.0106)		
TraesCS6B03G1154800LC.1	TraesCS6B03G1154800LC.1	TraesCS6B03G1154800LC.1		227	false	false		TraesCS6B03G1154800LC.1		7.05	0.0000	0.3167	0.00287562904385	1	1	1	1	1	1	     0	     0	     0			
TraesCS6B03G1198100LC.1	TraesCS6B03G1198100LC.1	TraesCS6B03G1198100LC.1		468	false	false		TraesCS6B03G1198100LC.1		1.71	0.0000	0.0818	0.00287562904385	1	1	1	1	1	1	     0	     0	     0			
TraesCS6B03G1231200.1	TraesCS6B03G1231200.1	TraesCS6B03G1231200.1		122	false	false		TraesCS6B03G1231200.1		10.66	0.0000	0.0961	0.00287562904385	1	0	1	1	0	1	     0	     0	     0			TraesCS6B03G1232000.1, TraesCS6B03G1234100.1
TraesCS6B03G1259900.1	TraesCS6B03G1259900.1	TraesCS6B03G1259900.1		505	false	false		TraesCS6B03G1259900.1		1.58	0.0000	0.0678	0.00287562904385	1	0	1	1	0	1	     0	     0	     0	3C(57.0214), 6C(57.0214)		TraesCS6D03G0899800.1
TraesCS6B03G1294400.1	TraesCS6B03G1294400.1	TraesCS6B03G1294400.1		656	false	false		TraesCS6B03G1294400.1		3.66	0.0000	0.0730	0.00287562904385	1	1	1	2	2	2	     0	     0	     0			
TraesCS6D03G0028900LC.1	TraesCS6D03G0028900LC.1	TraesCS6D03G0028900LC.1		288	false	false		TraesCS6D03G0028900LC.1		6.94	0.0000	0.0788	0.00287562904385	1	1	1	1	1	1	     0	     0	     0			
TraesCS6D03G0032700.1	TraesCS6D03G0032700.1	TraesCS6D03G0032700.1		520	false	false		TraesCS6D03G0032700.1		2.69	0.0000	0.0664	0.00287562904385	1	1	1	1	1	1	     0	     0	     0			
TraesCS6D03G0038900LC.1	TraesCS6D03G0038900LC.1	TraesCS6D03G0038900LC.1		267	false	false		TraesCS6D03G0038900LC.1		11.99	0.0000	0.0532	0.00287562904385	1	0	1	1	0	1	     0	     0	     0			TraesCS6D03G0039100.1
TraesCS6D03G0044800LC.1	TraesCS6D03G0044800LC.1	TraesCS6D03G0044800LC.1		124	false	false		TraesCS6D03G0044800LC.1		10.48	0.0000	0.1475	0.00287562904385	1	1	1	1	1	1	     0	     0	     0			
TraesCS6D03G0046900LC.1	TraesCS6D03G0046900LC.1	TraesCS6D03G0046900LC.1		329	false	false		TraesCS6D03G0046900LC.1		4.26	0.0000	0.1213	0.00287562904385	1	1	1	2	2	2	     0	     0	     0	6M(15.9949)		
TraesCS6D03G0055000LC.1	TraesCS6D03G0055000LC.1	TraesCS6D03G0055000LC.1		151	false	false		TraesCS6D03G0055000LC.1		12.58	0.0000	0.1998	0.00287562904385	1	1	1	1	1	1	     0	     0	     0	15M(15.9949)		
TraesCS6D03G0064000.1	TraesCS6D03G0064000.1	TraesCS6D03G0064000.1		2853	false	false		TraesCS6D03G0064000.1		0.88	0.0000	0.0531	0.00287562904385	1	0	1	1	0	1	     0	     0	     0	3C(57.0214)		TraesCS6D03G0064000.2, TraesCS6D03G0064000.3
TraesCS6D03G0096300.1	TraesCS6D03G0096300.1	TraesCS6D03G0096300.1		400	false	false		TraesCS6D03G0096300.1		4.25	0.0000	0.1400	0.00287562904385	1	1	1	1	1	1	     0	     0	     0	5C(57.0214)		
TraesCS6D03G0139600.1	TraesCS6D03G0139600.1	TraesCS6D03G0139600.1		590	false	false		TraesCS6D03G0139600.1		1.19	0.0000	0.1916	0.00287562904385	1	1	1	1	1	1	     0	     0	     0			
TraesCS6D03G0143800.1	TraesCS6D03G0143800.1	TraesCS6D03G0143800.1		312	false	false		TraesCS6D03G0143800.1		4.17	0.0000	0.0542	0.00287562904385	1	1	1	1	1	1	     0	     0	     0			
TraesCS6D03G0166400LC.1	TraesCS6D03G0166400LC.1	TraesCS6D03G0166400LC.1		110	false	false		TraesCS6D03G0166400LC.1		14.55	0.0000	0.3481	0.00287562904385	1	1	1	1	1	1	     0	     0	     0	15M(15.9949), 6C(57.0214)		
TraesCS6D03G0226800LC.1	TraesCS6D03G0226800LC.1	TraesCS6D03G0226800LC.1		683	false	false		TraesCS6D03G0226800LC.1		2.20	0.0000	0.1117	0.00287562904385	1	1	1	2	2	2	     0	     0	     0			
TraesCS6D03G0267400LC.1	TraesCS6D03G0267400LC.1	TraesCS6D03G0267400LC.1		399	false	false		TraesCS6D03G0267400LC.1		4.76	0.0000	0.0606	0.00287562904385	1	1	1	1	1	1	     0	     0	     0	15C(57.0214)		
TraesCS6D03G0309000.1	TraesCS6D03G0309000.1	TraesCS6D03G0309000.1		307	false	false		TraesCS6D03G0309000.1		3.58	0.0000	0.2291	0.00287562904385	1	1	1	1	1	1	     0	     0	     0	8M(15.9949)		
TraesCS6D03G0320900LC.1	TraesCS6D03G0320900LC.1	TraesCS6D03G0320900LC.1		175	false	false		TraesCS6D03G0320900LC.1		13.71	0.0000	0.1077	0.00287562904385	1	1	1	1	1	1	     0	     0	     0			
TraesCS6D03G0340900.1	TraesCS6D03G0340900.1	TraesCS6D03G0340900.1		553	false	false		TraesCS6D03G0340900.1		4.88	0.0000	0.0662	0.00287562904385	1	1	1	1	1	1	     0	     0	     0	18M(15.9949)		
TraesCS6D03G0431400LC.1	TraesCS6D03G0431400LC.1	TraesCS6D03G0431400LC.1		126	false	false		TraesCS6D03G0431400LC.1		7.94	0.0000	0.1192	0.00287562904385	1	1	1	1	1	1	     0	     0	     0	4C(57.0214)		
TraesCS6D03G0438600LC.1	TraesCS6D03G0438600LC.1	TraesCS6D03G0438600LC.1		190	false	false		TraesCS6D03G0438600LC.1		8.42	0.0000	0.0985	0.00287562904385	1	1	1	1	1	1	     0	     0	     0			
TraesCS6D03G0488300LC.1	TraesCS6D03G0488300LC.1	TraesCS6D03G0488300LC.1		780	false	false		TraesCS6D03G0488300LC.1		3.08	0.0000	0.1479	0.00287562904385	1	1	1	1	1	1	     0	     0	     0			
TraesCS6D03G0550300.2	TraesCS6D03G0550300.2	TraesCS6D03G0550300.2		334	false	false		TraesCS6D03G0550300.2		2.69	0.0000	0.0588	0.00287562904385	1	1	1	1	1	1	     0	     0	     0			
TraesCS6D03G0616300LC.1	TraesCS6D03G0616300LC.1	TraesCS6D03G0616300LC.1		305	false	false		TraesCS6D03G0616300LC.1		6.89	0.0000	0.1095	0.00287562904385	1	0	1	1	0	1	     0	     0	     0	16M(15.9949)		TraesCS6D03G0616400.1
TraesCS6D03G0661400.1	TraesCS6D03G0661400.1	TraesCS6D03G0661400.1		393	false	false		TraesCS6D03G0661400.1		2.54	0.0000	0.1974	0.00287562904385	1	1	1	1	1	1	     0	     0	     0			
TraesCS6D03G0716500LC.1	TraesCS6D03G0716500LC.1	TraesCS6D03G0716500LC.1		155	false	false		TraesCS6D03G0716500LC.1		7.74	0.0000	0.0515	0.00287562904385	1	1	1	1	1	1	     0	     0	     0	6C(57.0214), 8C(57.0214)		
TraesCS6D03G0734200.1	TraesCS6D03G0734200.1	TraesCS6D03G0734200.1		328	false	false		TraesCS6D03G0734200.1		3.05	0.0000	0.0724	0.00287562904385	1	1	1	1	1	1	     0	     0	     0	7M(15.9949)		
TraesCS6D03G0734500LC.1	TraesCS6D03G0734500LC.1	TraesCS6D03G0734500LC.1		110	false	false		TraesCS6D03G0734500LC.1		11.82	0.0000	0.0510	0.00287562904385	1	1	1	1	1	1	     0	     0	     0	12M(15.9949), 7M(15.9949)		
TraesCS6D03G0776800LC.1	TraesCS6D03G0776800LC.1	TraesCS6D03G0776800LC.1		1558	false	false		TraesCS6D03G0776800LC.1		0.83	0.0000	0.0936	0.00287562904385	1	1	1	1	1	1	     0	     0	     0			
TraesCS6D03G0809200.1	TraesCS6D03G0809200.1	TraesCS6D03G0809200.1		154	false	false		TraesCS6D03G0809200.1		7.14	0.0000	0.0902	0.00287562904385	1	1	1	1	1	1	     0	     0	     0			
TraesCS6D03G0815500LC.1	TraesCS6D03G0815500LC.1	TraesCS6D03G0815500LC.1		595	false	false		TraesCS6D03G0815500LC.1		1.34	0.0000	0.3022	0.00287562904385	1	1	1	1	1	1	     0	     0	     0			
TraesCS6D03G0825700.1	TraesCS6D03G0825700.1	TraesCS6D03G0825700.1		545	false	false		TraesCS6D03G0825700.1		3.30	0.0000	0.0598	0.00287562904385	1	1	1	1	1	1	     0	     0	     0			
TraesCS6D03G0843600LC.1	TraesCS6D03G0843600LC.1	TraesCS6D03G0843600LC.1		126	false	false		TraesCS6D03G0843600LC.1		6.35	0.0000	0.0873	0.00287562904385	1	1	1	1	1	1	     0	     0	     0			
TraesCS7A03G0070500LC.1	TraesCS7A03G0070500LC.1	TraesCS7A03G0070500LC.1		206	false	false		TraesCS7A03G0070500LC.1		4.85	0.0000	0.0602	0.00287562904385	1	1	1	1	1	1	     0	     0	     0			
TraesCS7A03G0071500LC.1	TraesCS7A03G0071500LC.1	TraesCS7A03G0071500LC.1		664	false	false		TraesCS7A03G0071500LC.1		1.36	0.0000	0.2654	0.00287562904385	1	1	1	1	1	1	     0	     0	     0	6C(57.0214), 8C(57.0214)		
TraesCS7A03G0164000LC.1	TraesCS7A03G0164000LC.1	TraesCS7A03G0164000LC.1		205	false	false		TraesCS7A03G0164000LC.1		7.32	0.0000	0.1870	0.00287562904385	1	1	1	1	1	1	     0	     0	     0	13M(15.9949)		
TraesCS7A03G0219200.1	TraesCS7A03G0219200.1	TraesCS7A03G0219200.1		514	false	false		TraesCS7A03G0219200.1		6.42	0.0000	0.0814	0.00287562904385	1	1	1	1	1	1	     0	     0	     0	28M(15.9949)		
TraesCS7A03G0223400.1	TraesCS7A03G0223400.1	TraesCS7A03G0223400.1		328	false	false		TraesCS7A03G0223400.1		10.98	0.0000	0.1009	0.00287562904385	1	1	1	1	1	1	     0	     0	     0	14C(57.0214), 23C(57.0214)		
TraesCS7A03G0252700.1	TraesCS7A03G0252700.1	TraesCS7A03G0252700.1		775	false	false		TraesCS7A03G0252700.1		1.42	0.0000	0.2601	0.00287562904385	1	0	1	1	0	1	     0	     0	     0	10M(15.9949)		TraesCS7B03G0012200.1, TraesCS7D03G0229900.1
TraesCS7A03G0254700LC.1	TraesCS7A03G0254700LC.1	TraesCS7A03G0254700LC.1		1528	false	false		TraesCS7A03G0254700LC.1		0.79	0.0000	0.3196	0.00287562904385	1	1	1	1	1	1	     0	     0	     0			
TraesCS7A03G0276000LC.1	TraesCS7A03G0276000LC.1	TraesCS7A03G0276000LC.1		380	false	false		TraesCS7A03G0276000LC.1		6.84	0.0000	0.1817	0.00287562904385	1	0	1	1	0	1	     0	     0	     0			TraesCS7A03G0276100LC.1
TraesCS7A03G0336000.1	TraesCS7A03G0336000.1	TraesCS7A03G0336000.1		97	false	false		TraesCS7A03G0336000.1		22.68	0.0000	0.1067	0.00287562904385	1	1	1	1	1	1	     0	     0	     0			
TraesCS7A03G0384900LC.1	TraesCS7A03G0384900LC.1	TraesCS7A03G0384900LC.1		98	false	false		TraesCS7A03G0384900LC.1		9.18	0.0000	0.1625	0.00287562904385	1	0	1	1	0	1	     0	     0	     0			
TraesCS7A03G0403500.1	TraesCS7A03G0403500.1	TraesCS7A03G0403500.1		560	false	false		TraesCS7A03G0403500.1		3.21	0.0000	0.1962	0.00287562904385	1	0	1	1	0	1	     0	     0	     0	16C(57.0214), 7C(57.0214)		TraesCS7B03G0203400.1, TraesCS7D03G0388500.1
TraesCS7A03G0405700.1	TraesCS7A03G0405700.1	TraesCS7A03G0405700.1		550	false	false		TraesCS7A03G0405700.1		2.18	0.0000	0.1326	0.00287562904385	1	0	1	1	0	1	     0	     0	     0	N-term(42.0106)		TraesCS7B03G0205100.1
TraesCS7A03G0417900.1	TraesCS7A03G0417900.1	TraesCS7A03G0417900.1		88	false	false		TraesCS7A03G0417900.1		23.86	0.0000	0.0803	0.00287562904385	1	1	1	1	1	1	     0	     0	     0	19M(15.9949)		
TraesCS7A03G0418900.1	TraesCS7A03G0418900.1	TraesCS7A03G0418900.1		495	false	false		TraesCS7A03G0418900.1		3.23	0.0000	0.0656	0.00287562904385	1	1	1	1	1	1	     0	     0	     0			
TraesCS7A03G0422800.1	TraesCS7A03G0422800.1	TraesCS7A03G0422800.1		140	false	false		TraesCS7A03G0422800.1		8.57	0.0000	0.2655	0.00287562904385	1	0	1	1	0	1	     0	     0	     0			TraesCS7B03G0229900.1, TraesCS7D03G0410900.1
TraesCS7A03G0444400.1	TraesCS7A03G0444400.1	TraesCS7A03G0444400.1		384	false	false		TraesCS7A03G0444400.1		3.91	0.0000	0.1692	0.00287562904385	1	0	1	1	0	1	     0	     0	     0			TraesCS7B03G0252800.1, TraesCS7B03G0252800.2, TraesCS7B03G0252800.3, TraesCS7D03G0428700.1
TraesCS7A03G0450700.1	TraesCS7A03G0450700.1	TraesCS7A03G0450700.1		1268	false	false		TraesCS7A03G0450700.1		1.34	0.0000	0.2308	0.00287562904385	1	0	1	1	0	1	     0	     0	     0	11C(57.0214), 14C(57.0214), N-term(42.0106)		TraesCS7A03G0450700.2, TraesCS7B03G0259200.2, TraesCS7B03G0259200.3, TraesCS7D03G0435300.1
TraesCS7A03G0454900.1	TraesCS7A03G0454900.1	TraesCS7A03G0454900.1		236	false	false		TraesCS7A03G0454900.1		5.93	0.0000	0.2179	0.00287562904385	1	1	1	1	1	1	     0	     0	     0			
TraesCS7A03G0471400.1	TraesCS7A03G0471400.1	TraesCS7A03G0471400.1		509	false	false		TraesCS7A03G0471400.1		2.55	0.0000	0.0571	0.00287562904385	1	1	1	1	1	1	     0	     0	     0	8C(57.0214)		
TraesCS7A03G0490400.1	TraesCS7A03G0490400.1	TraesCS7A03G0490400.1		378	false	false		TraesCS7A03G0490400.1		2.65	0.0000	0.0735	0.00287562904385	1	0	1	1	0	1	     0	     0	     0			TraesCS7B03G0303300.1, TraesCS7D03G0473000.1, TraesCS7D03G0473000.2
TraesCS7A03G0515800.1	TraesCS7A03G0515800.1	TraesCS7A03G0515800.1		474	false	false		TraesCS7A03G0515800.1		1.69	0.0000	0.1599	0.00287562904385	1	1	1	1	1	1	     0	     0	     0			
TraesCS7A03G0519700LC.1	TraesCS7A03G0519700LC.1	TraesCS7A03G0519700LC.1		310	false	false		TraesCS7A03G0519700LC.1		2.26	0.0000	0.1160	0.00287562904385	1	1	1	1	1	1	     0	     0	     0			
TraesCS7A03G0524100.1	TraesCS7A03G0524100.1	TraesCS7A03G0524100.1		540	false	false		TraesCS7A03G0524100.1		3.89	0.0000	0.1071	0.00287562904385	1	0	1	1	0	1	     0	     0	     0			TraesCS7B03G0347700.1, TraesCS7B03G0347700.2, TraesCS7D03G0509600.1
TraesCS7A03G0524500.1	TraesCS7A03G0524500.1	TraesCS7A03G0524500.1		336	false	false		TraesCS7A03G0524500.1		3.57	0.0000	0.0649	0.00287562904385	1	1	1	1	1	1	     0	     0	     0			
TraesCS7A03G0531800.1	TraesCS7A03G0531800.1	TraesCS7A03G0531800.1		555	false	false		TraesCS7A03G0531800.1		1.62	0.0000	0.1237	0.00287562904385	1	0	1	1	0	1	     0	     0	     0	7C(57.0214)		TraesCS7B03G0349500.1, TraesCS7D03G0511400.1
TraesCS7A03G0538700.1	TraesCS7A03G0538700.1	TraesCS7A03G0538700.1		1169	false	false		TraesCS7A03G0538700.1		0.68	0.0000	0.0545	0.00287562904385	1	0	1	1	0	1	     0	     0	     0			TraesCS7A03G0538700.2, TraesCS7A03G0538700.3, TraesCS7A03G0538700.4, TraesCS7A03G0538700.5, TraesCS7B03G0354000.1, TraesCS7B03G0354000.2, TraesCS7B03G0354000.3, TraesCS7D03G0516100.1, TraesCS7D03G0516100.2, TraesCS7D03G0516100.3, TraesCS7D03G0516100.4, TraesCS7D03G0516100.5
TraesCS7A03G0545500.2	TraesCS7A03G0545500.2	TraesCS7A03G0545500.2		1003	false	false		TraesCS7A03G0545500.2		1.20	0.0000	0.3371	0.00287562904385	1	0	1	1	0	1	     0	     0	     0			TraesCS7B03G0362300.2, TraesCS7D03G0524200.1, TraesCS7D03G0524200.2, TraesCS7D03G0524200.3, TraesCS7D03G0524200.4, TraesCS7D03G0524200.5
TraesCS7A03G0550000LC.1	TraesCS7A03G0550000LC.1	TraesCS7A03G0550000LC.1		256	false	false		TraesCS7A03G0550000LC.1		4.69	0.0000	0.3765	0.00287562904385	1	1	1	1	1	1	     0	     0	     0	5C(57.0214), 6C(57.0214)		
TraesCS7A03G0552200LC.1	TraesCS7A03G0552200LC.1	TraesCS7A03G0552200LC.1		395	false	false		TraesCS7A03G0552200LC.1		3.80	0.0000	0.0512	0.00287562904385	1	1	1	1	1	1	     0	     0	     0			
TraesCS7A03G0575800.1	TraesCS7A03G0575800.1	TraesCS7A03G0575800.1		759	false	false		TraesCS7A03G0575800.1		1.58	0.0000	0.1114	0.00287562904385	1	0	1	2	0	2	     0	     0	     0			TraesCS7A03G0575800.2, TraesCS7A03G0575800.3, TraesCS7A03G0575800.4, TraesCS7A03G0575800.5
TraesCS7A03G0580900.1	TraesCS7A03G0580900.1	TraesCS7A03G0580900.1		856	false	false		TraesCS7A03G0580900.1		4.44	0.0000	0.1151	0.00287562904385	1	1	1	1	1	1	     0	     0	     0			
TraesCS7A03G0593200.1	TraesCS7A03G0593200.1	TraesCS7A03G0593200.1		559	false	false		TraesCS7A03G0593200.1		2.50	0.0000	0.3790	0.00287562904385	1	0	1	1	0	1	     0	     0	     0			TraesCS7D03G0583400.1
TraesCS7A03G0597300LC.1	TraesCS7A03G0597300LC.1	TraesCS7A03G0597300LC.1		254	false	false		TraesCS7A03G0597300LC.1		11.81	0.0000	0.1095	0.00287562904385	1	0	1	1	0	1	     0	     0	     0	16C(57.0214), 26M(15.9949)		TraesCS7B03G0424200.1, TraesCS7D03G0586000LC.1
TraesCS7A03G0633400.1	TraesCS7A03G0633400.1	TraesCS7A03G0633400.1		604	false	false		TraesCS7A03G0633400.1		1.66	0.0000	0.3086	0.00287562904385	1	0	1	1	0	1	     0	     0	     0			TraesCS7B03G0458300.1, TraesCS7D03G0614400.2
TraesCS7A03G0643100.1	TraesCS7A03G0643100.1	TraesCS7A03G0643100.1		474	false	false		TraesCS7A03G0643100.1		5.91	0.0000	0.1180	0.00287562904385	1	0	1	1	0	1	     0	     0	     0			TraesCS7A03G0643100.2, TraesCS7A03G0643100.3, TraesCS7A03G0643100.4
TraesCS7A03G0674200.1	TraesCS7A03G0674200.1	TraesCS7A03G0674200.1		443	false	false		TraesCS7A03G0674200.1		2.48	0.0000	0.3473	0.00287562904385	1	0	1	1	0	1	     0	     0	     0	7C(57.0214)		TraesCS7B03G0564400.1, TraesCS7D03G0645700.1
TraesCS7A03G0710500LC.1	TraesCS7A03G0710500LC.1	TraesCS7A03G0710500LC.1		164	false	false		TraesCS7A03G0710500LC.1		7.32	0.0000	0.0501	0.00287562904385	1	1	1	1	1	1	     0	     0	     0	10M(15.9949), 4M(15.9949), 7M(15.9949)		
TraesCS7A03G0717000.3	TraesCS7A03G0717000.3	TraesCS7A03G0717000.3		919	false	false		TraesCS7A03G0717000.3		2.07	0.0000	0.0762	0.00287562904385	1	0	1	1	0	1	     0	     0	     0			TraesCS7D03G0666900.1
TraesCS7A03G0749700.1	TraesCS7A03G0749700.1	TraesCS7A03G0749700.1		365	false	false		TraesCS7A03G0749700.1		4.66	0.0000	0.1291	0.00287562904385	1	0	1	1	0	1	     0	     0	     0			TraesCS7B03G0577300.1, TraesCS7D03G0713300.1
TraesCS7A03G0757600.1	TraesCS7A03G0757600.1	TraesCS7A03G0757600.1		675	false	false		TraesCS7A03G0757600.1		4.00	0.0000	0.2084	0.00287562904385	1	1	1	1	1	1	     0	     0	     0	13M(15.9949), 26C(57.0214)		
TraesCS7A03G0760400.1	TraesCS7A03G0760400.1	TraesCS7A03G0760400.1		796	false	false		TraesCS7A03G0760400.1		1.13	0.0000	0.1108	0.00287562904385	1	0	1	1	0	1	     0	     0	     0			TraesCS7B03G0590000.1, TraesCS7D03G0729900.1, TraesCS7D03G0729900.2
TraesCS7A03G0768600LC.1	TraesCS7A03G0768600LC.1	TraesCS7A03G0768600LC.1		248	false	false		TraesCS7A03G0768600LC.1		4.44	0.0000	0.0851	0.00287562904385	1	1	1	1	1	1	     0	     0	     0			
TraesCS7A03G0793700.1	TraesCS7A03G0793700.1	TraesCS7A03G0793700.1		852	false	false		TraesCS7A03G0793700.1		1.88	0.0000	0.3150	0.00287562904385	1	0	1	1	0	1	     0	     0	     0	3C(57.0214)		TraesCS7B03G0631600.1, TraesCS7D03G0758500.1, TraesCS7D03G0758500.2
TraesCS7A03G0809800.1	TraesCS7A03G0809800.1	TraesCS7A03G0809800.1		566	false	false		TraesCS7A03G0809800.1		3.71	0.0000	0.0863	0.00287562904385	1	1	1	1	1	1	     0	     0	     0			
TraesCS7A03G0831400.1	TraesCS7A03G0831400.1	TraesCS7A03G0831400.1		2220	false	false		TraesCS7A03G0831400.1		0.36	0.0000	0.0984	0.00287562904385	1	0	1	1	0	1	     0	     0	     0	6M(15.9949)		TraesCS7B03G0689200.1, TraesCS7B03G0689200.2, TraesCS7D03G0815500.1
TraesCS7A03G0834000LC.1	TraesCS7A03G0834000LC.1	TraesCS7A03G0834000LC.1		339	false	false		TraesCS7A03G0834000LC.1		2.65	0.0000	0.0788	0.00287562904385	1	0	1	1	0	1	     0	     0	     0	4M(15.9949)		TraesCS7B03G0691300LC.1, TraesCS7B03G0691300LC.2, TraesCS7D03G0818800LC.1
TraesCS7A03G0835100LC.1	TraesCS7A03G0835100LC.1	TraesCS7A03G0835100LC.1		285	false	false		TraesCS7A03G0835100LC.1		14.04	0.0000	0.1194	0.00287562904385	1	1	1	1	1	1	     0	     0	     0	14M(15.9949), 33C(57.0214)		
TraesCS7A03G0876000LC.1	TraesCS7A03G0876000LC.1	TraesCS7A03G0876000LC.1		110	false	false		TraesCS7A03G0876000LC.1		7.27	0.0000	0.0989	0.00287562904385	1	1	1	1	1	1	     0	     0	     0			
TraesCS7A03G0882100LC.1	TraesCS7A03G0882100LC.1	TraesCS7A03G0882100LC.1		361	false	false		TraesCS7A03G0882100LC.1		4.99	0.0000	0.2403	0.00287562904385	1	1	1	1	1	1	     0	     0	     0			
TraesCS7A03G0923800.1	TraesCS7A03G0923800.1	TraesCS7A03G0923800.1		994	false	false		TraesCS7A03G0923800.1		1.61	0.0000	0.1921	0.00287562904385	1	0	1	1	0	1	     0	     0	     0			TraesCS7B03G0769700.1, TraesCS7D03G0886400.1, TraesCS7D03G0886400.2
TraesCS7A03G0925300.1	TraesCS7A03G0925300.1	TraesCS7A03G0925300.1		576	false	false		TraesCS7A03G0925300.1		1.39	0.0000	0.3154	0.00287562904385	1	0	1	1	0	1	     0	     0	     0	N-term(42.0106)		TraesCS7B03G0772100.1
TraesCS7A03G0942500.1	TraesCS7A03G0942500.1	TraesCS7A03G0942500.1		286	false	false		TraesCS7A03G0942500.1		2.80	0.0000	0.0502	0.00287562904385	1	0	1	1	0	1	     0	     0	     0			TraesCS7B03G0786900.1, TraesCS7D03G0907800.1
TraesCS7A03G0999700.1	TraesCS7A03G0999700.1	TraesCS7A03G0999700.1		113	false	false		TraesCS7A03G0999700.1		17.70	0.0000	0.1669	0.00287562904385	2	1	1	2	1	1	     0	     0	     0			
TraesCS7A03G1001700LC.1	TraesCS7A03G1001700LC.1	TraesCS7A03G1001700LC.1		157	false	false		TraesCS7A03G1001700LC.1		17.83	0.0000	0.0634	0.00287562904385	1	1	1	1	1	1	     0	     0	     0			
TraesCS7A03G1038100.1	TraesCS7A03G1038100.1	TraesCS7A03G1038100.1		220	false	false		TraesCS7A03G1038100.1		5.45	0.0000	0.0610	0.00287562904385	1	0	1	1	0	1	     0	     0	     0	10C(57.0214), 4M(15.9949)		TraesCS7A03G1038100.2, TraesCS7A03G1038200.1, TraesCS7A03G1038200.2
TraesCS7A03G1047400LC.1	TraesCS7A03G1047400LC.1	TraesCS7A03G1047400LC.1		192	false	false		TraesCS7A03G1047400LC.1		5.73	0.0000	0.0520	0.00287562904385	1	1	1	1	1	1	     0	     0	     0	4C(57.0214)		
TraesCS7A03G1047700LC.1	TraesCS7A03G1047700LC.1	TraesCS7A03G1047700LC.1		1237	false	false		TraesCS7A03G1047700LC.1		0.81	0.0000	0.0000	0.00287562904385	1	0	1	1	0	1	     0	     0	     0			
TraesCS7A03G1048100.1	TraesCS7A03G1048100.1	TraesCS7A03G1048100.1		801	false	false		TraesCS7A03G1048100.1		2.12	0.0000	0.1717	0.00287562904385	1	1	1	1	1	1	     0	     0	     0	7M(15.9949)		
TraesCS7A03G1053900LC.1	TraesCS7A03G1053900LC.1	TraesCS7A03G1053900LC.1		399	false	false		TraesCS7A03G1053900LC.1		2.26	0.0000	0.1428	0.00287562904385	1	1	1	1	1	1	     0	     0	     0			
TraesCS7A03G1065100.1	TraesCS7A03G1065100.1	TraesCS7A03G1065100.1		216	false	false		TraesCS7A03G1065100.1		7.87	0.0000	0.0865	0.00287562904385	1	0	1	1	0	1	     0	     0	     0			TraesCS7A03G1065200.1, TraesCS7B03G0907300.1, TraesCS7B03G0907400.1, TraesCS7B03G0907600.1, TraesCS7D03G1015700.1
TraesCS7A03G1096900LC.1	TraesCS7A03G1096900LC.1	TraesCS7A03G1096900LC.1		279	false	false		TraesCS7A03G1096900LC.1		12.19	0.0000	0.1135	0.00287562904385	1	1	1	1	1	1	     0	     0	     0	15C(57.0214)		
TraesCS7A03G1110100.1	TraesCS7A03G1110100.1	TraesCS7A03G1110100.1		252	false	false		TraesCS7A03G1110100.1		3.17	0.0000	0.0764	0.00287562904385	1	0	1	1	0	1	     0	     0	     0			TraesCS7B03G0960900.1, TraesCS7D03G1059000.1
TraesCS7A03G1116700.1	TraesCS7A03G1116700.1	TraesCS7A03G1116700.1		109	false	false		TraesCS7A03G1116700.1		10.09	0.0000	0.1207	0.00287562904385	1	1	1	1	1	1	     0	     0	     0	7C(57.0214)		
TraesCS7A03G1128100.1	TraesCS7A03G1128100.1	TraesCS7A03G1128100.1		308	false	false		TraesCS7A03G1128100.1		2.92	0.0000	0.0635	0.00287562904385	1	0	1	1	0	1	     0	     0	     0	N-term(42.0106)		TraesCS7B03G0981600.1, TraesCS7D03G1074400.1
TraesCS7A03G1131000LC.1	TraesCS7A03G1131000LC.1	TraesCS7A03G1131000LC.1		242	false	false		TraesCS7A03G1131000LC.1		5.37	0.0000	0.0879	0.00287562904385	1	1	1	1	1	1	     0	     0	     0			
TraesCS7A03G1145300LC.1	TraesCS7A03G1145300LC.1	TraesCS7A03G1145300LC.1		621	false	false		TraesCS7A03G1145300LC.1		2.09	0.0000	0.0550	0.00287562904385	1	1	1	1	1	1	     0	     0	     0	11M(15.9949)		
TraesCS7A03G1154400.1	TraesCS7A03G1154400.1	TraesCS7A03G1154400.1		840	false	false		TraesCS7A03G1154400.1		1.31	0.0000	0.0548	0.00287562904385	1	0	1	1	0	1	     0	     0	     0			TraesCS7B03G1016700.1, TraesCS7D03G1100100.1
TraesCS7A03G1184800LC.1	TraesCS7A03G1184800LC.1	TraesCS7A03G1184800LC.1		123	false	false		TraesCS7A03G1184800LC.1		12.20	0.0000	0.2321	0.00287562904385	1	0	1	2	0	2	     0	     0	     0			TraesCS7A03G1184800LC.2
TraesCS7A03G1186300.1	TraesCS7A03G1186300.1	TraesCS7A03G1186300.1		378	false	false		TraesCS7A03G1186300.1		3.17	0.0000	0.1283	0.00287562904385	1	0	1	1	0	1	     0	     0	     0			TraesCS7B03G1057400.1, TraesCS7D03G1127100.1
TraesCS7A03G1201400.1	TraesCS7A03G1201400.1	TraesCS7A03G1201400.1		384	false	false		TraesCS7A03G1201400.1		2.60	0.0000	0.1542	0.00287562904385	1	0	1	1	0	1	     0	     0	     0			TraesCS7A03G1201400.2, TraesCS7B03G1080800.1, TraesCS7B03G1080800.2, TraesCS7B03G1080800.3, TraesCS7B03G1080800.4
TraesCS7A03G1207900LC.1	TraesCS7A03G1207900LC.1	TraesCS7A03G1207900LC.1		96	false	false		TraesCS7A03G1207900LC.1		13.54	0.0000	0.2043	0.00287562904385	1	1	1	1	1	1	     0	     0	     0	8M(15.9949)		
TraesCS7A03G1223200LC.1	TraesCS7A03G1223200LC.1	TraesCS7A03G1223200LC.1		55	false	false		TraesCS7A03G1223200LC.1		21.82	0.0000	0.0647	0.00287562904385	1	1	1	1	1	1	     0	     0	     0	4C(57.0214)		
TraesCS7A03G1231800.1	TraesCS7A03G1231800.1	TraesCS7A03G1231800.1		404	false	false		TraesCS7A03G1231800.1		2.23	0.0000	0.1066	0.00287562904385	1	0	1	1	0	1	     0	     0	     0	1M(15.9949)		TraesCS7D03G1172100.1
TraesCS7A03G1249400.1	TraesCS7A03G1249400.1	TraesCS7A03G1249400.1		519	false	false		TraesCS7A03G1249400.1		2.50	0.0000	0.3769	0.00287562904385	1	1	1	1	1	1	     0	     0	     0			
TraesCS7A03G1251200.1	TraesCS7A03G1251200.1	TraesCS7A03G1251200.1		539	false	false		TraesCS7A03G1251200.1		2.60	0.0000	0.0553	0.00287562904385	1	0	1	1	0	1	     0	     0	     0			TraesCS7B03G1171700.1, TraesCS7D03G1196200.1, TraesCS7D03G1196200.2
TraesCS7A03G1261300LC.1	TraesCS7A03G1261300LC.1	TraesCS7A03G1261300LC.1		484	false	false		TraesCS7A03G1261300LC.1		4.13	0.0000	0.1816	0.00287562904385	1	1	1	1	1	1	     0	     0	     0	17C(57.0214)		
TraesCS7A03G1291400.1	TraesCS7A03G1291400.1	TraesCS7A03G1291400.1		1528	false	false		TraesCS7A03G1291400.1		1.70	0.0000	0.0860	0.00287562904385	1	1	1	1	1	1	     0	     0	     0	16M(15.9949), 25M(15.9949)		
TraesCS7A03G1300500LC.1	TraesCS7A03G1300500LC.1	TraesCS7A03G1300500LC.1		416	false	false		TraesCS7A03G1300500LC.1		2.88	0.0000	0.0829	0.00287562904385	1	1	1	1	1	1	     0	     0	     0			
TraesCS7A03G1305800LC.1	TraesCS7A03G1305800LC.1	TraesCS7A03G1305800LC.1		223	false	false		TraesCS7A03G1305800LC.1		7.17	0.0000	0.1727	0.00287562904385	1	1	1	1	1	1	     0	     0	     0	10C(57.0214)		
TraesCS7A03G1307300.1	TraesCS7A03G1307300.1	TraesCS7A03G1307300.1		516	false	false		TraesCS7A03G1307300.1		5.43	0.0000	0.0870	0.00287562904385	1	1	1	1	1	1	     0	     0	     0	11M(15.9949), 20M(15.9949)		
TraesCS7A03G1323100.1	TraesCS7A03G1323100.1	TraesCS7A03G1323100.1		2618	false	false		TraesCS7A03G1323100.1		0.53	0.0000	0.1533	0.00287562904385	1	0	1	1	0	1	     0	     0	     0	8C(57.0214), 9C(57.0214)		TraesCS7A03G1323100.2, TraesCS7D03G1246600.1
TraesCS7A03G1330700.1	TraesCS7A03G1330700.1	TraesCS7A03G1330700.1		290	false	false		TraesCS7A03G1330700.1		6.21	0.0000	0.1270	0.00287562904385	1	0	1	1	0	1	     0	     0	     0	17C(57.0214)		TraesCS7B03G1263000.1, TraesCS7B03G1263100.1
TraesCS7A03G1340300.1	TraesCS7A03G1340300.1	TraesCS7A03G1340300.1		292	false	false		TraesCS7A03G1340300.1		3.08	0.0000	0.1882	0.00287562904385	1	1	1	2	2	2	     0	     0	     0			
TraesCS7B03G0002900.1	TraesCS7B03G0002900.1	TraesCS7B03G0002900.1		624	false	false		TraesCS7B03G0002900.1		4.33	0.0000	0.1134	0.00287562904385	1	0	1	1	0	1	     0	     0	     0			TraesCS7B03G0002900.2, TraesCS7B03G0002900.3
TraesCS7B03G0012600.1	TraesCS7B03G0012600.1	TraesCS7B03G0012600.1		632	false	false		TraesCS7B03G0012600.1		6.96	0.0000	0.3930	0.00287562904385	1	1	1	1	1	1	     0	     0	     0			
TraesCS7B03G0037900.1	TraesCS7B03G0037900.1	TraesCS7B03G0037900.1		729	false	false		TraesCS7B03G0037900.1		3.29	0.0000	0.0547	0.00287562904385	1	1	1	1	1	1	     0	     0	     0			
TraesCS7B03G0040900.1	TraesCS7B03G0040900.1	TraesCS7B03G0040900.1		405	false	false		TraesCS7B03G0040900.1		6.42	0.0000	0.1563	0.00287562904385	1	0	1	1	0	1	     0	     0	     0	17C(57.0214), 22M(15.9949)		TraesCS7B03G0041300.1, TraesCS7B03G0041300.2, TraesCS7B03G0042900.1, TraesCS7B03G0042900.2, TraesCS7B03G0042900.3, TraesCS7D03G0260000.1
TraesCS7B03G0041000.1	TraesCS7B03G0041000.1	TraesCS7B03G0041000.1		1481	false	false		TraesCS7B03G0041000.1		3.04	0.0000	0.0922	0.00287562904385	1	0	1	1	0	1	     0	     0	     0	13M(15.9949)		TraesCS7B03G0041600.1, TraesCS7D03G0260400.1, TraesCS7D03G0260400.2
TraesCS7B03G0073000LC.1	TraesCS7B03G0073000LC.1	TraesCS7B03G0073000LC.1		742	false	false		TraesCS7B03G0073000LC.1		1.75	0.0000	0.1138	0.00287562904385	1	0	1	1	0	1	     0	     0	     0	5M(15.9949)		TraesCS7B03G0073000LC.2
TraesCS7B03G0083800.1	TraesCS7B03G0083800.1	TraesCS7B03G0083800.1		405	false	false		TraesCS7B03G0083800.1		5.68	0.0000	0.1149	0.00287562904385	1	1	1	1	1	1	     0	     0	     0			
TraesCS7B03G0088000.1	TraesCS7B03G0088000.1	TraesCS7B03G0088000.1		819	false	false		TraesCS7B03G0088000.1		1.22	0.0000	0.0923	0.00287562904385	1	0	1	1	0	1	     0	     0	     0			TraesCS7B03G0088000.2, TraesCS7D03G0295000.1, TraesCS7D03G0295000.2, TraesCS7D03G0295000.3
TraesCS7B03G0142400.1	TraesCS7B03G0142400.1	TraesCS7B03G0142400.1		170	false	false		TraesCS7B03G0142400.1		5.29	0.0000	0.0956	0.00287562904385	1	0	1	1	0	1	     0	     0	     0			TraesCS7D03G0544400.1
TraesCS7B03G0143000.3	TraesCS7B03G0143000.3	TraesCS7B03G0143000.3		600	false	false		TraesCS7B03G0143000.3		4.83	0.0000	0.0694	0.00287562904385	1	1	1	1	1	1	     0	     0	     0			
TraesCS7B03G0146100LC.1	TraesCS7B03G0146100LC.1	TraesCS7B03G0146100LC.1		655	false	false		TraesCS7B03G0146100LC.1		3.82	0.0000	0.0577	0.00287562904385	1	1	1	1	1	1	     0	     0	     0	12C(57.0214)		
TraesCS7B03G0152600.1	TraesCS7B03G0152600.1	TraesCS7B03G0152600.1		416	false	false		TraesCS7B03G0152600.1		1.92	0.0000	0.2224	0.00287562904385	1	1	1	1	1	1	     0	     0	     0	6C(57.0214)		
TraesCS7B03G0211500LC.1	TraesCS7B03G0211500LC.1	TraesCS7B03G0211500LC.1		215	false	false		TraesCS7B03G0211500LC.1		3.72	0.0000	0.2300	0.00287562904385	1	1	1	1	1	1	     0	     0	     0			
TraesCS7B03G0229100LC.1	TraesCS7B03G0229100LC.1	TraesCS7B03G0229100LC.1		217	false	false		TraesCS7B03G0229100LC.1		4.15	0.0000	0.0697	0.00287562904385	1	1	1	1	1	1	     0	     0	     0			
TraesCS7B03G0245700.1	TraesCS7B03G0245700.1	TraesCS7B03G0245700.1		692	false	false		TraesCS7B03G0245700.1		1.30	0.0000	0.0588	0.00287562904385	1	0	1	1	0	1	     0	     0	     0	4M(15.9949)		TraesCS7B03G0245700.2, TraesCS7D03G0421400.1, TraesCS7D03G0421400.2
TraesCS7B03G0246000.1	TraesCS7B03G0246000.1	TraesCS7B03G0246000.1		432	false	false		TraesCS7B03G0246000.1		3.01	0.0000	0.0538	0.00287562904385	1	1	1	1	1	1	     0	     0	     0	4M(15.9949)		
TraesCS7B03G0259100.1	TraesCS7B03G0259100.1	TraesCS7B03G0259100.1		546	false	false		TraesCS7B03G0259100.1		3.11	0.0000	0.1742	0.00287562904385	1	0	1	1	0	1	     0	     0	     0			TraesCS7B03G0259100.2
TraesCS7B03G0301300.1	TraesCS7B03G0301300.1	TraesCS7B03G0301300.1		430	false	false		TraesCS7B03G0301300.1		3.02	0.0000	0.1152	0.00287562904385	1	1	1	1	1	1	     0	     0	     0			
TraesCS7B03G0303400.1	TraesCS7B03G0303400.1	TraesCS7B03G0303400.1		600	false	false		TraesCS7B03G0303400.1		2.67	0.0000	0.1340	0.00287562904385	1	0	1	1	0	1	     0	     0	     0	13M(15.9949)		TraesCS7B03G0303400.2, TraesCS7D03G0473200.1
TraesCS7B03G0317500.2	TraesCS7B03G0317500.2	TraesCS7B03G0317500.2		256	false	false		TraesCS7B03G0317500.2		7.03	0.0000	0.1030	0.00287562904385	1	1	1	1	1	1	     0	     0	     0			
TraesCS7B03G0331700.1	TraesCS7B03G0331700.1	TraesCS7B03G0331700.1		1836	false	false		TraesCS7B03G0331700.1		1.36	0.0000	0.2199	0.00287562904385	1	0	1	1	0	1	     0	     0	     0			TraesCS7B03G0331700.2, TraesCS7B03G0331700.3
TraesCS7B03G0374000.1	TraesCS7B03G0374000.1	TraesCS7B03G0374000.1		867	false	false		TraesCS7B03G0374000.1		4.96	0.0000	0.0503	0.00287562904385	1	1	1	1	1	1	     0	     0	     0	29C(57.0214), 9C(57.0214)		
TraesCS7B03G0411500.1	TraesCS7B03G0411500.1	TraesCS7B03G0411500.1		454	false	false		TraesCS7B03G0411500.1		3.30	0.0000	0.2025	0.00287562904385	1	0	1	1	0	1	     0	     0	     0	12C(57.0214), 2C(57.0214)		TraesCS7D03G0569500.1
TraesCS7B03G0412700.1	TraesCS7B03G0412700.1	TraesCS7B03G0412700.1		256	false	false		TraesCS7B03G0412700.1		4.30	0.0000	0.1255	0.00287562904385	1	1	1	1	1	1	     0	     0	     0			
TraesCS7B03G0430500.1	TraesCS7B03G0430500.1	TraesCS7B03G0430500.1		409	false	false		TraesCS7B03G0430500.1		3.91	0.0000	0.1154	0.00287562904385	1	1	1	1	1	1	     0	     0	     0			
TraesCS7B03G0442400LC.1	TraesCS7B03G0442400LC.1	TraesCS7B03G0442400LC.1		862	false	false		TraesCS7B03G0442400LC.1		2.67	0.0000	0.2097	0.00287562904385	1	1	1	1	1	1	     0	     0	     0			
TraesCS7B03G0454500LC.1	TraesCS7B03G0454500LC.1	TraesCS7B03G0454500LC.1		166	false	false		TraesCS7B03G0454500LC.1		10.84	0.0000	0.0532	0.00287562904385	1	1	1	1	1	1	     0	     0	     0	14C(57.0214)		
TraesCS7B03G0457200LC.1	TraesCS7B03G0457200LC.1	TraesCS7B03G0457200LC.1		156	false	false		TraesCS7B03G0457200LC.1		10.26	0.0000	0.0512	0.00287562904385	1	1	1	1	1	1	     0	     0	     0	12M(15.9949), 1C(57.0214), 6M(15.9949)		
TraesCS7B03G0457400.1	TraesCS7B03G0457400.1	TraesCS7B03G0457400.1		1045	false	false		TraesCS7B03G0457400.1		1.05	0.0000	0.0640	0.00287562904385	1	0	1	1	0	1	     0	     0	     0	10C(57.0214)		TraesCS7B03G0457400.2
TraesCS7B03G0461100.1	TraesCS7B03G0461100.1	TraesCS7B03G0461100.1		503	false	false		TraesCS7B03G0461100.1		2.39	0.0000	0.2121	0.00287562904385	1	1	1	1	1	1	     0	     0	     0			
TraesCS7B03G0505400LC.1	TraesCS7B03G0505400LC.1	TraesCS7B03G0505400LC.1		220	false	false		TraesCS7B03G0505400LC.1		12.27	0.0000	0.1749	0.00287562904385	1	1	1	1	1	1	     0	     0	     0	21M(15.9949)		
TraesCS7B03G0514500LC.1	TraesCS7B03G0514500LC.1	TraesCS7B03G0514500LC.1		143	false	false		TraesCS7B03G0514500LC.1		9.09	0.0000	0.0685	0.00287562904385	1	1	1	1	1	1	     0	     0	     0			
TraesCS7B03G0518100LC.1	TraesCS7B03G0518100LC.1	TraesCS7B03G0518100LC.1		111	false	false		TraesCS7B03G0518100LC.1		10.81	0.0000	0.1408	0.00287562904385	1	1	1	1	1	1	     0	     0	     0			
TraesCS7B03G0540100LC.1	TraesCS7B03G0540100LC.1	TraesCS7B03G0540100LC.1		305	false	false		TraesCS7B03G0540100LC.1		2.62	0.0000	0.0738	0.00287562904385	1	1	1	1	1	1	     0	     0	     0	3M(15.9949)		
TraesCS7B03G0596900.1	TraesCS7B03G0596900.1	TraesCS7B03G0596900.1		526	false	false		TraesCS7B03G0596900.1		1.90	0.0000	0.3080	0.00287562904385	1	0	1	1	0	1	     0	     0	     0			TraesCS7D03G0735500.1
TraesCS7B03G0637900LC.1	TraesCS7B03G0637900LC.1	TraesCS7B03G0637900LC.1		314	false	false		TraesCS7B03G0637900LC.1		4.14	0.0000	0.1165	0.00287562904385	1	1	1	1	1	1	     0	     0	     0			
TraesCS7B03G0741500LC.1	TraesCS7B03G0741500LC.1	TraesCS7B03G0741500LC.1		224	false	false		TraesCS7B03G0741500LC.1		13.39	0.0000	0.0572	0.00287562904385	1	1	1	1	1	1	     0	     0	     0			
TraesCS7B03G0839300LC.1	TraesCS7B03G0839300LC.1	TraesCS7B03G0839300LC.1		305	false	false		TraesCS7B03G0839300LC.1		2.30	0.0000	0.1178	0.00287562904385	1	1	1	1	1	1	     0	     0	     0			
TraesCS7B03G0850400.1	TraesCS7B03G0850400.1	TraesCS7B03G0850400.1		891	false	false		TraesCS7B03G0850400.1		1.35	0.0000	0.1376	0.00287562904385	1	1	1	1	1	1	     0	     0	     0			
TraesCS7B03G0867400LC.1	TraesCS7B03G0867400LC.1	TraesCS7B03G0867400LC.1		306	false	false		TraesCS7B03G0867400LC.1		2.94	0.0000	0.2172	0.00287562904385	1	1	1	1	1	1	     0	     0	     0			
TraesCS7B03G0887000LC.1	TraesCS7B03G0887000LC.1	TraesCS7B03G0887000LC.1		134	false	false		TraesCS7B03G0887000LC.1		12.69	0.0000	0.2476	0.00287562904385	1	1	1	1	1	1	     0	     0	     0			
TraesCS7B03G0898100.1	TraesCS7B03G0898100.1	TraesCS7B03G0898100.1		669	false	false		TraesCS7B03G0898100.1		4.48	0.0000	0.1090	0.00287562904385	1	0	1	1	0	1	     0	     0	     0	18M(15.9949)		TraesCS7D03G1004900.1
TraesCS7B03G0903200LC.1	TraesCS7B03G0903200LC.1	TraesCS7B03G0903200LC.1		286	false	false		TraesCS7B03G0903200LC.1		2.80	0.0000	0.3977	0.00287562904385	1	1	1	1	1	1	     0	     0	     0			
TraesCS7B03G0905700LC.1	TraesCS7B03G0905700LC.1	TraesCS7B03G0905700LC.1		398	false	false		TraesCS7B03G0905700LC.1		1.76	0.0000	0.0838	0.00287562904385	1	1	1	1	1	1	     0	     0	     0			
TraesCS7B03G1003100LC.1	TraesCS7B03G1003100LC.1	TraesCS7B03G1003100LC.1		644	false	false		TraesCS7B03G1003100LC.1		1.09	0.0000	0.2661	0.00287562904385	1	1	1	1	1	1	     0	     0	     0			
TraesCS7B03G1011300.1	TraesCS7B03G1011300.1	TraesCS7B03G1011300.1		178	false	false		TraesCS7B03G1011300.1		5.06	0.0000	0.0624	0.00287562904385	1	1	1	1	1	1	     0	     0	     0	N-term(42.0106)		
TraesCS7B03G1026300LC.1	TraesCS7B03G1026300LC.1	TraesCS7B03G1026300LC.1		148	false	false		TraesCS7B03G1026300LC.1		5.41	0.0000	0.1012	0.00287562904385	1	1	1	1	1	1	     0	     0	     0			
TraesCS7B03G1046100.1	TraesCS7B03G1046100.1	TraesCS7B03G1046100.1		1317	false	false		TraesCS7B03G1046100.1		1.37	0.0000	0.3348	0.00287562904385	1	0	1	1	0	1	     0	     0	     0	1M(15.9949)		TraesCS7B03G1046100.2, TraesCS7B03G1046100.3, TraesCS7B03G1046100.4
TraesCS7B03G1105800LC.1	TraesCS7B03G1105800LC.1	TraesCS7B03G1105800LC.1		140	false	false		TraesCS7B03G1105800LC.1		12.86	0.0000	0.0776	0.00287562904385	1	1	1	1	1	1	     0	     0	     0	14C(57.0214)		
TraesCS7B03G1113900.1	TraesCS7B03G1113900.1	TraesCS7B03G1113900.1		141	false	false		TraesCS7B03G1113900.1		6.38	0.0000	0.4054	0.00287562904385	1	1	1	1	1	1	     0	     0	     0			
TraesCS7B03G1116800LC.1	TraesCS7B03G1116800LC.1	TraesCS7B03G1116800LC.1		832	false	false		TraesCS7B03G1116800LC.1		4.09	0.0000	0.1174	0.00287562904385	1	1	1	1	1	1	     0	     0	     0			
TraesCS7B03G1174900LC.1	TraesCS7B03G1174900LC.1	TraesCS7B03G1174900LC.1		146	false	false		TraesCS7B03G1174900LC.1		10.27	0.0000	0.1438	0.00287562904385	1	1	1	1	1	1	     0	     0	     0			
TraesCS7B03G1184600.1	TraesCS7B03G1184600.1	TraesCS7B03G1184600.1		896	false	false		TraesCS7B03G1184600.1		2.79	0.0000	0.1218	0.00287562904385	1	1	1	1	1	1	     0	     0	     0	18M(15.9949)		
TraesCS7B03G1231100.1	TraesCS7B03G1231100.1	TraesCS7B03G1231100.1		678	false	false		TraesCS7B03G1231100.1		2.36	0.0000	0.0764	0.00287562904385	1	1	1	1	1	1	     0	     0	     0			
TraesCS7B03G1250400.1	TraesCS7B03G1250400.1	TraesCS7B03G1250400.1		466	false	false		TraesCS7B03G1250400.1		3.43	0.0000	0.0719	0.00287562904385	1	1	1	1	1	1	     0	     0	     0			
TraesCS7B03G1264800LC.1	TraesCS7B03G1264800LC.1	TraesCS7B03G1264800LC.1		226	false	false		TraesCS7B03G1264800LC.1		3.54	0.0000	0.1042	0.00287562904385	1	1	1	1	1	1	     0	     0	     0			
TraesCS7B03G1270400LC.1	TraesCS7B03G1270400LC.1	TraesCS7B03G1270400LC.1		1044	false	false		TraesCS7B03G1270400LC.1		0.67	0.0000	0.2374	0.00287562904385	1	1	1	1	1	1	     0	     0	     0			
TraesCS7B03G1270900LC.1	TraesCS7B03G1270900LC.1	TraesCS7B03G1270900LC.1		226	false	false		TraesCS7B03G1270900LC.1		6.19	0.0000	0.0546	0.00287562904385	1	1	1	1	1	1	     0	     0	     0	6M(15.9949)		
TraesCS7B03G1286300.1	TraesCS7B03G1286300.1	TraesCS7B03G1286300.1		467	false	false		TraesCS7B03G1286300.1		1.93	0.0000	0.0576	0.00287562904385	1	0	1	1	0	1	     0	     0	     0			TraesCS7B03G1286300.2, TraesCS7B03G1286300.3, TraesCS7D03G1275100.1, TraesCS7D03G1275100.2, TraesCS7D03G1275100.3
TraesCS7B03G1308100LC.1	TraesCS7B03G1308100LC.1	TraesCS7B03G1308100LC.1		256	false	false		TraesCS7B03G1308100LC.1		17.19	0.0000	0.1483	0.00287562904385	1	1	1	1	1	1	     0	     0	     0	24C(57.0214)		
TraesCS7B03G1315100.1	TraesCS7B03G1315100.1	TraesCS7B03G1315100.1		1086	false	false		TraesCS7B03G1315100.1		0.92	0.0000	0.0760	0.00287562904385	1	1	1	1	1	1	     0	     0	     0			
TraesCS7B03G1318700.1	TraesCS7B03G1318700.1	TraesCS7B03G1318700.1		712	false	false		TraesCS7B03G1318700.1		1.26	0.0000	0.0555	0.00287562904385	1	0	1	1	0	1	     0	     0	     0			TraesCS7B03G1318700.2, TraesCS7B03G1318800LC.1
TraesCS7B03G1339100LC.1	TraesCS7B03G1339100LC.1	TraesCS7B03G1339100LC.1		685	false	false		TraesCS7B03G1339100LC.1		1.46	0.0000	0.1167	0.00287562904385	1	0	1	1	0	1	     0	     0	     0			TraesCS7D03G1304100.1, TraesCS7D03G1304600.1
TraesCS7D03G0006000.1	TraesCS7D03G0006000.1	TraesCS7D03G0006000.1		742	false	false		TraesCS7D03G0006000.1		1.35	0.0000	0.0549	0.00287562904385	1	1	1	1	1	1	     0	     0	     0			
TraesCS7D03G0069600.1	TraesCS7D03G0069600.1	TraesCS7D03G0069600.1		243	false	false		TraesCS7D03G0069600.1		4.53	0.0000	0.1645	0.00287562904385	1	1	1	1	1	1	     0	     0	     0			
TraesCS7D03G0182900LC.1	TraesCS7D03G0182900LC.1	TraesCS7D03G0182900LC.1		512	false	false		TraesCS7D03G0182900LC.1		1.37	0.0000	0.0513	0.00287562904385	1	1	1	1	1	1	     0	     0	     0			
TraesCS7D03G0271800LC.1	TraesCS7D03G0271800LC.1	TraesCS7D03G0271800LC.1		784	false	false		TraesCS7D03G0271800LC.1		1.28	0.0000	0.2095	0.00287562904385	1	1	1	1	1	1	     0	     0	     0			
TraesCS7D03G0282600.1	TraesCS7D03G0282600.1	TraesCS7D03G0282600.1		202	false	false		TraesCS7D03G0282600.1		3.47	0.0000	0.0000	0.00287562904385	1	0	1	1	0	1	     0	     0	     0	5M(15.9949), 7M(15.9949)		
TraesCS7D03G0305700LC.1	TraesCS7D03G0305700LC.1	TraesCS7D03G0305700LC.1		114	false	false		TraesCS7D03G0305700LC.1		11.40	0.0000	0.1801	0.00287562904385	1	1	1	1	1	1	     0	     0	     0			
TraesCS7D03G0306600LC.1	TraesCS7D03G0306600LC.1	TraesCS7D03G0306600LC.1		567	false	false		TraesCS7D03G0306600LC.1		3.17	0.0000	0.1548	0.00287562904385	1	1	1	1	1	1	     0	     0	     0	2M(15.9949)		
TraesCS7D03G0314600.1	TraesCS7D03G0314600.1	TraesCS7D03G0314600.1		468	false	false		TraesCS7D03G0314600.1		6.84	0.0000	0.2634	0.00287562904385	1	1	1	1	1	1	     0	     0	     0			
TraesCS7D03G0340300LC.1	TraesCS7D03G0340300LC.1	TraesCS7D03G0340300LC.1		316	false	false		TraesCS7D03G0340300LC.1		3.16	0.0000	0.0534	0.00287562904385	1	1	1	1	1	1	     0	     0	     0			
TraesCS7D03G0428600.1	TraesCS7D03G0428600.1	TraesCS7D03G0428600.1		1064	false	false		TraesCS7D03G0428600.1		0.75	0.0000	0.1058	0.00287562904385	1	0	1	1	0	1	     0	     0	     0			TraesCS7D03G0428600.2, TraesCS7D03G0428600.3, TraesCS7D03G0428600.4
TraesCS7D03G0435500LC.1	TraesCS7D03G0435500LC.1	TraesCS7D03G0435500LC.1		388	false	false		TraesCS7D03G0435500LC.1		6.44	0.0000	0.1473	0.00287562904385	1	1	1	1	1	1	     0	     0	     0	16C(57.0214)		
TraesCS7D03G0491600.1	TraesCS7D03G0491600.1	TraesCS7D03G0491600.1		443	false	false		TraesCS7D03G0491600.1		7.67	0.0000	0.3314	0.00287562904385	1	1	1	1	1	1	     0	     0	     0	1C(57.0214), 9C(57.0214)		
TraesCS7D03G0584500.1	TraesCS7D03G0584500.1	TraesCS7D03G0584500.1		492	false	false		TraesCS7D03G0584500.1		2.85	0.0000	0.1877	0.00287562904385	1	1	1	1	1	1	     0	     0	     0	13C(57.0214)		
TraesCS7D03G0594000LC.1	TraesCS7D03G0594000LC.1	TraesCS7D03G0594000LC.1		100	false	false		TraesCS7D03G0594000LC.1		18.00	0.0000	0.2203	0.00287562904385	1	1	1	1	1	1	     0	     0	     0			
TraesCS7D03G0610900.1	TraesCS7D03G0610900.1	TraesCS7D03G0610900.1		367	false	false		TraesCS7D03G0610900.1		4.36	0.0000	0.1429	0.00287562904385	1	0	1	1	0	1	     0	     0	     0			TraesCS7D03G0610900.2
TraesCS7D03G0630400LC.1	TraesCS7D03G0630400LC.1	TraesCS7D03G0630400LC.1		416	false	false		TraesCS7D03G0630400LC.1		1.92	0.0000	0.1185	0.00287562904385	1	1	1	1	1	1	     0	     0	     0	6C(57.0214)		
TraesCS7D03G0635800LC.1	TraesCS7D03G0635800LC.1	TraesCS7D03G0635800LC.1		178	false	false		TraesCS7D03G0635800LC.1		4.49	0.0000	0.0540	0.00287562904385	1	1	1	1	1	1	     0	     0	     0			
TraesCS7D03G0643900LC.1	TraesCS7D03G0643900LC.1	TraesCS7D03G0643900LC.1		116	false	false		TraesCS7D03G0643900LC.1		6.90	0.0000	0.1083	0.00287562904385	1	1	1	1	1	1	     0	     0	     0			
TraesCS7D03G0770400.1	TraesCS7D03G0770400.1	TraesCS7D03G0770400.1		525	false	false		TraesCS7D03G0770400.1		2.10	0.0000	0.0994	0.00287562904385	1	1	1	1	1	1	     0	     0	     0			
TraesCS7D03G0782600LC.1	TraesCS7D03G0782600LC.1	TraesCS7D03G0782600LC.1		233	false	false		TraesCS7D03G0782600LC.1		5.58	0.0000	0.0855	0.00287562904385	1	1	1	1	1	1	     0	     0	     0			
TraesCS7D03G0796300.1	TraesCS7D03G0796300.1	TraesCS7D03G0796300.1		459	false	false		TraesCS7D03G0796300.1		2.18	0.0000	0.0524	0.00287562904385	1	0	1	1	0	1	     0	     0	     0			TraesCS7D03G0796300.2
TraesCS7D03G0810800.1	TraesCS7D03G0810800.1	TraesCS7D03G0810800.1		359	false	false		TraesCS7D03G0810800.1		6.41	0.0000	0.0529	0.00287562904385	1	1	1	1	1	1	     0	     0	     0	17C(57.0214)		
TraesCS7D03G0823000.1	TraesCS7D03G0823000.1	TraesCS7D03G0823000.1		409	false	false		TraesCS7D03G0823000.1		4.89	0.0000	0.2412	0.00287562904385	1	1	1	1	1	1	     0	     0	     0	9M(15.9949)		
TraesCS7D03G0828000.1	TraesCS7D03G0828000.1	TraesCS7D03G0828000.1		393	false	false		TraesCS7D03G0828000.1		3.56	0.0000	0.1667	0.00287562904385	1	0	1	1	0	1	     0	     0	     0			TraesCS7D03G0828000.2
TraesCS7D03G0852500LC.1	TraesCS7D03G0852500LC.1	TraesCS7D03G0852500LC.1		119	false	false		TraesCS7D03G0852500LC.1		6.72	0.0000	0.0978	0.00287562904385	1	1	1	1	1	1	     0	     0	     0			
TraesCS7D03G0866000LC.1	TraesCS7D03G0866000LC.1	TraesCS7D03G0866000LC.1		346	false	false		TraesCS7D03G0866000LC.1		8.38	0.0000	0.1343	0.00287562904385	1	1	1	1	1	1	     0	     0	     0	25M(15.9949)		
TraesCS7D03G0874000.1	TraesCS7D03G0874000.1	TraesCS7D03G0874000.1		612	false	false		TraesCS7D03G0874000.1		5.23	0.0000	0.2063	0.00287562904385	2	2	2	2	2	2	     0	     0	     0	4M(15.9949)		
TraesCS7D03G0912600LC.1	TraesCS7D03G0912600LC.1	TraesCS7D03G0912600LC.1		647	false	false		TraesCS7D03G0912600LC.1		2.01	0.0000	0.0511	0.00287562904385	1	1	1	1	1	1	     0	     0	     0			
TraesCS7D03G0975000.1	TraesCS7D03G0975000.1	TraesCS7D03G0975000.1		239	false	false		TraesCS7D03G0975000.1		14.23	0.0000	0.1231	0.00287562904385	1	1	1	1	1	1	     0	     0	     0			
TraesCS7D03G0993800LC.1	TraesCS7D03G0993800LC.1	TraesCS7D03G0993800LC.1		289	false	false		TraesCS7D03G0993800LC.1		5.19	0.0000	0.0695	0.00287562904385	1	1	1	1	1	1	     0	     0	     0	9C(57.0214)		
TraesCS7D03G0995200.1	TraesCS7D03G0995200.1	TraesCS7D03G0995200.1		364	false	false		TraesCS7D03G0995200.1		7.69	0.0000	0.0641	0.00287562904385	1	1	1	1	1	1	     0	     0	     0			
TraesCS7D03G0995700LC.1	TraesCS7D03G0995700LC.1	TraesCS7D03G0995700LC.1		115	false	false		TraesCS7D03G0995700LC.1		6.09	0.0000	0.0882	0.00287562904385	1	1	1	1	1	1	     0	     0	     0			
TraesCS7D03G1017100.1	TraesCS7D03G1017100.1	TraesCS7D03G1017100.1		570	false	false		TraesCS7D03G1017100.1		1.58	0.0000	0.1265	0.00287562904385	1	0	1	1	0	1	     0	     0	     0			
TraesCS7D03G1030600.1	TraesCS7D03G1030600.1	TraesCS7D03G1030600.1		703	false	false		TraesCS7D03G1030600.1		1.71	0.0000	0.0576	0.00287562904385	1	1	1	1	1	1	     0	     0	     0			
TraesCS7D03G1066600LC.1	TraesCS7D03G1066600LC.1	TraesCS7D03G1066600LC.1		327	false	false		TraesCS7D03G1066600LC.1		4.28	0.0000	0.3152	0.00287562904385	1	1	1	1	1	1	     0	     0	     0	12C(57.0214), 6C(57.0214)		
TraesCS7D03G1117800LC.1	TraesCS7D03G1117800LC.1	TraesCS7D03G1117800LC.1		255	false	false		TraesCS7D03G1117800LC.1		10.98	0.0000	0.0735	0.00287562904385	1	1	1	1	1	1	     0	     0	     0	14M(15.9949), 23M(15.9949)		
TraesCS7D03G1160300.1	TraesCS7D03G1160300.1	TraesCS7D03G1160300.1		604	false	false		TraesCS7D03G1160300.1		2.15	0.0000	0.2185	0.00287562904385	1	0	1	1	0	1	     0	     0	     0	5C(57.0214)		TraesCS7D03G1160300.2
TraesCS7D03G1245100.1	TraesCS7D03G1245100.1	TraesCS7D03G1245100.1		466	false	false		TraesCS7D03G1245100.1		4.51	0.0000	0.0558	0.00287562904385	1	1	1	1	1	1	     0	     0	     0			
TraesCS7D03G1307800LC.1	TraesCS7D03G1307800LC.1	TraesCS7D03G1307800LC.1		118	false	false		TraesCS7D03G1307800LC.1		15.25	0.0000	0.2510	0.00287562904385	1	1	1	1	1	1	     0	     0	     0	3M(15.9949), N-term(42.0106)		
TraesCSU03G0020800.1	TraesCSU03G0020800.1	TraesCSU03G0020800.1		916	false	false		TraesCSU03G0020800.1		1.64	0.0000	0.0580	0.00287562904385	1	1	1	1	1	1	     0	     0	     0	11M(15.9949)		
TraesCSU03G0025700LC.1	TraesCSU03G0025700LC.1	TraesCSU03G0025700LC.1		316	false	false		TraesCSU03G0025700LC.1		6.65	0.0000	0.0887	0.00287562904385	1	1	1	1	1	1	     0	     0	     0			
TraesCSU03G0044200LC.1	TraesCSU03G0044200LC.1	TraesCSU03G0044200LC.1		180	false	false		TraesCSU03G0044200LC.1		8.89	0.0000	0.0968	0.00287562904385	1	1	1	1	1	1	     0	     0	     0			
TraesCSU03G0061700LC.1	TraesCSU03G0061700LC.1	TraesCSU03G0061700LC.1		175	false	false		TraesCSU03G0061700LC.1		14.29	0.0000	0.2486	0.00287562904385	1	1	1	1	1	1	     0	     0	     0			
TraesCSU03G0090100LC.1	TraesCSU03G0090100LC.1	TraesCSU03G0090100LC.1		195	false	false		TraesCSU03G0090100LC.1		20.00	0.0000	0.1255	0.00287562904385	1	1	1	1	1	1	     0	     0	     0			
TraesCSU03G0105400LC.1	TraesCSU03G0105400LC.1	TraesCSU03G0105400LC.1		785	false	false		TraesCSU03G0105400LC.1		1.78	0.0000	0.0632	0.00287562904385	1	1	1	1	1	1	     0	     0	     0			
TraesCSU03G0174700LC.1	TraesCSU03G0174700LC.1	TraesCSU03G0174700LC.1		188	false	false		TraesCSU03G0174700LC.1		9.04	0.0000	0.0614	0.00287562904385	1	1	1	1	1	1	     0	     0	     0	7C(57.0214)		
TraesCSU03G0229100LC.1	TraesCSU03G0229100LC.1	TraesCSU03G0229100LC.1		110	false	false		TraesCSU03G0229100LC.1		13.64	0.0000	0.1351	0.00287562904385	1	1	1	1	1	1	     0	     0	     0			
TraesCSU03G0282200LC.1	TraesCSU03G0282200LC.1	TraesCSU03G0282200LC.1		357	false	false		TraesCSU03G0282200LC.1		6.44	0.0000	0.3684	0.00287562904385	1	1	1	1	1	1	     0	     0	     0			
TraesCSU03G0327700.1	TraesCSU03G0327700.1	TraesCSU03G0327700.1		186	false	false		TraesCSU03G0327700.1		5.38	0.0000	0.1820	0.00287562904385	1	1	1	2	2	2	     0	     0	     0			
TraesCSU03G0397300LC.1	TraesCSU03G0397300LC.1	TraesCSU03G0397300LC.1		106	false	false		TraesCSU03G0397300LC.1		9.43	0.0000	0.0593	0.00287562904385	1	1	1	1	1	1	     0	     0	     0	2C(57.0214), 7C(57.0214)		
generic|con_CO5_HUMAN|CO5_HUMAN	generic|con_CO5_HUMAN|CO5_HUMAN	generic|con_CO5_HUMAN|CO5_HUMAN		1676	false	false		generic|con_CO5_HUMAN|CO5_HUMAN		0.72	0.0000	0.0525	0.00287562904385	1	1	1	1	1	1	     0	     0	     0			
