Index,Source,Species,Tissue,Batch,FragPipe_result,Contaminant,Protein,Protein ID,Entry Name,Gene,Length,Is Decoy,Is Contaminant,Organism,Protein Description,Protein Existence,Coverage,Protein Probability,Top Peptide Probability,Protein Qvalue,Total Peptides,Unique Peptides,Razor Peptides,Total Spectral Count,Unique Spectral Count,Razor Spectral Count,Total Intensity,Unique Intensity,Razor Intensity,Razor Assigned Modifications,Razor Observed Modifications,Indistinguishable Proteins
1,PXD004720,bread wheat,embryo,single,protein,no,TraesCS1A03G0203500.1,TraesCS1A03G0203500.1,TraesCS1A03G0203500.1,,347,False,False,,TraesCS1A03G0203500.1,,17.29,1.0,0.999,0.0,2,0,1,21,0,11,0,0,0,,,TraesCS1B03G0271900.1
2,PXD004720,bread wheat,embryo,single,protein,no,TraesCS1A03G0235000.1,TraesCS1A03G0235000.1,TraesCS1A03G0235000.1,,367,False,False,,TraesCS1A03G0235000.1,,12.26,1.0,0.999,0.0,2,0,2,8,0,8,0,0,0,,,"TraesCS1B03G0343800.1, TraesCS1D03G0251500.1"
3,PXD004720,bread wheat,embryo,single,protein,no,TraesCS1A03G0295000.3,TraesCS1A03G0295000.3,TraesCS1A03G0295000.3,,765,False,False,,TraesCS1A03G0295000.3,,6.41,1.0,0.999,0.0,3,0,3,4,0,4,0,0,0,,,"TraesCS1A03G0295000.4, TraesCS1B03G0380000.1, TraesCS1B03G0380000.2, TraesCS1D03G0287300.1"
4,PXD004720,bread wheat,embryo,single,protein,no,TraesCS1A03G0428400.1,TraesCS1A03G0428400.1,TraesCS1A03G0428400.1,,889,False,False,,TraesCS1A03G0428400.1,,7.09,1.0,0.9989,0.0,3,0,3,4,0,4,0,0,0,N-term(42.0106),,"TraesCS1B03G0517800.1, TraesCS1D03G0404500.1"
5,PXD004720,bread wheat,embryo,single,protein,no,TraesCS1A03G0429500.1,TraesCS1A03G0429500.1,TraesCS1A03G0429500.1,,169,False,False,,TraesCS1A03G0429500.1,,36.09,1.0,0.999,0.0,2,0,2,3,0,3,0,0,0,,,"TraesCS1A03G0429500.2, TraesCS1B03G0521200.1"
6,PXD004720,bread wheat,embryo,single,protein,no,TraesCS1A03G0473200.1,TraesCS1A03G0473200.1,TraesCS1A03G0473200.1,,602,False,False,,TraesCS1A03G0473200.1,,40.86,1.0,0.999,0.0,10,8,8,26,22,22,0,0,0,5M(15.9949),,
7,PXD004720,bread wheat,embryo,single,protein,no,TraesCS1A03G0585700.1,TraesCS1A03G0585700.1,TraesCS1A03G0585700.1,,222,False,False,,TraesCS1A03G0585700.1,,39.19,1.0,0.999,0.0,3,0,3,12,0,12,0,0,0,"19M(15.9949), N-term(42.0106)",,"TraesCS1B03G0678100.1, TraesCS1D03G0556800.1"
8,PXD004720,bread wheat,embryo,single,protein,no,TraesCS1A03G0585900.1,TraesCS1A03G0585900.1,TraesCS1A03G0585900.1,,394,False,False,,TraesCS1A03G0585900.1,,8.12,1.0,0.9989,0.0,2,0,2,3,0,3,0,0,0,,,TraesCS1D03G0557500.1
9,PXD004720,bread wheat,embryo,single,protein,no,TraesCS1A03G0586500.1,TraesCS1A03G0586500.1,TraesCS1A03G0586500.1,,93,False,False,,TraesCS1A03G0586500.1,,29.03,1.0,0.9988,0.0,2,0,2,11,0,11,0,0,0,,,"TraesCS1A03G0586900.1, TraesCS1D03G0558000.1"
10,PXD004720,bread wheat,embryo,single,protein,no,TraesCS1A03G0718600.1,TraesCS1A03G0718600.1,TraesCS1A03G0718600.1,,648,False,False,,TraesCS1A03G0718600.1,,19.75,1.0,0.999,0.0,6,0,6,20,0,20,0,0,0,1M(15.9949),,TraesCS1A03G0718600.2
11,PXD004720,bread wheat,embryo,single,protein,no,TraesCS1A03G0738000.1,TraesCS1A03G0738000.1,TraesCS1A03G0738000.1,,165,False,False,,TraesCS1A03G0738000.1,,27.27,1.0,0.999,0.0,3,0,3,6,0,6,0,0,0,,,TraesCS1D03G0703900.1
12,PXD004720,bread wheat,embryo,single,protein,no,TraesCS1A03G0854400.1,TraesCS1A03G0854400.1,TraesCS1A03G0854400.1,,398,False,False,,TraesCS1A03G0854400.1,,8.29,1.0,0.999,0.0,2,0,2,2,0,2,0,0,0,,,"TraesCS1B03G0988300.1, TraesCS1D03G0824900.1"
13,PXD004720,bread wheat,embryo,single,protein,no,TraesCS1A03G0873700.1,TraesCS1A03G0873700.1,TraesCS1A03G0873700.1,,501,False,False,,TraesCS1A03G0873700.1,,3.79,1.0,0.999,0.0,1,0,1,3,0,3,0,0,0,12M(15.9949),,"TraesCS1B03G1017900.1, TraesCS1D03G0848100.1"
14,PXD004720,bread wheat,embryo,single,protein,no,TraesCS1A03G0881600.1,TraesCS1A03G0881600.1,TraesCS1A03G0881600.1,,579,False,False,,TraesCS1A03G0881600.1,,5.35,1.0,0.9987,0.0,2,0,2,10,0,10,0,0,0,,,"TraesCS1B03G1029600.1, TraesCS1D03G0855200.1"
15,PXD004720,bread wheat,embryo,single,protein,no,TraesCS1A03G0887200.1,TraesCS1A03G0887200.1,TraesCS1A03G0887200.1,,191,False,False,,TraesCS1A03G0887200.1,,52.36,1.0,0.999,0.0,7,0,2,40,0,16,0,0,0,9M(15.9949),,TraesCS1A03G0887200.2
16,PXD004720,bread wheat,embryo,single,protein,no,TraesCS1A03G0915700.1,TraesCS1A03G0915700.1,TraesCS1A03G0915700.1,,553,False,False,,TraesCS1A03G0915700.1,,10.85,1.0,0.999,0.0,3,0,3,10,0,10,0,0,0,,,"TraesCS1B03G1079500.1, TraesCS1B03G1079500.2, TraesCS1D03G0895200LC.1, TraesCS3A03G0671500.1, TraesCS3B03G0767600.1, TraesCS3D03G0613600.2"
17,PXD004720,bread wheat,embryo,single,protein,no,TraesCS1A03G0948700.1,TraesCS1A03G0948700.1,TraesCS1A03G0948700.1,,465,False,False,,TraesCS1A03G0948700.1,,8.6,1.0,0.999,0.0,2,0,2,3,0,3,0,0,0,,,"TraesCS1B03G1123800.1, TraesCS1D03G0923600.1"
18,PXD004720,bread wheat,embryo,single,protein,no,TraesCS1A03G0956200.1,TraesCS1A03G0956200.1,TraesCS1A03G0956200.1,,153,False,False,,TraesCS1A03G0956200.1,,12.42,1.0,0.999,0.0,1,0,1,4,0,4,0,0,0,18M(15.9949),,"TraesCS1D03G0931800.1, TraesCS3A03G0689600.1, TraesCS3B03G0784900.1, TraesCS3D03G0626700.1, TraesCS5A03G0480900.1, TraesCS5B03G0079300LC.1, TraesCS5B03G0479800.2, TraesCS5D03G0444000.2"
19,PXD004720,bread wheat,embryo,single,protein,no,TraesCS1A03G0974500.1,TraesCS1A03G0974500.1,TraesCS1A03G0974500.1,,178,False,False,,TraesCS1A03G0974500.1,,10.11,1.0,0.999,0.0,1,0,1,4,0,4,0,0,0,"11M(15.9949), 15M(15.9949)",,"TraesCS1B03G1157600.1, TraesCS1D03G0946100.1"
20,PXD004720,bread wheat,embryo,single,protein,no,TraesCS1A03G0990000.1,TraesCS1A03G0990000.1,TraesCS1A03G0990000.1,,509,False,False,,TraesCS1A03G0990000.1,,9.63,1.0,0.999,0.0,3,0,3,6,0,6,0,0,0,16M(15.9949),,"TraesCS1B03G1171700.1, TraesCS1D03G0956000.2"
21,PXD004720,bread wheat,embryo,single,protein,no,TraesCS1A03G0995700.1,TraesCS1A03G0995700.1,TraesCS1A03G0995700.1,,288,False,False,,TraesCS1A03G0995700.1,,11.81,1.0,0.999,0.0,2,0,2,3,0,3,0,0,0,,,"TraesCS4A03G0857000.1, TraesCS5B03G1281100.1, TraesCS5D03G1149900.1"
22,PXD004720,bread wheat,embryo,single,protein,no,TraesCS1A03G1008400.2,TraesCS1A03G1008400.2,TraesCS1A03G1008400.2,,341,False,False,,TraesCS1A03G1008400.2,,16.13,1.0,0.999,0.0,2,0,2,4,0,4,0,0,0,,,"TraesCS1B03G1190400.1, TraesCS1D03G0971000.1"
23,PXD004720,bread wheat,embryo,single,protein,no,TraesCS1B03G0597400.1,TraesCS1B03G0597400.1,TraesCS1B03G0597400.1,,633,False,False,,TraesCS1B03G0597400.1,,38.7,1.0,0.999,0.0,10,0,6,17,0,6,0,0,0,5M(15.9949),,
24,PXD004720,bread wheat,embryo,single,protein,no,TraesCS1B03G0819300.1,TraesCS1B03G0819300.1,TraesCS1B03G0819300.1,,648,False,False,,TraesCS1B03G0819300.1,,19.75,1.0,0.9989,0.0,6,0,1,18,0,8,0,0,0,1M(15.9949),,"TraesCS1D03G0681300.1, TraesCS1D03G0681300.2"
25,PXD004720,bread wheat,embryo,single,protein,no,TraesCS1B03G0847900.1,TraesCS1B03G0847900.1,TraesCS1B03G0847900.1,,320,False,False,,TraesCS1B03G0847900.1,,11.25,1.0,0.999,0.0,2,0,2,4,0,4,0,0,0,,,TraesCS1D03G0711100.1
26,PXD004720,bread wheat,embryo,single,protein,no,TraesCS1B03G0938000.1,TraesCS1B03G0938000.1,TraesCS1B03G0938000.1,,824,False,False,,TraesCS1B03G0938000.1,,11.17,1.0,0.999,0.0,5,2,5,12,3,12,0,0,0,,,
27,PXD004720,bread wheat,embryo,single,protein,no,TraesCS1B03G1018900.1,TraesCS1B03G1018900.1,TraesCS1B03G1018900.1,,288,False,False,,TraesCS1B03G1018900.1,,16.32,1.0,0.999,0.0,2,0,2,3,0,3,0,0,0,N-term(42.0106),,TraesCS1D03G0848600.1
28,PXD004720,bread wheat,embryo,single,protein,no,TraesCS1B03G1037600.1,TraesCS1B03G1037600.1,TraesCS1B03G1037600.1,,212,False,False,,TraesCS1B03G1037600.1,,46.7,1.0,0.999,0.0,7,0,7,44,0,44,0,0,0,"9M(15.9949), N-term(42.0106)",,TraesCS1B03G1037600.2
29,PXD004720,bread wheat,embryo,single,protein,no,TraesCS1B03G1038600.1,TraesCS1B03G1038600.1,TraesCS1B03G1038600.1,,200,False,False,,TraesCS1B03G1038600.1,,39.5,1.0,0.999,0.0,4,3,4,7,6,7,0,0,0,9M(15.9949),,
30,PXD004720,bread wheat,embryo,single,protein,no,TraesCS1B03G1062500.1,TraesCS1B03G1062500.1,TraesCS1B03G1062500.1,,741,False,False,,TraesCS1B03G1062500.1,,20.78,1.0,0.999,0.0,8,7,8,14,13,14,0,0,0,,,
31,PXD004720,bread wheat,embryo,single,protein,no,TraesCS1B03G1198500.1,TraesCS1B03G1198500.1,TraesCS1B03G1198500.1,,145,False,False,,TraesCS1B03G1198500.1,,33.79,1.0,0.999,0.0,3,2,2,8,3,3,0,0,0,,,
32,PXD004720,bread wheat,embryo,single,protein,no,TraesCS1B03G1251400.1,TraesCS1B03G1251400.1,TraesCS1B03G1251400.1,,367,False,False,,TraesCS1B03G1251400.1,,25.61,1.0,0.999,0.0,3,2,3,5,3,5,0,0,0,N-term(42.0106),,
33,PXD004720,bread wheat,embryo,single,protein,no,TraesCS1D03G0195600.1,TraesCS1D03G0195600.1,TraesCS1D03G0195600.1,,347,False,False,,TraesCS1D03G0195600.1,,17.29,1.0,0.999,0.0,2,1,2,22,12,22,0,0,0,,,
34,PXD004720,bread wheat,embryo,single,protein,no,TraesCS1D03G0421900.1,TraesCS1D03G0421900.1,TraesCS1D03G0421900.1,,599,False,False,,TraesCS1D03G0421900.1,,48.58,1.0,0.999,0.0,16,0,16,35,0,35,0,0,0,"25M(15.9949), 27M(15.9949)",,TraesCS1D03G0421900.2
35,PXD004720,bread wheat,embryo,single,protein,no,TraesCS1D03G0862200.1,TraesCS1D03G0862200.1,TraesCS1D03G0862200.1,,220,False,False,,TraesCS1D03G0862200.1,,43.64,1.0,0.999,0.0,7,1,2,41,6,9,0,0,0,9M(15.9949),,
36,PXD004720,bread wheat,embryo,single,protein,no,TraesCS1D03G0862300.1,TraesCS1D03G0862300.1,TraesCS1D03G0862300.1,,163,False,False,,TraesCS1D03G0862300.1,,30.67,1.0,0.9985,0.0,3,1,3,5,2,5,0,0,0,,,
37,PXD004720,bread wheat,embryo,single,protein,no,TraesCS1D03G0862600.1,TraesCS1D03G0862600.1,TraesCS1D03G0862600.1,,180,False,False,,TraesCS1D03G0862600.1,,27.22,1.0,0.9988,0.0,4,0,2,12,0,2,0,0,0,,,
38,PXD004720,bread wheat,embryo,single,protein,no,TraesCS1D03G0882600.1,TraesCS1D03G0882600.1,TraesCS1D03G0882600.1,,728,False,False,,TraesCS1D03G0882600.1,,15.11,1.0,0.9989,0.0,6,3,5,10,3,9,0,0,0,,,
39,PXD004720,bread wheat,embryo,single,protein,no,TraesCS2A03G0066600.1,TraesCS2A03G0066600.1,TraesCS2A03G0066600.1,,707,False,False,,TraesCS2A03G0066600.1,,4.81,1.0,0.999,0.0,2,2,2,5,5,5,0,0,0,,,
40,PXD004720,bread wheat,embryo,single,protein,no,TraesCS2A03G0146300.1,TraesCS2A03G0146300.1,TraesCS2A03G0146300.1,,709,False,False,,TraesCS2A03G0146300.1,,4.51,1.0,0.9972,0.00309119010819,2,0,2,3,0,3,0,0,0,,,"TraesCS2B03G0204600.1, TraesCS2D03G0145200.1"
41,PXD004720,bread wheat,embryo,single,protein,no,TraesCS2A03G0209800.1,TraesCS2A03G0209800.1,TraesCS2A03G0209800.1,,373,False,False,,TraesCS2A03G0209800.1,,10.19,1.0,0.999,0.0,2,0,2,4,0,4,0,0,0,,,"TraesCS2A03G0209800.2, TraesCS2B03G0288900.1, TraesCS2B03G0288900.2, TraesCS2D03G0214800.1, TraesCS2D03G0214800.2"
42,PXD004720,bread wheat,embryo,single,protein,no,TraesCS2A03G0234900.1,TraesCS2A03G0234900.1,TraesCS2A03G0234900.1,,337,False,False,,TraesCS2A03G0234900.1,,12.76,1.0,0.9989,0.0,1,1,1,3,3,3,0,0,0,,,
43,PXD004720,bread wheat,embryo,single,protein,no,TraesCS2A03G0776900.1,TraesCS2A03G0776900.1,TraesCS2A03G0776900.1,,219,False,False,,TraesCS2A03G0776900.1,,18.72,1.0,0.999,0.0,2,0,2,6,0,6,0,0,0,,,TraesCS2D03G0717200.1
44,PXD004720,bread wheat,embryo,single,protein,no,TraesCS2A03G0809700.1,TraesCS2A03G0809700.1,TraesCS2A03G0809700.1,,285,False,False,,TraesCS2A03G0809700.1,,13.68,1.0,0.999,0.0,2,0,2,4,0,4,0,0,0,N-term(42.0106),,"TraesCS2B03G0894600.1, TraesCS2D03G0749200.1"
45,PXD004720,bread wheat,embryo,single,protein,no,TraesCS2A03G0889000.1,TraesCS2A03G0889000.1,TraesCS2A03G0889000.1,,263,False,False,,TraesCS2A03G0889000.1,,9.89,1.0,0.999,0.0,2,0,2,2,0,2,0,0,0,,,"TraesCS2B03G0979500.1, TraesCS2D03G0831300.1, TraesCS6A03G0948100.1, TraesCS6A03G0948100.2, TraesCS6B03G1159400.1, TraesCS6D03G0826300.1"
46,PXD004720,bread wheat,embryo,single,protein,no,TraesCS2A03G1100700.1,TraesCS2A03G1100700.1,TraesCS2A03G1100700.1,,476,False,False,,TraesCS2A03G1100700.1,,7.14,1.0,0.999,0.0,2,0,2,2,0,2,0,0,0,,,"TraesCS2B03G1235700.1, TraesCS2D03G1044700.1"
47,PXD004720,bread wheat,embryo,single,protein,no,TraesCS2A03G1143600.1,TraesCS2A03G1143600.1,TraesCS2A03G1143600.1,,444,False,False,,TraesCS2A03G1143600.1,,5.41,1.0,0.999,0.0,2,0,2,3,0,3,0,0,0,,,"TraesCS2A03G1143600.2, TraesCS2A03G1151900.1, TraesCS2A03G1151900.2, TraesCS2B03G1299600.1, TraesCS2B03G1307900.2, TraesCS2B03G1307900.3, TraesCS2D03G1093700.1, TraesCS2D03G1100800.1"
48,PXD004720,bread wheat,embryo,single,protein,no,TraesCS2B03G0113800.1,TraesCS2B03G0113800.1,TraesCS2B03G0113800.1,,296,False,False,,TraesCS2B03G0113800.1,,12.84,1.0,0.999,0.0,2,0,2,4,0,4,0,0,0,N-term(42.0106),,"TraesCS2B03G0113800.2, TraesCS2B03G0113800.3, TraesCS2B03G0113800.4"
49,PXD004720,bread wheat,embryo,single,protein,no,TraesCS2B03G0425700.1,TraesCS2B03G0425700.1,TraesCS2B03G0425700.1,,218,False,False,,TraesCS2B03G0425700.1,,17.89,1.0,0.999,0.0,2,1,1,10,4,4,0,0,0,4M(15.9949),,
50,PXD004720,bread wheat,embryo,single,protein,no,TraesCS2B03G0430900.1,TraesCS2B03G0430900.1,TraesCS2B03G0430900.1,,607,False,False,,TraesCS2B03G0430900.1,,7.41,1.0,0.999,0.0,2,1,2,5,2,5,0,0,0,,,
51,PXD004720,bread wheat,embryo,single,protein,no,TraesCS2B03G0566600.1,TraesCS2B03G0566600.1,TraesCS2B03G0566600.1,,1875,False,False,,TraesCS2B03G0566600.1,,2.93,1.0,0.999,0.0,3,1,3,4,1,4,0,0,0,,,
52,PXD004720,bread wheat,embryo,single,protein,no,TraesCS2B03G0771200.1,TraesCS2B03G0771200.1,TraesCS2B03G0771200.1,,487,False,False,,TraesCS2B03G0771200.1,,7.8,1.0,0.999,0.0,1,0,1,2,0,2,0,0,0,,,"TraesCS2B03G0771200.2, TraesCS2B03G0771200.3, TraesCS2B03G0771200.4"
53,PXD004720,bread wheat,embryo,single,protein,no,TraesCS2B03G0838400.1,TraesCS2B03G0838400.1,TraesCS2B03G0838400.1,,586,False,False,,TraesCS2B03G0838400.1,,16.04,1.0,0.999,0.0,5,3,5,13,11,13,0,0,0,"15M(15.9949), 17M(15.9949)",,
54,PXD004720,bread wheat,embryo,single,protein,no,TraesCS2B03G0978300.1,TraesCS2B03G0978300.1,TraesCS2B03G0978300.1,,131,False,False,,TraesCS2B03G0978300.1,,18.32,1.0,0.999,0.0,1,1,1,3,3,3,0,0,0,,,
55,PXD004720,bread wheat,embryo,single,protein,no,TraesCS2B03G1229100.1,TraesCS2B03G1229100.1,TraesCS2B03G1229100.1,,734,False,False,,TraesCS2B03G1229100.1,,11.17,1.0,0.999,0.0,2,0,2,2,0,2,0,0,0,,,"TraesCS3A03G0284200LC.1, TraesCS4D03G0400600LC.1, TraesCS7A03G0887100LC.1"
56,PXD004720,bread wheat,embryo,single,protein,no,TraesCS2B03G1260400.1,TraesCS2B03G1260400.1,TraesCS2B03G1260400.1,,534,False,False,,TraesCS2B03G1260400.1,,9.55,1.0,0.999,0.0,3,0,3,6,0,6,0,0,0,,,TraesCS2D03G1067000.2
57,PXD004720,bread wheat,embryo,single,protein,no,TraesCS2D03G0071000.1,TraesCS2D03G0071000.1,TraesCS2D03G0071000.1,,418,False,False,,TraesCS2D03G0071000.1,,9.09,1.0,0.999,0.0,2,0,2,5,0,5,0,0,0,"12M(15.9949), N-term(42.0106)",,TraesCS2D03G0071000.2
58,PXD004720,bread wheat,embryo,single,protein,no,TraesCS2D03G0193300.1,TraesCS2D03G0193300.1,TraesCS2D03G0193300.1,,213,False,False,,TraesCS2D03G0193300.1,,17.84,1.0,0.999,0.0,2,1,2,5,1,5,0,0,0,13M(15.9949),,
59,PXD004720,bread wheat,embryo,single,protein,no,TraesCS2D03G0268900.1,TraesCS2D03G0268900.1,TraesCS2D03G0268900.1,,218,False,False,,TraesCS2D03G0268900.1,,35.32,1.0,0.999,0.0,4,3,4,18,16,18,0,0,0,31M(15.9949),,
60,PXD004720,bread wheat,embryo,single,protein,no,TraesCS2D03G0323600.1,TraesCS2D03G0323600.1,TraesCS2D03G0323600.1,,200,False,False,,TraesCS2D03G0323600.1,,19.5,1.0,0.999,0.0,2,0,2,14,0,14,0,0,0,4M(15.9949),,TraesCS2D03G0323600.2
61,PXD004720,bread wheat,embryo,single,protein,no,TraesCS2D03G0639100.1,TraesCS2D03G0639100.1,TraesCS2D03G0639100.1,,225,False,False,,TraesCS2D03G0639100.1,,8.89,1.0,0.999,0.0,2,2,2,3,3,3,0,0,0,,,
62,PXD004720,bread wheat,embryo,single,protein,no,TraesCS2D03G0701900.1,TraesCS2D03G0701900.1,TraesCS2D03G0701900.1,,556,False,False,,TraesCS2D03G0701900.1,,13.67,1.0,0.999,0.0,4,3,3,9,8,8,0,0,0,,,
63,PXD004720,bread wheat,embryo,single,protein,no,TraesCS2D03G1305600.1,TraesCS2D03G1305600.1,TraesCS2D03G1305600.1,,341,False,False,,TraesCS2D03G1305600.1,,16.72,1.0,0.9985,0.0,3,1,3,6,1,6,0,0,0,,,
64,PXD004720,bread wheat,embryo,single,protein,no,TraesCS3A03G0016800.1,TraesCS3A03G0016800.1,TraesCS3A03G0016800.1,,189,False,False,,TraesCS3A03G0016800.1,,16.93,1.0,0.999,0.0,2,0,2,4,0,4,0,0,0,8M(15.9949),,"TraesCS3B03G0016800.1, TraesCS3B03G0018100.1, TraesCS3B03G0036100.1, TraesCS3B03G0037300.1, TraesCS3D03G0013300.1, TraesCS3D03G0014700.1, TraesCS4A03G1188300.1, TraesCS7A03G0041400.1, TraesCS7A03G0041400.2, TraesCS7D03G0036300.1, TraesCS7D03G0036300.2"
65,PXD004720,bread wheat,embryo,single,protein,no,TraesCS3A03G0030800.1,TraesCS3A03G0030800.1,TraesCS3A03G0030800.1,,1071,False,False,,TraesCS3A03G0030800.1,,3.73,1.0,0.999,0.0,2,0,2,6,0,6,0,0,0,,,"TraesCS3A03G0030800.2, TraesCS3D03G0024300.1, TraesCS3D03G0024300.2, TraesCSU03G0033800.1, TraesCSU03G0033800.2"
66,PXD004720,bread wheat,embryo,single,protein,no,TraesCS3A03G0041700.1,TraesCS3A03G0041700.1,TraesCS3A03G0041700.1,,423,False,False,,TraesCS3A03G0041700.1,,11.35,1.0,0.999,0.0,2,0,2,2,0,2,0,0,0,,,"TraesCS3B03G0057500.1, TraesCS3D03G0046800.1"
67,PXD004720,bread wheat,embryo,single,protein,no,TraesCS3A03G0046100.1,TraesCS3A03G0046100.1,TraesCS3A03G0046100.1,,450,False,False,,TraesCS3A03G0046100.1,,9.56,1.0,0.999,0.0,3,0,3,8,0,8,0,0,0,,,"TraesCS3A03G0046100.2, TraesCS3A03G0046100.3, TraesCS3D03G0041800.1, TraesCS3D03G0041800.2"
68,PXD004720,bread wheat,embryo,single,protein,no,TraesCS3A03G0245800.1,TraesCS3A03G0245800.1,TraesCS3A03G0245800.1,,164,False,False,,TraesCS3A03G0245800.1,,29.27,1.0,0.999,0.0,3,0,2,7,0,4,0,0,0,,,"TraesCS3A03G0246200.1, TraesCS3B03G0310700.1, TraesCS3B03G0310800.1, TraesCS3D03G0238800.1, TraesCS3D03G0239000.1, TraesCS3D03G0239100.1, TraesCS3D03G0239200.1, TraesCS3D03G0239400.1, TraesCS4D03G0298400.1, TraesCS4D03G0298500.1"
69,PXD004720,bread wheat,embryo,single,protein,no,TraesCS3A03G0304900.1,TraesCS3A03G0304900.1,TraesCS3A03G0304900.1,,157,False,False,,TraesCS3A03G0304900.1,,16.56,1.0,0.999,0.0,2,0,2,11,0,11,0,0,0,,,TraesCS3D03G0296500.1
70,PXD004720,bread wheat,embryo,single,protein,no,TraesCS3A03G0474800.1,TraesCS3A03G0474800.1,TraesCS3A03G0474800.1,,608,False,False,,TraesCS3A03G0474800.1,,6.41,1.0,0.9982,0.0,2,0,2,2,0,2,0,0,0,,,"TraesCS3B03G0540400.1, TraesCS3B03G0540400.2, TraesCS3D03G0427200.1, TraesCS7A03G0992800.1, TraesCS7A03G0992800.2, TraesCS7A03G0992800.3, TraesCS7A03G0992800.4, TraesCS7B03G0830100.1, TraesCS7D03G0950200.1, TraesCS7D03G0950200.2, TraesCS7D03G0950200.3"
71,PXD004720,bread wheat,embryo,single,protein,no,TraesCS3A03G0691200.1,TraesCS3A03G0691200.1,TraesCS3A03G0691200.1,,248,False,False,,TraesCS3A03G0691200.1,,13.71,1.0,0.9989,0.0,1,1,1,5,5,5,0,0,0,"30M(15.9949), N-term(42.0106)",,
72,PXD004720,bread wheat,embryo,single,protein,no,TraesCS3A03G0696300.2,TraesCS3A03G0696300.2,TraesCS3A03G0696300.2,,647,False,False,,TraesCS3A03G0696300.2,,6.65,1.0,0.999,0.0,2,0,2,4,0,4,0,0,0,,,TraesCS3D03G0637400.1
73,PXD004720,bread wheat,embryo,single,protein,no,TraesCS3A03G0709500.1,TraesCS3A03G0709500.1,TraesCS3A03G0709500.1,,250,False,False,,TraesCS3A03G0709500.1,,33.6,1.0,0.999,0.0,3,1,3,8,1,8,0,0,0,"3M(15.9949), N-term(42.0106)",,
74,PXD004720,bread wheat,embryo,single,protein,no,TraesCS3A03G0737300.1,TraesCS3A03G0737300.1,TraesCS3A03G0737300.1,,380,False,False,,TraesCS3A03G0737300.1,,9.21,1.0,0.998,0.0016051364366,2,0,2,2,0,2,0,0,0,,,"TraesCS3A03G0737300.2, TraesCS3B03G0844300.1, TraesCS3B03G0844300.2, TraesCS3D03G0680700LC.1"
75,PXD004720,bread wheat,embryo,single,protein,no,TraesCS3A03G0738200.1,TraesCS3A03G0738200.1,TraesCS3A03G0738200.1,,649,False,False,,TraesCS3A03G0738200.1,,13.87,1.0,0.999,0.0,3,0,3,10,0,10,0,0,0,5M(15.9949),,"TraesCS3A03G0738200.2, TraesCS3B03G0844800.2, TraesCS3B03G0844800.3, TraesCS3B03G0844800.4"
76,PXD004720,bread wheat,embryo,single,protein,no,TraesCS3A03G0814700.1,TraesCS3A03G0814700.1,TraesCS3A03G0814700.1,,557,False,False,,TraesCS3A03G0814700.1,,11.13,1.0,0.999,0.0,3,0,3,8,0,8,0,0,0,14M(15.9949),,"TraesCS3B03G0937500.1, TraesCS3D03G0750800.1"
77,PXD004720,bread wheat,embryo,single,protein,no,TraesCS3A03G0938200.1,TraesCS3A03G0938200.1,TraesCS3A03G0938200.1,,323,False,False,,TraesCS3A03G0938200.1,,16.1,1.0,0.999,0.0,3,0,3,4,0,4,0,0,0,,,"TraesCS3B03G1068000.1, TraesCS3D03G0870400.1"
78,PXD004720,bread wheat,embryo,single,protein,no,TraesCS3A03G1064000.1,TraesCS3A03G1064000.1,TraesCS3A03G1064000.1,,757,False,False,,TraesCS3A03G1064000.1,,5.94,1.0,0.999,0.0,2,0,2,4,0,4,0,0,0,,,"TraesCS3B03G1231500.1, TraesCS3D03G0991600.1"
79,PXD004720,bread wheat,embryo,single,protein,no,TraesCS3A03G1237100.1,TraesCS3A03G1237100.1,TraesCS3A03G1237100.1,,111,False,False,,TraesCS3A03G1237100.1,,33.33,1.0,0.999,0.0,2,0,2,4,0,4,0,0,0,2M(15.9949),,"TraesCS3A03G1237100.2, TraesCS3D03G1169900.1, TraesCSU03G0049900LC.1"
80,PXD004720,bread wheat,embryo,single,protein,no,TraesCS3B03G0354200.1,TraesCS3B03G0354200.1,TraesCS3B03G0354200.1,,153,False,False,,TraesCS3B03G0354200.1,,32.03,1.0,0.999,0.0,2,1,2,4,2,4,0,0,0,,,
81,PXD004720,bread wheat,embryo,single,protein,no,TraesCS3B03G0378600.1,TraesCS3B03G0378600.1,TraesCS3B03G0378600.1,,157,False,False,,TraesCS3B03G0378600.1,,16.56,1.0,0.9988,0.0,2,2,2,6,6,6,0,0,0,,,
82,PXD004720,bread wheat,embryo,single,protein,no,TraesCS3B03G0686400.1,TraesCS3B03G0686400.1,TraesCS3B03G0686400.1,,340,False,False,,TraesCS3B03G0686400.1,,17.65,1.0,0.999,0.0,2,0,2,6,0,6,0,0,0,,,TraesCS3D03G0557700.1
83,PXD004720,bread wheat,embryo,single,protein,no,TraesCS3B03G0733600.1,TraesCS3B03G0733600.1,TraesCS3B03G0733600.1,,192,False,False,,TraesCS3B03G0733600.1,,28.12,1.0,0.999,0.0,3,1,3,7,1,7,0,0,0,,,
84,PXD004720,bread wheat,embryo,single,protein,no,TraesCS3B03G0786900.1,TraesCS3B03G0786900.1,TraesCS3B03G0786900.1,,248,False,False,,TraesCS3B03G0786900.1,,18.55,1.0,0.999,0.0,2,0,2,7,0,7,0,0,0,"30M(15.9949), N-term(42.0106)",,TraesCS3D03G0627700.1
85,PXD004720,bread wheat,embryo,single,protein,no,TraesCS3B03G1041200.1,TraesCS3B03G1041200.1,TraesCS3B03G1041200.1,,343,False,False,,TraesCS3B03G1041200.1,,34.99,1.0,0.999,0.0,7,0,7,24,0,24,0,0,0,28M(15.9949),,TraesCS3D03G0846000.1
86,PXD004720,bread wheat,embryo,single,protein,no,TraesCS3D03G0316500.1,TraesCS3D03G0316500.1,TraesCS3D03G0316500.1,,110,False,False,,TraesCS3D03G0316500.1,,16.36,1.0,0.999,0.0,2,2,2,2,2,2,0,0,0,,,
87,PXD004720,bread wheat,embryo,single,protein,no,TraesCS3D03G0595800.1,TraesCS3D03G0595800.1,TraesCS3D03G0595800.1,,225,False,False,,TraesCS3D03G0595800.1,,19.56,1.0,0.999,0.0,2,2,2,6,6,6,0,0,0,4M(15.9949),,
88,PXD004720,bread wheat,embryo,single,protein,no,TraesCS3D03G1030500.1,TraesCS3D03G1030500.1,TraesCS3D03G1030500.1,,403,False,False,,TraesCS3D03G1030500.1,,8.44,1.0,0.9989,0.0,2,0,2,3,0,3,0,0,0,,,TraesCS3D03G1030800.1
89,PXD004720,bread wheat,embryo,single,protein,no,TraesCS4A03G0035800.1,TraesCS4A03G0035800.1,TraesCS4A03G0035800.1,,477,False,False,,TraesCS4A03G0035800.1,,16.56,1.0,0.9981,0.0,4,1,4,7,2,7,0,0,0,,,
90,PXD004720,bread wheat,embryo,single,protein,no,TraesCS4A03G0057700.1,TraesCS4A03G0057700.1,TraesCS4A03G0057700.1,,272,False,False,,TraesCS4A03G0057700.1,,48.16,1.0,0.999,0.0,4,4,4,17,17,17,0,0,0,25M(15.9949),,
91,PXD004720,bread wheat,embryo,single,protein,no,TraesCS4A03G0057800.1,TraesCS4A03G0057800.1,TraesCS4A03G0057800.1,,284,False,False,,TraesCS4A03G0057800.1,,19.72,1.0,0.999,0.0,2,2,2,4,4,4,0,0,0,,,
92,PXD004720,bread wheat,embryo,single,protein,no,TraesCS4A03G0080900.1,TraesCS4A03G0080900.1,TraesCS4A03G0080900.1,,688,False,False,,TraesCS4A03G0080900.1,,11.19,1.0,0.999,0.0,4,1,4,10,2,10,0,0,0,,,
93,PXD004720,bread wheat,embryo,single,protein,no,TraesCS4A03G0086900.1,TraesCS4A03G0086900.1,TraesCS4A03G0086900.1,,263,False,False,,TraesCS4A03G0086900.1,,15.21,1.0,0.999,0.0,3,0,3,7,0,7,0,0,0,,,"TraesCS4B03G0694300.1, TraesCS4D03G0621900.1"
94,PXD004720,bread wheat,embryo,single,protein,no,TraesCS4A03G0107100.1,TraesCS4A03G0107100.1,TraesCS4A03G0107100.1,,525,False,False,,TraesCS4A03G0107100.1,,9.71,1.0,0.999,0.0,3,0,3,4,0,4,0,0,0,,,"TraesCS4B03G0676200.1, TraesCS4D03G0601100.1, TraesCS5A03G0822600.1, TraesCS5B03G0860700.1, TraesCS5D03G0784200.1"
95,PXD004720,bread wheat,embryo,single,protein,no,TraesCS4A03G0196100.1,TraesCS4A03G0196100.1,TraesCS4A03G0196100.1,,809,False,False,,TraesCS4A03G0196100.1,,6.67,1.0,0.999,0.0,2,0,2,3,0,3,0,0,0,,,"TraesCS4B03G0579000.1, TraesCS4D03G0513900.1"
96,PXD004720,bread wheat,embryo,single,protein,no,TraesCS4A03G0202400.1,TraesCS4A03G0202400.1,TraesCS4A03G0202400.1,,651,False,False,,TraesCS4A03G0202400.1,,19.97,1.0,0.999,0.0,6,0,3,12,0,6,0,0,0,,,"TraesCS4A03G0202400.2, TraesCS4B03G0573700.1, TraesCS4D03G0507200.1"
97,PXD004720,bread wheat,embryo,single,protein,no,TraesCS4A03G0203800.1,TraesCS4A03G0203800.1,TraesCS4A03G0203800.1,,657,False,False,,TraesCS4A03G0203800.1,,20.09,1.0,0.999,0.0,6,0,2,18,0,11,0,0,0,"13M(15.9949), 1M(15.9949)",,"TraesCS4A03G0203800.2, TraesCS4B03G0571100.1, TraesCS4D03G0504900.1"
98,PXD004720,bread wheat,embryo,single,protein,no,TraesCS4A03G0203900.1,TraesCS4A03G0203900.1,TraesCS4A03G0203900.1,,138,False,False,,TraesCS4A03G0203900.1,,14.49,1.0,0.9984,0.0,1,0,1,3,0,3,0,0,0,,,"TraesCS4B03G0570900.1, TraesCS4D03G0504800.1"
99,PXD004720,bread wheat,embryo,single,protein,no,TraesCS4A03G0273200.1,TraesCS4A03G0273200.1,TraesCS4A03G0273200.1,,351,False,False,,TraesCS4A03G0273200.1,,21.65,1.0,0.999,0.0,5,4,4,13,12,12,0,0,0,18M(15.9949),,
100,PXD004720,bread wheat,embryo,single,protein,no,TraesCS4A03G0281800.1,TraesCS4A03G0281800.1,TraesCS4A03G0281800.1,,602,False,False,,TraesCS4A03G0281800.1,,8.64,1.0,0.999,0.0,2,0,2,4,0,4,0,0,0,,,"TraesCS4A03G0281800.2, TraesCS4B03G0485900.1, TraesCS4D03G0433500.1"
101,PXD004720,bread wheat,embryo,single,protein,no,TraesCS4A03G0357800.1,TraesCS4A03G0357800.1,TraesCS4A03G0357800.1,,463,False,False,,TraesCS4A03G0357800.1,,7.34,1.0,0.999,0.0,2,0,2,2,0,2,0,0,0,,,"TraesCS4D03G0331300.1, TraesCSU03G0069200.1"
102,PXD004720,bread wheat,embryo,single,protein,no,TraesCS4A03G0540100.1,TraesCS4A03G0540100.1,TraesCS4A03G0540100.1,,377,False,False,,TraesCS4A03G0540100.1,,8.75,1.0,0.9987,0.0,2,0,2,3,0,3,0,0,0,,,"TraesCS4A03G0540100.2, TraesCS4D03G0203800.1"
103,PXD004720,bread wheat,embryo,single,protein,no,TraesCS4A03G0569900.1,TraesCS4A03G0569900.1,TraesCS4A03G0569900.1,,515,False,False,,TraesCS4A03G0569900.1,,11.65,1.0,0.999,0.0,4,0,2,10,0,6,0,0,0,,,TraesCS4A03G0569900.2
104,PXD004720,bread wheat,embryo,single,protein,no,TraesCS4A03G0616200.1,TraesCS4A03G0616200.1,TraesCS4A03G0616200.1,,938,False,False,,TraesCS4A03G0616200.1,,3.3,1.0,0.999,0.0,2,0,2,4,0,4,0,0,0,,,"TraesCS4B03G0188000.1, TraesCS4D03G0154700.1"
105,PXD004720,bread wheat,embryo,single,protein,no,TraesCS4A03G0658300.1,TraesCS4A03G0658300.1,TraesCS4A03G0658300.1,,455,False,False,,TraesCS4A03G0658300.1,,23.52,1.0,0.999,0.0,6,5,6,16,15,16,0,0,0,,,
106,PXD004720,bread wheat,embryo,single,protein,no,TraesCS4A03G0694400.1,TraesCS4A03G0694400.1,TraesCS4A03G0694400.1,,652,False,False,,TraesCS4A03G0694400.1,,7.06,1.0,0.999,0.0,2,0,2,5,0,5,0,0,0,,,"TraesCS4B03G0101400.1, TraesCS4D03G0083900.1"
107,PXD004720,bread wheat,embryo,single,protein,no,TraesCS4A03G0697400.1,TraesCS4A03G0697400.1,TraesCS4A03G0697400.1,,261,False,False,,TraesCS4A03G0697400.1,,11.49,1.0,0.999,0.0,2,0,2,7,0,7,0,0,0,,,"TraesCS4B03G0098100.1, TraesCS4B03G0098100.2, TraesCS4D03G0082800.1, TraesCS4D03G0082800.2"
108,PXD004720,bread wheat,embryo,single,protein,no,TraesCS4A03G0724400.1,TraesCS4A03G0724400.1,TraesCS4A03G0724400.1,,989,False,False,,TraesCS4A03G0724400.1,,8.7,1.0,0.999,0.0,3,0,3,10,0,10,0,0,0,,,"TraesCS4B03G0069800.1, TraesCS4D03G0048900.1"
109,PXD004720,bread wheat,embryo,single,protein,no,TraesCS4A03G0728900.1,TraesCS4A03G0728900.1,TraesCS4A03G0728900.1,,465,False,False,,TraesCS4A03G0728900.1,,14.41,1.0,0.999,0.0,2,0,2,3,0,3,0,0,0,N-term(42.0106),,"TraesCS4A03G0728900.2, TraesCS4A03G0728900.3, TraesCS4B03G0063000.1, TraesCS4B03G0063000.2, TraesCS4D03G0043900.1, TraesCS4D03G0043900.2"
110,PXD004720,bread wheat,embryo,single,protein,no,TraesCS4A03G0749300.1,TraesCS4A03G0749300.1,TraesCS4A03G0749300.1,,588,False,False,,TraesCS4A03G0749300.1,,20.75,1.0,0.999,0.0,10,0,2,39,0,5,0,0,0,,,TraesCS4A03G0749600.1
111,PXD004720,bread wheat,embryo,single,protein,no,TraesCS4A03G0818700.2,TraesCS4A03G0818700.2,TraesCS4A03G0818700.2,,443,False,False,,TraesCS4A03G0818700.2,,8.58,1.0,0.999,0.0,2,1,2,4,2,4,0,0,0,N-term(42.0106),,
112,PXD004720,bread wheat,embryo,single,protein,no,TraesCS4A03G0825100.1,TraesCS4A03G0825100.1,TraesCS4A03G0825100.1,,157,False,False,,TraesCS4A03G0825100.1,,35.03,1.0,0.999,0.0,3,0,2,5,0,4,0,0,0,,,"TraesCS5B03G1319400LC.1, TraesCS5D03G1178100LC.1"
113,PXD004720,bread wheat,embryo,single,protein,no,TraesCS4A03G1133700.1,TraesCS4A03G1133700.1,TraesCS4A03G1133700.1,,559,False,False,,TraesCS4A03G1133700.1,,10.02,1.0,0.999,0.0,2,0,2,3,0,3,0,0,0,,,"TraesCS4A03G1133700.2, TraesCS4A03G1133700.3, TraesCS7A03G0078100.1, TraesCS7A03G0078100.2, TraesCS7D03G0074700.1, TraesCS7D03G0074700.2"
114,PXD004720,bread wheat,embryo,single,protein,no,TraesCS4B03G0003800.1,TraesCS4B03G0003800.1,TraesCS4B03G0003800.1,,307,False,False,,TraesCS4B03G0003800.1,,33.55,1.0,0.999,0.0,6,6,6,18,18,18,0,0,0,,,
115,PXD004720,bread wheat,embryo,single,protein,no,TraesCS4B03G0036600.1,TraesCS4B03G0036600.1,TraesCS4B03G0036600.1,,616,False,False,,TraesCS4B03G0036600.1,,21.59,1.0,0.999,0.0,11,1,8,40,3,31,0,0,0,13M(15.9949),,
116,PXD004720,bread wheat,embryo,single,protein,no,TraesCS4B03G0139700.1,TraesCS4B03G0139700.1,TraesCS4B03G0139700.1,,457,False,False,,TraesCS4B03G0139700.1,,24.51,1.0,0.999,0.0,4,3,3,6,5,5,0,0,0,,,
117,PXD004720,bread wheat,embryo,single,protein,no,TraesCS4B03G0231600.1,TraesCS4B03G0231600.1,TraesCS4B03G0231600.1,,488,False,False,,TraesCS4B03G0231600.1,,17.62,1.0,0.999,0.0,5,0,5,16,0,16,0,0,0,1M(15.9949),,"TraesCS4B03G0231600.2, TraesCS4B03G0231600.3, TraesCS4D03G0194000.1"
118,PXD004720,bread wheat,embryo,single,protein,no,TraesCS4B03G0402500.1,TraesCS4B03G0402500.1,TraesCS4B03G0402500.1,,82,False,False,,TraesCS4B03G0402500.1,,19.51,1.0,0.999,0.0,2,2,2,5,5,5,0,0,0,N-term(42.0106),,
119,PXD004720,bread wheat,embryo,single,protein,no,TraesCS4B03G0489300.1,TraesCS4B03G0489300.1,TraesCS4B03G0489300.1,,359,False,False,,TraesCS4B03G0489300.1,,18.94,1.0,0.999,0.0,4,0,4,24,0,24,0,0,0,14M(15.9949),,TraesCS4B03G0489300.2
120,PXD004720,bread wheat,embryo,single,protein,no,TraesCS4B03G0494900.1,TraesCS4B03G0494900.1,TraesCS4B03G0494900.1,,363,False,False,,TraesCS4B03G0494900.1,,25.34,1.0,0.999,0.0,5,4,4,6,5,5,0,0,0,,,
121,PXD004720,bread wheat,embryo,single,protein,no,TraesCS4B03G0699800.1,TraesCS4B03G0699800.1,TraesCS4B03G0699800.1,,748,False,False,,TraesCS4B03G0699800.1,,5.48,1.0,0.999,0.0,2,2,2,8,8,8,0,0,0,,,
122,PXD004720,bread wheat,embryo,single,protein,no,TraesCS4B03G0730800.1,TraesCS4B03G0730800.1,TraesCS4B03G0730800.1,,272,False,False,,TraesCS4B03G0730800.1,,47.06,1.0,0.999,0.0,6,1,6,21,1,21,0,0,0,25M(15.9949),,
123,PXD004720,bread wheat,embryo,single,protein,no,TraesCS4B03G0869600.1,TraesCS4B03G0869600.1,TraesCS4B03G0869600.1,,799,False,False,,TraesCS4B03G0869600.1,,5.38,1.0,0.9983,0.0,2,0,2,3,0,3,0,0,0,,,"TraesCS4D03G0766900LC.1, TraesCS5A03G1185000.1, TraesCS5A03G1185000.2"
124,PXD004720,bread wheat,embryo,single,protein,no,TraesCS4B03G0986000.1,TraesCS4B03G0986000.1,TraesCS4B03G0986000.1,,187,False,False,,TraesCS4B03G0986000.1,,33.69,1.0,0.999,0.0,3,0,3,7,0,7,0,0,0,2M(15.9949),,"TraesCS4B03G0986000.2, TraesCS5A03G1286100.1"
125,PXD004720,bread wheat,embryo,single,protein,no,TraesCS4D03G0003900LC.1,TraesCS4D03G0003900LC.1,TraesCS4D03G0003900LC.1,,318,False,False,,TraesCS4D03G0003900LC.1,,30.19,1.0,0.999,0.0,4,4,4,13,13,13,0,0,0,,,
126,PXD004720,bread wheat,embryo,single,protein,no,TraesCS4D03G0026400.1,TraesCS4D03G0026400.1,TraesCS4D03G0026400.1,,704,False,False,,TraesCS4D03G0026400.1,,11.51,1.0,0.999,0.0,6,0,6,33,0,33,0,0,0,13M(15.9949),,TraesCS4D03G0026400.2
127,PXD004720,bread wheat,embryo,single,protein,no,TraesCS4D03G0026600.1,TraesCS4D03G0026600.1,TraesCS4D03G0026600.1,,608,False,False,,TraesCS4D03G0026600.1,,19.9,1.0,0.999,0.0,9,0,6,24,0,15,0,0,0,,,TraesCS4D03G0026600.2
128,PXD004720,bread wheat,embryo,single,protein,no,TraesCS4D03G0117900.1,TraesCS4D03G0117900.1,TraesCS4D03G0117900.1,,430,False,False,,TraesCS4D03G0117900.1,,28.84,1.0,0.999,0.0,7,7,7,25,25,25,0,0,0,,,
129,PXD004720,bread wheat,embryo,single,protein,no,TraesCS4D03G0435400.1,TraesCS4D03G0435400.1,TraesCS4D03G0435400.1,,359,False,False,,TraesCS4D03G0435400.1,,18.94,1.0,0.999,0.0,4,0,2,20,0,10,0,0,0,14M(15.9949),,TraesCS4D03G0435400.2
130,PXD004720,bread wheat,embryo,single,protein,no,TraesCS4D03G0440100.1,TraesCS4D03G0440100.1,TraesCS4D03G0440100.1,,352,False,False,,TraesCS4D03G0440100.1,,23.01,1.0,0.999,0.0,5,4,5,18,17,18,0,0,0,"26M(15.9949), 2M(15.9949)",,
131,PXD004720,bread wheat,embryo,single,protein,no,TraesCS5A03G0034100.1,TraesCS5A03G0034100.1,TraesCS5A03G0034100.1,,446,False,False,,TraesCS5A03G0034100.1,,25.34,1.0,0.999,0.0,6,1,6,18,3,18,0,0,0,,,
132,PXD004720,bread wheat,embryo,single,protein,no,TraesCS5A03G0130900.1,TraesCS5A03G0130900.1,TraesCS5A03G0130900.1,,222,False,False,,TraesCS5A03G0130900.1,,18.92,1.0,0.999,0.0,2,2,2,4,4,4,0,0,0,,,
133,PXD004720,bread wheat,embryo,single,protein,no,TraesCS5A03G0196100.1,TraesCS5A03G0196100.1,TraesCS5A03G0196100.1,,872,False,False,,TraesCS5A03G0196100.1,,5.85,1.0,0.999,0.0,3,0,3,4,0,4,0,0,0,N-term(42.0106),,"TraesCS5A03G0209300.1, TraesCS5B03G0221500.1, TraesCS5B03G0221500.2, TraesCS5B03G0222100.1, TraesCS5D03G0225300.1, TraesCS5D03G0226100.1"
134,PXD004720,bread wheat,embryo,single,protein,no,TraesCS5A03G0225700.1,TraesCS5A03G0225700.1,TraesCS5A03G0225700.1,,193,False,False,,TraesCS5A03G0225700.1,,10.88,1.0,0.999,0.0,2,0,2,3,0,3,0,0,0,,,"TraesCS5B03G0240900.1, TraesCS5D03G0239100.1"
135,PXD004720,bread wheat,embryo,single,protein,no,TraesCS5A03G0339000.1,TraesCS5A03G0339000.1,TraesCS5A03G0339000.1,,3595,False,False,,TraesCS5A03G0339000.1,,1.36,1.0,0.999,0.0,2,0,2,2,0,2,0,0,0,,,"TraesCS5A03G0339000.2, TraesCS5B03G0300800.1, TraesCS5D03G0282500.1"
136,PXD004720,bread wheat,embryo,single,protein,no,TraesCS5A03G0368300.1,TraesCS5A03G0368300.1,TraesCS5A03G0368300.1,,627,False,False,,TraesCS5A03G0368300.1,,6.38,1.0,0.9989,0.0,2,0,2,2,0,2,0,0,0,,,"TraesCS5B03G0369100.1, TraesCS5D03G0350700.1, TraesCS5D03G0350700.2"
137,PXD004720,bread wheat,embryo,single,protein,no,TraesCS5A03G0418600.1,TraesCS5A03G0418600.1,TraesCS5A03G0418600.1,,1051,False,False,,TraesCS5A03G0418600.1,,6.66,1.0,0.999,0.0,4,0,4,7,0,7,0,0,0,,,"TraesCS5A03G0418600.2, TraesCS5B03G0415600.1, TraesCS5D03G0386800.1"
138,PXD004720,bread wheat,embryo,single,protein,no,TraesCS5A03G0440000.1,TraesCS5A03G0440000.1,TraesCS5A03G0440000.1,,651,False,False,,TraesCS5A03G0440000.1,,5.22,1.0,0.999,0.0,2,0,2,2,0,2,0,0,0,,,"TraesCS5A03G0440000.2, TraesCS5B03G0434000.1, TraesCS5D03G0407800.1, TraesCS5D03G0407800.2"
139,PXD004720,bread wheat,embryo,single,protein,no,TraesCS5A03G0448600.1,TraesCS5A03G0448600.1,TraesCS5A03G0448600.1,,294,False,False,,TraesCS5A03G0448600.1,,6.46,1.0,0.999,0.0,1,0,1,3,0,3,0,0,0,7M(15.9949),,TraesCS5D03G0413400LC.1
140,PXD004720,bread wheat,embryo,single,protein,no,TraesCS5A03G0472800.5,TraesCS5A03G0472800.5,TraesCS5A03G0472800.5,,148,False,False,,TraesCS5A03G0472800.5,,23.65,1.0,0.999,0.0,2,0,2,4,0,4,0,0,0,,,TraesCS5B03G0468800.1
141,PXD004720,bread wheat,embryo,single,protein,no,TraesCS5A03G0627200.1,TraesCS5A03G0627200.1,TraesCS5A03G0627200.1,,781,False,False,,TraesCS5A03G0627200.1,,8.71,1.0,0.999,0.0,3,0,3,4,0,4,0,0,0,,,TraesCS5D03G0595900.2
142,PXD004720,bread wheat,embryo,single,protein,no,TraesCS5A03G0647900.1,TraesCS5A03G0647900.1,TraesCS5A03G0647900.1,,700,False,False,,TraesCS5A03G0647900.1,,7.14,1.0,0.999,0.0,3,0,3,17,0,17,0,0,0,"18M(15.9949), 30M(15.9949)",,"TraesCS5A03G0647900.2, TraesCS5A03G0647900.3, TraesCS5B03G0672800.1, TraesCS5B03G0672800.2, TraesCS5B03G0672800.3, TraesCS5D03G0614200.1"
143,PXD004720,bread wheat,embryo,single,protein,no,TraesCS5A03G0700000.1,TraesCS5A03G0700000.1,TraesCS5A03G0700000.1,,226,False,False,,TraesCS5A03G0700000.1,,8.41,1.0,0.999,0.0,1,0,1,5,0,5,0,0,0,5M(15.9949),,"TraesCS5B03G0735500.1, TraesCS5D03G0666500.2"
144,PXD004720,bread wheat,embryo,single,protein,no,TraesCS5A03G0850600.1,TraesCS5A03G0850600.1,TraesCS5A03G0850600.1,,473,False,False,,TraesCS5A03G0850600.1,,13.53,1.0,0.999,0.0,3,0,3,5,0,5,0,0,0,,,"TraesCS5B03G0893700.1, TraesCS5B03G0893700.2, TraesCS5D03G0812800.1, TraesCS5D03G0812800.2"
145,PXD004720,bread wheat,embryo,single,protein,no,TraesCS5A03G0894100.1,TraesCS5A03G0894100.1,TraesCS5A03G0894100.1,,481,False,False,,TraesCS5A03G0894100.1,,19.75,1.0,0.999,0.0,4,0,4,11,0,11,0,0,0,,,TraesCS5A03G0894100.2
146,PXD004720,bread wheat,embryo,single,protein,no,TraesCS5A03G0895100.1,TraesCS5A03G0895100.1,TraesCS5A03G0895100.1,,307,False,False,,TraesCS5A03G0895100.1,,8.79,1.0,0.999,0.0,2,0,2,3,0,3,0,0,0,,,"TraesCS5A03G0895100.2, TraesCS5B03G0941500.1, TraesCS5B03G0941500.2, TraesCS5B03G0941800LC.1, TraesCS5D03G0857200LC.1"
147,PXD004720,bread wheat,embryo,single,protein,no,TraesCS5A03G0925000.1,TraesCS5A03G0925000.1,TraesCS5A03G0925000.1,,266,False,False,,TraesCS5A03G0925000.1,,60.53,1.0,0.999,0.0,8,1,1,39,8,8,0,0,0,,,
148,PXD004720,bread wheat,embryo,single,protein,no,TraesCS5A03G0978700.1,TraesCS5A03G0978700.1,TraesCS5A03G0978700.1,,503,False,False,,TraesCS5A03G0978700.1,,10.14,1.0,0.999,0.0,3,1,3,4,1,4,0,0,0,,,
149,PXD004720,bread wheat,embryo,single,protein,no,TraesCS5A03G1045500.1,TraesCS5A03G1045500.1,TraesCS5A03G1045500.1,,289,False,False,,TraesCS5A03G1045500.1,,13.49,1.0,0.999,0.0,2,2,2,12,12,12,0,0,0,N-term(42.0106),,
150,PXD004720,bread wheat,embryo,single,protein,no,TraesCS5A03G1045700.2,TraesCS5A03G1045700.2,TraesCS5A03G1045700.2,,238,False,False,,TraesCS5A03G1045700.2,,22.69,1.0,0.999,0.0,3,0,3,14,0,14,0,0,0,N-term(42.0106),,TraesCS5B03G1101100.1
151,PXD004720,bread wheat,embryo,single,protein,no,TraesCS5B03G0413000.1,TraesCS5B03G0413000.1,TraesCS5B03G0413000.1,,115,False,False,,TraesCS5B03G0413000.1,,27.83,1.0,0.999,0.0,2,0,2,4,0,4,0,0,0,,,"TraesCS5B03G0413000.2, TraesCS5D03G0384400.1, TraesCS5D03G0384400.2"
152,PXD004720,bread wheat,embryo,single,protein,no,TraesCS5B03G0449100.1,TraesCS5B03G0449100.1,TraesCS5B03G0449100.1,,365,False,False,,TraesCS5B03G0449100.1,,10.96,1.0,0.999,0.0,2,0,2,4,0,4,0,0,0,,,"TraesCS5B03G0449100.2, TraesCS5D03G0421800.1"
153,PXD004720,bread wheat,embryo,single,protein,no,TraesCS5B03G0975600.1,TraesCS5B03G0975600.1,TraesCS5B03G0975600.1,,266,False,False,,TraesCS5B03G0975600.1,,66.17,1.0,0.999,0.0,9,2,9,36,11,36,0,0,0,"4M(15.9949), 8M(15.9949)",,
154,PXD004720,bread wheat,embryo,single,protein,no,TraesCS5B03G1052600.1,TraesCS5B03G1052600.1,TraesCS5B03G1052600.1,,150,False,False,,TraesCS5B03G1052600.1,,65.33,1.0,0.999,0.0,4,1,3,5,2,4,0,0,0,N-term(42.0106),,
155,PXD004720,bread wheat,embryo,single,protein,no,TraesCS5B03G1068800.1,TraesCS5B03G1068800.1,TraesCS5B03G1068800.1,,505,False,False,,TraesCS5B03G1068800.1,,7.33,1.0,0.999,0.0,2,0,2,5,0,5,0,0,0,,,TraesCS5D03G0965400.1
156,PXD004720,bread wheat,embryo,single,protein,no,TraesCS5B03G1095000.1,TraesCS5B03G1095000.1,TraesCS5B03G1095000.1,,601,False,False,,TraesCS5B03G1095000.1,,7.49,1.0,0.999,0.0,3,2,3,4,2,4,0,0,0,,,
157,PXD004720,bread wheat,embryo,single,protein,no,TraesCS5B03G1099900.1,TraesCS5B03G1099900.1,TraesCS5B03G1099900.1,,256,False,False,,TraesCS5B03G1099900.1,,15.23,1.0,0.999,0.0,2,0,2,11,0,11,0,0,0,N-term(42.0106),,TraesCS5B03G1099900.2
158,PXD004720,bread wheat,embryo,single,protein,no,TraesCS5D03G0065000.1,TraesCS5D03G0065000.1,TraesCS5D03G0065000.1,,224,False,False,,TraesCS5D03G0065000.1,,15.62,1.0,0.9989,0.0,2,2,2,4,4,4,0,0,0,,,
159,PXD004720,bread wheat,embryo,single,protein,no,TraesCS5D03G0067400.1,TraesCS5D03G0067400.1,TraesCS5D03G0067400.1,,325,False,False,,TraesCS5D03G0067400.1,,14.15,1.0,0.999,0.0,3,0,3,5,0,5,0,0,0,,,TraesCS5D03G0067400.2
160,PXD004720,bread wheat,embryo,single,protein,no,TraesCS5D03G0511400.1,TraesCS5D03G0511400.1,TraesCS5D03G0511400.1,,509,False,False,,TraesCS5D03G0511400.1,,9.82,1.0,0.999,0.0,2,1,2,3,1,3,0,0,0,,,
161,PXD004720,bread wheat,embryo,single,protein,no,TraesCS5D03G0856300.1,TraesCS5D03G0856300.1,TraesCS5D03G0856300.1,,465,False,False,,TraesCS5D03G0856300.1,,17.42,1.0,0.999,0.0,3,0,3,9,0,9,0,0,0,,,TraesCS5D03G0856300.2
162,PXD004720,bread wheat,embryo,single,protein,no,TraesCS5D03G0884200.1,TraesCS5D03G0884200.1,TraesCS5D03G0884200.1,,266,False,False,,TraesCS5D03G0884200.1,,60.53,1.0,0.999,0.0,8,2,3,35,8,17,0,0,0,4M(15.9949),,
163,PXD004720,bread wheat,embryo,single,protein,no,TraesCS5D03G0953200.1,TraesCS5D03G0953200.1,TraesCS5D03G0953200.1,,152,False,False,,TraesCS5D03G0953200.1,,58.55,1.0,0.999,0.0,2,2,2,6,6,6,0,0,0,N-term(42.0106),,
164,PXD004720,bread wheat,embryo,single,protein,no,TraesCS5D03G0978900.1,TraesCS5D03G0978900.1,TraesCS5D03G0978900.1,,404,False,False,,TraesCS5D03G0978900.1,,21.78,1.0,0.999,0.0,5,0,5,13,0,13,0,0,0,,,TraesCS5D03G0978900.2
165,PXD004720,bread wheat,embryo,single,protein,no,TraesCS5D03G0989900.1,TraesCS5D03G0989900.1,TraesCS5D03G0989900.1,,270,False,False,,TraesCS5D03G0989900.1,,14.44,1.0,0.999,0.0,2,2,2,15,15,15,0,0,0,N-term(42.0106),,
166,PXD004720,bread wheat,embryo,single,protein,no,TraesCS5D03G0990100.1,TraesCS5D03G0990100.1,TraesCS5D03G0990100.1,,237,False,False,,TraesCS5D03G0990100.1,,22.78,1.0,0.999,0.0,3,2,2,12,11,11,0,0,0,N-term(42.0106),,
167,PXD004720,bread wheat,embryo,single,protein,no,TraesCS6A03G0107000.1,TraesCS6A03G0107000.1,TraesCS6A03G0107000.1,,206,False,False,,TraesCS6A03G0107000.1,,11.65,1.0,0.999,0.0,1,0,1,5,0,5,0,0,0,20M(15.9949),,"TraesCS6A03G0107000.2, TraesCS6B03G0149600.1, TraesCS6B03G0149600.2, TraesCS6D03G0114300.1"
168,PXD004720,bread wheat,embryo,single,protein,no,TraesCS6A03G0154800.1,TraesCS6A03G0154800.1,TraesCS6A03G0154800.1,,185,False,False,,TraesCS6A03G0154800.1,,31.89,1.0,0.999,0.0,3,2,3,6,4,6,0,0,0,1C(57.0214),,
169,PXD004720,bread wheat,embryo,single,protein,no,TraesCS6A03G0212600.1,TraesCS6A03G0212600.1,TraesCS6A03G0212600.1,,238,False,False,,TraesCS6A03G0212600.1,,7.98,1.0,0.999,0.0,1,0,1,4,0,4,0,0,0,18M(15.9949),,TraesCS6B03G0301000.1
170,PXD004720,bread wheat,embryo,single,protein,no,TraesCS6A03G0263000.1,TraesCS6A03G0263000.1,TraesCS6A03G0263000.1,,344,False,False,,TraesCS6A03G0263000.1,,9.88,1.0,0.999,0.0,2,2,2,6,6,6,0,0,0,16M(15.9949),,
171,PXD004720,bread wheat,embryo,single,protein,no,TraesCS6A03G0314800.1,TraesCS6A03G0314800.1,TraesCS6A03G0314800.1,,438,False,False,,TraesCS6A03G0314800.1,,17.35,1.0,0.999,0.0,3,2,3,6,4,6,0,0,0,,,
172,PXD004720,bread wheat,embryo,single,protein,no,TraesCS6A03G0349600.1,TraesCS6A03G0349600.1,TraesCS6A03G0349600.1,,991,False,False,,TraesCS6A03G0349600.1,,7.16,1.0,0.999,0.0,4,0,4,9,0,9,0,0,0,"3M(15.9949), 7M(15.9949)",,TraesCS6D03G0303300.1
173,PXD004720,bread wheat,embryo,single,protein,no,TraesCS6A03G0376800.2,TraesCS6A03G0376800.2,TraesCS6A03G0376800.2,,526,False,False,,TraesCS6A03G0376800.2,,9.32,1.0,0.999,0.0,3,0,3,10,0,10,0,0,0,,,"TraesCS6A03G0376800.4, TraesCS6B03G0466500.3"
174,PXD004720,bread wheat,embryo,single,protein,no,TraesCS6A03G0385100.1,TraesCS6A03G0385100.1,TraesCS6A03G0385100.1,,401,False,False,,TraesCS6A03G0385100.1,,12.72,1.0,0.9985,0.0,3,0,3,10,0,10,0,0,0,12M(15.9949),,"TraesCS6B03G0478800.1, TraesCS6B03G0478800.2, TraesCS6D03G0332100.1, TraesCS6D03G0332100.2"
175,PXD004720,bread wheat,embryo,single,protein,no,TraesCS6A03G0441600.1,TraesCS6A03G0441600.1,TraesCS6A03G0441600.1,,418,False,False,,TraesCS6A03G0441600.1,,9.33,1.0,0.9989,0.0,2,0,2,4,0,4,0,0,0,N-term(42.0106),,"TraesCS6B03G0541700.1, TraesCS6D03G0373400.1"
176,PXD004720,bread wheat,embryo,single,protein,no,TraesCS6A03G0577600.1,TraesCS6A03G0577600.1,TraesCS6A03G0577600.1,,371,False,False,,TraesCS6A03G0577600.1,,5.39,1.0,0.9987,0.0,2,0,2,3,0,3,0,0,0,,,"TraesCS6B03G0693500.1, TraesCS6D03G0479900.1"
177,PXD004720,bread wheat,embryo,single,protein,no,TraesCS6A03G0586800.1,TraesCS6A03G0586800.1,TraesCS6A03G0586800.1,,337,False,False,,TraesCS6A03G0586800.1,,18.4,1.0,0.999,0.0,4,0,3,9,0,8,0,0,0,,,"TraesCS6B03G0715800.1, TraesCS6B03G0715800.2, TraesCS6D03G0485700.1, TraesCS6D03G0485700.2"
178,PXD004720,bread wheat,embryo,single,protein,no,TraesCS6A03G0588500LC.1,TraesCS6A03G0588500LC.1,TraesCS6A03G0588500LC.1,,121,False,False,,TraesCS6A03G0588500LC.1,,19.01,1.0,0.999,0.0,3,3,3,12,12,12,0,0,0,,,
179,PXD004720,bread wheat,embryo,single,protein,no,TraesCS6A03G0617100.1,TraesCS6A03G0617100.1,TraesCS6A03G0617100.1,,344,False,False,,TraesCS6A03G0617100.1,,12.5,1.0,0.999,0.0,2,0,2,3,0,3,0,0,0,,,"TraesCS6B03G0755000.1, TraesCS6B03G0755000.2, TraesCS6B03G0755000.3, TraesCS6D03G0525200.1"
180,PXD004720,bread wheat,embryo,single,protein,no,TraesCS6A03G0726500.1,TraesCS6A03G0726500.1,TraesCS6A03G0726500.1,,371,False,False,,TraesCS6A03G0726500.1,,9.43,1.0,0.999,0.0,2,0,2,3,0,3,0,0,0,,,"TraesCS6B03G0861800.1, TraesCS6B03G0861800.2, TraesCS6D03G0609800.1, TraesCS6D03G0609800.2"
181,PXD004720,bread wheat,embryo,single,protein,no,TraesCS6A03G0941800.1,TraesCS6A03G0941800.1,TraesCS6A03G0941800.1,,502,False,False,,TraesCS6A03G0941800.1,,6.37,1.0,0.999,0.0,2,0,2,3,0,3,0,0,0,,,"TraesCS6B03G1151100.1, TraesCS6D03G0819500.1, TraesCS6D03G0819500.2"
182,PXD004720,bread wheat,embryo,single,protein,no,TraesCS6A03G1001500.1,TraesCS6A03G1001500.1,TraesCS6A03G1001500.1,,535,False,False,,TraesCS6A03G1001500.1,,8.97,1.0,0.999,0.0,3,0,3,3,0,3,0,0,0,"6M(15.9949), 9M(15.9949)",,TraesCS6D03G0882600.1
183,PXD004720,bread wheat,embryo,single,protein,no,TraesCS6B03G0351600.1,TraesCS6B03G0351600.1,TraesCS6B03G0351600.1,,345,False,False,,TraesCS6B03G0351600.1,,15.07,1.0,0.999,0.0,3,3,3,8,8,8,0,0,0,14M(15.9949),,
184,PXD004720,bread wheat,embryo,single,protein,no,TraesCS6B03G0406400.1,TraesCS6B03G0406400.1,TraesCS6B03G0406400.1,,436,False,False,,TraesCS6B03G0406400.1,,26.15,1.0,0.999,0.0,4,2,4,8,2,8,0,0,0,,,
185,PXD004720,bread wheat,embryo,single,protein,no,TraesCS6B03G0839500.1,TraesCS6B03G0839500.1,TraesCS6B03G0839500.1,,446,False,False,,TraesCS6B03G0839500.1,,15.7,1.0,0.999,0.0,3,0,3,4,0,4,0,0,0,,,TraesCS6D03G0594100.1
186,PXD004720,bread wheat,embryo,single,protein,no,TraesCS6B03G1066600.1,TraesCS6B03G1066600.1,TraesCS6B03G1066600.1,,426,False,False,,TraesCS6B03G1066600.1,,13.38,1.0,0.999,0.0,2,0,2,3,0,3,0,0,0,,,TraesCS6D03G0763600.1
187,PXD004720,bread wheat,embryo,single,protein,no,TraesCS6D03G0182000.1,TraesCS6D03G0182000.1,TraesCS6D03G0182000.1,,288,False,False,,TraesCS6D03G0182000.1,,17.01,1.0,0.9977,0.0016051364366,2,1,2,3,2,3,0,0,0,,,
188,PXD004720,bread wheat,embryo,single,protein,no,TraesCS6D03G0216700.1,TraesCS6D03G0216700.1,TraesCS6D03G0216700.1,,342,False,False,,TraesCS6D03G0216700.1,,10.53,1.0,0.999,0.0,2,0,2,7,0,7,0,0,0,12M(15.9949),,TraesCS6D03G0216700.2
189,PXD004720,bread wheat,embryo,single,protein,no,TraesCS6D03G0324300.3,TraesCS6D03G0324300.3,TraesCS6D03G0324300.3,,541,False,False,,TraesCS6D03G0324300.3,,11.65,1.0,0.999,0.0,3,0,2,9,0,5,0,0,0,,,TraesCS6D03G0324300.4
190,PXD004720,bread wheat,embryo,single,protein,no,TraesCS6D03G0872900LC.1,TraesCS6D03G0872900LC.1,TraesCS6D03G0872900LC.1,,458,False,False,,TraesCS6D03G0872900LC.1,,19.87,1.0,0.999,0.0,4,0,4,6,0,6,0,0,0,22M(15.9949),,
191,PXD004720,bread wheat,embryo,single,protein,no,TraesCS7A03G0160800.1,TraesCS7A03G0160800.1,TraesCS7A03G0160800.1,,412,False,False,,TraesCS7A03G0160800.1,,11.89,1.0,0.999,0.0,2,0,2,3,0,3,0,0,0,,,"TraesCS7A03G0160800.2, TraesCS7D03G0149600.1"
192,PXD004720,bread wheat,embryo,single,protein,no,TraesCS7A03G0261600.1,TraesCS7A03G0261600.1,TraesCS7A03G0261600.1,,279,False,False,,TraesCS7A03G0261600.1,,15.05,1.0,0.9989,0.0,2,0,2,5,0,5,0,0,0,25M(15.9949),,"TraesCS7B03G0019300.1, TraesCS7D03G0240000.1"
193,PXD004720,bread wheat,embryo,single,protein,no,TraesCS7A03G0490700.1,TraesCS7A03G0490700.1,TraesCS7A03G0490700.1,,549,False,False,,TraesCS7A03G0490700.1,,7.65,1.0,0.9989,0.0,2,0,2,5,0,5,0,0,0,16M(15.9949),,"TraesCS7B03G0303900.1, TraesCS7B03G0303900.2, TraesCS7D03G0473300.1"
194,PXD004720,bread wheat,embryo,single,protein,no,TraesCS7A03G0555500.1,TraesCS7A03G0555500.1,TraesCS7A03G0555500.1,,700,False,False,,TraesCS7A03G0555500.1,,4.86,1.0,0.999,0.0,2,0,2,4,0,4,0,0,0,,,"TraesCS7B03G0405300.2, TraesCS7D03G0537900.1"
195,PXD004720,bread wheat,embryo,single,protein,no,TraesCS7A03G0688500.1,TraesCS7A03G0688500.1,TraesCS7A03G0688500.1,,662,False,False,,TraesCS7A03G0688500.1,,6.04,1.0,0.9989,0.0,2,1,2,4,1,4,0,0,0,,,
196,PXD004720,bread wheat,embryo,single,protein,no,TraesCS7A03G0724200.1,TraesCS7A03G0724200.1,TraesCS7A03G0724200.1,,287,False,False,,TraesCS7A03G0724200.1,,16.38,1.0,0.999,0.0,3,0,3,6,0,6,0,0,0,18M(15.9949),,"TraesCS7B03G0511200.1, TraesCS7D03G0693700.1"
197,PXD004720,bread wheat,embryo,single,protein,no,TraesCS7A03G0762300.1,TraesCS7A03G0762300.1,TraesCS7A03G0762300.1,,320,False,False,,TraesCS7A03G0762300.1,,11.56,1.0,0.999,0.0,2,0,2,5,0,5,0,0,0,,,"TraesCS7B03G0593200.1, TraesCS7D03G0732300.1"
198,PXD004720,bread wheat,embryo,single,protein,no,TraesCS7A03G0770100.1,TraesCS7A03G0770100.1,TraesCS7A03G0770100.1,,337,False,False,,TraesCS7A03G0770100.1,,16.32,1.0,0.999,0.0,3,0,3,20,0,20,0,0,0,3M(15.9949),,"TraesCS7A03G0770100.2, TraesCS7A03G0770100.3, TraesCS7B03G0600400.1, TraesCS7D03G0737500.1"
199,PXD004720,bread wheat,embryo,single,protein,no,TraesCS7A03G0779600.1,TraesCS7A03G0779600.1,TraesCS7A03G0779600.1,,110,False,False,,TraesCS7A03G0779600.1,,36.36,1.0,0.999,0.0,5,0,5,13,0,13,0,0,0,,,"TraesCS7B03G0615500.1, TraesCS7D03G0746800.1"
200,PXD004720,bread wheat,embryo,single,protein,no,TraesCS7A03G0791500.1,TraesCS7A03G0791500.1,TraesCS7A03G0791500.1,,686,False,False,,TraesCS7A03G0791500.1,,8.02,1.0,0.999,0.0,3,2,3,3,2,3,0,0,0,N-term(42.0106),,
201,PXD004720,bread wheat,embryo,single,protein,no,TraesCS7A03G0820200.1,TraesCS7A03G0820200.1,TraesCS7A03G0820200.1,,277,False,False,,TraesCS7A03G0820200.1,,53.07,1.0,0.999,0.0,4,2,2,11,6,6,0,0,0,,,
202,PXD004720,bread wheat,embryo,single,protein,no,TraesCS7A03G0841600.1,TraesCS7A03G0841600.1,TraesCS7A03G0841600.1,,260,False,False,,TraesCS7A03G0841600.1,,22.69,1.0,0.999,0.0,2,0,2,9,0,9,0,0,0,N-term(42.0106),,TraesCS7B03G0671300.1
203,PXD004720,bread wheat,embryo,single,protein,no,TraesCS7A03G0876800.1,TraesCS7A03G0876800.1,TraesCS7A03G0876800.1,,535,False,False,,TraesCS7A03G0876800.1,,10.47,1.0,0.999,0.0,2,0,2,2,0,2,0,0,0,,,"TraesCS7B03G0736900.2, TraesCS7B03G0736900.3, TraesCS7D03G0859500.1, TraesCS7D03G0859500.2"
204,PXD004720,bread wheat,embryo,single,protein,no,TraesCS7A03G0886400.1,TraesCS7A03G0886400.1,TraesCS7A03G0886400.1,,413,False,False,,TraesCS7A03G0886400.1,,16.46,1.0,0.999,0.0,4,0,4,9,0,9,0,0,0,,,"TraesCS7D03G0849700.1, TraesCS7D03G0849700.2"
205,PXD004720,bread wheat,embryo,single,protein,no,TraesCS7A03G0954200.1,TraesCS7A03G0954200.1,TraesCS7A03G0954200.1,,230,False,False,,TraesCS7A03G0954200.1,,50.0,1.0,0.999,0.0,6,1,6,17,1,17,0,0,0,"15C(57.0214), 18M(15.9949), 2M(15.9949)",,
206,PXD004720,bread wheat,embryo,single,protein,no,TraesCS7A03G0993300.1,TraesCS7A03G0993300.1,TraesCS7A03G0993300.1,,218,False,False,,TraesCS7A03G0993300.1,,12.39,1.0,0.9989,0.0,2,0,2,4,0,4,0,0,0,,,"TraesCS7A03G0993300.2, TraesCS7B03G0830400.1, TraesCS7B03G0830400.2, TraesCS7D03G0950800.1, TraesCS7D03G0950800.2"
207,PXD004720,bread wheat,embryo,single,protein,no,TraesCS7A03G1016300.1,TraesCS7A03G1016300.1,TraesCS7A03G1016300.1,,414,False,False,,TraesCS7A03G1016300.1,,10.87,1.0,0.999,0.0,3,0,3,5,0,5,0,0,0,"3M(15.9949), N-term(42.0106)",,"TraesCS7B03G0857100.1, TraesCS7D03G0972600.1"
208,PXD004720,bread wheat,embryo,single,protein,no,TraesCS7A03G1064600.1,TraesCS7A03G1064600.1,TraesCS7A03G1064600.1,,110,False,False,,TraesCS7A03G1064600.1,,41.82,1.0,0.9985,0.0,1,1,1,4,4,4,0,0,0,,,
209,PXD004720,bread wheat,embryo,single,protein,no,TraesCS7B03G0297800.1,TraesCS7B03G0297800.1,TraesCS7B03G0297800.1,,407,False,False,,TraesCS7B03G0297800.1,,9.83,1.0,0.999,0.0,2,0,2,5,0,5,0,0,0,,,TraesCS7B03G0297800.2
210,PXD004720,bread wheat,embryo,single,protein,no,TraesCS7B03G0544400.1,TraesCS7B03G0544400.1,TraesCS7B03G0544400.1,,208,False,False,,TraesCS7B03G0544400.1,,12.5,1.0,0.999,0.0,2,0,2,3,0,3,0,0,0,,,"TraesCS7B03G0544400.2, TraesCS7D03G0696000.1"
211,PXD004720,bread wheat,embryo,single,protein,no,TraesCS7B03G0678100.1,TraesCS7B03G0678100.1,TraesCS7B03G0678100.1,,275,False,False,,TraesCS7B03G0678100.1,,59.27,1.0,0.999,0.0,5,1,4,12,5,10,0,0,0,,,
212,PXD004720,bread wheat,embryo,single,protein,no,TraesCS7D03G0798300.1,TraesCS7D03G0798300.1,TraesCS7D03G0798300.1,,260,False,False,,TraesCS7D03G0798300.1,,25.77,1.0,0.999,0.0,3,3,3,8,8,8,0,0,0,N-term(42.0106),,
213,PXD004720,bread wheat,embryo,single,protein,no,TraesCS7D03G0803900.1,TraesCS7D03G0803900.1,TraesCS7D03G0803900.1,,275,False,False,,TraesCS7D03G0803900.1,,46.55,1.0,0.999,0.0,4,2,4,17,12,17,0,0,0,25M(15.9949),,
214,PXD004720,bread wheat,embryo,single,protein,no,TraesCS7D03G1221800.1,TraesCS7D03G1221800.1,TraesCS7D03G1221800.1,,836,False,False,,TraesCS7D03G1221800.1,,9.93,1.0,0.999,0.0,3,1,3,7,2,7,0,0,0,,,
215,PXD004720,bread wheat,embryo,single,protein,no,TraesCS1A03G0207600.1,TraesCS1A03G0207600.1,TraesCS1A03G0207600.1,,482,False,False,,TraesCS1A03G0207600.1,,6.43,0.9999,0.999,0.0,2,1,2,3,2,3,0,0,0,N-term(42.0106),,
216,PXD004720,bread wheat,embryo,single,protein,no,TraesCS1A03G0669900.1,TraesCS1A03G0669900.1,TraesCS1A03G0669900.1,,206,False,False,,TraesCS1A03G0669900.1,,19.9,0.9999,0.999,0.0,2,0,2,5,0,5,0,0,0,,,"TraesCS1B03G0761100.1, TraesCS1B03G0761100.2, TraesCS1D03G0633000.1"
217,PXD004720,bread wheat,embryo,single,protein,no,TraesCS1A03G0812200.1,TraesCS1A03G0812200.1,TraesCS1A03G0812200.1,,824,False,False,,TraesCS1A03G0812200.1,,8.86,0.9999,0.9989,0.0,4,0,1,11,0,2,0,0,0,,,
218,PXD004720,bread wheat,embryo,single,protein,no,TraesCS1A03G0904500.1,TraesCS1A03G0904500.1,TraesCS1A03G0904500.1,,721,False,False,,TraesCS1A03G0904500.1,,12.21,0.9999,0.999,0.0,4,1,1,9,2,2,0,0,0,,,
219,PXD004720,bread wheat,embryo,single,protein,no,TraesCS1A03G1017500.1,TraesCS1A03G1017500.1,TraesCS1A03G1017500.1,,145,False,False,,TraesCS1A03G1017500.1,,28.28,0.9999,0.999,0.0,2,1,2,6,1,6,0,0,0,,,
220,PXD004720,bread wheat,embryo,single,protein,no,TraesCS2A03G0340500.1,TraesCS2A03G0340500.1,TraesCS2A03G0340500.1,,250,False,False,,TraesCS2A03G0340500.1,,6.4,0.9999,0.989,0.00768245838668,2,0,2,8,0,8,0,0,0,,,"TraesCS2B03G0456900.1, TraesCS2D03G0356800.1"
221,PXD004720,bread wheat,embryo,single,protein,no,TraesCS2B03G0441600.1,TraesCS2B03G0441600.1,TraesCS2B03G0441600.1,,501,False,False,,TraesCS2B03G0441600.1,,4.59,0.9999,0.9465,0.00768245838668,2,0,2,2,0,2,0,0,0,,,"TraesCS6A03G0182700.1, TraesCS6B03G0262300.1, TraesCS6B03G0262300.2, TraesCS6D03G0153900.1"
222,PXD004720,bread wheat,embryo,single,protein,no,TraesCS2B03G0457600.1,TraesCS2B03G0457600.1,TraesCS2B03G0457600.1,,162,False,False,,TraesCS2B03G0457600.1,,50.62,0.9999,0.999,0.0,2,1,2,3,2,3,0,0,0,,,
223,PXD004720,bread wheat,embryo,single,protein,no,TraesCS2B03G0962800.1,TraesCS2B03G0962800.1,TraesCS2B03G0962800.1,,647,False,False,,TraesCS2B03G0962800.1,,18.08,0.9999,0.9989,0.0,6,0,3,8,0,3,0,0,0,,,"TraesCS6A03G0869800.2, TraesCS6A03G0869800.4, TraesCS6B03G1039600.1, TraesCS6D03G0740700.1"
224,PXD004720,bread wheat,embryo,single,protein,no,TraesCS2D03G0357400.1,TraesCS2D03G0357400.1,TraesCS2D03G0357400.1,,162,False,False,,TraesCS2D03G0357400.1,,50.62,0.9999,0.999,0.0,2,1,1,3,2,2,0,0,0,,,
225,PXD004720,bread wheat,embryo,single,protein,no,TraesCS2D03G1258500.1,TraesCS2D03G1258500.1,TraesCS2D03G1258500.1,,310,False,False,,TraesCS2D03G1258500.1,,25.81,0.9999,0.999,0.0,2,2,2,2,2,2,0,0,0,N-term(42.0106),,
226,PXD004720,bread wheat,embryo,single,protein,no,TraesCS3A03G0452200.1,TraesCS3A03G0452200.1,TraesCS3A03G0452200.1,,396,False,False,,TraesCS3A03G0452200.1,,11.62,0.9999,0.999,0.0,3,1,3,6,1,6,0,0,0,"16M(15.9949), 5M(15.9949)",,
227,PXD004720,bread wheat,embryo,single,protein,no,TraesCS3A03G0643700.1,TraesCS3A03G0643700.1,TraesCS3A03G0643700.1,,488,False,False,,TraesCS3A03G0643700.1,,9.63,0.9999,0.999,0.0,2,0,2,2,0,2,0,0,0,,,"TraesCS3B03G0722500.1, TraesCS3D03G0588900.1, TraesCS6A03G0468400.1, TraesCS6B03G0586500.1, TraesCS6D03G0390600.1, TraesCS7A03G0885000.1, TraesCS7B03G0729200.2, TraesCS7D03G0851100.1"
228,PXD004720,bread wheat,embryo,single,protein,no,TraesCS3A03G0920100.1,TraesCS3A03G0920100.1,TraesCS3A03G0920100.1,,358,False,False,,TraesCS3A03G0920100.1,,25.14,0.9999,0.9989,0.0,4,1,2,17,4,5,0,0,0,,,
229,PXD004720,bread wheat,embryo,single,protein,no,TraesCS3B03G0822200.1,TraesCS3B03G0822200.1,TraesCS3B03G0822200.1,,381,False,False,,TraesCS3B03G0822200.1,,21.0,0.9999,0.999,0.0,3,0,3,5,0,5,0,0,0,N-term(42.0106),,TraesCS3B03G0822200.2
230,PXD004720,bread wheat,embryo,single,protein,no,TraesCS3B03G1042200.1,TraesCS3B03G1042200.1,TraesCS3B03G1042200.1,,358,False,False,,TraesCS3B03G1042200.1,,26.26,0.9999,0.999,0.0,5,1,1,16,2,2,0,0,0,,,
231,PXD004720,bread wheat,embryo,single,protein,no,TraesCS3D03G0418100.1,TraesCS3D03G0418100.1,TraesCS3D03G0418100.1,,407,False,False,,TraesCS3D03G0418100.1,,16.22,0.9999,0.9987,0.0,4,1,1,9,2,2,0,0,0,,,
232,PXD004720,bread wheat,embryo,single,protein,no,TraesCS3D03G0847400.1,TraesCS3D03G0847400.1,TraesCS3D03G0847400.1,,358,False,False,,TraesCS3D03G0847400.1,,26.26,0.9999,0.999,0.0,5,0,1,16,0,2,0,0,0,,,
233,PXD004720,bread wheat,embryo,single,protein,no,TraesCS4A03G0067500.1,TraesCS4A03G0067500.1,TraesCS4A03G0067500.1,,818,False,False,,TraesCS4A03G0067500.1,,11.61,0.9999,0.999,0.0,4,1,4,7,2,7,0,0,0,N-term(42.0106),,
234,PXD004720,bread wheat,embryo,single,protein,no,TraesCS4A03G0277700.2,TraesCS4A03G0277700.2,TraesCS4A03G0277700.2,,359,False,False,,TraesCS4A03G0277700.2,,18.94,0.9999,0.999,0.0,4,0,1,25,0,3,0,0,0,,,TraesCS4A03G0277700.3
235,PXD004720,bread wheat,embryo,single,protein,no,TraesCS4B03G0037000.1,TraesCS4B03G0037000.1,TraesCS4B03G0037000.1,,611,False,False,,TraesCS4B03G0037000.1,,19.97,0.9999,0.999,0.0,8,2,2,28,3,3,0,0,0,,,
236,PXD004720,bread wheat,embryo,single,protein,no,TraesCS5A03G0257000.1,TraesCS5A03G0257000.1,TraesCS5A03G0257000.1,,816,False,False,,TraesCS5A03G0257000.1,,4.78,0.9999,0.999,0.0,2,0,2,3,0,3,0,0,0,,,"TraesCS5A03G0257000.2, TraesCS5B03G0271100.1, TraesCS5D03G0266500.1, TraesCS5D03G0266500.2"
237,PXD004720,bread wheat,embryo,single,protein,no,TraesCS5A03G1021000.1,TraesCS5A03G1021000.1,TraesCS5A03G1021000.1,,500,False,False,,TraesCS5A03G1021000.1,,5.8,0.9999,0.9638,0.00768245838668,2,2,2,4,4,4,0,0,0,,,
238,PXD004720,bread wheat,embryo,single,protein,no,TraesCS5B03G0062500.1,TraesCS5B03G0062500.1,TraesCS5B03G0062500.1,,446,False,False,,TraesCS5B03G0062500.1,,16.37,0.9999,0.999,0.0,3,1,3,6,1,6,0,0,0,,,
239,PXD004720,bread wheat,embryo,single,protein,no,TraesCS5B03G1138900.1,TraesCS5B03G1138900.1,TraesCS5B03G1138900.1,,397,False,False,,TraesCS5B03G1138900.1,,17.63,0.9999,0.999,0.0,2,0,1,2,0,1,0,0,0,,,TraesCS5B03G1138900.2
240,PXD004720,bread wheat,embryo,single,protein,no,TraesCS6B03G1056600.1,TraesCS6B03G1056600.1,TraesCS6B03G1056600.1,,178,False,False,,TraesCS6B03G1056600.1,,29.78,0.9999,0.999,0.0,2,1,1,2,1,1,0,0,0,,,
241,PXD004720,bread wheat,embryo,single,protein,no,TraesCS6D03G0752200.1,TraesCS6D03G0752200.1,TraesCS6D03G0752200.1,,179,False,False,,TraesCS6D03G0752200.1,,29.61,0.9999,0.999,0.0,2,1,2,3,2,3,0,0,0,N-term(42.0106),,
242,PXD004720,bread wheat,embryo,single,protein,no,TraesCS7A03G0927100.1,TraesCS7A03G0927100.1,TraesCS7A03G0927100.1,,241,False,False,,TraesCS7A03G0927100.1,,13.69,0.9999,0.999,0.0,2,0,2,2,0,2,0,0,0,N-term(42.0106),,"TraesCS7B03G0774900.1, TraesCS7D03G0890900.1"
243,PXD004720,bread wheat,embryo,single,protein,no,TraesCS7A03G1083100LC.1,TraesCS7A03G1083100LC.1,TraesCS7A03G1083100LC.1,,213,False,False,,TraesCS7A03G1083100LC.1,,8.45,0.9999,0.9861,0.00768245838668,1,1,1,6,6,6,0,0,0,10M(15.9949),,
244,PXD004720,bread wheat,embryo,single,protein,no,TraesCS1A03G0391400.1,TraesCS1A03G0391400.1,TraesCS1A03G0391400.1,,574,False,False,,TraesCS1A03G0391400.1,,5.57,0.9998,0.999,0.0,2,0,1,4,0,3,0,0,0,,,TraesCS1B03G0473000.1
245,PXD004720,bread wheat,embryo,single,protein,no,TraesCS1A03G0669500.1,TraesCS1A03G0669500.1,TraesCS1A03G0669500.1,,179,False,False,,TraesCS1A03G0669500.1,,22.91,0.9998,0.999,0.0,2,1,1,3,2,2,0,0,0,,,
246,PXD004720,bread wheat,embryo,single,protein,no,TraesCS1A03G0839300.1,TraesCS1A03G0839300.1,TraesCS1A03G0839300.1,,918,False,False,,TraesCS1A03G0839300.1,,6.64,0.9998,0.999,0.0,3,1,1,7,2,2,0,0,0,,,
247,PXD004720,bread wheat,embryo,single,protein,no,TraesCS1B03G0962800.1,TraesCS1B03G0962800.1,TraesCS1B03G0962800.1,,917,False,False,,TraesCS1B03G0962800.1,,6.54,0.9998,0.9986,0.0,3,1,1,7,2,2,0,0,0,,,
248,PXD004720,bread wheat,embryo,single,protein,no,TraesCS1D03G0405500.1,TraesCS1D03G0405500.1,TraesCS1D03G0405500.1,,167,False,False,,TraesCS1D03G0405500.1,,38.92,0.9998,0.999,0.0,2,1,1,4,3,3,0,0,0,,,
249,PXD004720,bread wheat,embryo,single,protein,no,TraesCS1D03G0808500.1,TraesCS1D03G0808500.1,TraesCS1D03G0808500.1,,918,False,False,,TraesCS1D03G0808500.1,,6.64,0.9998,0.999,0.0,3,1,3,10,5,10,0,0,0,,,
250,PXD004720,bread wheat,embryo,single,protein,no,TraesCS1D03G0863000.1,TraesCS1D03G0863000.1,TraesCS1D03G0863000.1,,214,False,False,,TraesCS1D03G0863000.1,,38.32,0.9998,0.999,0.0,5,2,2,13,2,2,0,0,0,,,
251,PXD004720,bread wheat,embryo,single,protein,no,TraesCS1D03G1016800.1,TraesCS1D03G1016800.1,TraesCS1D03G1016800.1,,374,False,False,,TraesCS1D03G1016800.1,,18.72,0.9998,0.999,0.0,2,1,1,3,1,1,0,0,0,,,
252,PXD004720,bread wheat,embryo,single,protein,no,TraesCS2B03G0357000.1,TraesCS2B03G0357000.1,TraesCS2B03G0357000.1,,218,False,False,,TraesCS2B03G0357000.1,,27.52,0.9998,0.999,0.0,2,1,1,5,3,3,0,0,0,,,
253,PXD004720,bread wheat,embryo,single,protein,no,TraesCS3A03G0161300.1,TraesCS3A03G0161300.1,TraesCS3A03G0161300.1,,253,False,False,,TraesCS3A03G0161300.1,,16.6,0.9998,0.999,0.0,2,0,2,6,0,6,0,0,0,,,"TraesCS3B03G0202300.1, TraesCS3B03G0202300.2"
254,PXD004720,bread wheat,embryo,single,protein,no,TraesCS3A03G0649800.2,TraesCS3A03G0649800.2,TraesCS3A03G0649800.2,,192,False,False,,TraesCS3A03G0649800.2,,28.12,0.9998,0.9987,0.0,3,0,1,8,0,2,0,0,0,,,
255,PXD004720,bread wheat,embryo,single,protein,no,TraesCS3A03G0716500.1,TraesCS3A03G0716500.1,TraesCS3A03G0716500.1,,381,False,False,,TraesCS3A03G0716500.1,,15.75,0.9998,0.999,0.0,2,1,1,3,2,2,0,0,0,N-term(42.0106),,
256,PXD004720,bread wheat,embryo,single,protein,no,TraesCS3B03G0528300.1,TraesCS3B03G0528300.1,TraesCS3B03G0528300.1,,408,False,False,,TraesCS3B03G0528300.1,,16.18,0.9998,0.9986,0.0,4,1,2,11,4,6,0,0,0,,,
257,PXD004720,bread wheat,embryo,single,protein,no,TraesCS3B03G1526500.1,TraesCS3B03G1526500.1,TraesCS3B03G1526500.1,,1509,False,False,,TraesCS3B03G1526500.1,,1.19,0.9998,0.9819,0.00768245838668,2,1,2,3,1,3,0,0,0,,,
258,PXD004720,bread wheat,embryo,single,protein,no,TraesCS3D03G0143300.1,TraesCS3D03G0143300.1,TraesCS3D03G0143300.1,,253,False,False,,TraesCS3D03G0143300.1,,16.6,0.9998,0.999,0.0,2,1,1,5,4,4,0,0,0,,,
259,PXD004720,bread wheat,embryo,single,protein,no,TraesCS3D03G0658900.1,TraesCS3D03G0658900.1,TraesCS3D03G0658900.1,,381,False,False,,TraesCS3D03G0658900.1,,21.0,0.9998,0.999,0.0,3,1,1,5,2,2,0,0,0,N-term(42.0106),,
260,PXD004720,bread wheat,embryo,single,protein,no,TraesCS4A03G0754900.1,TraesCS4A03G0754900.1,TraesCS4A03G0754900.1,,766,False,False,,TraesCS4A03G0754900.1,,5.09,0.9998,0.9989,0.0,2,0,2,3,0,3,0,0,0,,,"TraesCS4B03G0030000.1, TraesCS4B03G0030000.2, TraesCS4D03G0020600.1, TraesCS4D03G0020600.2, TraesCS5A03G0060700.1, TraesCS5A03G0060700.2, TraesCS5A03G0060700.3, TraesCS5B03G0053200.1, TraesCS5B03G0053200.2, TraesCS5B03G0053200.3, TraesCS5B03G0053200.4, TraesCS5B03G0053200.5, TraesCS5D03G0077800.1, TraesCS5D03G0077800.2"
261,PXD004720,bread wheat,embryo,single,protein,no,TraesCS4A03G1013000.1,TraesCS4A03G1013000.1,TraesCS4A03G1013000.1,,576,False,False,,TraesCS4A03G1013000.1,,5.56,0.9998,0.999,0.0,2,0,2,3,0,3,0,0,0,,,"TraesCS4B03G0802900.1, TraesCS4B03G0802900.2, TraesCS4D03G0720000.1"
262,PXD004720,bread wheat,embryo,single,protein,no,TraesCS4D03G0626300.1,TraesCS4D03G0626300.1,TraesCS4D03G0626300.1,,692,False,False,,TraesCS4D03G0626300.1,,8.53,0.9998,0.999,0.0,3,0,2,9,0,6,0,0,0,,,"TraesCS4D03G0626300.2, TraesCS4D03G0626300.3"
263,PXD004720,bread wheat,embryo,single,protein,no,TraesCS5A03G0033100.2,TraesCS5A03G0033100.2,TraesCS5A03G0033100.2,,485,False,False,,TraesCS5A03G0033100.2,,23.3,0.9998,0.9984,0.0,6,0,1,16,0,1,0,0,0,,,"TraesCS5B03G0026700.1, TraesCS5B03G0026700.2, TraesCS5D03G0043200.1"
264,PXD004720,bread wheat,embryo,single,protein,no,TraesCS5A03G1073700.1,TraesCS5A03G1073700.1,TraesCS5A03G1073700.1,,636,False,False,,TraesCS5A03G1073700.1,,11.01,0.9998,0.999,0.0,2,0,2,3,0,3,0,0,0,,,
265,PXD004720,bread wheat,embryo,single,protein,no,TraesCS5B03G0776100.1,TraesCS5B03G0776100.1,TraesCS5B03G0776100.1,,343,False,False,,TraesCS5B03G0776100.1,,5.54,0.9998,0.999,0.0,1,1,1,5,5,5,0,0,0,,,
266,PXD004720,bread wheat,embryo,single,protein,no,TraesCS5B03G0940500.1,TraesCS5B03G0940500.1,TraesCS5B03G0940500.1,,442,False,False,,TraesCS5B03G0940500.1,,11.09,0.9998,0.999,0.0,2,0,1,5,0,3,0,0,0,,,"TraesCS5B03G0940500.2, TraesCS5B03G0940500.3"
267,PXD004720,bread wheat,embryo,single,protein,no,TraesCS5B03G1027300.1,TraesCS5B03G1027300.1,TraesCS5B03G1027300.1,,503,False,False,,TraesCS5B03G1027300.1,,10.14,0.9998,0.9989,0.0,3,1,1,4,1,1,0,0,0,,,
268,PXD004720,bread wheat,embryo,single,protein,no,TraesCS5D03G1112800.1,TraesCS5D03G1112800.1,TraesCS5D03G1112800.1,,447,False,False,,TraesCS5D03G1112800.1,,11.86,0.9998,0.999,0.0,3,1,3,3,1,3,0,0,0,,,
269,PXD004720,bread wheat,embryo,single,protein,no,TraesCS6A03G0096800.1,TraesCS6A03G0096800.1,TraesCS6A03G0096800.1,,737,False,False,,TraesCS6A03G0096800.1,,3.66,0.9998,0.999,0.0,2,0,2,7,0,7,0,0,0,,,"TraesCS6B03G0137600.1, TraesCS6D03G0103400.1"
270,PXD004720,bread wheat,embryo,single,protein,no,TraesCS6A03G0881000LC.1,TraesCS6A03G0881000LC.1,TraesCS6A03G0881000LC.1,,82,False,False,,TraesCS6A03G0881000LC.1,,19.51,0.9998,0.966,0.00768245838668,2,2,2,2,2,2,0,0,0,,,
271,PXD004720,bread wheat,embryo,single,protein,no,TraesCS7B03G0730400.1,TraesCS7B03G0730400.1,TraesCS7B03G0730400.1,,410,False,False,,TraesCS7B03G0730400.1,,11.95,0.9998,0.999,0.0,3,0,1,8,0,3,0,0,0,,,TraesCS7B03G0730400.2
272,PXD004720,bread wheat,embryo,single,protein,no,TraesCS5A03G1127700.1,TraesCS5A03G1127700.1,TraesCS5A03G1127700.1,,648,False,False,,TraesCS5A03G1127700.1,,12.81,0.9997,0.9984,0.0,4,0,1,4,0,1,0,0,0,,,"TraesCS5D03G1081100.1, TraesCS5D03G1081100.2, TraesCS5D03G1081100.3"
273,PXD004720,bread wheat,embryo,single,protein,no,TraesCS7A03G1288100.1,TraesCS7A03G1288100.1,TraesCS7A03G1288100.1,,807,False,False,,TraesCS7A03G1288100.1,,5.7,0.9997,0.9989,0.0,2,1,1,5,2,2,0,0,0,,,
274,PXD004720,bread wheat,embryo,single,protein,no,TraesCS5A03G0481000.1,TraesCS5A03G0481000.1,TraesCS5A03G0481000.1,,972,False,False,,TraesCS5A03G0481000.1,,5.14,0.9996,0.9919,0.00573888091822,2,0,2,2,0,2,0,0,0,,,"TraesCS5B03G0479900.1, TraesCS5D03G0444100.1"
275,PXD004720,bread wheat,embryo,single,protein,no,TraesCS6D03G0924500.1,TraesCS6D03G0924500.1,TraesCS6D03G0924500.1,,867,False,False,,TraesCS6D03G0924500.1,,1.38,0.9996,0.9437,0.00768245838668,1,1,1,6,6,6,0,0,0,"9M(15.9949), N-term(42.0106)",,
276,PXD004720,bread wheat,embryo,single,protein,no,TraesCS4B03G0763400.1,TraesCS4B03G0763400.1,TraesCS4B03G0763400.1,,487,False,False,,TraesCS4B03G0763400.1,,6.37,0.9993,0.91,0.00768245838668,2,1,2,2,1,2,0,0,0,,,
277,PXD004720,bread wheat,embryo,single,protein,no,TraesCS4A03G0291500.1,TraesCS4A03G0291500.1,TraesCS4A03G0291500.1,,509,False,False,,TraesCS4A03G0291500.1,,7.07,0.9992,0.9126,0.00768245838668,3,3,3,6,6,6,0,0,0,1M(15.9949),,
278,PXD004720,bread wheat,embryo,single,protein,no,TraesCS1D03G1041200.1,TraesCS1D03G1041200.1,TraesCS1D03G1041200.1,,423,False,False,,TraesCS1D03G1041200.1,,13.71,0.9986,0.999,0.0,2,1,2,5,3,5,0,0,0,,,
279,PXD004720,bread wheat,embryo,single,protein,no,TraesCS2A03G0267400.1,TraesCS2A03G0267400.1,TraesCS2A03G0267400.1,,1606,False,False,,TraesCS2A03G0267400.1,,2.74,0.9986,0.999,0.0,2,0,2,2,0,2,0,0,0,,,"TraesCS2A03G0267400.2, TraesCS2B03G0370500.1, TraesCS2D03G0279000.1"
280,PXD004720,bread wheat,embryo,single,protein,no,TraesCS3A03G0511700.2,TraesCS3A03G0511700.2,TraesCS3A03G0511700.2,,428,False,False,,TraesCS3A03G0511700.2,,12.62,0.9986,0.999,0.0,2,0,1,4,0,2,0,0,0,,,"TraesCS3B03G0551900.1, TraesCS3D03G0476800.1"
281,PXD004720,bread wheat,embryo,single,protein,no,TraesCS5A03G1006700.1,TraesCS5A03G1006700.1,TraesCS5A03G1006700.1,,149,False,False,,TraesCS5A03G1006700.1,,34.9,0.9986,0.999,0.0,2,1,1,4,3,3,0,0,0,N-term(42.0106),,
282,PXD004720,bread wheat,embryo,single,protein,no,TraesCS5B03G1052800.1,TraesCS5B03G1052800.1,TraesCS5B03G1052800.1,,150,False,False,,TraesCS5B03G1052800.1,,36.0,0.9986,0.999,0.0,2,1,1,3,2,2,0,0,0,,,
283,PXD004720,bread wheat,embryo,single,protein,no,TraesCS2D03G0393400.1,TraesCS2D03G0393400.1,TraesCS2D03G0393400.1,,521,False,False,,TraesCS2D03G0393400.1,,6.14,0.9984,0.9095,0.00768245838668,2,1,2,3,2,3,0,0,0,,,
284,PXD004720,bread wheat,embryo,single,protein,no,TraesCS1B03G1276600.1,TraesCS1B03G1276600.1,TraesCS1B03G1276600.1,,431,False,False,,TraesCS1B03G1276600.1,,12.76,0.9982,0.9987,0.0,2,1,1,3,1,1,0,0,0,,,
285,PXD004720,bread wheat,embryo,single,protein,no,TraesCS6A03G0275700.1,TraesCS6A03G0275700.1,TraesCS6A03G0275700.1,,895,False,False,,TraesCS6A03G0275700.1,,3.02,0.9982,0.9987,0.0,2,0,2,3,0,3,0,0,0,,,"TraesCS6A03G0275700.2, TraesCS6A03G0275700.3, TraesCS6A03G0275700.4, TraesCS6B03G0363500.1, TraesCS6B03G0363500.2, TraesCS6D03G0227800.1, TraesCS6D03G0227800.2"
286,PXD004720,bread wheat,embryo,single,protein,no,TraesCS5B03G0056000LC.1,TraesCS5B03G0056000LC.1,TraesCS5B03G0056000LC.1,,76,False,False,,TraesCS5B03G0056000LC.1,,56.58,0.9979,0.9836,0.00768245838668,3,1,1,9,5,5,0,0,0,,,
287,PXD004720,bread wheat,embryo,single,protein,no,TraesCS1A03G0020600.1,TraesCS1A03G0020600.1,TraesCS1A03G0020600.1,,245,False,False,,TraesCS1A03G0020600.1,,7.35,0.9978,0.999,0.0,1,0,1,2,0,2,0,0,0,,,"TraesCS1B03G0020700.1, TraesCS1D03G0010900.1, TraesCS1D03G0010900.2"
288,PXD004720,bread wheat,embryo,single,protein,no,TraesCS1A03G0109100.1,TraesCS1A03G0109100.1,TraesCS1A03G0109100.1,,311,False,False,,TraesCS1A03G0109100.1,,6.75,0.9978,0.999,0.0,1,0,1,1,0,1,0,0,0,,,"TraesCS1B03G0139900.1, TraesCS1B03G0139900.2, TraesCS1D03G0096500LC.1"
289,PXD004720,bread wheat,embryo,single,protein,no,TraesCS1A03G0109300.1,TraesCS1A03G0109300.1,TraesCS1A03G0109300.1,,358,False,False,,TraesCS1A03G0109300.1,,5.31,0.9978,0.999,0.0,1,0,1,2,0,2,0,0,0,,,"TraesCS1B03G0139600.1, TraesCS1D03G0096400.1, TraesCS7A03G1327900.1, TraesCS7A03G1328400.1, TraesCS7B03G1261700.1, TraesCS7D03G1251900.1"
290,PXD004720,bread wheat,embryo,single,protein,no,TraesCS1A03G0111500.1,TraesCS1A03G0111500.1,TraesCS1A03G0111500.1,,878,False,False,,TraesCS1A03G0111500.1,,2.05,0.9978,0.999,0.0,1,0,1,2,0,2,0,0,0,,,"TraesCS1A03G0111700.1, TraesCS1B03G0143700.2, TraesCS1D03G0100100.1, TraesCS1D03G0100100.2, TraesCS1D03G0100400.1"
291,PXD004720,bread wheat,embryo,single,protein,no,TraesCS1A03G0162500.1,TraesCS1A03G0162500.1,TraesCS1A03G0162500.1,,567,False,False,,TraesCS1A03G0162500.1,,3.0,0.9978,0.999,0.0,1,0,1,1,0,1,0,0,0,,,"TraesCS1B03G0214500.1, TraesCS1D03G0150900.1"
292,PXD004720,bread wheat,embryo,single,protein,no,TraesCS1A03G0255900.1,TraesCS1A03G0255900.1,TraesCS1A03G0255900.1,,502,False,False,,TraesCS1A03G0255900.1,,3.98,0.9978,0.999,0.0,1,0,1,3,0,3,0,0,0,,,"TraesCS1B03G0356800.1, TraesCS1D03G0258100.1"
293,PXD004720,bread wheat,embryo,single,protein,no,TraesCS1A03G0398900.1,TraesCS1A03G0398900.1,TraesCS1A03G0398900.1,,527,False,False,,TraesCS1A03G0398900.1,,3.61,0.9978,0.999,0.0,1,0,1,2,0,2,0,0,0,,,"TraesCS1A03G0398900.2, TraesCS1A03G0398900.3, TraesCS1B03G0485900.1, TraesCS1B03G0485900.2"
294,PXD004720,bread wheat,embryo,single,protein,no,TraesCS1A03G0416600.1,TraesCS1A03G0416600.1,TraesCS1A03G0416600.1,,328,False,False,,TraesCS1A03G0416600.1,,4.88,0.9978,0.999,0.0,1,0,1,2,0,2,0,0,0,,,"TraesCS1B03G0509100.1, TraesCS1D03G0398800.1"
295,PXD004720,bread wheat,embryo,single,protein,no,TraesCS1A03G0471200.1,TraesCS1A03G0471200.1,TraesCS1A03G0471200.1,,525,False,False,,TraesCS1A03G0471200.1,,4.76,0.9978,0.999,0.0,1,0,1,2,0,2,0,0,0,,,"TraesCS1B03G0560900.1, TraesCS1D03G0423800.1, TraesCS2A03G0901300.1, TraesCS2A03G0901300.2, TraesCS2B03G0991400.1, TraesCS2D03G0840300.1"
296,PXD004720,bread wheat,embryo,single,protein,no,TraesCS1A03G0494500.1,TraesCS1A03G0494500.1,TraesCS1A03G0494500.1,,1369,False,False,,TraesCS1A03G0494500.1,,1.24,0.9978,0.999,0.0,1,0,1,1,0,1,0,0,0,,,"TraesCS1A03G0494500.2, TraesCS1A03G0494500.3, TraesCS1B03G0598300.1, TraesCS1D03G0492600.1, TraesCS1D03G0492600.2"
297,PXD004720,bread wheat,embryo,single,protein,no,TraesCS1A03G0587200.1,TraesCS1A03G0587200.1,TraesCS1A03G0587200.1,,93,False,False,,TraesCS1A03G0587200.1,,26.88,0.9978,0.999,0.0,1,0,1,6,0,6,0,0,0,,,TraesCS1D03G0558100.1
298,PXD004720,bread wheat,embryo,single,protein,no,TraesCS1A03G0657700.1,TraesCS1A03G0657700.1,TraesCS1A03G0657700.1,,550,False,False,,TraesCS1A03G0657700.1,,3.82,0.9978,0.999,0.0,1,0,1,2,0,2,0,0,0,,,"TraesCS3A03G0938300.1, TraesCS3D03G0870600.1"
299,PXD004720,bread wheat,embryo,single,protein,no,TraesCS1A03G0667700.2,TraesCS1A03G0667700.2,TraesCS1A03G0667700.2,,445,False,False,,TraesCS1A03G0667700.2,,4.04,0.9978,0.999,0.0,1,0,1,1,0,1,0,0,0,,,"TraesCS1A03G0667800.1, TraesCS1A03G0667800.2, TraesCS1B03G0758600.1, TraesCS1B03G0758600.2, TraesCS1B03G0758900.1, TraesCS1B03G0758900.2, TraesCS1D03G0629500.1, TraesCS1D03G0629500.2, TraesCS1D03G0629600.1, TraesCS5A03G0104000.1, TraesCS5B03G0111500.1, TraesCS5D03G0121100.1"
300,PXD004720,bread wheat,embryo,single,protein,no,TraesCS1A03G0701000.1,TraesCS1A03G0701000.1,TraesCS1A03G0701000.1,,113,False,False,,TraesCS1A03G0701000.1,,27.43,0.9978,0.999,0.0,1,0,1,2,0,2,0,0,0,,,TraesCS1B03G0797600.1
301,PXD004720,bread wheat,embryo,single,protein,no,TraesCS1A03G0765200.1,TraesCS1A03G0765200.1,TraesCS1A03G0765200.1,,249,False,False,,TraesCS1A03G0765200.1,,7.63,0.9978,0.999,0.0,1,0,1,2,0,2,0,0,0,N-term(42.0106),,"TraesCS1B03G0874400.1, TraesCS1D03G0732200.1, TraesCS5A03G0704000.1, TraesCS5B03G0742400.1, TraesCS5D03G0671500.1"
302,PXD004720,bread wheat,embryo,single,protein,no,TraesCS1A03G0786600.1,TraesCS1A03G0786600.1,TraesCS1A03G0786600.1,,115,False,False,,TraesCS1A03G0786600.1,,25.22,0.9978,0.999,0.0,1,0,1,1,0,1,0,0,0,N-term(42.0106),,"TraesCS1B03G0903900.1, TraesCS1D03G0753700.1"
303,PXD004720,bread wheat,embryo,single,protein,no,TraesCS1A03G0830600.1,TraesCS1A03G0830600.1,TraesCS1A03G0830600.1,,464,False,False,,TraesCS1A03G0830600.1,,4.31,0.9978,0.999,0.0,1,0,1,1,0,1,0,0,0,,,"TraesCS1B03G0956700.1, TraesCS1D03G0798900.1, TraesCS5A03G0180600.1, TraesCS5B03G0191800.1, TraesCS5D03G0199700.1"
304,PXD004720,bread wheat,embryo,single,protein,no,TraesCS1A03G0868900.1,TraesCS1A03G0868900.1,TraesCS1A03G0868900.1,,376,False,False,,TraesCS1A03G0868900.1,,6.12,0.9978,0.999,0.0,1,1,1,1,1,1,0,0,0,N-term(42.0106),,
305,PXD004720,bread wheat,embryo,single,protein,no,TraesCS1A03G0902800.1,TraesCS1A03G0902800.1,TraesCS1A03G0902800.1,,525,False,False,,TraesCS1A03G0902800.1,,3.43,0.9978,0.999,0.0,1,0,1,1,0,1,0,0,0,,,"TraesCS1D03G0881300.1, TraesCS3A03G0662600.1, TraesCS3A03G0662600.2, TraesCS3B03G0756500.1, TraesCS3D03G0605300.1"
306,PXD004720,bread wheat,embryo,single,protein,no,TraesCS1A03G0916800.1,TraesCS1A03G0916800.1,TraesCS1A03G0916800.1,,548,False,False,,TraesCS1A03G0916800.1,,6.2,0.9978,0.999,0.0,2,0,1,3,0,2,0,0,0,,,"TraesCS1A03G0916800.2, TraesCS1B03G1080900.1, TraesCS1D03G0895700.1, TraesCS2A03G0258400.1, TraesCS2B03G0357200.1, TraesCS2B03G0357400.1, TraesCS2D03G0269200.1"
307,PXD004720,bread wheat,embryo,single,protein,no,TraesCS1A03G0945100.1,TraesCS1A03G0945100.1,TraesCS1A03G0945100.1,,527,False,False,,TraesCS1A03G0945100.1,,3.23,0.9978,0.999,0.0,1,1,1,2,2,2,0,0,0,N-term(42.0106),,
308,PXD004720,bread wheat,embryo,single,protein,no,TraesCS1A03G0986200.1,TraesCS1A03G0986200.1,TraesCS1A03G0986200.1,,588,False,False,,TraesCS1A03G0986200.1,,8.16,0.9978,0.999,0.0,1,0,1,2,0,2,0,0,0,,,"TraesCS1B03G1168500.1, TraesCS1D03G0953500.1"
309,PXD004720,bread wheat,embryo,single,protein,no,TraesCS1A03G0986300.1,TraesCS1A03G0986300.1,TraesCS1A03G0986300.1,,147,False,False,,TraesCS1A03G0986300.1,,30.61,0.9978,0.999,0.0,1,0,1,1,0,1,0,0,0,N-term(42.0106),,TraesCS1A03G0986300.2
310,PXD004720,bread wheat,embryo,single,protein,no,TraesCS1A03G1065900.1,TraesCS1A03G1065900.1,TraesCS1A03G1065900.1,,1291,False,False,,TraesCS1A03G1065900.1,,1.47,0.9978,0.999,0.0,1,0,1,1,0,1,0,0,0,,,"TraesCS1A03G1065900.2, TraesCS1B03G1263500.1, TraesCS1D03G1026100.1, TraesCS1D03G1027600.1, TraesCS1D03G1027600.2"
311,PXD004720,bread wheat,embryo,single,protein,no,TraesCS1B03G0275700.1,TraesCS1B03G0275700.1,TraesCS1B03G0275700.1,,482,False,False,,TraesCS1B03G0275700.1,,6.43,0.9978,0.999,0.0,2,0,1,4,0,3,0,0,0,,,TraesCS1D03G0200400.1
312,PXD004720,bread wheat,embryo,single,protein,no,TraesCS1B03G0745800.1,TraesCS1B03G0745800.1,TraesCS1B03G0745800.1,,551,False,False,,TraesCS1B03G0745800.1,,3.81,0.9978,0.999,0.0,1,0,1,1,0,1,0,0,0,,,TraesCS3B03G1068100.1
313,PXD004720,bread wheat,embryo,single,protein,no,TraesCS1B03G0761000.1,TraesCS1B03G0761000.1,TraesCS1B03G0761000.1,,195,False,False,,TraesCS1B03G0761000.1,,9.74,0.9978,0.999,0.0,1,0,1,3,0,3,0,0,0,,,"TraesCS1B03G0761000.2, TraesCS1D03G0632700.1"
314,PXD004720,bread wheat,embryo,single,protein,no,TraesCS1B03G0939200LC.1,TraesCS1B03G0939200LC.1,TraesCS1B03G0939200LC.1,,209,False,False,,TraesCS1B03G0939200LC.1,,7.66,0.9978,0.999,0.0,1,0,1,3,0,3,0,0,0,,,"TraesCS4A03G1221700LC.1, TraesCS5A03G0119500.1, TraesCS6A03G0373900LC.1, TraesCS6A03G0480500LC.1, TraesCS7A03G0021600.1, TraesCS7A03G0516300LC.1, TraesCS7B03G0817100LC.1, TraesCS7D03G0024000.1"
315,PXD004720,bread wheat,embryo,single,protein,no,TraesCS1B03G1002400.1,TraesCS1B03G1002400.1,TraesCS1B03G1002400.1,,376,False,False,,TraesCS1B03G1002400.1,,6.12,0.9978,0.999,0.0,1,0,1,3,0,3,0,0,0,N-term(42.0106),,TraesCS1D03G0836200.1
316,PXD004720,bread wheat,embryo,single,protein,no,TraesCS1B03G1032500.1,TraesCS1B03G1032500.1,TraesCS1B03G1032500.1,,560,False,False,,TraesCS1B03G1032500.1,,3.39,0.9978,0.999,0.0,1,0,1,3,0,3,0,0,0,,,"TraesCS2A03G0246300.1, TraesCS2B03G0336800.1, TraesCS2D03G0253400.1"
317,PXD004720,bread wheat,embryo,single,protein,no,TraesCS1B03G1119000.1,TraesCS1B03G1119000.1,TraesCS1B03G1119000.1,,528,False,False,,TraesCS1B03G1119000.1,,3.22,0.9978,0.999,0.0,1,1,1,2,2,2,0,0,0,N-term(42.0106),,
318,PXD004720,bread wheat,embryo,single,protein,no,TraesCS1B03G1168600.1,TraesCS1B03G1168600.1,TraesCS1B03G1168600.1,,176,False,False,,TraesCS1B03G1168600.1,,17.05,0.9978,0.999,0.0,1,1,1,1,1,1,0,0,0,,,
319,PXD004720,bread wheat,embryo,single,protein,no,TraesCS1D03G0221100.1,TraesCS1D03G0221100.1,TraesCS1D03G0221100.1,,566,False,False,,TraesCS1D03G0221100.1,,5.65,0.9978,0.999,0.0,1,0,1,2,0,2,0,0,0,N-term(42.0106),,
320,PXD004720,bread wheat,embryo,single,protein,no,TraesCS1D03G0337500LC.1,TraesCS1D03G0337500LC.1,TraesCS1D03G0337500LC.1,,165,False,False,,TraesCS1D03G0337500LC.1,,23.03,0.9978,0.999,0.0,1,0,1,1,0,1,0,0,0,,,"TraesCS1D03G0857600LC.1, TraesCS2D03G1302700LC.2, TraesCS3D03G0108200LC.1, TraesCS5D03G0936400.1"
321,PXD004720,bread wheat,embryo,single,protein,no,TraesCS1D03G0432800.1,TraesCS1D03G0432800.1,TraesCS1D03G0432800.1,,436,False,False,,TraesCS1D03G0432800.1,,6.42,0.9978,0.999,0.0,1,0,1,1,0,1,0,0,0,N-term(42.0106),,
322,PXD004720,bread wheat,embryo,single,protein,no,TraesCS1D03G0665400.1,TraesCS1D03G0665400.1,TraesCS1D03G0665400.1,,112,False,False,,TraesCS1D03G0665400.1,,27.68,0.9978,0.999,0.0,1,1,1,2,2,2,0,0,0,,,
323,PXD004720,bread wheat,embryo,single,protein,no,TraesCS2A03G0078600.1,TraesCS2A03G0078600.1,TraesCS2A03G0078600.1,,445,False,False,,TraesCS2A03G0078600.1,,4.49,0.9978,0.999,0.0,1,0,1,3,0,3,0,0,0,,,"TraesCS2A03G0078600.2, TraesCS2B03G0115100.1, TraesCS2D03G0072500.1, TraesCS2D03G0072500.2, TraesCS2D03G0072500.3"
324,PXD004720,bread wheat,embryo,single,protein,no,TraesCS2A03G0149300.1,TraesCS2A03G0149300.1,TraesCS2A03G0149300.1,,533,False,False,,TraesCS2A03G0149300.1,,7.13,0.9978,0.999,0.0,1,0,1,1,0,1,0,0,0,,,TraesCS2B03G0210500.1
325,PXD004720,bread wheat,embryo,single,protein,no,TraesCS2A03G0156300.1,TraesCS2A03G0156300.1,TraesCS2A03G0156300.1,,1017,False,False,,TraesCS2A03G0156300.1,,1.87,0.9978,0.999,0.0,1,0,1,2,0,2,0,0,0,,,"TraesCS2A03G0709300.1, TraesCS2B03G0218300.1, TraesCS2B03G0788700.1, TraesCS2B03G0788700.2, TraesCS2D03G0150500.1, TraesCS2D03G0656400.1, TraesCS2D03G0656400.2"
326,PXD004720,bread wheat,embryo,single,protein,no,TraesCS2A03G0181000.1,TraesCS2A03G0181000.1,TraesCS2A03G0181000.1,,449,False,False,,TraesCS2A03G0181000.1,,4.45,0.9978,0.999,0.0,1,0,1,1,0,1,0,0,0,,,"TraesCS2B03G0247700.1, TraesCS2D03G0175400.1, TraesCS4A03G0235700.1, TraesCS4B03G0532300.1, TraesCS4D03G0472500.1"
327,PXD004720,bread wheat,embryo,single,protein,no,TraesCS2A03G0300800.1,TraesCS2A03G0300800.1,TraesCS2A03G0300800.1,,141,False,False,,TraesCS2A03G0300800.1,,14.89,0.9978,0.999,0.0,1,0,1,1,0,1,0,0,0,,,"TraesCS2B03G0421200.1, TraesCS2D03G0319300LC.1"
328,PXD004720,bread wheat,embryo,single,protein,no,TraesCS2A03G0307400.1,TraesCS2A03G0307400.1,TraesCS2A03G0307400.1,,1095,False,False,,TraesCS2A03G0307400.1,,3.65,0.9978,0.999,0.0,1,0,1,1,0,1,0,0,0,,,"TraesCS2B03G0425100.1, TraesCS2D03G0323100.1"
329,PXD004720,bread wheat,embryo,single,protein,no,TraesCS2A03G0347900.1,TraesCS2A03G0347900.1,TraesCS2A03G0347900.1,,556,False,False,,TraesCS2A03G0347900.1,,3.42,0.9978,0.999,0.0,1,0,1,1,0,1,0,0,0,,,"TraesCS2B03G0467200.1, TraesCS2D03G0365600.1"
330,PXD004720,bread wheat,embryo,single,protein,no,TraesCS2A03G0394900.1,TraesCS2A03G0394900.1,TraesCS2A03G0394900.1,,235,False,False,,TraesCS2A03G0394900.1,,8.51,0.9978,0.999,0.0,1,0,1,2,0,2,0,0,0,,,"TraesCS2B03G0526600.1, TraesCS2D03G0413700.1, TraesCS3A03G0713700.1, TraesCS3B03G0816600.1, TraesCS3B03G0816600.2, TraesCS3B03G0816600.3, TraesCS3D03G0657000.1"
331,PXD004720,bread wheat,embryo,single,protein,no,TraesCS2A03G0503800.1,TraesCS2A03G0503800.1,TraesCS2A03G0503800.1,,143,False,False,,TraesCS2A03G0503800.1,,11.89,0.9978,0.999,0.0,1,0,1,3,0,3,0,0,0,,,"TraesCS2B03G0671500.1, TraesCS2D03G0519400.1"
332,PXD004720,bread wheat,embryo,single,protein,no,TraesCS2A03G0545200.1,TraesCS2A03G0545200.1,TraesCS2A03G0545200.1,,293,False,False,,TraesCS2A03G0545200.1,,6.83,0.9978,0.999,0.0,1,0,1,1,0,1,0,0,0,,,"TraesCS2B03G0652200.1, TraesCS2D03G0523800.1"
333,PXD004720,bread wheat,embryo,single,protein,no,TraesCS2A03G0586800.1,TraesCS2A03G0586800.1,TraesCS2A03G0586800.1,,265,False,False,,TraesCS2A03G0586800.1,,7.17,0.9978,0.999,0.0,1,0,1,2,0,2,0,0,0,,,TraesCS2D03G0569500.1
334,PXD004720,bread wheat,embryo,single,protein,no,TraesCS2A03G0710700.1,TraesCS2A03G0710700.1,TraesCS2A03G0710700.1,,406,False,False,,TraesCS2A03G0710700.1,,6.9,0.9978,0.999,0.0,1,0,1,1,0,1,0,0,0,,,"TraesCS2A03G0710700.2, TraesCS2D03G0657800.1, TraesCS2D03G0657800.2"
335,PXD004720,bread wheat,embryo,single,protein,no,TraesCS2A03G0733400.1,TraesCS2A03G0733400.1,TraesCS2A03G0733400.1,,113,False,False,,TraesCS2A03G0733400.1,,27.43,0.9978,0.999,0.0,1,0,1,2,0,2,0,0,0,,,"TraesCS2B03G0809700.1, TraesCS2D03G0676400.1"
336,PXD004720,bread wheat,embryo,single,protein,no,TraesCS2A03G0798000.1,TraesCS2A03G0798000.1,TraesCS2A03G0798000.1,,347,False,False,,TraesCS2A03G0798000.1,,5.76,0.9978,0.999,0.0,1,0,1,2,0,2,0,0,0,,,"TraesCS2B03G0882500.1, TraesCS2B03G0882500.2"
337,PXD004720,bread wheat,embryo,single,protein,no,TraesCS2A03G0818200.1,TraesCS2A03G0818200.1,TraesCS2A03G0818200.1,,469,False,False,,TraesCS2A03G0818200.1,,6.18,0.9978,0.999,0.0,1,0,1,4,0,4,0,0,0,N-term(42.0106),,TraesCS2B03G0904800.1
338,PXD004720,bread wheat,embryo,single,protein,no,TraesCS2A03G0857500.1,TraesCS2A03G0857500.1,TraesCS2A03G0857500.1,,276,False,False,,TraesCS2A03G0857500.1,,5.8,0.9978,0.999,0.0,1,0,1,2,0,2,0,0,0,,,"TraesCS2B03G0949900.1, TraesCS2D03G0798400.1"
339,PXD004720,bread wheat,embryo,single,protein,no,TraesCS2A03G0888500.1,TraesCS2A03G0888500.1,TraesCS2A03G0888500.1,,129,False,False,,TraesCS2A03G0888500.1,,18.6,0.9978,0.999,0.0,1,1,1,1,1,1,0,0,0,,,
340,PXD004720,bread wheat,embryo,single,protein,no,TraesCS2A03G1118900.1,TraesCS2A03G1118900.1,TraesCS2A03G1118900.1,,202,False,False,,TraesCS2A03G1118900.1,,8.91,0.9978,0.999,0.0,1,0,1,1,0,1,0,0,0,9M(15.9949),,TraesCS2D03G1066000.1
341,PXD004720,bread wheat,embryo,single,protein,no,TraesCS2A03G1160500.1,TraesCS2A03G1160500.1,TraesCS2A03G1160500.1,,659,False,False,,TraesCS2A03G1160500.1,,3.19,0.9978,0.999,0.0,1,0,1,1,0,1,0,0,0,,,"TraesCS2A03G1160500.2, TraesCS2B03G1315900.1, TraesCS2D03G1109400.2"
342,PXD004720,bread wheat,embryo,single,protein,no,TraesCS2B03G0322800.1,TraesCS2B03G0322800.1,TraesCS2B03G0322800.1,,458,False,False,,TraesCS2B03G0322800.1,,4.15,0.9978,0.999,0.0,1,1,1,2,2,2,0,0,0,,,
343,PXD004720,bread wheat,embryo,single,protein,no,TraesCS2B03G0324300.1,TraesCS2B03G0324300.1,TraesCS2B03G0324300.1,,335,False,False,,TraesCS2B03G0324300.1,,8.36,0.9978,0.999,0.0,1,1,1,1,1,1,0,0,0,,,
344,PXD004720,bread wheat,embryo,single,protein,no,TraesCS2B03G0960000.1,TraesCS2B03G0960000.1,TraesCS2B03G0960000.1,,789,False,False,,TraesCS2B03G0960000.1,,2.53,0.9978,0.999,0.0,1,0,1,1,0,1,0,0,0,,,TraesCS2D03G0809000.1
345,PXD004720,bread wheat,embryo,single,protein,no,TraesCS2B03G1397100.1,TraesCS2B03G1397100.1,TraesCS2B03G1397100.1,,605,False,False,,TraesCS2B03G1397100.1,,6.94,0.9978,0.999,0.0,1,0,1,1,0,1,0,0,0,,,TraesCS2B03G1397100.2
346,PXD004720,bread wheat,embryo,single,protein,no,TraesCS2B03G1541400.1,TraesCS2B03G1541400.1,TraesCS2B03G1541400.1,,341,False,False,,TraesCS2B03G1541400.1,,5.28,0.9978,0.999,0.0,1,0,1,2,0,2,0,0,0,,,"TraesCS2D03G1305500.1, TraesCS2D03G1305800.1, TraesCS3A03G0987300.1, TraesCS3B03G1136500.1, TraesCS3B03G1136800.1"
347,PXD004720,bread wheat,embryo,single,protein,no,TraesCS2D03G0147200.1,TraesCS2D03G0147200.1,TraesCS2D03G0147200.1,,533,False,False,,TraesCS2D03G0147200.1,,7.13,0.9978,0.999,0.0,1,0,1,1,0,1,0,0,0,,,TraesCS2D03G0147200.2
348,PXD004720,bread wheat,embryo,single,protein,no,TraesCS2D03G0642300.1,TraesCS2D03G0642300.1,TraesCS2D03G0642300.1,,486,False,False,,TraesCS2D03G0642300.1,,7.82,0.9978,0.999,0.0,1,0,1,1,0,1,0,0,0,,,TraesCS2D03G0642300.2
349,PXD004720,bread wheat,embryo,single,protein,no,TraesCS2D03G0752000.1,TraesCS2D03G0752000.1,TraesCS2D03G0752000.1,,311,False,False,,TraesCS2D03G0752000.1,,6.75,0.9978,0.999,0.0,1,1,1,1,1,1,0,0,0,,,
350,PXD004720,bread wheat,embryo,single,protein,no,TraesCS2D03G0830600.1,TraesCS2D03G0830600.1,TraesCS2D03G0830600.1,,129,False,False,,TraesCS2D03G0830600.1,,18.6,0.9978,0.999,0.0,1,1,1,2,2,2,0,0,0,,,
351,PXD004720,bread wheat,embryo,single,protein,no,TraesCS3A03G0008400.1,TraesCS3A03G0008400.1,TraesCS3A03G0008400.1,,418,False,False,,TraesCS3A03G0008400.1,,4.31,0.9978,0.999,0.0,1,0,1,1,0,1,0,0,0,,,"TraesCS3B03G0014300.1, TraesCS3D03G0010000.1"
352,PXD004720,bread wheat,embryo,single,protein,no,TraesCS3A03G0051400.1,TraesCS3A03G0051400.1,TraesCS3A03G0051400.1,,1018,False,False,,TraesCS3A03G0051400.1,,3.44,0.9978,0.999,0.0,1,0,1,1,0,1,0,0,0,,,"TraesCS3A03G0051400.2, TraesCS3B03G0044100.1"
353,PXD004720,bread wheat,embryo,single,protein,no,TraesCS3A03G0070200.1,TraesCS3A03G0070200.1,TraesCS3A03G0070200.1,,151,False,False,,TraesCS3A03G0070200.1,,13.25,0.9978,0.999,0.0,1,1,1,2,2,2,0,0,0,,,
354,PXD004720,bread wheat,embryo,single,protein,no,TraesCS3A03G0168600.1,TraesCS3A03G0168600.1,TraesCS3A03G0168600.1,,581,False,False,,TraesCS3A03G0168600.1,,3.1,0.9978,0.999,0.0,1,0,1,4,0,4,0,0,0,,,"TraesCS3D03G0152000.1, TraesCS5A03G0421300.1, TraesCS5A03G0421300.2, TraesCS5A03G0421300.3, TraesCS5A03G0421300.4, TraesCS5A03G0421300.5, TraesCS5B03G0418800.1, TraesCS5D03G0389800.1"
355,PXD004720,bread wheat,embryo,single,protein,no,TraesCS3A03G0229400.1,TraesCS3A03G0229400.1,TraesCS3A03G0229400.1,,213,False,False,,TraesCS3A03G0229400.1,,10.8,0.9978,0.999,0.0,1,0,1,1,0,1,0,0,0,,,"TraesCS3A03G0229400.2, TraesCS3D03G0220400.1"
356,PXD004720,bread wheat,embryo,single,protein,no,TraesCS3A03G0235800.1,TraesCS3A03G0235800.1,TraesCS3A03G0235800.1,,227,False,False,,TraesCS3A03G0235800.1,,7.49,0.9978,0.999,0.0,1,0,1,2,0,2,0,0,0,,,"TraesCS7B03G0555500.1, TraesCS7D03G0689800.1"
357,PXD004720,bread wheat,embryo,single,protein,no,TraesCS3A03G0236900.1,TraesCS3A03G0236900.1,TraesCS3A03G0236900.1,,400,False,False,,TraesCS3A03G0236900.1,,3.75,0.9978,0.999,0.0,1,0,1,1,0,1,0,0,0,,,"TraesCS3A03G0236900.2, TraesCS3A03G0236900.3"
358,PXD004720,bread wheat,embryo,single,protein,no,TraesCS3A03G0256200.1,TraesCS3A03G0256200.1,TraesCS3A03G0256200.1,,654,False,False,,TraesCS3A03G0256200.1,,3.82,0.9978,0.999,0.0,1,0,1,1,0,1,0,0,0,,,"TraesCS3B03G0323200.1, TraesCS3D03G0247500.1"
359,PXD004720,bread wheat,embryo,single,protein,no,TraesCS3A03G0286400.1,TraesCS3A03G0286400.1,TraesCS3A03G0286400.1,,310,False,False,,TraesCS3A03G0286400.1,,6.13,0.9978,0.999,0.0,1,0,1,2,0,2,0,0,0,,,"TraesCS3B03G0352800.1, TraesCS3D03G0273700.1"
360,PXD004720,bread wheat,embryo,single,protein,no,TraesCS3A03G0330800.1,TraesCS3A03G0330800.1,TraesCS3A03G0330800.1,,425,False,False,,TraesCS3A03G0330800.1,,5.41,0.9978,0.999,0.0,1,0,1,1,0,1,0,0,0,,,"TraesCS3B03G0388100.1, TraesCS3D03G0308300.1"
361,PXD004720,bread wheat,embryo,single,protein,no,TraesCS3A03G0348200.1,TraesCS3A03G0348200.1,TraesCS3A03G0348200.1,,151,False,False,,TraesCS3A03G0348200.1,,17.22,0.9978,0.999,0.0,1,0,1,2,0,2,0,0,0,,,"TraesCS3B03G0424100LC.1, TraesCS3D03G0338100.1"
362,PXD004720,bread wheat,embryo,single,protein,no,TraesCS3A03G0375800.1,TraesCS3A03G0375800.1,TraesCS3A03G0375800.1,,145,False,False,,TraesCS3A03G0375800.1,,20.0,0.9978,0.999,0.0,1,0,1,3,0,3,0,0,0,,,"TraesCS3B03G0461500.1, TraesCS3D03G0362100.1"
363,PXD004720,bread wheat,embryo,single,protein,no,TraesCS3A03G0444200.1,TraesCS3A03G0444200.1,TraesCS3A03G0444200.1,,243,False,False,,TraesCS3A03G0444200.1,,8.64,0.9978,0.999,0.0,1,0,1,3,0,3,0,0,0,,,"TraesCS3B03G0522200.1, TraesCS3D03G0413100.1"
364,PXD004720,bread wheat,embryo,single,protein,no,TraesCS3A03G0573500.1,TraesCS3A03G0573500.1,TraesCS3A03G0573500.1,,440,False,False,,TraesCS3A03G0573500.1,,7.73,0.9978,0.999,0.0,1,0,1,2,0,2,0,0,0,,,"TraesCS3B03G0654000.1, TraesCS3D03G0530200.1"
365,PXD004720,bread wheat,embryo,single,protein,no,TraesCS3A03G0609700.1,TraesCS3A03G0609700.1,TraesCS3A03G0609700.1,,82,False,False,,TraesCS3A03G0609700.1,,31.71,0.9978,0.999,0.0,1,0,1,3,0,3,0,0,0,N-term(42.0106),,"TraesCS3B03G0690500.1, TraesCS3D03G0559800.1"
366,PXD004720,bread wheat,embryo,single,protein,no,TraesCS3A03G0654600.1,TraesCS3A03G0654600.1,TraesCS3A03G0654600.1,,255,False,False,,TraesCS3A03G0654600.1,,11.37,0.9978,0.999,0.0,1,0,1,1,0,1,0,0,0,,,TraesCS3D03G0599100.1
367,PXD004720,bread wheat,embryo,single,protein,no,TraesCS3A03G0694500.1,TraesCS3A03G0694500.1,TraesCS3A03G0694500.1,,913,False,False,,TraesCS3A03G0694500.1,,2.85,0.9978,0.999,0.0,1,0,1,1,0,1,0,0,0,,,"TraesCS3B03G0790800.1, TraesCS3D03G0631600.1"
368,PXD004720,bread wheat,embryo,single,protein,no,TraesCS3A03G0741900.1,TraesCS3A03G0741900.1,TraesCS3A03G0741900.1,,337,False,False,,TraesCS3A03G0741900.1,,5.04,0.9978,0.999,0.0,1,0,1,1,0,1,0,0,0,,,"TraesCS3A03G0741900.2, TraesCS3A03G0741900.3, TraesCS3B03G0847700.1, TraesCS3D03G0684000.1, TraesCS3D03G0684000.2, TraesCS3D03G0684000.3, TraesCS3D03G0684000.4"
369,PXD004720,bread wheat,embryo,single,protein,no,TraesCS3A03G0775300.1,TraesCS3A03G0775300.1,TraesCS3A03G0775300.1,,265,False,False,,TraesCS3A03G0775300.1,,8.3,0.9978,0.999,0.0,1,0,1,1,0,1,0,0,0,N-term(42.0106),,TraesCS3B03G0892700.1
370,PXD004720,bread wheat,embryo,single,protein,no,TraesCS3A03G0785200.1,TraesCS3A03G0785200.1,TraesCS3A03G0785200.1,,115,False,False,,TraesCS3A03G0785200.1,,25.22,0.9978,0.999,0.0,1,0,1,2,0,2,0,0,0,N-term(42.0106),,"TraesCS3B03G0904100.1, TraesCS3D03G0725400.1"
371,PXD004720,bread wheat,embryo,single,protein,no,TraesCS3A03G0841000.1,TraesCS3A03G0841000.1,TraesCS3A03G0841000.1,,405,False,False,,TraesCS3A03G0841000.1,,4.44,0.9978,0.999,0.0,1,0,1,1,0,1,0,0,0,,,"TraesCS3A03G0841000.3, TraesCS3B03G0965400.1, TraesCS3B03G0965400.2, TraesCS3D03G0771900.1"
372,PXD004720,bread wheat,embryo,single,protein,no,TraesCS3A03G0896900LC.1,TraesCS3A03G0896900LC.1,TraesCS3A03G0896900LC.1,,134,False,False,,TraesCS3A03G0896900LC.1,,20.15,0.9978,0.999,0.0,1,0,1,1,0,1,0,0,0,,,"TraesCS3A03G1066800.1, TraesCS3A03G1066800.2, TraesCS3B03G1235600.1, TraesCS3B03G1235600.2, TraesCS3D03G0995600.1, TraesCS3D03G0995600.2, TraesCS3D03G0995600.3"
373,PXD004720,bread wheat,embryo,single,protein,no,TraesCS3A03G0979600.1,TraesCS3A03G0979600.1,TraesCS3A03G0979600.1,,434,False,False,,TraesCS3A03G0979600.1,,3.92,0.9978,0.999,0.0,1,0,1,1,0,1,0,0,0,,,"TraesCS3B03G1126600.1, TraesCS3D03G0914100.1, TraesCS3D03G0914100.2, TraesCS7B03G0096700.1"
374,PXD004720,bread wheat,embryo,single,protein,no,TraesCS3B03G0109600.1,TraesCS3B03G0109600.1,TraesCS3B03G0109600.1,,151,False,False,,TraesCS3B03G0109600.1,,13.25,0.9978,0.999,0.0,1,1,1,3,3,3,0,0,0,,,
375,PXD004720,bread wheat,embryo,single,protein,no,TraesCS3B03G0109800.1,TraesCS3B03G0109800.1,TraesCS3B03G0109800.1,,151,False,False,,TraesCS3B03G0109800.1,,13.25,0.9978,0.999,0.0,1,0,1,4,0,4,0,0,0,,,"TraesCS3D03G0079700.1, TraesCSU03G0040500.1, TraesCSU03G0197500.1"
376,PXD004720,bread wheat,embryo,single,protein,no,TraesCS3B03G0497900.1,TraesCS3B03G0497900.1,TraesCS3B03G0497900.1,,141,False,False,,TraesCS3B03G0497900.1,,13.48,0.9978,0.999,0.0,1,0,1,1,0,1,0,0,0,,,TraesCS3D03G0391800.1
377,PXD004720,bread wheat,embryo,single,protein,no,TraesCS3B03G0666200.1,TraesCS3B03G0666200.1,TraesCS3B03G0666200.1,,377,False,False,,TraesCS3B03G0666200.1,,19.63,0.9978,0.999,0.0,1,1,1,1,1,1,0,0,0,,,
378,PXD004720,bread wheat,embryo,single,protein,no,TraesCS3B03G0757500.1,TraesCS3B03G0757500.1,TraesCS3B03G0757500.1,,320,False,False,,TraesCS3B03G0757500.1,,6.88,0.9978,0.999,0.0,1,0,1,1,0,1,0,0,0,,,"TraesCS3B03G0757800.1, TraesCS3D03G0606900.1"
379,PXD004720,bread wheat,embryo,single,protein,no,TraesCS3B03G0993400.1,TraesCS3B03G0993400.1,TraesCS3B03G0993400.1,,863,False,False,,TraesCS3B03G0993400.1,,2.32,0.9978,0.999,0.0,1,0,1,1,0,1,0,0,0,,,"TraesCS3D03G0796900.1, TraesCS3D03G0797000.1"
380,PXD004720,bread wheat,embryo,single,protein,no,TraesCS3B03G1129700.1,TraesCS3B03G1129700.1,TraesCS3B03G1129700.1,,175,False,False,,TraesCS3B03G1129700.1,,15.43,0.9978,0.999,0.0,1,1,1,2,2,2,0,0,0,,,
381,PXD004720,bread wheat,embryo,single,protein,no,TraesCS3B03G1442700.1,TraesCS3B03G1442700.1,TraesCS3B03G1442700.1,,369,False,False,,TraesCS3B03G1442700.1,,4.34,0.9978,0.999,0.0,1,0,1,2,0,2,0,0,0,,,TraesCS3D03G1144800.1
382,PXD004720,bread wheat,embryo,single,protein,no,TraesCS3D03G0035300.1,TraesCS3D03G0035300.1,TraesCS3D03G0035300.1,,999,False,False,,TraesCS3D03G0035300.1,,3.5,0.9978,0.999,0.0,1,0,1,1,0,1,0,0,0,,,TraesCS3D03G0035300.2
383,PXD004720,bread wheat,embryo,single,protein,no,TraesCS3D03G0079900.1,TraesCS3D03G0079900.1,TraesCS3D03G0079900.1,,152,False,False,,TraesCS3D03G0079900.1,,13.82,0.9978,0.999,0.0,1,1,1,3,3,3,0,0,0,,,
384,PXD004720,bread wheat,embryo,single,protein,no,TraesCS3D03G0539200.1,TraesCS3D03G0539200.1,TraesCS3D03G0539200.1,,330,False,False,,TraesCS3D03G0539200.1,,14.24,0.9978,0.999,0.0,1,0,1,3,0,3,0,0,0,,,"TraesCS3D03G0539200.2, TraesCS3D03G0539200.3, TraesCS3D03G0539200.4, TraesCS3D03G0539200.5"
385,PXD004720,bread wheat,embryo,single,protein,no,TraesCS3D03G0916100.1,TraesCS3D03G0916100.1,TraesCS3D03G0916100.1,,176,False,False,,TraesCS3D03G0916100.1,,15.34,0.9978,0.999,0.0,1,1,1,2,2,2,0,0,0,,,
386,PXD004720,bread wheat,embryo,single,protein,no,TraesCS3D03G1058900.1,TraesCS3D03G1058900.1,TraesCS3D03G1058900.1,,232,False,False,,TraesCS3D03G1058900.1,,12.07,0.9978,0.999,0.0,1,1,1,1,1,1,0,0,0,,,
387,PXD004720,bread wheat,embryo,single,protein,no,TraesCS4A03G0072900.1,TraesCS4A03G0072900.1,TraesCS4A03G0072900.1,,143,False,False,,TraesCS4A03G0072900.1,,12.59,0.9978,0.999,0.0,1,0,1,3,0,3,0,0,0,,,"TraesCS4B03G0711800.1, TraesCS4D03G0635200.1"
388,PXD004720,bread wheat,embryo,single,protein,no,TraesCS4A03G0086800.1,TraesCS4A03G0086800.1,TraesCS4A03G0086800.1,,490,False,False,,TraesCS4A03G0086800.1,,5.71,0.9978,0.999,0.0,2,0,2,4,0,4,0,0,0,,,"TraesCS4B03G0706800.1, TraesCS4B03G0706900.1, TraesCS4D03G0632100.1, TraesCS5A03G0807700.1, TraesCS5D03G0763300.1"
389,PXD004720,bread wheat,embryo,single,protein,no,TraesCS4A03G0126100.1,TraesCS4A03G0126100.1,TraesCS4A03G0126100.1,,1323,False,False,,TraesCS4A03G0126100.1,,1.36,0.9978,0.999,0.0,1,0,1,1,0,1,0,0,0,,,"TraesCS4A03G0126100.2, TraesCS4A03G0126100.3, TraesCS4A03G0126100.4, TraesCS4B03G0654800.1, TraesCS4B03G0654800.2, TraesCS4D03G0579400.1, TraesCS4D03G0579400.2"
390,PXD004720,bread wheat,embryo,single,protein,no,TraesCS4A03G0157000.2,TraesCS4A03G0157000.2,TraesCS4A03G0157000.2,,896,False,False,,TraesCS4A03G0157000.2,,2.23,0.9978,0.999,0.0,1,0,1,1,0,1,0,0,0,,,TraesCS4B03G0637300.2
391,PXD004720,bread wheat,embryo,single,protein,no,TraesCS4A03G0212900.1,TraesCS4A03G0212900.1,TraesCS4A03G0212900.1,,242,False,False,,TraesCS4A03G0212900.1,,7.85,0.9978,0.999,0.0,2,0,2,2,0,2,0,0,0,,,"TraesCS4A03G0213000.1, TraesCS4A03G0213000.2, TraesCS4A03G0213000.3, TraesCS4B03G0558200.1, TraesCS4B03G0558600.1, TraesCS4B03G0558600.2, TraesCS4D03G0493300.1, TraesCS4D03G0493300.2, TraesCS4D03G0493400.1, TraesCS4D03G0493400.2, TraesCS4D03G0493400.3"
392,PXD004720,bread wheat,embryo,single,protein,no,TraesCS4A03G0228300.1,TraesCS4A03G0228300.1,TraesCS4A03G0228300.1,,207,False,False,,TraesCS4A03G0228300.1,,14.98,0.9978,0.999,0.0,1,0,1,3,0,3,0,0,0,N-term(42.0106),,TraesCS4B03G0542500.1
393,PXD004720,bread wheat,embryo,single,protein,no,TraesCS4A03G0234400.1,TraesCS4A03G0234400.1,TraesCS4A03G0234400.1,,192,False,False,,TraesCS4A03G0234400.1,,14.58,0.9978,0.999,0.0,1,0,1,2,0,2,0,0,0,,,"TraesCS4B03G0534500.1, TraesCS4D03G0474600.1, TraesCS4D03G0474600.2"
394,PXD004720,bread wheat,embryo,single,protein,no,TraesCS4A03G0237900.1,TraesCS4A03G0237900.1,TraesCS4A03G0237900.1,,464,False,False,,TraesCS4A03G0237900.1,,6.47,0.9978,0.999,0.0,1,0,1,2,0,2,0,0,0,,,"TraesCS4A03G0237900.2, TraesCS4B03G0528700.1, TraesCS4B03G0528700.2, TraesCS4D03G0468800.1, TraesCS4D03G0468800.2"
395,PXD004720,bread wheat,embryo,single,protein,no,TraesCS4A03G0290300.2,TraesCS4A03G0290300.2,TraesCS4A03G0290300.2,,624,False,False,,TraesCS4A03G0290300.2,,4.33,0.9978,0.999,0.0,1,0,1,1,0,1,0,0,0,,,"TraesCS4A03G0290300.3, TraesCS4B03G0479700.1, TraesCS4D03G0428100.1"
396,PXD004720,bread wheat,embryo,single,protein,no,TraesCS4A03G0509100.1,TraesCS4A03G0509100.1,TraesCS4A03G0509100.1,,261,False,False,,TraesCS4A03G0509100.1,,7.28,0.9978,0.999,0.0,1,0,1,2,0,2,0,0,0,,,"TraesCS4B03G0303200.1, TraesCS4D03G0246900.1, TraesCS5A03G0209700.1, TraesCS5B03G0222400.1, TraesCS5D03G0226400.1"
397,PXD004720,bread wheat,embryo,single,protein,no,TraesCS4A03G0686000.1,TraesCS4A03G0686000.1,TraesCS4A03G0686000.1,,511,False,False,,TraesCS4A03G0686000.1,,3.91,0.9978,0.999,0.0,1,0,1,2,0,2,0,0,0,,,"TraesCS4A03G0686000.2, TraesCS4B03G0110600.1, TraesCS4B03G0110600.2, TraesCS4B03G0110600.3, TraesCS4D03G0093400.1, TraesCS4D03G0093400.2, TraesCS4D03G0093400.3"
398,PXD004720,bread wheat,embryo,single,protein,no,TraesCS4A03G0752200.1,TraesCS4A03G0752200.1,TraesCS4A03G0752200.1,,141,False,False,,TraesCS4A03G0752200.1,,15.6,0.9978,0.999,0.0,1,1,1,2,2,2,0,0,0,,,
399,PXD004720,bread wheat,embryo,single,protein,no,TraesCS4A03G0779100LC.1,TraesCS4A03G0779100LC.1,TraesCS4A03G0779100LC.1,,105,False,False,,TraesCS4A03G0779100LC.1,,16.19,0.9978,0.999,0.0,1,0,1,1,0,1,0,0,0,,,"TraesCS4A03G0779800.1, TraesCS4B03G0004200.1, TraesCS4B03G0005100.1, TraesCS4D03G0004100.2, TraesCS4D03G0004700.1"
400,PXD004720,bread wheat,embryo,single,protein,no,TraesCS4B03G0032800.1,TraesCS4B03G0032800.1,TraesCS4B03G0032800.1,,139,False,False,,TraesCS4B03G0032800.1,,15.83,0.9978,0.999,0.0,1,0,1,4,0,4,0,0,0,,,TraesCS4D03G0023000.1
401,PXD004720,bread wheat,embryo,single,protein,no,TraesCS4B03G0478900.1,TraesCS4B03G0478900.1,TraesCS4B03G0478900.1,,515,False,False,,TraesCS4B03G0478900.1,,3.5,0.9978,0.999,0.0,1,1,1,2,2,2,0,0,0,,,
402,PXD004720,bread wheat,embryo,single,protein,no,TraesCS4B03G0570800.1,TraesCS4B03G0570800.1,TraesCS4B03G0570800.1,,88,False,False,,TraesCS4B03G0570800.1,,27.27,0.9978,0.999,0.0,1,0,1,2,0,2,0,0,0,,,TraesCS4D03G0504700.1
403,PXD004720,bread wheat,embryo,single,protein,no,TraesCS4B03G0923100.1,TraesCS4B03G0923100.1,TraesCS4B03G0923100.1,,441,False,False,,TraesCS4B03G0923100.1,,4.08,0.9978,0.999,0.0,1,0,1,2,0,2,0,0,0,N-term(42.0106),,"TraesCS4D03G0809100.1, TraesCS5A03G1225200.1"
404,PXD004720,bread wheat,embryo,single,protein,no,TraesCS4D03G0099100.1,TraesCS4D03G0099100.1,TraesCS4D03G0099100.1,,165,False,False,,TraesCS4D03G0099100.1,,24.85,0.9978,0.999,0.0,2,2,2,2,2,2,0,0,0,,,
405,PXD004720,bread wheat,embryo,single,protein,no,TraesCS4D03G0461400.1,TraesCS4D03G0461400.1,TraesCS4D03G0461400.1,,174,False,False,,TraesCS4D03G0461400.1,,13.79,0.9978,0.999,0.0,1,0,1,2,0,2,0,0,0,,,TraesCS4D03G0461400.2
406,PXD004720,bread wheat,embryo,single,protein,no,TraesCS4D03G0476100.1,TraesCS4D03G0476100.1,TraesCS4D03G0476100.1,,339,False,False,,TraesCS4D03G0476100.1,,8.55,0.9978,0.999,0.0,1,1,1,1,1,1,0,0,0,,,
407,PXD004720,bread wheat,embryo,single,protein,no,TraesCS4D03G0637000.2,TraesCS4D03G0637000.2,TraesCS4D03G0637000.2,,818,False,False,,TraesCS4D03G0637000.2,,11.61,0.9978,0.9827,0.00768245838668,4,0,1,7,0,2,0,0,0,,,
408,PXD004720,bread wheat,embryo,single,protein,no,TraesCS5A03G0108100LC.1,TraesCS5A03G0108100LC.1,TraesCS5A03G0108100LC.1,,241,False,False,,TraesCS5A03G0108100LC.1,,9.13,0.9978,0.999,0.0,1,0,1,8,0,8,0,0,0,,,TraesCS5D03G0128800.1
409,PXD004720,bread wheat,embryo,single,protein,no,TraesCS5A03G0251800.2,TraesCS5A03G0251800.2,TraesCS5A03G0251800.2,,539,False,False,,TraesCS5A03G0251800.2,,3.53,0.9978,0.999,0.0,1,0,1,1,0,1,0,0,0,N-term(42.0106),,TraesCS5D03G0263900.2
410,PXD004720,bread wheat,embryo,single,protein,no,TraesCS5A03G0316600.1,TraesCS5A03G0316600.1,TraesCS5A03G0316600.1,,653,False,False,,TraesCS5A03G0316600.1,,3.06,0.9978,0.999,0.0,1,0,1,1,0,1,0,0,0,,,"TraesCS5B03G0311400.1, TraesCS5D03G0281400.1"
411,PXD004720,bread wheat,embryo,single,protein,no,TraesCS5A03G0336500.1,TraesCS5A03G0336500.1,TraesCS5A03G0336500.1,,241,False,False,,TraesCS5A03G0336500.1,,7.47,0.9978,0.999,0.0,1,0,1,2,0,2,0,0,0,N-term(42.0106),,"TraesCS5B03G0291700.1, TraesCS5D03G0286700.1"
412,PXD004720,bread wheat,embryo,single,protein,no,TraesCS5A03G0367000.1,TraesCS5A03G0367000.1,TraesCS5A03G0367000.1,,527,False,False,,TraesCS5A03G0367000.1,,4.74,0.9978,0.999,0.0,1,0,1,2,0,2,0,0,0,,,"TraesCS5B03G0361600.1, TraesCS5D03G0349100.1"
413,PXD004720,bread wheat,embryo,single,protein,no,TraesCS5A03G0378300.1,TraesCS5A03G0378300.1,TraesCS5A03G0378300.1,,236,False,False,,TraesCS5A03G0378300.1,,9.32,0.9978,0.999,0.0,1,1,1,1,1,1,0,0,0,N-term(42.0106),,
414,PXD004720,bread wheat,embryo,single,protein,no,TraesCS5A03G0434600.1,TraesCS5A03G0434600.1,TraesCS5A03G0434600.1,,425,False,False,,TraesCS5A03G0434600.1,,6.82,0.9978,0.999,0.0,1,0,1,2,0,2,0,0,0,,,TraesCS5A03G0434600.2
415,PXD004720,bread wheat,embryo,single,protein,no,TraesCS5A03G0453500.1,TraesCS5A03G0453500.1,TraesCS5A03G0453500.1,,558,False,False,,TraesCS5A03G0453500.1,,3.41,0.9978,0.999,0.0,1,0,1,3,0,3,0,0,0,,,"TraesCS5A03G0453500.2, TraesCS5A03G0453500.3, TraesCS5A03G0453500.4, TraesCS5A03G0453500.5, TraesCS5B03G0447300.1, TraesCS5B03G0447300.2, TraesCS5B03G0447300.3, TraesCS5B03G0447300.4, TraesCS5D03G0419300.1, TraesCS5D03G0419300.2, TraesCS5D03G0419300.3, TraesCS5D03G0419300.4, TraesCS5D03G0419300.5, TraesCS5D03G0419300.6"
416,PXD004720,bread wheat,embryo,single,protein,no,TraesCS5A03G0456300.1,TraesCS5A03G0456300.1,TraesCS5A03G0456300.1,,728,False,False,,TraesCS5A03G0456300.1,,2.88,0.9978,0.999,0.0,1,0,1,1,0,1,0,0,0,,,TraesCS5B03G0449400.1
417,PXD004720,bread wheat,embryo,single,protein,no,TraesCS5A03G0473100LC.1,TraesCS5A03G0473100LC.1,TraesCS5A03G0473100LC.1,,515,False,False,,TraesCS5A03G0473100LC.1,,3.3,0.9978,0.999,0.0,1,0,1,1,0,1,0,0,0,,,"TraesCS5B03G0469300.1, TraesCS5D03G0436800.1, TraesCS7A03G0682600.1, TraesCS7A03G0682600.2, TraesCS7B03G0513900.1, TraesCS7B03G0513900.2, TraesCS7D03G0656000.1, TraesCS7D03G0656000.2"
418,PXD004720,bread wheat,embryo,single,protein,no,TraesCS5A03G0491000.1,TraesCS5A03G0491000.1,TraesCS5A03G0491000.1,,620,False,False,,TraesCS5A03G0491000.1,,3.06,0.9978,0.999,0.0,1,0,1,1,0,1,0,0,0,,,"TraesCS5A03G0491000.2, TraesCS5B03G0493600.1, TraesCS5B03G0493600.2, TraesCS5B03G0493600.3, TraesCS5D03G0456200.1"
419,PXD004720,bread wheat,embryo,single,protein,no,TraesCS5A03G0509000.1,TraesCS5A03G0509000.1,TraesCS5A03G0509000.1,,2359,False,False,,TraesCS5A03G0509000.1,,0.97,0.9978,0.999,0.0,1,0,1,1,0,1,0,0,0,,,"TraesCS5B03G0515300.1, TraesCS5D03G0476100.1, TraesCS7A03G0306700.1, TraesCS7B03G0079700.1, TraesCS7D03G0289300.1"
420,PXD004720,bread wheat,embryo,single,protein,no,TraesCS5A03G0595200.1,TraesCS5A03G0595200.1,TraesCS5A03G0595200.1,,440,False,False,,TraesCS5A03G0595200.1,,7.73,0.9978,0.999,0.0,1,1,1,3,3,3,0,0,0,,,
421,PXD004720,bread wheat,embryo,single,protein,no,TraesCS5A03G0612000.1,TraesCS5A03G0612000.1,TraesCS5A03G0612000.1,,236,False,False,,TraesCS5A03G0612000.1,,7.2,0.9978,0.999,0.0,1,0,1,2,0,2,0,0,0,,,"TraesCS5B03G0629600.1, TraesCS5D03G0576500.1"
422,PXD004720,bread wheat,embryo,single,protein,no,TraesCS5A03G0644600.1,TraesCS5A03G0644600.1,TraesCS5A03G0644600.1,,121,False,False,,TraesCS5A03G0644600.1,,28.93,0.9978,0.999,0.0,1,1,1,1,1,1,0,0,0,,,
423,PXD004720,bread wheat,embryo,single,protein,no,TraesCS5A03G0690100.1,TraesCS5A03G0690100.1,TraesCS5A03G0690100.1,,417,False,False,,TraesCS5A03G0690100.1,,4.56,0.9978,0.999,0.0,1,0,1,2,0,2,0,0,0,,,"TraesCS5B03G0725200.1, TraesCS5D03G0657700.1, TraesCS5D03G0657700.2, TraesCS5D03G0657700.3"
424,PXD004720,bread wheat,embryo,single,protein,no,TraesCS5A03G0700200.1,TraesCS5A03G0700200.1,TraesCS5A03G0700200.1,,221,False,False,,TraesCS5A03G0700200.1,,9.95,0.9978,0.999,0.0,1,0,1,2,0,2,0,0,0,,,"TraesCS5B03G0736300.1, TraesCS5D03G0666800.1"
425,PXD004720,bread wheat,embryo,single,protein,no,TraesCS5A03G0739300.1,TraesCS5A03G0739300.1,TraesCS5A03G0739300.1,,346,False,False,,TraesCS5A03G0739300.1,,5.49,0.9978,0.999,0.0,1,1,1,3,3,3,0,0,0,,,
426,PXD004720,bread wheat,embryo,single,protein,no,TraesCS5A03G0748800.1,TraesCS5A03G0748800.1,TraesCS5A03G0748800.1,,1081,False,False,,TraesCS5A03G0748800.1,,1.94,0.9978,0.999,0.0,1,0,1,1,0,1,0,0,0,,,"TraesCS5A03G0748800.2, TraesCS5A03G1066100.1, TraesCS5B03G0783000.1, TraesCS5B03G0783000.2, TraesCS5B03G1127800.1, TraesCS5D03G0710200.1, TraesCS5D03G1021000.1"
427,PXD004720,bread wheat,embryo,single,protein,no,TraesCS5A03G0767800LC.1,TraesCS5A03G0767800LC.1,TraesCS5A03G0767800LC.1,,268,False,False,,TraesCS5A03G0767800LC.1,,10.82,0.9978,0.999,0.0,1,0,1,5,0,5,0,0,0,,,"TraesCS5B03G0802900.1, TraesCS5D03G0728000.1"
428,PXD004720,bread wheat,embryo,single,protein,no,TraesCS5A03G0890200.1,TraesCS5A03G0890200.1,TraesCS5A03G0890200.1,,143,False,False,,TraesCS5A03G0890200.1,,34.97,0.9978,0.999,0.0,1,1,1,1,1,1,0,0,0,N-term(42.0106),,
429,PXD004720,bread wheat,embryo,single,protein,no,TraesCS5A03G0906200.1,TraesCS5A03G0906200.1,TraesCS5A03G0906200.1,,864,False,False,,TraesCS5A03G0906200.1,,2.08,0.9978,0.999,0.0,1,0,1,2,0,2,0,0,0,,,"TraesCS5A03G0907300.1, TraesCS5A03G0907400.1, TraesCS5B03G0957600.1, TraesCS5B03G0957800.1, TraesCS5B03G0958400.1, TraesCS5D03G0868300.1, TraesCS5D03G0868800.1, TraesCS5D03G0868800.2"
430,PXD004720,bread wheat,embryo,single,protein,no,TraesCS5A03G0955600.1,TraesCS5A03G0955600.1,TraesCS5A03G0955600.1,,342,False,False,,TraesCS5A03G0955600.1,,6.43,0.9978,0.999,0.0,1,0,1,3,0,3,0,0,0,,,"TraesCS5A03G0955600.2, TraesCS5B03G1004000.1, TraesCS5B03G1004000.2, TraesCS5D03G0911100.1"
431,PXD004720,bread wheat,embryo,single,protein,no,TraesCS5A03G1003900LC.1,TraesCS5A03G1003900LC.1,TraesCS5A03G1003900LC.1,,162,False,False,,TraesCS5A03G1003900LC.1,,32.72,0.9978,0.999,0.0,2,0,2,4,0,4,0,0,0,,,"TraesCS5B03G1050300.1, TraesCS5D03G0951100.1"
432,PXD004720,bread wheat,embryo,single,protein,no,TraesCS5A03G1047100.1,TraesCS5A03G1047100.1,TraesCS5A03G1047100.1,,290,False,False,,TraesCS5A03G1047100.1,,11.72,0.9978,0.999,0.0,1,1,1,6,6,6,0,0,0,N-term(42.0106),,
433,PXD004720,bread wheat,embryo,single,protein,no,TraesCS5A03G1089200.1,TraesCS5A03G1089200.1,TraesCS5A03G1089200.1,,305,False,False,,TraesCS5A03G1089200.1,,9.51,0.9978,0.999,0.0,1,0,1,2,0,2,0,0,0,,,"TraesCS5B03G1151300.1, TraesCS5D03G1045400.1"
434,PXD004720,bread wheat,embryo,single,protein,no,TraesCS5A03G1097400.1,TraesCS5A03G1097400.1,TraesCS5A03G1097400.1,,642,False,False,,TraesCS5A03G1097400.1,,2.65,0.9978,0.999,0.0,1,0,1,2,0,2,0,0,0,,,"TraesCS5B03G1164600.1, TraesCS5B03G1164600.2, TraesCS5D03G1054900.1, TraesCS5D03G1054900.2, TraesCS5D03G1054900.3"
435,PXD004720,bread wheat,embryo,single,protein,no,TraesCS5A03G1115600.1,TraesCS5A03G1115600.1,TraesCS5A03G1115600.1,,516,False,False,,TraesCS5A03G1115600.1,,3.49,0.9978,0.999,0.0,1,0,1,1,0,1,0,0,0,,,"TraesCS5B03G1183600.1, TraesCS5D03G1068400.1"
436,PXD004720,bread wheat,embryo,single,protein,no,TraesCS5A03G1126800.1,TraesCS5A03G1126800.1,TraesCS5A03G1126800.1,,138,False,False,,TraesCS5A03G1126800.1,,11.59,0.9978,0.999,0.0,1,0,1,2,0,2,0,0,0,,,"TraesCS5B03G1194500LC.1, TraesCS5D03G1080100.1"
437,PXD004720,bread wheat,embryo,single,protein,no,TraesCS5B03G0028300.1,TraesCS5B03G0028300.1,TraesCS5B03G0028300.1,,167,False,False,,TraesCS5B03G0028300.1,,18.56,0.9978,0.999,0.0,1,1,1,1,1,1,0,0,0,,,
438,PXD004720,bread wheat,embryo,single,protein,no,TraesCS5B03G0429800.1,TraesCS5B03G0429800.1,TraesCS5B03G0429800.1,,583,False,False,,TraesCS5B03G0429800.1,,4.97,0.9978,0.999,0.0,1,1,1,3,3,3,0,0,0,,,
439,PXD004720,bread wheat,embryo,single,protein,no,TraesCS5B03G0484200.1,TraesCS5B03G0484200.1,TraesCS5B03G0484200.1,,167,False,False,,TraesCS5B03G0484200.1,,13.77,0.9978,0.999,0.0,1,1,1,2,2,2,0,0,0,,,
440,PXD004720,bread wheat,embryo,single,protein,no,TraesCS5B03G0559100.1,TraesCS5B03G0559100.1,TraesCS5B03G0559100.1,,251,False,False,,TraesCS5B03G0559100.1,,7.57,0.9978,0.999,0.0,1,0,1,2,0,2,0,0,0,,,"TraesCS5B03G0559100.2, TraesCS5D03G0513300.1"
441,PXD004720,bread wheat,embryo,single,protein,no,TraesCS5B03G0937300.1,TraesCS5B03G0937300.1,TraesCS5B03G0937300.1,,143,False,False,,TraesCS5B03G0937300.1,,34.97,0.9978,0.999,0.0,1,1,1,1,1,1,0,0,0,N-term(42.0106),,
442,PXD004720,bread wheat,embryo,single,protein,no,TraesCS5B03G1100600.1,TraesCS5B03G1100600.1,TraesCS5B03G1100600.1,,247,False,False,,TraesCS5B03G1100600.1,,15.79,0.9978,0.999,0.0,1,1,1,3,3,3,0,0,0,N-term(42.0106),,
443,PXD004720,bread wheat,embryo,single,protein,no,TraesCS5B03G1102900.1,TraesCS5B03G1102900.1,TraesCS5B03G1102900.1,,290,False,False,,TraesCS5B03G1102900.1,,12.76,0.9978,0.999,0.0,1,1,1,3,3,3,0,0,0,N-term(42.0106),,
444,PXD004720,bread wheat,embryo,single,protein,no,TraesCS5B03G1239500.1,TraesCS5B03G1239500.1,TraesCS5B03G1239500.1,,514,False,False,,TraesCS5B03G1239500.1,,6.81,0.9978,0.999,0.0,1,1,1,3,3,3,0,0,0,,,
445,PXD004720,bread wheat,embryo,single,protein,no,TraesCS5B03G1354000.1,TraesCS5B03G1354000.1,TraesCS5B03G1354000.1,,349,False,False,,TraesCS5B03G1354000.1,,4.3,0.9978,0.999,0.0,1,0,1,1,0,1,0,0,0,,,TraesCS5D03G1211200.1
446,PXD004720,bread wheat,embryo,single,protein,no,TraesCS5D03G0003300LC.1,TraesCS5D03G0003300LC.1,TraesCS5D03G0003300LC.1,,238,False,False,,TraesCS5D03G0003300LC.1,,10.5,0.9978,0.999,0.0,1,1,1,1,1,1,0,0,0,,,
447,PXD004720,bread wheat,embryo,single,protein,no,TraesCS5D03G0403000.1,TraesCS5D03G0403000.1,TraesCS5D03G0403000.1,,544,False,False,,TraesCS5D03G0403000.1,,5.33,0.9978,0.999,0.0,1,1,1,4,4,4,0,0,0,,,
448,PXD004720,bread wheat,embryo,single,protein,no,TraesCS5D03G0704400.1,TraesCS5D03G0704400.1,TraesCS5D03G0704400.1,,343,False,False,,TraesCS5D03G0704400.1,,5.54,0.9978,0.999,0.0,1,1,1,2,2,2,0,0,0,,,
449,PXD004720,bread wheat,embryo,single,protein,no,TraesCS5D03G0852000.1,TraesCS5D03G0852000.1,TraesCS5D03G0852000.1,,143,False,False,,TraesCS5D03G0852000.1,,34.97,0.9978,0.999,0.0,1,1,1,1,1,1,0,0,0,N-term(42.0106),,
450,PXD004720,bread wheat,embryo,single,protein,no,TraesCS5D03G0987200.1,TraesCS5D03G0987200.1,TraesCS5D03G0987200.1,,638,False,False,,TraesCS5D03G0987200.1,,6.43,0.9978,0.999,0.0,2,0,1,3,0,1,0,0,0,,,TraesCS5D03G0987200.2
451,PXD004720,bread wheat,embryo,single,protein,no,TraesCS5D03G0991900.1,TraesCS5D03G0991900.1,TraesCS5D03G0991900.1,,284,False,False,,TraesCS5D03G0991900.1,,11.97,0.9978,0.999,0.0,1,1,1,6,6,6,0,0,0,N-term(42.0106),,
452,PXD004720,bread wheat,embryo,single,protein,no,TraesCS5D03G1116400.1,TraesCS5D03G1116400.1,TraesCS5D03G1116400.1,,514,False,False,,TraesCS5D03G1116400.1,,6.81,0.9978,0.999,0.0,1,1,1,2,2,2,0,0,0,,,
453,PXD004720,bread wheat,embryo,single,protein,no,TraesCS6A03G0047100.1,TraesCS6A03G0047100.1,TraesCS6A03G0047100.1,,532,False,False,,TraesCS6A03G0047100.1,,3.76,0.9978,0.999,0.0,1,0,1,2,0,2,0,0,0,,,"TraesCS6A03G0047100.2, TraesCS6B03G0064400.1"
454,PXD004720,bread wheat,embryo,single,protein,no,TraesCS6A03G0149000.1,TraesCS6A03G0149000.1,TraesCS6A03G0149000.1,,230,False,False,,TraesCS6A03G0149000.1,,7.39,0.9978,0.999,0.0,1,0,1,2,0,2,0,0,0,N-term(42.0106),,TraesCS6B03G0211200.1
455,PXD004720,bread wheat,embryo,single,protein,no,TraesCS6A03G0394700.1,TraesCS6A03G0394700.1,TraesCS6A03G0394700.1,,400,False,False,,TraesCS6A03G0394700.1,,7.5,0.9978,0.999,0.0,1,0,1,2,0,2,0,0,0,,,"TraesCS6A03G0394700.2, TraesCS6B03G0483700.1, TraesCS6B03G0483700.2, TraesCS6B03G0483700.3, TraesCS6D03G0333100.1, TraesCS6D03G0333100.2, TraesCS7A03G0921100.1, TraesCS7A03G0921100.2, TraesCS7B03G0764900.1, TraesCS7D03G0883800.1"
456,PXD004720,bread wheat,embryo,single,protein,no,TraesCS6A03G0416600.1,TraesCS6A03G0416600.1,TraesCS6A03G0416600.1,,226,False,False,,TraesCS6A03G0416600.1,,8.85,0.9978,0.999,0.0,1,0,1,2,0,2,0,0,0,,,"TraesCS6B03G0506000.1, TraesCS6D03G0353400.1"
457,PXD004720,bread wheat,embryo,single,protein,no,TraesCS6A03G0420400.1,TraesCS6A03G0420400.1,TraesCS6A03G0420400.1,,156,False,False,,TraesCS6A03G0420400.1,,19.23,0.9978,0.999,0.0,2,0,1,2,0,1,0,0,0,,,"TraesCS6B03G0509900.1, TraesCS7A03G0345400.1, TraesCS7B03G0136200.1"
458,PXD004720,bread wheat,embryo,single,protein,no,TraesCS6A03G0622000.1,TraesCS6A03G0622000.1,TraesCS6A03G0622000.1,,422,False,False,,TraesCS6A03G0622000.1,,4.27,0.9978,0.999,0.0,1,0,1,2,0,2,0,0,0,4M(15.9949),,"TraesCS6B03G0751900.1, TraesCS6D03G0519000.1, TraesCS6D03G0519000.2"
459,PXD004720,bread wheat,embryo,single,protein,no,TraesCS6A03G0664500.1,TraesCS6A03G0664500.1,TraesCS6A03G0664500.1,,248,False,False,,TraesCS6A03G0664500.1,,8.06,0.9978,0.999,0.0,1,0,1,4,0,4,0,0,0,,,"TraesCS6B03G0812300.1, TraesCS6D03G0553100.1"
460,PXD004720,bread wheat,embryo,single,protein,no,TraesCS6A03G0726600.1,TraesCS6A03G0726600.1,TraesCS6A03G0726600.1,,214,False,False,,TraesCS6A03G0726600.1,,8.41,0.9978,0.999,0.0,1,0,1,2,0,2,0,0,0,,,"TraesCS6B03G0862000.1, TraesCS6D03G0609900.1"
461,PXD004720,bread wheat,embryo,single,protein,no,TraesCS6A03G0777200.1,TraesCS6A03G0777200.1,TraesCS6A03G0777200.1,,163,False,False,,TraesCS6A03G0777200.1,,11.04,0.9978,0.999,0.0,1,0,1,3,0,3,0,0,0,,,"TraesCS6B03G0923000.1, TraesCS6D03G0657600.1"
462,PXD004720,bread wheat,embryo,single,protein,no,TraesCS6A03G0784600.1,TraesCS6A03G0784600.1,TraesCS6A03G0784600.1,,415,False,False,,TraesCS6A03G0784600.1,,4.82,0.9978,0.999,0.0,1,0,1,2,0,2,0,0,0,,,"TraesCS6B03G0932100.1, TraesCS6D03G0664000.1"
463,PXD004720,bread wheat,embryo,single,protein,no,TraesCS6A03G0815300.1,TraesCS6A03G0815300.1,TraesCS6A03G0815300.1,,646,False,False,,TraesCS6A03G0815300.1,,2.63,0.9978,0.999,0.0,1,0,1,2,0,2,0,0,0,,,"TraesCS6A03G0815300.2, TraesCS6A03G0815300.3, TraesCS6A03G0815300.4, TraesCS6B03G0966900.1, TraesCS6B03G0966900.2, TraesCS6D03G0689500.1, TraesCS6D03G0689500.2, TraesCS7A03G0467200.1, TraesCS7B03G0272600.1, TraesCS7D03G0448700.1"
464,PXD004720,bread wheat,embryo,single,protein,no,TraesCS6A03G0818200.1,TraesCS6A03G0818200.1,TraesCS6A03G0818200.1,,1086,False,False,,TraesCS6A03G0818200.1,,1.66,0.9978,0.999,0.0,1,0,1,2,0,2,0,0,0,,,"TraesCS6A03G0818200.2, TraesCS6B03G0968700.1, TraesCS6B03G0968700.2, TraesCS6D03G0691400.1"
465,PXD004720,bread wheat,embryo,single,protein,no,TraesCS6A03G0818800LC.1,TraesCS6A03G0818800LC.1,TraesCS6A03G0818800LC.1,,152,False,False,,TraesCS6A03G0818800LC.1,,13.16,0.9978,0.999,0.0,1,0,1,1,0,1,0,0,0,N-term(42.0106),,"TraesCS6A03G0819000.1, TraesCS6D03G0692500.1"
466,PXD004720,bread wheat,embryo,single,protein,no,TraesCS6A03G0916300.1,TraesCS6A03G0916300.1,TraesCS6A03G0916300.1,,625,False,False,,TraesCS6A03G0916300.1,,3.36,0.9978,0.999,0.0,1,0,1,5,0,5,0,0,0,,,"TraesCS6B03G1101100.1, TraesCS6D03G0786700.1"
467,PXD004720,bread wheat,embryo,single,protein,no,TraesCS6A03G1002400.1,TraesCS6A03G1002400.1,TraesCS6A03G1002400.1,,1019,False,False,,TraesCS6A03G1002400.1,,1.86,0.9978,0.999,0.0,1,0,1,1,0,1,0,0,0,,,"TraesCS6B03G1229400.1, TraesCS6D03G0883500.1, TraesCS6D03G0883500.2"
468,PXD004720,bread wheat,embryo,single,protein,no,TraesCS6B03G0371600.1,TraesCS6B03G0371600.1,TraesCS6B03G0371600.1,,298,False,False,,TraesCS6B03G0371600.1,,10.4,0.9978,0.999,0.0,1,0,1,2,0,2,0,0,0,,,TraesCS6D03G0237900.2
469,PXD004720,bread wheat,embryo,single,protein,no,TraesCS6B03G0559600.1,TraesCS6B03G0559600.1,TraesCS6B03G0559600.1,,139,False,False,,TraesCS6B03G0559600.1,,20.14,0.9978,0.999,0.0,1,1,1,2,2,2,0,0,0,N-term(42.0106),,
470,PXD004720,bread wheat,embryo,single,protein,no,TraesCS6B03G0735200.1,TraesCS6B03G0735200.1,TraesCS6B03G0735200.1,,826,False,False,,TraesCS6B03G0735200.1,,2.3,0.9978,0.999,0.0,1,0,1,2,0,2,0,0,0,N-term(42.0106),,TraesCS6D03G0508400.1
471,PXD004720,bread wheat,embryo,single,protein,no,TraesCS6B03G0969900.1,TraesCS6B03G0969900.1,TraesCS6B03G0969900.1,,162,False,False,,TraesCS6B03G0969900.1,,12.35,0.9978,0.999,0.0,1,1,1,1,1,1,0,0,0,N-term(42.0106),,
472,PXD004720,bread wheat,embryo,single,protein,no,TraesCS6B03G1067300.1,TraesCS6B03G1067300.1,TraesCS6B03G1067300.1,,112,False,False,,TraesCS6B03G1067300.1,,16.07,0.9978,0.999,0.0,1,0,1,1,0,1,0,0,0,,,TraesCS6D03G0764000.1
473,PXD004720,bread wheat,embryo,single,protein,no,TraesCS6B03G1248900.1,TraesCS6B03G1248900.1,TraesCS6B03G1248900.1,,370,False,False,,TraesCS6B03G1248900.1,,5.68,0.9978,0.999,0.0,1,0,1,2,0,2,0,0,0,,,TraesCS6D03G0892800.1
474,PXD004720,bread wheat,embryo,single,protein,no,TraesCS6D03G0048700.1,TraesCS6D03G0048700.1,TraesCS6D03G0048700.1,,542,False,False,,TraesCS6D03G0048700.1,,3.69,0.9978,0.999,0.0,1,1,1,1,1,1,0,0,0,,,
475,PXD004720,bread wheat,embryo,single,protein,no,TraesCS6D03G0140500.1,TraesCS6D03G0140500.1,TraesCS6D03G0140500.1,,222,False,False,,TraesCS6D03G0140500.1,,11.71,0.9978,0.999,0.0,1,1,1,2,2,2,0,0,0,,,
476,PXD004720,bread wheat,embryo,single,protein,no,TraesCS6D03G0170600.1,TraesCS6D03G0170600.1,TraesCS6D03G0170600.1,,238,False,False,,TraesCS6D03G0170600.1,,7.98,0.9978,0.999,0.0,1,1,1,2,2,2,0,0,0,,,
477,PXD004720,bread wheat,embryo,single,protein,no,TraesCS7A03G0090800.2,TraesCS7A03G0090800.2,TraesCS7A03G0090800.2,,1182,False,False,,TraesCS7A03G0090800.2,,2.03,0.9978,0.999,0.0,1,0,1,1,0,1,0,0,0,,,"TraesCS7A03G0090800.3, TraesCS7A03G0090800.4, TraesCS7A03G0090800.5, TraesCS7D03G0081400.3, TraesCS7D03G0081400.4, TraesCSU03G0061400.1, TraesCSU03G0061400.2, TraesCSU03G0061400.3"
478,PXD004720,bread wheat,embryo,single,protein,no,TraesCS7A03G0379600.1,TraesCS7A03G0379600.1,TraesCS7A03G0379600.1,,459,False,False,,TraesCS7A03G0379600.1,,7.63,0.9978,0.999,0.0,1,0,1,1,0,1,0,0,0,,,"TraesCS7B03G0178200.1, TraesCS7D03G0364500.1"
479,PXD004720,bread wheat,embryo,single,protein,no,TraesCS7A03G0416100.1,TraesCS7A03G0416100.1,TraesCS7A03G0416100.1,,230,False,False,,TraesCS7A03G0416100.1,,13.48,0.9978,0.999,0.0,1,0,1,1,0,1,0,0,0,N-term(42.0106),,"TraesCS7A03G0416100.2, TraesCS7B03G0223600.1, TraesCS7D03G0404900.1, TraesCS7D03G0404900.2"
480,PXD004720,bread wheat,embryo,single,protein,no,TraesCS7A03G0420200.1,TraesCS7A03G0420200.1,TraesCS7A03G0420200.1,,314,False,False,,TraesCS7A03G0420200.1,,6.69,0.9978,0.999,0.0,1,0,1,1,0,1,0,0,0,,,"TraesCS7B03G0226800.1, TraesCS7D03G0408700.1, TraesCS7D03G0408700.2"
481,PXD004720,bread wheat,embryo,single,protein,no,TraesCS7A03G0441900.2,TraesCS7A03G0441900.2,TraesCS7A03G0441900.2,,320,False,False,,TraesCS7A03G0441900.2,,10.94,0.9978,0.999,0.0,1,0,1,1,0,1,0,0,0,,,"TraesCS7B03G0249600.1, TraesCS7D03G0427700.1"
482,PXD004720,bread wheat,embryo,single,protein,no,TraesCS7A03G0524700.1,TraesCS7A03G0524700.1,TraesCS7A03G0524700.1,,266,False,False,,TraesCS7A03G0524700.1,,7.52,0.9978,0.999,0.0,1,0,1,2,0,2,0,0,0,,,TraesCS7D03G0508900.1
483,PXD004720,bread wheat,embryo,single,protein,no,TraesCS7A03G0608200.1,TraesCS7A03G0608200.1,TraesCS7A03G0608200.1,,122,False,False,,TraesCS7A03G0608200.1,,15.57,0.9978,0.999,0.0,1,0,1,2,0,2,0,0,0,,,"TraesCS7B03G0432900.1, TraesCS7D03G0592400.1"
484,PXD004720,bread wheat,embryo,single,protein,no,TraesCS7A03G0622700LC.1,TraesCS7A03G0622700LC.1,TraesCS7A03G0622700LC.1,,326,False,False,,TraesCS7A03G0622700LC.1,,15.64,0.9978,0.999,0.0,1,0,1,3,0,3,0,0,0,,,"TraesCS7B03G0444700.1, TraesCS7D03G0603900.1"
485,PXD004720,bread wheat,embryo,single,protein,no,TraesCS7A03G0655200.1,TraesCS7A03G0655200.1,TraesCS7A03G0655200.1,,594,False,False,,TraesCS7A03G0655200.1,,3.7,0.9978,0.999,0.0,1,0,1,3,0,3,0,0,0,,,"TraesCS7B03G0496300.1, TraesCS7B03G0496300.2, TraesCS7D03G0629800.1"
486,PXD004720,bread wheat,embryo,single,protein,no,TraesCS7A03G0671700.1,TraesCS7A03G0671700.1,TraesCS7A03G0671700.1,,358,False,False,,TraesCS7A03G0671700.1,,6.15,0.9978,0.999,0.0,1,0,1,2,0,2,0,0,0,,,"TraesCS7B03G0566600.1, TraesCS7D03G0644300.1"
487,PXD004720,bread wheat,embryo,single,protein,no,TraesCS7A03G0786700.1,TraesCS7A03G0786700.1,TraesCS7A03G0786700.1,,179,False,False,,TraesCS7A03G0786700.1,,11.73,0.9978,0.999,0.0,1,0,1,1,0,1,0,0,0,,,"TraesCS7B03G0624700.1, TraesCS7D03G0752300.1"
488,PXD004720,bread wheat,embryo,single,protein,no,TraesCS7A03G0821000.1,TraesCS7A03G0821000.1,TraesCS7A03G0821000.1,,111,False,False,,TraesCS7A03G0821000.1,,27.03,0.9978,0.999,0.0,1,0,1,3,0,3,0,0,0,,,"TraesCS7B03G0679800.1, TraesCS7D03G0805300.1"
489,PXD004720,bread wheat,embryo,single,protein,no,TraesCS7A03G0901600.1,TraesCS7A03G0901600.1,TraesCS7A03G0901600.1,,376,False,False,,TraesCS7A03G0901600.1,,5.05,0.9978,0.999,0.0,1,0,1,2,0,2,0,0,0,,,"TraesCS7B03G0712100.1, TraesCS7D03G0834200.1"
490,PXD004720,bread wheat,embryo,single,protein,no,TraesCS7A03G0939400.1,TraesCS7A03G0939400.1,TraesCS7A03G0939400.1,,222,False,False,,TraesCS7A03G0939400.1,,9.91,0.9978,0.999,0.0,1,0,1,1,0,1,0,0,0,,,"TraesCS7B03G0785400.1, TraesCS7D03G0904900LC.1"
491,PXD004720,bread wheat,embryo,single,protein,no,TraesCS7A03G1080800.1,TraesCS7A03G1080800.1,TraesCS7A03G1080800.1,,124,False,False,,TraesCS7A03G1080800.1,,12.9,0.9978,0.999,0.0,1,0,1,1,0,1,0,0,0,,,"TraesCS7B03G0925800.1, TraesCS7D03G1031500.1"
492,PXD004720,bread wheat,embryo,single,protein,no,TraesCS7A03G1148400.1,TraesCS7A03G1148400.1,TraesCS7A03G1148400.1,,425,False,False,,TraesCS7A03G1148400.1,,8.47,0.9978,0.999,0.0,2,0,1,3,0,2,0,0,0,,,"TraesCS7B03G1009400.1, TraesCS7D03G1093300.1, TraesCS7D03G1093400.1"
493,PXD004720,bread wheat,embryo,single,protein,no,TraesCS7A03G1253800.1,TraesCS7A03G1253800.1,TraesCS7A03G1253800.1,,1171,False,False,,TraesCS7A03G1253800.1,,1.79,0.9978,0.999,0.0,1,0,1,2,0,2,0,0,0,,,"TraesCS7A03G1253800.2, TraesCS7A03G1253800.3, TraesCS7B03G1173600.1, TraesCS7B03G1173600.2, TraesCS7D03G1198100.1, TraesCS7D03G1198100.2, TraesCS7D03G1198100.3, TraesCS7D03G1198100.4"
494,PXD004720,bread wheat,embryo,single,protein,no,TraesCS7D03G0072700.1,TraesCS7D03G0072700.1,TraesCS7D03G0072700.1,,284,False,False,,TraesCS7D03G0072700.1,,8.45,0.9978,0.999,0.0,1,1,1,2,2,2,0,0,0,,,
495,PXD004720,bread wheat,embryo,single,protein,no,TraesCS7D03G0073000.1,TraesCS7D03G0073000.1,TraesCS7D03G0073000.1,,168,False,False,,TraesCS7D03G0073000.1,,11.9,0.9978,0.999,0.0,1,0,1,1,0,1,0,0,0,,,
496,PXD004720,bread wheat,embryo,single,protein,no,TraesCS7D03G0601900.1,TraesCS7D03G0601900.1,TraesCS7D03G0601900.1,,324,False,False,,TraesCS7D03G0601900.1,,10.8,0.9978,0.999,0.0,1,0,1,2,0,2,0,0,0,,,TraesCS7D03G0602100.1
497,PXD004720,bread wheat,embryo,single,protein,no,TraesCS7D03G0670300.1,TraesCS7D03G0670300.1,TraesCS7D03G0670300.1,,703,False,False,,TraesCS7D03G0670300.1,,4.27,0.9978,0.999,0.0,1,1,1,2,2,2,0,0,0,,,
498,PXD004720,bread wheat,embryo,single,protein,no,TraesCS7D03G0872900.1,TraesCS7D03G0872900.1,TraesCS7D03G0872900.1,,322,False,False,,TraesCS7D03G0872900.1,,9.32,0.9978,0.999,0.0,1,1,1,2,2,2,0,0,0,,,
499,PXD004720,bread wheat,embryo,single,protein,yes,generic|con_K1C9_HUMAN|K1C9_HUMAN,generic|con_K1C9_HUMAN|K1C9_HUMAN,generic|con_K1C9_HUMAN|K1C9_HUMAN,,623,False,False,,generic|con_K1C9_HUMAN|K1C9_HUMAN,,4.65,0.9978,0.999,0.0,1,1,1,1,1,1,0,0,0,,,
500,PXD004720,bread wheat,embryo,single,protein,no,TraesCS1A03G0066300.1,TraesCS1A03G0066300.1,TraesCS1A03G0066300.1,,878,False,False,,TraesCS1A03G0066300.1,,2.73,0.9976,0.9989,0.0,1,0,1,1,0,1,0,0,0,,,"TraesCS1B03G0072800.1, TraesCS1D03G0055200.1"
501,PXD004720,bread wheat,embryo,single,protein,no,TraesCS1A03G0073700.1,TraesCS1A03G0073700.1,TraesCS1A03G0073700.1,,343,False,False,,TraesCS1A03G0073700.1,,5.83,0.9976,0.9989,0.0,1,0,1,1,0,1,0,0,0,,,"TraesCS1B03G0084700.1, TraesCS1D03G0064100.1"
502,PXD004720,bread wheat,embryo,single,protein,no,TraesCS1A03G0193000.1,TraesCS1A03G0193000.1,TraesCS1A03G0193000.1,,219,False,False,,TraesCS1A03G0193000.1,,9.13,0.9976,0.9989,0.0,1,0,1,2,0,2,0,0,0,,,"TraesCS1A03G0193100.1, TraesCS1B03G0260500.1, TraesCS1B03G0260800.1, TraesCS1D03G0185900.1, TraesCS2A03G0085500.1, TraesCS2D03G1120900.1, TraesCS2D03G1120900.2, TraesCS2D03G1314000.1"
503,PXD004720,bread wheat,embryo,single,protein,no,TraesCS1A03G0637500.1,TraesCS1A03G0637500.1,TraesCS1A03G0637500.1,,512,False,False,,TraesCS1A03G0637500.1,,4.3,0.9976,0.9989,0.0,1,0,1,1,0,1,0,0,0,,,"TraesCS1B03G0725000.1, TraesCS1D03G0596300.1, TraesCS1D03G0596300.2"
504,PXD004720,bread wheat,embryo,single,protein,no,TraesCS1A03G0778700.1,TraesCS1A03G0778700.1,TraesCS1A03G0778700.1,,478,False,False,,TraesCS1A03G0778700.1,,3.77,0.9976,0.9989,0.0,1,0,1,1,0,1,0,0,0,,,"TraesCS1A03G0778700.2, TraesCS1B03G0892400.1, TraesCS1D03G0745400.1, TraesCS1D03G0745400.2"
505,PXD004720,bread wheat,embryo,single,protein,no,TraesCS2A03G0232600.1,TraesCS2A03G0232600.1,TraesCS2A03G0232600.1,,408,False,False,,TraesCS2A03G0232600.1,,7.84,0.9976,0.9989,0.0,1,1,1,1,1,1,0,0,0,,,
506,PXD004720,bread wheat,embryo,single,protein,no,TraesCS2A03G0234000.1,TraesCS2A03G0234000.1,TraesCS2A03G0234000.1,,470,False,False,,TraesCS2A03G0234000.1,,4.04,0.9976,0.9989,0.0,1,0,1,3,0,3,0,0,0,,,TraesCS2D03G0239700.1
507,PXD004720,bread wheat,embryo,single,protein,no,TraesCS2A03G0236400.1,TraesCS2A03G0236400.1,TraesCS2A03G0236400.1,,81,False,False,,TraesCS2A03G0236400.1,,19.75,0.9976,0.9989,0.0,1,0,1,3,0,3,0,0,0,"8M(15.9949), N-term(42.0106)",,"TraesCS2B03G0125100.1, TraesCS2B03G0326300.1, TraesCS2D03G0242000.1, TraesCS3B03G0078200.1, TraesCS4A03G0308700.1, TraesCS4B03G0030400LC.1, TraesCS4D03G0415800.1, TraesCS6B03G0399600LC.1"
508,PXD004720,bread wheat,embryo,single,protein,no,TraesCS2A03G0254300.1,TraesCS2A03G0254300.1,TraesCS2A03G0254300.1,,305,False,False,,TraesCS2A03G0254300.1,,6.89,0.9976,0.9989,0.0,1,0,1,1,0,1,0,0,0,,,TraesCS2B03G0350900LC.1
509,PXD004720,bread wheat,embryo,single,protein,no,TraesCS2A03G0283700.1,TraesCS2A03G0283700.1,TraesCS2A03G0283700.1,,1124,False,False,,TraesCS2A03G0283700.1,,1.69,0.9976,0.9989,0.0,1,0,1,1,0,1,0,0,0,,,"TraesCS2B03G0393800.1, TraesCS2D03G0297800.1, TraesCS2D03G0297800.2"
510,PXD004720,bread wheat,embryo,single,protein,no,TraesCS2A03G0294400.1,TraesCS2A03G0294400.1,TraesCS2A03G0294400.1,,691,False,False,,TraesCS2A03G0294400.1,,1.59,0.9976,0.9989,0.0,1,0,1,9,0,9,0,0,0,,,"TraesCS2B03G0412800.1, TraesCS2D03G0313500.1"
511,PXD004720,bread wheat,embryo,single,protein,no,TraesCS2A03G0354500.1,TraesCS2A03G0354500.1,TraesCS2A03G0354500.1,,369,False,False,,TraesCS2A03G0354500.1,,5.69,0.9976,0.9989,0.0,1,0,1,1,0,1,0,0,0,,,"TraesCS2A03G0354500.2, TraesCS2B03G0473900.1, TraesCS2D03G0370400.1"
512,PXD004720,bread wheat,embryo,single,protein,no,TraesCS2A03G0685200.1,TraesCS2A03G0685200.1,TraesCS2A03G0685200.1,,225,False,False,,TraesCS2A03G0685200.1,,8.89,0.9976,0.9989,0.0,1,1,1,1,1,1,0,0,0,,,
513,PXD004720,bread wheat,embryo,single,protein,no,TraesCS2A03G0757700.1,TraesCS2A03G0757700.1,TraesCS2A03G0757700.1,,357,False,False,,TraesCS2A03G0757700.1,,4.76,0.9976,0.9989,0.0,1,0,1,1,0,1,0,0,0,,,"TraesCS2B03G0834100.1, TraesCS2D03G0698800.1"
514,PXD004720,bread wheat,embryo,single,protein,no,TraesCS2A03G1152000.1,TraesCS2A03G1152000.1,TraesCS2A03G1152000.1,,471,False,False,,TraesCS2A03G1152000.1,,3.4,0.9976,0.9989,0.0,1,0,1,1,0,1,0,0,0,,,"TraesCS2B03G1308200.1, TraesCS2D03G1101000.1"
515,PXD004720,bread wheat,embryo,single,protein,no,TraesCS2A03G1208600.1,TraesCS2A03G1208600.1,TraesCS2A03G1208600.1,,270,False,False,,TraesCS2A03G1208600.1,,4.44,0.9976,0.9989,0.0,2,0,2,2,0,2,0,0,0,,,"TraesCS2B03G1379400.1, TraesCS2D03G1162800.1"
516,PXD004720,bread wheat,embryo,single,protein,no,TraesCS2A03G1328200.1,TraesCS2A03G1328200.1,TraesCS2A03G1328200.1,,113,False,False,,TraesCS2A03G1328200.1,,17.7,0.9976,0.9989,0.0,1,1,1,1,1,1,0,0,0,N-term(42.0106),,
517,PXD004720,bread wheat,embryo,single,protein,no,TraesCS2B03G0173000.1,TraesCS2B03G0173000.1,TraesCS2B03G0173000.1,,322,False,False,,TraesCS2B03G0173000.1,,5.59,0.9976,0.9989,0.0,1,0,1,1,0,1,0,0,0,,,TraesCS2D03G0125400.1
518,PXD004720,bread wheat,embryo,single,protein,no,TraesCS2B03G1138200.1,TraesCS2B03G1138200.1,TraesCS2B03G1138200.1,,320,False,False,,TraesCS2B03G1138200.1,,6.56,0.9976,0.9989,0.0,1,0,1,2,0,2,0,0,0,,,TraesCS2D03G0959700.1
519,PXD004720,bread wheat,embryo,single,protein,no,TraesCS3A03G0235500.1,TraesCS3A03G0235500.1,TraesCS3A03G0235500.1,,438,False,False,,TraesCS3A03G0235500.1,,4.11,0.9976,0.9989,0.0,1,0,1,2,0,2,0,0,0,,,"TraesCS3A03G0235500.2, TraesCS3A03G0235500.3"
520,PXD004720,bread wheat,embryo,single,protein,no,TraesCS3A03G0259900.1,TraesCS3A03G0259900.1,TraesCS3A03G0259900.1,,319,False,False,,TraesCS3A03G0259900.1,,10.03,0.9976,0.9989,0.0,1,0,1,2,0,2,0,0,0,,,"TraesCS3B03G0327700.1, TraesCS3D03G0252000.1"
521,PXD004720,bread wheat,embryo,single,protein,no,TraesCS3A03G0407700.1,TraesCS3A03G0407700.1,TraesCS3A03G0407700.1,,953,False,False,,TraesCS3A03G0407700.1,,1.89,0.9976,0.9989,0.0,1,0,1,1,0,1,0,0,0,,,"TraesCS3A03G0407700.2, TraesCS3A03G0407700.3, TraesCS3A03G0407700.4, TraesCS3B03G0494900.1, TraesCS3B03G0494900.2, TraesCS3B03G0494900.3, TraesCS3B03G0494900.4, TraesCS3B03G0494900.5, TraesCS3D03G0388200.1, TraesCS3D03G0388200.2, TraesCS3D03G0388200.3, TraesCS3D03G0388200.4, TraesCS4A03G0485300.1, TraesCS4A03G0485300.2, TraesCS4A03G0485300.3, TraesCS4A03G0485300.4"
522,PXD004720,bread wheat,embryo,single,protein,no,TraesCS3A03G0460300.1,TraesCS3A03G0460300.1,TraesCS3A03G0460300.1,,439,False,False,,TraesCS3A03G0460300.1,,4.33,0.9976,0.9989,0.0,1,0,1,1,0,1,0,0,0,,,"TraesCS3B03G0532300.1, TraesCS3D03G0423100.1"
523,PXD004720,bread wheat,embryo,single,protein,no,TraesCS3A03G0555900.1,TraesCS3A03G0555900.1,TraesCS3A03G0555900.1,,488,False,False,,TraesCS3A03G0555900.1,,4.71,0.9976,0.9989,0.0,1,0,1,2,0,2,0,0,0,,,"TraesCS3B03G0640300.1, TraesCS3D03G0516800.1"
524,PXD004720,bread wheat,embryo,single,protein,no,TraesCS3A03G0745700.1,TraesCS3A03G0745700.1,TraesCS3A03G0745700.1,,212,False,False,,TraesCS3A03G0745700.1,,9.43,0.9976,0.9989,0.0,1,0,1,4,0,4,0,0,0,,,"TraesCS3B03G0850700.1, TraesCS3D03G0686600.1"
525,PXD004720,bread wheat,embryo,single,protein,no,TraesCS3A03G0870500.1,TraesCS3A03G0870500.1,TraesCS3A03G0870500.1,,832,False,False,,TraesCS3A03G0870500.1,,2.4,0.9976,0.9989,0.0,1,0,1,2,0,2,0,0,0,,,"TraesCS3A03G0870600.1, TraesCS3B03G0993200.1"
526,PXD004720,bread wheat,embryo,single,protein,no,TraesCS3D03G0325900.1,TraesCS3D03G0325900.1,TraesCS3D03G0325900.1,,788,False,False,,TraesCS3D03G0325900.1,,2.28,0.9976,0.9989,0.0,1,1,1,1,1,1,0,0,0,,,
527,PXD004720,bread wheat,embryo,single,protein,no,TraesCS3D03G0702700.1,TraesCS3D03G0702700.1,TraesCS3D03G0702700.1,,360,False,False,,TraesCS3D03G0702700.1,,5.56,0.9976,0.9989,0.0,1,0,1,2,0,2,0,0,0,,,TraesCS3D03G0702700.2
528,PXD004720,bread wheat,embryo,single,protein,no,TraesCS4A03G0003200.1,TraesCS4A03G0003200.1,TraesCS4A03G0003200.1,,227,False,False,,TraesCS4A03G0003200.1,,11.45,0.9976,0.9989,0.0,1,0,1,2,0,2,0,0,0,N-term(42.0106),,"TraesCS4B03G0793700.1, TraesCS4D03G0710900.1"
529,PXD004720,bread wheat,embryo,single,protein,no,TraesCS4A03G0165200.1,TraesCS4A03G0165200.1,TraesCS4A03G0165200.1,,889,False,False,,TraesCS4A03G0165200.1,,3.04,0.9976,0.9989,0.0,1,0,1,1,0,1,0,0,0,,,"TraesCS4A03G0165200.2, TraesCS4B03G0610300.1, TraesCS4B03G0610300.2, TraesCS4B03G0610300.3, TraesCS4D03G0540900.1, TraesCS4D03G0540900.2"
530,PXD004720,bread wheat,embryo,single,protein,no,TraesCS4A03G0230700.1,TraesCS4A03G0230700.1,TraesCS4A03G0230700.1,,110,False,False,,TraesCS4A03G0230700.1,,22.73,0.9976,0.9989,0.0,1,0,1,2,0,2,0,0,0,N-term(42.0106),,"TraesCS4B03G0539300LC.1, TraesCS4D03G0478200.1"
531,PXD004720,bread wheat,embryo,single,protein,no,TraesCS4A03G0377400.1,TraesCS4A03G0377400.1,TraesCS4A03G0377400.1,,539,False,False,,TraesCS4A03G0377400.1,,3.9,0.9976,0.9989,0.0,1,0,1,1,0,1,0,0,0,,,"TraesCS4A03G0377400.2, TraesCS4B03G0467800.1, TraesCS4B03G0467800.2, TraesCS4B03G0467800.3"
532,PXD004720,bread wheat,embryo,single,protein,no,TraesCS4A03G0378200.1,TraesCS4A03G0378200.1,TraesCS4A03G0378200.1,,266,False,False,,TraesCS4A03G0378200.1,,7.14,0.9976,0.9989,0.0,1,0,1,2,0,2,0,0,0,,,"TraesCS4A03G0378200.2, TraesCS4A03G0378200.3, TraesCS4B03G0428600.1, TraesCS4B03G0428600.2, TraesCS4D03G0351900.1, TraesCS4D03G0351900.2"
533,PXD004720,bread wheat,embryo,single,protein,no,TraesCS4A03G0451500.1,TraesCS4A03G0451500.1,TraesCS4A03G0451500.1,,368,False,False,,TraesCS4A03G0451500.1,,7.88,0.9976,0.9989,0.0,1,0,1,3,0,3,0,0,0,N-term(42.0106),,"TraesCS4B03G0343200.1, TraesCS4D03G0330600.1, TraesCS4D03G0330600.2"
534,PXD004720,bread wheat,embryo,single,protein,no,TraesCS4A03G0487900.1,TraesCS4A03G0487900.1,TraesCS4A03G0487900.1,,264,False,False,,TraesCS4A03G0487900.1,,7.58,0.9976,0.9989,0.0,1,0,1,1,0,1,0,0,0,,,"TraesCS4A03G0487900.2, TraesCS4A03G0487900.3, TraesCS4D03G0265800.1, TraesCS4D03G0265800.2"
535,PXD004720,bread wheat,embryo,single,protein,no,TraesCS4A03G0746500.1,TraesCS4A03G0746500.1,TraesCS4A03G0746500.1,,902,False,False,,TraesCS4A03G0746500.1,,1.88,0.9976,0.9989,0.0,1,0,1,2,0,2,0,0,0,,,"TraesCS4A03G0746500.2, TraesCS4A03G0746500.3"
536,PXD004720,bread wheat,embryo,single,protein,no,TraesCS4A03G0768200.1,TraesCS4A03G0768200.1,TraesCS4A03G0768200.1,,463,False,False,,TraesCS4A03G0768200.1,,4.1,0.9976,0.9989,0.0,1,0,1,1,0,1,0,0,0,,,"TraesCS4B03G0018100.1, TraesCS4D03G0012800.1"
537,PXD004720,bread wheat,embryo,single,protein,no,TraesCS4A03G0852900.1,TraesCS4A03G0852900.1,TraesCS4A03G0852900.1,,389,False,False,,TraesCS4A03G0852900.1,,5.14,0.9976,0.9989,0.0,1,1,1,5,5,5,0,0,0,,,
538,PXD004720,bread wheat,embryo,single,protein,no,TraesCS4A03G0915900.1,TraesCS4A03G0915900.1,TraesCS4A03G0915900.1,,410,False,False,,TraesCS4A03G0915900.1,,8.29,0.9976,0.9989,0.0,1,0,1,1,0,1,0,0,0,,,"TraesCS7D03G0157300.1, TraesCS7D03G0157300.2"
539,PXD004720,bread wheat,embryo,single,protein,no,TraesCS4D03G0703900.1,TraesCS4D03G0703900.1,TraesCS4D03G0703900.1,,308,False,False,,TraesCS4D03G0703900.1,,5.84,0.9976,0.9989,0.0,1,1,1,2,2,2,0,0,0,,,
540,PXD004720,bread wheat,embryo,single,protein,no,TraesCS5A03G0067100.1,TraesCS5A03G0067100.1,TraesCS5A03G0067100.1,,435,False,False,,TraesCS5A03G0067100.1,,16.78,0.9976,0.9898,0.00768245838668,3,1,1,6,1,1,0,0,0,,,
541,PXD004720,bread wheat,embryo,single,protein,no,TraesCS5A03G0072900.1,TraesCS5A03G0072900.1,TraesCS5A03G0072900.1,,263,False,False,,TraesCS5A03G0072900.1,,7.6,0.9976,0.9989,0.0,1,0,1,1,0,1,0,0,0,,,TraesCS5D03G0096000.1
542,PXD004720,bread wheat,embryo,single,protein,no,TraesCS5A03G0103900.1,TraesCS5A03G0103900.1,TraesCS5A03G0103900.1,,404,False,False,,TraesCS5A03G0103900.1,,2.23,0.9976,0.9989,0.0,1,0,1,2,0,2,0,0,0,,,TraesCS5D03G0120600.1
543,PXD004720,bread wheat,embryo,single,protein,no,TraesCS5A03G0416400.1,TraesCS5A03G0416400.1,TraesCS5A03G0416400.1,,158,False,False,,TraesCS5A03G0416400.1,,20.25,0.9976,0.9989,0.0,1,0,1,1,0,1,0,0,0,,,TraesCS5A03G0416400.2
544,PXD004720,bread wheat,embryo,single,protein,no,TraesCS5A03G0585000.1,TraesCS5A03G0585000.1,TraesCS5A03G0585000.1,,148,False,False,,TraesCS5A03G0585000.1,,14.86,0.9976,0.9989,0.0,1,0,1,2,0,2,0,0,0,,,"TraesCS5B03G0599800.1, TraesCS5D03G0551400.1"
545,PXD004720,bread wheat,embryo,single,protein,no,TraesCS5A03G0591300.1,TraesCS5A03G0591300.1,TraesCS5A03G0591300.1,,710,False,False,,TraesCS5A03G0591300.1,,2.96,0.9976,0.9989,0.0,1,0,1,1,0,1,0,0,0,,,"TraesCS5B03G0606700.1, TraesCS5B03G0606700.2, TraesCS5D03G0546800.1, TraesCS5D03G0546800.2"
546,PXD004720,bread wheat,embryo,single,protein,no,TraesCS5B03G0042300.1,TraesCS5B03G0042300.1,TraesCS5B03G0042300.1,,225,False,False,,TraesCS5B03G0042300.1,,15.56,0.9976,0.9989,0.0,1,1,1,1,1,1,0,0,0,,,
547,PXD004720,bread wheat,embryo,single,protein,no,TraesCS5B03G0435500.1,TraesCS5B03G0435500.1,TraesCS5B03G0435500.1,,779,False,False,,TraesCS5B03G0435500.1,,3.59,0.9976,0.9989,0.0,1,0,1,1,0,1,0,0,0,,,"TraesCS5B03G0435500.2, TraesCS5B03G0435500.3, TraesCS5B03G0435500.4, TraesCS5D03G0408800.1, TraesCS5D03G0408800.2, TraesCS5D03G0408800.3, TraesCS5D03G0408800.4"
548,PXD004720,bread wheat,embryo,single,protein,no,TraesCS5B03G0992400.1,TraesCS5B03G0992400.1,TraesCS5B03G0992400.1,,480,False,False,,TraesCS5B03G0992400.1,,3.54,0.9976,0.9989,0.0,1,1,1,1,1,1,0,0,0,,,
549,PXD004720,bread wheat,embryo,single,protein,no,TraesCS6A03G0283500.1,TraesCS6A03G0283500.1,TraesCS6A03G0283500.1,,348,False,False,,TraesCS6A03G0283500.1,,8.91,0.9976,0.9989,0.0,1,1,1,1,1,1,0,0,0,,,
550,PXD004720,bread wheat,embryo,single,protein,no,TraesCS6A03G0604200.1,TraesCS6A03G0604200.1,TraesCS6A03G0604200.1,,415,False,False,,TraesCS6A03G0604200.1,,5.54,0.9976,0.9989,0.0,1,0,1,1,0,1,0,0,0,,,"TraesCS6B03G0767400.2, TraesCS6D03G0531800.1"
551,PXD004720,bread wheat,embryo,single,protein,no,TraesCS6A03G0768700.1,TraesCS6A03G0768700.1,TraesCS6A03G0768700.1,,341,False,False,,TraesCS6A03G0768700.1,,7.62,0.9976,0.9989,0.0,1,0,1,1,0,1,0,0,0,,,"TraesCS6B03G0915600.1, TraesCS6B03G0915600.2, TraesCS6D03G0651900.1"
552,PXD004720,bread wheat,embryo,single,protein,no,TraesCS6A03G0854900.1,TraesCS6A03G0854900.1,TraesCS6A03G0854900.1,,378,False,False,,TraesCS6A03G0854900.1,,5.82,0.9976,0.9989,0.0,1,0,1,1,0,1,0,0,0,,,"TraesCS6B03G1022200.1, TraesCS6D03G0724000.1"
553,PXD004720,bread wheat,embryo,single,protein,no,TraesCS7A03G0646400.1,TraesCS7A03G0646400.1,TraesCS7A03G0646400.1,,304,False,False,,TraesCS7A03G0646400.1,,7.24,0.9976,0.9989,0.0,1,0,1,1,0,1,0,0,0,,,"TraesCS7B03G0470600.1, TraesCS7D03G0626200.1"
554,PXD004720,bread wheat,embryo,single,protein,no,TraesCS7D03G1173700LC.1,TraesCS7D03G1173700LC.1,TraesCS7D03G1173700LC.1,,119,False,False,,TraesCS7D03G1173700LC.1,,10.92,0.9976,0.9989,0.0,1,1,1,24,24,24,0,0,0,,,
555,PXD004720,bread wheat,embryo,single,protein,no,TraesCS1A03G0517100.1,TraesCS1A03G0517100.1,TraesCS1A03G0517100.1,,405,False,False,,TraesCS1A03G0517100.1,,7.9,0.9974,0.9988,0.0,1,0,1,1,0,1,0,0,0,,,"TraesCS1B03G0606600.1, TraesCS1D03G0502200.1"
556,PXD004720,bread wheat,embryo,single,protein,no,TraesCS1A03G0541300.1,TraesCS1A03G0541300.1,TraesCS1A03G0541300.1,,568,False,False,,TraesCS1A03G0541300.1,,4.75,0.9974,0.9988,0.0,1,0,1,1,0,1,0,0,0,,,"TraesCS1A03G0541300.2, TraesCS1A03G0541300.3, TraesCS1B03G0630700.1, TraesCS1B03G0630700.2, TraesCS1B03G0630700.3, TraesCS1D03G0521900.1, TraesCS1D03G0521900.2, TraesCS1D03G0521900.3, TraesCS1D03G0521900.4"
557,PXD004720,bread wheat,embryo,single,protein,no,TraesCS2A03G0475600.1,TraesCS2A03G0475600.1,TraesCS2A03G0475600.1,,435,False,False,,TraesCS2A03G0475600.1,,5.29,0.9974,0.9988,0.0,1,0,1,1,0,1,0,0,0,,,"TraesCS2A03G0475600.2, TraesCS2A03G0475600.3, TraesCS2B03G0597800.1, TraesCS2B03G0597800.2, TraesCS2B03G0597800.3, TraesCS2B03G0597800.4, TraesCS2D03G0481800.1, TraesCS2D03G0481800.2, TraesCS2D03G0481800.3, TraesCS2D03G0481800.4, TraesCS2D03G0481800.5"
558,PXD004720,bread wheat,embryo,single,protein,no,TraesCS2A03G0705800.1,TraesCS2A03G0705800.1,TraesCS2A03G0705800.1,,321,False,False,,TraesCS2A03G0705800.1,,8.1,0.9974,0.9988,0.0,1,0,1,2,0,2,0,0,0,,,"TraesCS2B03G0785300.1, TraesCS2B03G0785300.2, TraesCS2B03G0785300.3, TraesCS2D03G0653100.1"
559,PXD004720,bread wheat,embryo,single,protein,no,TraesCS2B03G0766500.3,TraesCS2B03G0766500.3,TraesCS2B03G0766500.3,,224,False,False,,TraesCS2B03G0766500.3,,8.93,0.9974,0.9988,0.0,1,1,1,1,1,1,0,0,0,,,
560,PXD004720,bread wheat,embryo,single,protein,no,TraesCS3A03G0014800.1,TraesCS3A03G0014800.1,TraesCS3A03G0014800.1,,663,False,False,,TraesCS3A03G0014800.1,,3.47,0.9974,0.9988,0.0,1,1,1,1,1,1,0,0,0,,,
561,PXD004720,bread wheat,embryo,single,protein,no,TraesCS4A03G0109900.1,TraesCS4A03G0109900.1,TraesCS4A03G0109900.1,,530,False,False,,TraesCS4A03G0109900.1,,4.91,0.9974,0.9988,0.0,1,0,1,2,0,2,0,0,0,,,"TraesCS4A03G0109900.2, TraesCS4B03G0671600.1, TraesCS4B03G0671600.2, TraesCS4D03G0594900.1"
562,PXD004720,bread wheat,embryo,single,protein,no,TraesCS4A03G0189100.1,TraesCS4A03G0189100.1,TraesCS4A03G0189100.1,,158,False,False,,TraesCS4A03G0189100.1,,11.39,0.9974,0.9988,0.0,1,0,1,2,0,2,0,0,0,3M(15.9949),,"TraesCS4A03G0189400.1, TraesCS4B03G0585000.1, TraesCS4D03G0519200.1, TraesCS4D03G0520700.1"
563,PXD004720,bread wheat,embryo,single,protein,no,TraesCS5A03G0501400.1,TraesCS5A03G0501400.1,TraesCS5A03G0501400.1,,225,False,False,,TraesCS5A03G0501400.1,,9.78,0.9974,0.9988,0.0,1,0,1,2,0,2,0,0,0,,,"TraesCS5B03G0501500.1, TraesCS5D03G0463700.1"
564,PXD004720,bread wheat,embryo,single,protein,no,TraesCS5A03G0933400.1,TraesCS5A03G0933400.1,TraesCS5A03G0933400.1,,173,False,False,,TraesCS5A03G0933400.1,,6.94,0.9974,0.9988,0.0,1,0,1,1,0,1,0,0,0,,,"TraesCS5B03G0983500.1, TraesCS5D03G0892100.1"
565,PXD004720,bread wheat,embryo,single,protein,no,TraesCS5D03G1154600.1,TraesCS5D03G1154600.1,TraesCS5D03G1154600.1,,387,False,False,,TraesCS5D03G1154600.1,,5.17,0.9974,0.9988,0.0,1,1,1,3,3,3,0,0,0,,,
566,PXD004720,bread wheat,embryo,single,protein,no,TraesCS6A03G0093800.1,TraesCS6A03G0093800.1,TraesCS6A03G0093800.1,,494,False,False,,TraesCS6A03G0093800.1,,4.45,0.9974,0.9988,0.0,1,0,1,2,0,2,0,0,0,,,"TraesCS6A03G0093800.2, TraesCS6B03G0133900.1, TraesCS6B03G0133900.2, TraesCS6D03G0101500.1, TraesCS6D03G0101500.2, TraesCS6D03G0101500.3"
567,PXD004720,bread wheat,embryo,single,protein,no,TraesCS6A03G0860200.1,TraesCS6A03G0860200.1,TraesCS6A03G0860200.1,,458,False,False,,TraesCS6A03G0860200.1,,5.46,0.9974,0.9988,0.0,1,0,1,2,0,2,0,0,0,,,"TraesCS6B03G1030400.1, TraesCS6B03G1030400.2"
568,PXD004720,bread wheat,embryo,single,protein,no,TraesCS1A03G0370700.1,TraesCS1A03G0370700.1,TraesCS1A03G0370700.1,,326,False,False,,TraesCS1A03G0370700.1,,6.13,0.9972,0.9987,0.0,1,0,1,3,0,3,0,0,0,,,"TraesCS1A03G0370700.2, TraesCS1B03G0413600.1, TraesCS1B03G0413600.2, TraesCS1D03G0322500.1"
569,PXD004720,bread wheat,embryo,single,protein,no,TraesCS2A03G1018700.1,TraesCS2A03G1018700.1,TraesCS2A03G1018700.1,,320,False,False,,TraesCS2A03G1018700.1,,6.56,0.9972,0.9987,0.0,1,1,1,1,1,1,0,0,0,,,
570,PXD004720,bread wheat,embryo,single,protein,no,TraesCS3A03G0190200.1,TraesCS3A03G0190200.1,TraesCS3A03G0190200.1,,200,False,False,,TraesCS3A03G0190200.1,,6.5,0.9972,0.9987,0.0,1,0,1,1,0,1,0,0,0,,,"TraesCS3B03G0230100.1, TraesCS3D03G0169100.1"
571,PXD004720,bread wheat,embryo,single,protein,no,TraesCS3A03G0407200.1,TraesCS3A03G0407200.1,TraesCS3A03G0407200.1,,541,False,False,,TraesCS3A03G0407200.1,,5.36,0.9972,0.9987,0.0,1,0,1,1,0,1,0,0,0,,,"TraesCS3B03G0494500.1, TraesCS3D03G0387900.1"
572,PXD004720,bread wheat,embryo,single,protein,no,TraesCS3A03G0969800.1,TraesCS3A03G0969800.1,TraesCS3A03G0969800.1,,670,False,False,,TraesCS3A03G0969800.1,,3.28,0.9972,0.9987,0.0,1,0,1,2,0,2,0,0,0,,,"TraesCS3A03G0969800.2, TraesCS3B03G1115400LC.1, TraesCS3D03G0906400.1, TraesCS3D03G0906400.2"
573,PXD004720,bread wheat,embryo,single,protein,no,TraesCS3A03G1049300.1,TraesCS3A03G1049300.1,TraesCS3A03G1049300.1,,213,False,False,,TraesCS3A03G1049300.1,,9.86,0.9972,0.9987,0.0,1,0,1,1,0,1,0,0,0,,,"TraesCS3B03G1214600.1, TraesCS3D03G0978800.1"
574,PXD004720,bread wheat,embryo,single,protein,no,TraesCS3D03G0430000LC.1,TraesCS3D03G0430000LC.1,TraesCS3D03G0430000LC.1,,125,False,False,,TraesCS3D03G0430000LC.1,,9.6,0.9972,0.9987,0.0,1,1,1,8,8,8,0,0,0,,,
575,PXD004720,bread wheat,embryo,single,protein,no,TraesCS4D03G0806500.1,TraesCS4D03G0806500.1,TraesCS4D03G0806500.1,,885,False,False,,TraesCS4D03G0806500.1,,0.9,0.9972,0.9987,0.0,1,1,1,1,1,1,0,0,0,,,
576,PXD004720,bread wheat,embryo,single,protein,no,TraesCS5A03G0217400.1,TraesCS5A03G0217400.1,TraesCS5A03G0217400.1,,195,False,False,,TraesCS5A03G0217400.1,,10.26,0.9972,0.9987,0.0,1,0,1,1,0,1,0,0,0,N-term(42.0106),,"TraesCS5B03G0232700.1, TraesCS5B03G0232700.2, TraesCS5D03G0235600.1"
577,PXD004720,bread wheat,embryo,single,protein,no,TraesCS5A03G0942400.1,TraesCS5A03G0942400.1,TraesCS5A03G0942400.1,,480,False,False,,TraesCS5A03G0942400.1,,3.54,0.9972,0.9987,0.0,1,0,1,1,0,1,0,0,0,,,TraesCS5D03G0900300.1
578,PXD004720,bread wheat,embryo,single,protein,no,TraesCS6A03G0965800.1,TraesCS6A03G0965800.1,TraesCS6A03G0965800.1,,736,False,False,,TraesCS6A03G0965800.1,,2.04,0.9972,0.9987,0.0,1,0,1,2,0,2,0,0,0,,,"TraesCS6B03G1182300.1, TraesCS6B03G1182300.2, TraesCS6D03G0845400.1, TraesCS6D03G0845400.2, TraesCS6D03G0845400.3, TraesCS6D03G0845400.4, TraesCS6D03G0845400.5"
579,PXD004720,bread wheat,embryo,single,protein,no,TraesCS6B03G0036400.1,TraesCS6B03G0036400.1,TraesCS6B03G0036400.1,,1070,False,False,,TraesCS6B03G0036400.1,,0.75,0.9972,0.9987,0.0,1,0,1,1,0,1,0,0,0,,,TraesCS6D03G0027900LC.1
580,PXD004720,bread wheat,embryo,single,protein,no,TraesCS2A03G1030400.1,TraesCS2A03G1030400.1,TraesCS2A03G1030400.1,,244,False,False,,TraesCS2A03G1030400.1,,15.16,0.9971,0.8741,0.00768245838668,2,0,2,2,0,2,0,0,0,N-term(42.0106),,TraesCS2B03G1152000.1
581,PXD004720,bread wheat,embryo,single,protein,no,TraesCS1A03G0834600.1,TraesCS1A03G0834600.1,TraesCS1A03G0834600.1,,206,False,False,,TraesCS1A03G0834600.1,,9.71,0.997,0.9986,0.0,1,0,1,1,0,1,0,0,0,,,"TraesCS1B03G0959000.1, TraesCS1D03G0803500.1"
582,PXD004720,bread wheat,embryo,single,protein,no,TraesCS2D03G1171100.1,TraesCS2D03G1171100.1,TraesCS2D03G1171100.1,,776,False,False,,TraesCS2D03G1171100.1,,2.06,0.997,0.9986,0.0,1,1,1,1,1,1,0,0,0,,,
583,PXD004720,bread wheat,embryo,single,protein,no,TraesCS3A03G0531700.1,TraesCS3A03G0531700.1,TraesCS3A03G0531700.1,,805,False,False,,TraesCS3A03G0531700.1,,3.85,0.997,0.9986,0.0,1,0,1,1,0,1,0,0,0,,,"TraesCS3B03G0617400.1, TraesCS3D03G0498500.2"
584,PXD004720,bread wheat,embryo,single,protein,no,TraesCS4A03G1189200.1,TraesCS4A03G1189200.1,TraesCS4A03G1189200.1,,172,False,False,,TraesCS4A03G1189200.1,,12.21,0.997,0.9986,0.0,1,0,1,1,0,1,0,0,0,,,"TraesCS6A03G0000500.1, TraesCS6B03G0000700.1, TraesCS6D03G0004600.1, TraesCS7A03G0042000.1, TraesCS7D03G0036700.1"
585,PXD004720,bread wheat,embryo,single,protein,no,TraesCS5A03G0621700.1,TraesCS5A03G0621700.1,TraesCS5A03G0621700.1,,746,False,False,,TraesCS5A03G0621700.1,,3.35,0.997,0.9986,0.0,1,0,1,1,0,1,0,0,0,,,"TraesCS5A03G0621700.2, TraesCS5B03G0639400.1, TraesCS5D03G0588700.1"
586,PXD004720,bread wheat,embryo,single,protein,no,TraesCS5D03G0402800.1,TraesCS5D03G0402800.1,TraesCS5D03G0402800.1,,71,False,False,,TraesCS5D03G0402800.1,,30.99,0.997,0.9986,0.0,1,1,1,1,1,1,0,0,0,,,
587,PXD004720,bread wheat,embryo,single,protein,no,TraesCS6A03G1015200.1,TraesCS6A03G1015200.1,TraesCS6A03G1015200.1,,292,False,False,,TraesCS6A03G1015200.1,,7.88,0.997,0.9986,0.0,1,0,1,1,0,1,0,0,0,,,"TraesCS6A03G1015400.1, TraesCS6B03G1249800.1, TraesCS6B03G1250200.1, TraesCS6D03G0894100.1, TraesCS6D03G0894200.1"
588,PXD004720,bread wheat,embryo,single,protein,no,TraesCS7A03G0848400.1,TraesCS7A03G0848400.1,TraesCS7A03G0848400.1,,558,False,False,,TraesCS7A03G0848400.1,,3.23,0.997,0.9986,0.0,1,0,1,3,0,3,0,0,0,,,"TraesCS7B03G0662000.1, TraesCS7B03G0662000.2, TraesCS7D03G0789300.1, TraesCS7D03G0789300.2"
589,PXD004720,bread wheat,embryo,single,protein,no,TraesCS7A03G0859100.1,TraesCS7A03G0859100.1,TraesCS7A03G0859100.1,,719,False,False,,TraesCS7A03G0859100.1,,1.95,0.997,0.9986,0.0,1,0,1,1,0,1,0,0,0,,,"TraesCS7B03G0756900.1, TraesCS7D03G0876300.1"
590,PXD004720,bread wheat,embryo,single,protein,no,TraesCS2A03G0086500.1,TraesCS2A03G0086500.1,TraesCS2A03G0086500.1,,535,False,False,,TraesCS2A03G0086500.1,,3.74,0.9968,0.9985,0.0,1,0,1,1,0,1,0,0,0,,,TraesCS2D03G0081400.1
591,PXD004720,bread wheat,embryo,single,protein,no,TraesCS2A03G0837300.1,TraesCS2A03G0837300.1,TraesCS2A03G0837300.1,,617,False,False,,TraesCS2A03G0837300.1,,2.92,0.9968,0.9985,0.0,1,0,1,1,0,1,0,0,0,,,"TraesCS2A03G0837300.2, TraesCS2D03G0780900.1, TraesCS2D03G0780900.2"
592,PXD004720,bread wheat,embryo,single,protein,no,TraesCS3A03G0356400.1,TraesCS3A03G0356400.1,TraesCS3A03G0356400.1,,522,False,False,,TraesCS3A03G0356400.1,,6.51,0.9968,0.9985,0.0,1,1,1,1,1,1,0,0,0,N-term(42.0106),,
593,PXD004720,bread wheat,embryo,single,protein,no,TraesCS4D03G0291400.1,TraesCS4D03G0291400.1,TraesCS4D03G0291400.1,,376,False,False,,TraesCS4D03G0291400.1,,7.18,0.9968,0.9985,0.0,1,0,1,1,0,1,0,0,0,,,"TraesCS4D03G0291400.2, TraesCS4D03G0291400.3, TraesCS4D03G0291400.4, TraesCS4D03G0291400.5, TraesCSU03G0067800.1, TraesCSU03G0067800.2, TraesCSU03G0067800.3, TraesCSU03G0067800.4, TraesCSU03G0067800.5"
594,PXD004720,bread wheat,embryo,single,protein,no,TraesCS5B03G0933800LC.1,TraesCS5B03G0933800LC.1,TraesCS5B03G0933800LC.1,,307,False,False,,TraesCS5B03G0933800LC.1,,2.28,0.9968,0.9985,0.0,1,1,1,1,1,1,0,0,0,,,
595,PXD004720,bread wheat,embryo,single,protein,no,TraesCS7A03G0505500.1,TraesCS7A03G0505500.1,TraesCS7A03G0505500.1,,545,False,False,,TraesCS7A03G0505500.1,,3.85,0.9967,0.8064,0.00768245838668,2,0,2,4,0,4,0,0,0,,,"TraesCS7B03G0321600.1, TraesCS7B03G0321600.2, TraesCS7D03G0486900.1, TraesCS7D03G0486900.2, TraesCS7D03G0486900.3"
596,PXD004720,bread wheat,embryo,single,protein,no,TraesCS4B03G0884300.1,TraesCS4B03G0884300.1,TraesCS4B03G0884300.1,,436,False,False,,TraesCS4B03G0884300.1,,4.13,0.9965,0.9984,0.0,1,0,1,1,0,1,0,0,0,,,"TraesCS4D03G0782300.1, TraesCS5A03G1197100.1, TraesCS5A03G1197100.2"
597,PXD004720,bread wheat,embryo,single,protein,no,TraesCS1A03G0805700.1,TraesCS1A03G0805700.1,TraesCS1A03G0805700.1,,1547,False,False,,TraesCS1A03G0805700.1,,0.52,0.9963,0.9983,0.0,1,0,1,1,0,1,0,0,0,,,"TraesCS1A03G0805700.2, TraesCS1A03G0805700.3, TraesCS1B03G0926300.1, TraesCS1B03G0926300.2, TraesCS1D03G0772900.1"
598,PXD004720,bread wheat,embryo,single,protein,no,TraesCS1A03G0983800LC.1,TraesCS1A03G0983800LC.1,TraesCS1A03G0983800LC.1,,121,False,False,,TraesCS1A03G0983800LC.1,,17.36,0.9963,0.9983,0.0,1,0,1,2,0,2,0,0,0,,,"TraesCS1D03G0287500LC.1, TraesCS4A03G0770500.1, TraesCS4A03G0770500.2, TraesCS4B03G0015000.1, TraesCS7A03G1214800LC.1, TraesCS7B03G0626100LC.1, TraesCS7D03G1155200.1, TraesCSU03G0073800LC.1"
599,PXD004720,bread wheat,embryo,single,protein,no,TraesCS2A03G0382500.1,TraesCS2A03G0382500.1,TraesCS2A03G0382500.1,,151,False,False,,TraesCS2A03G0382500.1,,7.95,0.9963,0.9983,0.0,1,0,1,1,0,1,0,0,0,,,"TraesCS2B03G0538600.1, TraesCS2D03G0426500.1"
600,PXD004720,bread wheat,embryo,single,protein,no,TraesCS5A03G0444800.1,TraesCS5A03G0444800.1,TraesCS5A03G0444800.1,,121,False,False,,TraesCS5A03G0444800.1,,9.09,0.9963,0.9983,0.0,1,0,1,1,0,1,0,0,0,,,TraesCS5D03G0410900.1
601,PXD004720,bread wheat,embryo,single,protein,no,TraesCS7A03G0930200.1,TraesCS7A03G0930200.1,TraesCS7A03G0930200.1,,114,False,False,,TraesCS7A03G0930200.1,,16.67,0.9963,0.9983,0.0,1,0,1,1,0,1,0,0,0,,,"TraesCS7B03G0777800.1, TraesCS7D03G0896100.1"
602,PXD004720,bread wheat,embryo,single,protein,no,TraesCS1D03G0203900.1,TraesCS1D03G0203900.1,TraesCS1D03G0203900.1,,401,False,False,,TraesCS1D03G0203900.1,,9.98,0.9961,0.9982,0.0,1,1,1,1,1,1,0,0,0,,,
603,PXD004720,bread wheat,embryo,single,protein,no,TraesCS2A03G0559600.1,TraesCS2A03G0559600.1,TraesCS2A03G0559600.1,,591,False,False,,TraesCS2A03G0559600.1,,3.05,0.9961,0.9982,0.0,1,0,1,2,0,2,0,0,0,,,"TraesCS2B03G0642800.1, TraesCS2D03G0519500.1"
604,PXD004720,bread wheat,embryo,single,protein,no,TraesCS2A03G1065600.1,TraesCS2A03G1065600.1,TraesCS2A03G1065600.1,,110,False,False,,TraesCS2A03G1065600.1,,11.82,0.9961,0.9982,0.0,1,0,1,1,0,1,0,0,0,,,
605,PXD004720,bread wheat,embryo,single,protein,no,TraesCS3A03G0350000.1,TraesCS3A03G0350000.1,TraesCS3A03G0350000.1,,840,False,False,,TraesCS3A03G0350000.1,,2.5,0.9961,0.9982,0.0,2,0,2,4,0,4,0,0,0,,,"TraesCS3A03G0350000.2, TraesCS3B03G0425600.1, TraesCS3B03G0425600.2, TraesCS3B03G0425600.3, TraesCS3D03G0340500.1, TraesCS3D03G0340500.2"
606,PXD004720,bread wheat,embryo,single,protein,no,TraesCS5A03G0584700.1,TraesCS5A03G0584700.1,TraesCS5A03G0584700.1,,245,False,False,,TraesCS5A03G0584700.1,,15.92,0.9961,0.9982,0.0,1,0,1,1,0,1,0,0,0,,,"TraesCS5B03G0599300.1, TraesCS5D03G0552200.1"
607,PXD004720,bread wheat,embryo,single,protein,no,TraesCS6B03G1281700.1,TraesCS6B03G1281700.1,TraesCS6B03G1281700.1,,727,False,False,,TraesCS6B03G1281700.1,,1.65,0.9961,0.9982,0.0,1,1,1,1,1,1,0,0,0,,,
608,PXD004720,bread wheat,embryo,single,protein,no,TraesCS7A03G0958300.1,TraesCS7A03G0958300.1,TraesCS7A03G0958300.1,,323,False,False,,TraesCS7A03G0958300.1,,6.5,0.9961,0.9982,0.0,1,0,1,2,0,2,0,0,0,,,"TraesCS7A03G0958500.1, TraesCS7B03G0801200.1, TraesCS7B03G0801400.1, TraesCS7D03G0923200.1"
609,PXD004720,bread wheat,embryo,single,protein,no,TraesCS1D03G0364300.1,TraesCS1D03G0364300.1,TraesCS1D03G0364300.1,,574,False,False,,TraesCS1D03G0364300.1,,5.57,0.996,0.983,0.00768245838668,2,0,1,4,0,3,0,0,0,,,TraesCS1D03G0364300.2
610,PXD004720,bread wheat,embryo,single,protein,no,TraesCS2A03G0833600.1,TraesCS2A03G0833600.1,TraesCS2A03G0833600.1,,276,False,False,,TraesCS2A03G0833600.1,,6.16,0.9959,0.9981,0.0,1,0,1,1,0,1,0,0,0,1M(15.9949),,"TraesCS2B03G0923300.1, TraesCS2D03G0777100.1, TraesCS2D03G0777100.2"
611,PXD004720,bread wheat,embryo,single,protein,no,TraesCS2A03G1212600.1,TraesCS2A03G1212600.1,TraesCS2A03G1212600.1,,176,False,False,,TraesCS2A03G1212600.1,,11.93,0.9959,0.9981,0.0,1,1,1,2,2,2,0,0,0,,,
612,PXD004720,bread wheat,embryo,single,protein,no,TraesCS3A03G0073500.1,TraesCS3A03G0073500.1,TraesCS3A03G0073500.1,,186,False,False,,TraesCS3A03G0073500.1,,18.82,0.9959,0.9981,0.0,1,1,1,1,1,1,0,0,0,6M(15.9949),,
613,PXD004720,bread wheat,embryo,single,protein,no,TraesCS3A03G0653000.1,TraesCS3A03G0653000.1,TraesCS3A03G0653000.1,,213,False,False,,TraesCS3A03G0653000.1,,9.39,0.9959,0.9981,0.0,1,0,1,4,0,4,0,0,0,,,"TraesCS3B03G0736100.1, TraesCS3D03G0598100.1"
614,PXD004720,bread wheat,embryo,single,protein,no,TraesCS4A03G0881400.1,TraesCS4A03G0881400.1,TraesCS4A03G0881400.1,,356,False,False,,TraesCS4A03G0881400.1,,5.62,0.9959,0.9981,0.0,1,0,1,1,0,1,0,0,0,,,"TraesCS5B03G1251500.1, TraesCS5D03G1125700.1"
615,PXD004720,bread wheat,embryo,single,protein,no,TraesCS5A03G0458500.1,TraesCS5A03G0458500.1,TraesCS5A03G0458500.1,,170,False,False,,TraesCS5A03G0458500.1,,5.88,0.9959,0.9981,0.0,1,0,1,6,0,6,0,0,0,,,"TraesCS5B03G0451100.1, TraesCS5D03G0423500.1"
616,PXD004720,bread wheat,embryo,single,protein,no,TraesCS7A03G0870200.1,TraesCS7A03G0870200.1,TraesCS7A03G0870200.1,,137,False,False,,TraesCS7A03G0870200.1,,11.68,0.9959,0.9981,0.0,1,0,1,1,0,1,0,0,0,,,"TraesCS7B03G0742900.1, TraesCS7D03G0863800.1"
617,PXD004720,bread wheat,embryo,single,protein,no,TraesCS1A03G0716700.1,TraesCS1A03G0716700.1,TraesCS1A03G0716700.1,,808,False,False,,TraesCS1A03G0716700.1,,2.6,0.9955,0.9979,0.0016051364366,1,0,1,2,0,2,0,0,0,,,"TraesCS1B03G0816900.1, TraesCS1B03G0816900.2, TraesCS1D03G0679200.1, TraesCS1D03G0679200.2"
618,PXD004720,bread wheat,embryo,single,protein,no,TraesCS1D03G0429400.1,TraesCS1D03G0429400.1,TraesCS1D03G0429400.1,,489,False,False,,TraesCS1D03G0429400.1,,5.52,0.9955,0.9979,0.0016051364366,1,1,1,2,2,2,0,0,0,,,
619,PXD004720,bread wheat,embryo,single,protein,no,TraesCS5A03G0472300.1,TraesCS5A03G0472300.1,TraesCS5A03G0472300.1,,492,False,False,,TraesCS5A03G0472300.1,,1.42,0.9955,0.9979,0.0016051364366,1,0,1,1,0,1,0,0,0,,,"decoy_202500, decoy_206270"
620,PXD004720,bread wheat,embryo,single,protein,no,TraesCS5A03G0949200.1,TraesCS5A03G0949200.1,TraesCS5A03G0949200.1,,374,False,False,,TraesCS5A03G0949200.1,,5.61,0.9955,0.9979,0.0016051364366,1,0,1,2,0,2,0,0,0,,,"TraesCS5B03G0999200.1, TraesCS5B03G0999200.2, TraesCS5D03G0905200.1"
621,PXD004720,bread wheat,embryo,single,protein,no,TraesCS5B03G1290200.1,TraesCS5B03G1290200.1,TraesCS5B03G1290200.1,,361,False,False,,TraesCS5B03G1290200.1,,4.99,0.9955,0.9979,0.0016051364366,1,0,1,1,0,1,0,0,0,N-term(42.0106),,TraesCS5D03G1156300.1
622,PXD004720,bread wheat,embryo,single,protein,no,TraesCS6B03G0255700.1,TraesCS6B03G0255700.1,TraesCS6B03G0255700.1,,312,False,False,,TraesCS6B03G0255700.1,,6.09,0.9955,0.9979,0.0016051364366,1,1,1,1,1,1,0,0,0,,,
623,PXD004720,bread wheat,embryo,single,protein,no,TraesCS7A03G0253600.1,TraesCS7A03G0253600.1,TraesCS7A03G0253600.1,,450,False,False,,TraesCS7A03G0253600.1,,1.78,0.9955,0.9979,0.0016051364366,1,1,1,2,2,2,0,0,0,,,
624,PXD004720,bread wheat,embryo,single,protein,no,TraesCS7B03G1094700LC.1,TraesCS7B03G1094700LC.1,TraesCS7B03G1094700LC.1,,61,False,False,,TraesCS7B03G1094700LC.1,,24.59,0.9955,0.9979,0.0016051364366,1,1,1,4,4,4,0,0,0,9M(15.9949),,
625,PXD004720,bread wheat,embryo,single,protein,no,TraesCS7D03G0613600LC.1,TraesCS7D03G0613600LC.1,TraesCS7D03G0613600LC.1,,150,False,False,,TraesCS7D03G0613600LC.1,,6.0,0.9955,0.9979,0.0016051364366,1,1,1,1,1,1,0,0,0,,,
626,PXD004720,bread wheat,embryo,single,protein,no,TraesCS1B03G0974900LC.1,TraesCS1B03G0974900LC.1,TraesCS1B03G0974900LC.1,,297,False,False,,TraesCS1B03G0974900LC.1,,3.03,0.9953,0.9978,0.0016051364366,1,1,1,1,1,1,0,0,0,,,
627,PXD004720,bread wheat,embryo,single,protein,no,TraesCS3A03G0311700.1,TraesCS3A03G0311700.1,TraesCS3A03G0311700.1,,319,False,False,,TraesCS3A03G0311700.1,,6.58,0.9953,0.9978,0.0016051364366,1,0,1,4,0,4,0,0,0,,,"TraesCS3B03G0370600.1, TraesCS3D03G0289900.1"
628,PXD004720,bread wheat,embryo,single,protein,no,TraesCS3A03G0089300.1,TraesCS3A03G0089300.1,TraesCS3A03G0089300.1,,599,False,False,,TraesCS3A03G0089300.1,,1.84,0.995,0.9977,0.0016051364366,2,0,2,2,0,2,0,0,0,,,"TraesCS3A03G0089300.2, TraesCS3B03G0090300.1, TraesCS3D03G0066600.1"
629,PXD004720,bread wheat,embryo,single,protein,no,TraesCS3B03G0432400.1,TraesCS3B03G0432400.1,TraesCS3B03G0432400.1,,522,False,False,,TraesCS3B03G0432400.1,,6.51,0.995,0.9977,0.0016051364366,1,0,1,2,0,2,0,0,0,N-term(42.0106),,TraesCS3D03G0345500.1
630,PXD004720,bread wheat,embryo,single,protein,no,TraesCS5A03G0074100.1,TraesCS5A03G0074100.1,TraesCS5A03G0074100.1,,114,False,False,,TraesCS5A03G0074100.1,,15.79,0.995,0.9977,0.0016051364366,1,0,1,1,0,1,0,0,0,,,"TraesCS5B03G0067800.1, TraesCS5D03G0098500.1, TraesCS6A03G0980200.1, TraesCS6D03G0861600LC.1"
631,PXD004720,bread wheat,embryo,single,protein,no,TraesCS6A03G0578100.1,TraesCS6A03G0578100.1,TraesCS6A03G0578100.1,,470,False,False,,TraesCS6A03G0578100.1,,3.4,0.995,0.9977,0.0016051364366,1,0,1,1,0,1,0,0,0,,,"TraesCS6B03G0694200.1, TraesCS6D03G0480200.1"
632,PXD004720,bread wheat,embryo,single,protein,no,TraesCS7D03G1015000.1,TraesCS7D03G1015000.1,TraesCS7D03G1015000.1,,169,False,False,,TraesCS7D03G1015000.1,,14.79,0.995,0.9977,0.0016051364366,1,1,1,1,1,1,0,0,0,,,
633,PXD004720,bread wheat,embryo,single,protein,no,TraesCS2A03G0224400.1,TraesCS2A03G0224400.1,TraesCS2A03G0224400.1,,255,False,False,,TraesCS2A03G0224400.1,,7.06,0.9948,0.9976,0.0016051364366,1,0,1,1,0,1,0,0,0,,,TraesCS2B03G0310400.1
634,PXD004720,bread wheat,embryo,single,protein,no,TraesCS2A03G0861400.1,TraesCS2A03G0861400.1,TraesCS2A03G0861400.1,,460,False,False,,TraesCS2A03G0861400.1,,4.57,0.9948,0.9976,0.0016051364366,1,1,1,2,2,2,0,0,0,N-term(42.0106),,
635,PXD004720,bread wheat,embryo,single,protein,no,TraesCS3D03G1077000LC.1,TraesCS3D03G1077000LC.1,TraesCS3D03G1077000LC.1,,573,False,False,,TraesCS3D03G1077000LC.1,,4.19,0.9948,0.9976,0.0016051364366,1,1,1,1,1,1,0,0,0,6M(15.9949),,
636,PXD004720,bread wheat,embryo,single,protein,no,TraesCS4A03G0714400.1,TraesCS4A03G0714400.1,TraesCS4A03G0714400.1,,213,False,False,,TraesCS4A03G0714400.1,,9.86,0.9948,0.9976,0.0016051364366,1,1,1,2,2,2,0,0,0,,,
637,PXD004720,bread wheat,embryo,single,protein,no,TraesCS6A03G0782800.1,TraesCS6A03G0782800.1,TraesCS6A03G0782800.1,,349,False,False,,TraesCS6A03G0782800.1,,4.58,0.9948,0.9976,0.0016051364366,1,0,1,1,0,1,0,0,0,,,"TraesCS6A03G0782800.2, TraesCS6B03G0928600.1, TraesCS6B03G0928600.2, TraesCS6B03G0928600.3, TraesCS6D03G0662100LC.1, TraesCS6D03G0662100LC.2"
638,PXD004720,bread wheat,embryo,single,protein,no,TraesCS7A03G0589200.1,TraesCS7A03G0589200.1,TraesCS7A03G0589200.1,,262,False,False,,TraesCS7A03G0589200.1,,8.02,0.9948,0.9976,0.0016051364366,1,1,1,2,2,2,0,0,0,,,
639,PXD004720,bread wheat,embryo,single,protein,no,TraesCS1A03G0638500.1,TraesCS1A03G0638500.1,TraesCS1A03G0638500.1,,522,False,False,,TraesCS1A03G0638500.1,,6.32,0.9946,0.9975,0.00309119010819,1,0,1,1,0,1,0,0,0,,,"TraesCS1B03G0725800.1, TraesCS1B03G0725800.2, TraesCS1D03G0597400.1, TraesCS1D03G0597400.2, TraesCS1D03G0597400.3"
640,PXD004720,bread wheat,embryo,single,protein,no,TraesCS6B03G0176900LC.1,TraesCS6B03G0176900LC.1,TraesCS6B03G0176900LC.1,,119,False,False,,TraesCS6B03G0176900LC.1,,18.49,0.9944,0.9974,0.00309119010819,1,1,1,2,2,2,0,0,0,,,
641,PXD004720,bread wheat,embryo,single,protein,no,TraesCS4A03G0896900.1,TraesCS4A03G0896900.1,TraesCS4A03G0896900.1,,843,False,False,,TraesCS4A03G0896900.1,,6.29,0.9943,0.999,0.0,3,0,1,6,0,4,0,0,0,,,"TraesCS4A03G0897000.1, TraesCS5B03G1237200.1, TraesCS5B03G1237300.1, TraesCS5B03G1237400.1, TraesCS5D03G1112600.1, TraesCS5D03G1112700.1, TraesCS7A03G1119800.1, TraesCS7B03G0976000.1, TraesCS7D03G1066700.1"
642,PXD004720,bread wheat,embryo,single,protein,no,TraesCS1B03G0331800LC.1,TraesCS1B03G0331800LC.1,TraesCS1B03G0331800LC.1,,225,False,False,,TraesCS1B03G0331800LC.1,,10.22,0.9942,0.9973,0.00309119010819,1,0,1,1,0,1,0,0,0,,,TraesCS1D03G0241700.1
643,PXD004720,bread wheat,embryo,single,protein,no,TraesCS2B03G0205500LC.1,TraesCS2B03G0205500LC.1,TraesCS2B03G0205500LC.1,,451,False,False,,TraesCS2B03G0205500LC.1,,1.77,0.9942,0.9973,0.00309119010819,1,1,1,2,2,2,0,0,0,,,
644,PXD004720,bread wheat,embryo,single,protein,no,TraesCS2B03G0473200.1,TraesCS2B03G0473200.1,TraesCS2B03G0473200.1,,226,False,False,,TraesCS2B03G0473200.1,,6.19,0.9942,0.9973,0.00309119010819,1,0,1,3,0,3,0,0,0,N-term(42.0106),,TraesCS2D03G0369700.1
645,PXD004720,bread wheat,embryo,single,protein,no,TraesCS3B03G1495400.1,TraesCS3B03G1495400.1,TraesCS3B03G1495400.1,,398,False,False,,TraesCS3B03G1495400.1,,2.26,0.994,0.9972,0.00309119010819,1,1,1,1,1,1,0,0,0,,,
646,PXD004720,bread wheat,embryo,single,protein,no,TraesCS7A03G0617200.1,TraesCS7A03G0617200.1,TraesCS7A03G0617200.1,,393,False,False,,TraesCS7A03G0617200.1,,3.05,0.994,0.9972,0.00309119010819,1,0,1,1,0,1,0,0,0,,,"TraesCS7B03G0449400.1, TraesCS7D03G0608000.1"
647,PXD004720,bread wheat,embryo,single,protein,no,TraesCS3A03G0095800.1,TraesCS3A03G0095800.1,TraesCS3A03G0095800.1,,610,False,False,,TraesCS3A03G0095800.1,,2.79,0.9933,0.9969,0.00309119010819,1,0,1,1,0,1,0,0,0,,,"TraesCS3B03G0079600.1, TraesCS3D03G0057400.1"
648,PXD004720,bread wheat,embryo,single,protein,no,TraesCS5A03G0565400.1,TraesCS5A03G0565400.1,TraesCS5A03G0565400.1,,928,False,False,,TraesCS5A03G0565400.1,,1.19,0.9933,0.9969,0.00309119010819,1,0,1,1,0,1,0,0,0,,,"TraesCS5A03G0963000.1, TraesCS5B03G0576800.1, TraesCS5B03G1013800.1, TraesCS5D03G0531600.1, TraesCS5D03G0917600.1"
649,PXD004720,bread wheat,embryo,single,protein,no,TraesCS1A03G1006500.1,TraesCS1A03G1006500.1,TraesCS1A03G1006500.1,,583,False,False,,TraesCS1A03G1006500.1,,3.26,0.9931,0.9968,0.00309119010819,1,0,1,1,0,1,0,0,0,,,"TraesCS1B03G1188000.1, TraesCS1D03G0969300.1, TraesCS1D03G0969300.2"
650,PXD004720,bread wheat,embryo,single,protein,no,TraesCS2B03G0020800LC.1,TraesCS2B03G0020800LC.1,TraesCS2B03G0020800LC.1,,131,False,False,,TraesCS2B03G0020800LC.1,,5.34,0.9931,0.9968,0.00309119010819,1,0,1,1,0,1,0,0,0,,,
651,PXD004720,bread wheat,embryo,single,protein,no,TraesCS4B03G0965600.1,TraesCS4B03G0965600.1,TraesCS4B03G0965600.1,,218,False,False,,TraesCS4B03G0965600.1,,5.05,0.9931,0.9968,0.00309119010819,1,0,1,1,0,1,0,0,0,"3C(57.0214), 4M(15.9949)",,"TraesCS4B03G0965600.2, TraesCS5A03G1270100.1, TraesCS5A03G1270100.2"
652,PXD004720,bread wheat,embryo,single,protein,no,TraesCS3A03G0116000.2,TraesCS3A03G0116000.2,TraesCS3A03G0116000.2,,262,False,False,,TraesCS3A03G0116000.2,,6.11,0.9929,0.9967,0.00309119010819,1,0,1,2,0,2,0,0,0,"14M(15.9949), N-term(42.0106)",,TraesCS3D03G0102900.1
653,PXD004720,bread wheat,embryo,single,protein,no,TraesCS7A03G0933300.1,TraesCS7A03G0933300.1,TraesCS7A03G0933300.1,,255,False,False,,TraesCS7A03G0933300.1,,9.02,0.9927,0.9966,0.00309119010819,1,0,1,2,0,2,0,0,0,,,"TraesCS7A03G0933300.2, TraesCS7A03G0933300.3, TraesCS7B03G0782400.1, TraesCS7B03G0782400.2, TraesCS7D03G0900600.1, TraesCS7D03G0900600.2, TraesCS7D03G0900600.3"
654,PXD004720,bread wheat,embryo,single,protein,no,TraesCS1A03G1071000.1,TraesCS1A03G1071000.1,TraesCS1A03G1071000.1,,379,False,False,,TraesCS1A03G1071000.1,,5.8,0.9925,0.999,0.0,1,0,1,2,0,2,0,0,0,,,"TraesCS1A03G1071000.2, TraesCS1B03G1269100.1, TraesCS1B03G1269100.2, TraesCS1B03G1269100.3, TraesCS1D03G1034800.1, TraesCS1D03G1034800.2, TraesCS1D03G1034800.3, TraesCS2D03G1273000LC.1, TraesCS3D03G1097700LC.1, TraesCS4A03G0407900LC.1, TraesCS5B03G0440400LC.1, TraesCS5D03G0607600LC.1"
655,PXD004720,bread wheat,embryo,single,protein,no,TraesCS3A03G0533900.1,TraesCS3A03G0533900.1,TraesCS3A03G0533900.1,,675,False,False,,TraesCS3A03G0533900.1,,1.48,0.9925,0.9965,0.00309119010819,1,0,1,3,0,3,0,0,0,,,"TraesCS3B03G0615300.1, TraesCS3D03G0496400.1"
656,PXD004720,bread wheat,embryo,single,protein,no,TraesCS6A03G0470100.1,TraesCS6A03G0470100.1,TraesCS6A03G0470100.1,,413,False,False,,TraesCS6A03G0470100.1,,7.75,0.9925,0.9965,0.00309119010819,1,0,1,1,0,1,0,0,0,N-term(42.0106),,"TraesCS6B03G0585300.1, TraesCS6B03G0585300.2, TraesCS6D03G0392300.1"
657,PXD004720,bread wheat,embryo,single,protein,no,TraesCS1A03G1080900.1,TraesCS1A03G1080900.1,TraesCS1A03G1080900.1,,484,False,False,,TraesCS1A03G1080900.1,,11.98,0.9924,0.9945,0.00442477876106,2,1,1,3,1,1,0,0,0,,,
658,PXD004720,bread wheat,embryo,single,protein,no,TraesCS3A03G0235100LC.1,TraesCS3A03G0235100LC.1,TraesCS3A03G0235100LC.1,,114,False,False,,TraesCS3A03G0235100LC.1,,15.79,0.9923,0.999,0.0,1,0,1,2,0,2,0,0,0,,,"TraesCS3B03G0998800.1, TraesCS5B03G0697700LC.1, TraesCS5B03G0920000LC.1, TraesCS7A03G0363100.1, TraesCS7B03G0159600.1, TraesCS7B03G0159600.2, TraesCS7D03G0349300.1"
659,PXD004720,bread wheat,embryo,single,protein,no,TraesCS6A03G0251300.1,TraesCS6A03G0251300.1,TraesCS6A03G0251300.1,,1726,False,False,,TraesCS6A03G0251300.1,,0.81,0.992,0.9963,0.00309119010819,1,0,1,1,0,1,0,0,0,,,"TraesCS6A03G0251300.2, TraesCS6B03G0342100.1, TraesCS6D03G0206300.1"
660,PXD004720,bread wheat,embryo,single,protein,no,TraesCS3A03G0636900.1,TraesCS3A03G0636900.1,TraesCS3A03G0636900.1,,178,False,False,,TraesCS3A03G0636900.1,,10.11,0.9919,0.999,0.0,1,0,1,2,0,2,0,0,0,,,"TraesCS3B03G0703500.1, TraesCS3B03G0831600LC.1, TraesCS3D03G0573800.1, TraesCS3D03G0669300LC.1"
661,PXD004720,bread wheat,embryo,single,protein,no,TraesCS7A03G1224000.1,TraesCS7A03G1224000.1,TraesCS7A03G1224000.1,,601,False,False,,TraesCS7A03G1224000.1,,1.33,0.9919,0.9986,0.0,1,0,1,1,0,1,0,0,0,,,TraesCS7D03G1163300.1
662,PXD004720,bread wheat,embryo,single,protein,no,TraesCS1A03G0242100.1,TraesCS1A03G0242100.1,TraesCS1A03G0242100.1,,565,False,False,,TraesCS1A03G0242100.1,,3.19,0.9918,0.9962,0.00442477876106,1,0,1,1,0,1,0,0,0,,,"TraesCS1A03G0242100.2, TraesCS1A03G0242100.3, TraesCS1D03G0253200.1, TraesCS1D03G0253200.3, TraesCS1D03G0253200.4"
663,PXD004720,bread wheat,embryo,single,protein,no,TraesCS5B03G0309500.1,TraesCS5B03G0309500.1,TraesCS5B03G0309500.1,,193,False,False,,TraesCS5B03G0309500.1,,20.21,0.9918,0.9962,0.00442477876106,1,0,1,1,0,1,0,0,0,2C(57.0214),,TraesCS5B03G0309500.2
664,PXD004720,bread wheat,embryo,single,protein,no,TraesCS1A03G0966000.1,TraesCS1A03G0966000.1,TraesCS1A03G0966000.1,,1069,False,False,,TraesCS1A03G0966000.1,,3.09,0.9916,0.9961,0.00442477876106,1,0,1,2,0,2,0,0,0,,,"TraesCS1A03G0966000.2, TraesCS1D03G0940000.1, TraesCS1D03G0940000.2"
665,PXD004720,bread wheat,embryo,single,protein,no,TraesCS1A03G1031600.1,TraesCS1A03G1031600.1,TraesCS1A03G1031600.1,,163,False,False,,TraesCS1A03G1031600.1,,12.88,0.9916,0.9961,0.00442477876106,1,0,1,2,0,2,0,0,0,,,"TraesCS1B03G1221300.1, TraesCS1D03G0993600.1"
666,PXD004720,bread wheat,embryo,single,protein,no,TraesCS7A03G0623600.1,TraesCS7A03G0623600.1,TraesCS7A03G0623600.1,,566,False,False,,TraesCS7A03G0623600.1,,2.65,0.9916,0.9961,0.00442477876106,1,0,1,1,0,1,0,0,0,,,"TraesCS7A03G0623600.2, TraesCS7A03G0623600.3, TraesCS7A03G0623600.4, TraesCS7A03G0623600.5, TraesCS7A03G0623600.6, TraesCS7A03G0623600.7, TraesCS7B03G0449700.1, TraesCS7B03G0449700.2, TraesCS7B03G0449700.3, TraesCS7B03G0449700.4, TraesCS7B03G0449700.5, TraesCS7B03G0449700.6, TraesCS7B03G0449700.7, TraesCS7D03G0608200.1, TraesCS7D03G0608200.2, TraesCS7D03G0608200.3, TraesCS7D03G0608200.4, TraesCS7D03G0608200.5"
667,PXD004720,bread wheat,embryo,single,protein,no,TraesCS5B03G0117500.1,TraesCS5B03G0117500.1,TraesCS5B03G0117500.1,,479,False,False,,TraesCS5B03G0117500.1,,1.46,0.9914,0.996,0.00442477876106,1,0,1,1,0,1,0,0,0,,,"decoy_106360, decoy_106364, decoy_106369, decoy_111411, decoy_111414, decoy_11388, decoy_147708, decoy_219, decoy_23771, decoy_266433, decoy_39018, decoy_87820, decoy_94770"
668,PXD004720,bread wheat,embryo,single,protein,no,TraesCS7D03G0894400LC.1,TraesCS7D03G0894400LC.1,TraesCS7D03G0894400LC.1,,141,False,False,,TraesCS7D03G0894400LC.1,,7.09,0.9914,0.996,0.00442477876106,1,1,1,1,1,1,0,0,0,N-term(42.0106),,
669,PXD004720,bread wheat,embryo,single,protein,no,TraesCS5A03G0504500.1,TraesCS5A03G0504500.1,TraesCS5A03G0504500.1,,608,False,False,,TraesCS5A03G0504500.1,,3.12,0.991,0.9958,0.00442477876106,1,0,1,1,0,1,0,0,0,,,"TraesCS5B03G0507700.1, TraesCS5D03G0470200.1"
670,PXD004720,bread wheat,embryo,single,protein,no,TraesCS1A03G0096700.1,TraesCS1A03G0096700.1,TraesCS1A03G0096700.1,,567,False,False,,TraesCS1A03G0096700.1,,3.35,0.9907,0.9957,0.00442477876106,1,0,1,1,0,1,0,0,0,,,"TraesCS1B03G0121200.1, TraesCS1D03G0083800.1"
671,PXD004720,bread wheat,embryo,single,protein,no,TraesCS5B03G0228300LC.1,TraesCS5B03G0228300LC.1,TraesCS5B03G0228300LC.1,,628,False,False,,TraesCS5B03G0228300LC.1,,1.11,0.9907,0.9957,0.00442477876106,1,0,1,1,0,1,0,0,0,,,
672,PXD004720,bread wheat,embryo,single,protein,no,TraesCS2A03G0598200LC.1,TraesCS2A03G0598200LC.1,TraesCS2A03G0598200LC.1,,128,False,False,,TraesCS2A03G0598200LC.1,,5.47,0.9905,0.9956,0.00442477876106,1,1,1,1,1,1,0,0,0,,,
673,PXD004720,bread wheat,embryo,single,protein,no,TraesCS2A03G0939700.1,TraesCS2A03G0939700.1,TraesCS2A03G0939700.1,,142,False,False,,TraesCS2A03G0939700.1,,16.9,0.9905,0.9956,0.00442477876106,1,0,1,1,0,1,0,0,0,9M(15.9949),,"TraesCS2B03G1034800.1, TraesCS2D03G0880600.1"
674,PXD004720,bread wheat,embryo,single,protein,no,TraesCS1B03G0340400.1,TraesCS1B03G0340400.1,TraesCS1B03G0340400.1,,566,False,False,,TraesCS1B03G0340400.1,,3.18,0.9903,0.9955,0.00442477876106,1,0,1,1,0,1,0,0,0,,,TraesCS1B03G0340400.3
675,PXD004720,bread wheat,embryo,single,protein,no,TraesCS5D03G0540600LC.1,TraesCS5D03G0540600LC.1,TraesCS5D03G0540600LC.1,,105,False,False,,TraesCS5D03G0540600LC.1,,8.57,0.9903,0.9955,0.00442477876106,1,1,1,1,1,1,0,0,0,,,
676,PXD004720,bread wheat,embryo,single,protein,no,TraesCS7A03G1365000LC.1,TraesCS7A03G1365000LC.1,TraesCS7A03G1365000LC.1,,115,False,False,,TraesCS7A03G1365000LC.1,,6.09,0.9903,0.9955,0.00442477876106,1,1,1,2,2,2,0,0,0,6M(15.9949),,
677,PXD004720,bread wheat,embryo,single,protein,no,TraesCS3A03G0543500.1,TraesCS3A03G0543500.1,TraesCS3A03G0543500.1,,2699,False,False,,TraesCS3A03G0543500.1,,0.3,0.9901,0.9954,0.00442477876106,1,0,1,1,0,1,0,0,0,,,TraesCS3B03G0625300.1
678,PXD004720,bread wheat,embryo,single,protein,no,TraesCS1A03G0527300.1,TraesCS1A03G0527300.1,TraesCS1A03G0527300.1,,416,False,False,,TraesCS1A03G0527300.1,,4.33,0.9895,0.9951,0.00442477876106,1,0,1,2,0,2,0,0,0,,,"TraesCS1B03G0616500.1, TraesCS1D03G0508800.1"
679,PXD004720,bread wheat,embryo,single,protein,no,TraesCS3A03G0859300.2,TraesCS3A03G0859300.2,TraesCS3A03G0859300.2,,1023,False,False,,TraesCS3A03G0859300.2,,1.17,0.989,0.9949,0.00442477876106,1,0,1,1,0,1,0,0,0,,,"TraesCS3A03G0859300.3, TraesCS3A03G0859300.6, TraesCS3A03G0859300.7, TraesCS3A03G0859300.8, TraesCS3B03G0983900.1, TraesCS3B03G0983900.2, TraesCS3B03G0983900.3, TraesCS3B03G0983900.5, TraesCS3B03G0983900.6, TraesCS3D03G0787900.1, TraesCS3D03G0787900.2, TraesCS3D03G0787900.3, TraesCS3D03G0787900.4, TraesCS3D03G0787900.5"
680,PXD004720,bread wheat,embryo,single,protein,no,TraesCS5A03G0248200.1,TraesCS5A03G0248200.1,TraesCS5A03G0248200.1,,477,False,False,,TraesCS5A03G0248200.1,,5.24,0.989,0.999,0.0,1,0,1,1,0,1,0,0,0,N-term(42.0106),,"TraesCS5A03G0248200.2, TraesCS5A03G0248200.3, TraesCS5A03G0248200.4, TraesCS5A03G0248200.5"
681,PXD004720,bread wheat,embryo,single,protein,no,TraesCS5A03G1005600.1,TraesCS5A03G1005600.1,TraesCS5A03G1005600.1,,206,False,False,,TraesCS5A03G1005600.1,,5.83,0.989,0.9949,0.00442477876106,1,0,1,2,0,2,0,0,0,,,"TraesCS5A03G1005600.2, TraesCS5D03G0952400.1"
682,PXD004720,bread wheat,embryo,single,protein,no,TraesCS3A03G1015800.1,TraesCS3A03G1015800.1,TraesCS3A03G1015800.1,,1539,False,False,,TraesCS3A03G1015800.1,,0.78,0.9886,0.9947,0.00442477876106,1,0,1,1,0,1,0,0,0,,,"TraesCS3A03G1015800.2, TraesCS3A03G1015800.3, TraesCS3B03G1163500.1, TraesCS3B03G1163500.2, TraesCS3D03G0944200.1"
683,PXD004720,bread wheat,embryo,single,protein,no,TraesCS4A03G0590300LC.1,TraesCS4A03G0590300LC.1,TraesCS4A03G0590300LC.1,,170,False,False,,TraesCS4A03G0590300LC.1,,4.12,0.9886,0.9947,0.00442477876106,1,0,1,1,0,1,0,0,0,,,TraesCS5A03G0337300LC.1
684,PXD004720,bread wheat,embryo,single,protein,no,TraesCS4B03G1000600.1,TraesCS4B03G1000600.1,TraesCS4B03G1000600.1,,526,False,False,,TraesCS4B03G1000600.1,,2.85,0.9886,0.9947,0.00442477876106,1,0,1,2,0,2,0,0,0,,,"TraesCS4B03G1000600.2, TraesCS5A03G1295800.1"
685,PXD004720,bread wheat,embryo,single,protein,no,TraesCS4B03G0278700.1,TraesCS4B03G0278700.1,TraesCS4B03G0278700.1,,122,False,False,,TraesCS4B03G0278700.1,,16.39,0.9884,0.9946,0.00442477876106,1,1,1,2,2,2,0,0,0,,,
686,PXD004720,bread wheat,embryo,single,protein,no,TraesCS7A03G0660000.1,TraesCS7A03G0660000.1,TraesCS7A03G0660000.1,,435,False,False,,TraesCS7A03G0660000.1,,3.45,0.9884,0.9946,0.00442477876106,1,0,1,1,0,1,0,0,0,N-term(42.0106),,"TraesCS7B03G0492900.1, TraesCS7B03G0492900.2"
687,PXD004720,bread wheat,embryo,single,protein,no,TraesCS1B03G0966200.1,TraesCS1B03G0966200.1,TraesCS1B03G0966200.1,,224,False,False,,TraesCS1B03G0966200.1,,8.93,0.9882,0.999,0.0,1,0,1,4,0,4,0,0,0,,,"TraesCS1D03G0493900.1, TraesCS1D03G0494100LC.1, TraesCS1D03G0500900.1, TraesCS2A03G1239800LC.1, TraesCS2B03G0732400.1, TraesCS2D03G0183500.1, TraesCS2D03G0486300.1, TraesCS3B03G0775300LC.1, TraesCS3B03G0921600.1, TraesCS4D03G0273000.1, TraesCS4D03G0300000LC.1, TraesCS4D03G0377500LC.1, TraesCS4D03G0468500LC.1, TraesCS4D03G0664200.1, TraesCS5A03G0048000.1, TraesCS6A03G0392200.1, TraesCS6A03G0544800LC.1, TraesCS6B03G0669100LC.1, TraesCS7A03G0228700.1, TraesCS7A03G0231600.1, TraesCS7B03G1347300LC.1"
688,PXD004720,bread wheat,embryo,single,protein,no,TraesCS6A03G0260300LC.1,TraesCS6A03G0260300LC.1,TraesCS6A03G0260300LC.1,,162,False,False,,TraesCS6A03G0260300LC.1,,4.32,0.9882,0.9945,0.00442477876106,1,1,1,1,1,1,0,0,0,,,
689,PXD004720,bread wheat,embryo,single,protein,no,TraesCS6A03G0669600.1,TraesCS6A03G0669600.1,TraesCS6A03G0669600.1,,1275,False,False,,TraesCS6A03G0669600.1,,1.49,0.9882,0.9945,0.00442477876106,1,0,1,2,0,2,0,0,0,,,"TraesCS6A03G0669600.2, TraesCS6B03G0805900.1, TraesCS6D03G0559800.1, TraesCS6D03G0559800.2, TraesCS6D03G0559800.3, TraesCS6D03G0559800.4, TraesCS6D03G0559800.5"
690,PXD004720,bread wheat,embryo,single,protein,no,TraesCS5B03G1358900LC.1,TraesCS5B03G1358900LC.1,TraesCS5B03G1358900LC.1,,234,False,False,,TraesCS5B03G1358900LC.1,,3.85,0.988,0.9944,0.00442477876106,1,1,1,1,1,1,0,0,0,,,
691,PXD004720,bread wheat,embryo,single,protein,no,TraesCS7B03G0997100LC.1,TraesCS7B03G0997100LC.1,TraesCS7B03G0997100LC.1,,221,False,False,,TraesCS7B03G0997100LC.1,,4.52,0.9878,0.9943,0.00442477876106,1,1,1,1,1,1,0,0,0,,,
692,PXD004720,bread wheat,embryo,single,protein,no,TraesCS5B03G1124300LC.1,TraesCS5B03G1124300LC.1,TraesCS5B03G1124300LC.1,,261,False,False,,TraesCS5B03G1124300LC.1,,2.68,0.9877,0.9966,0.00309119010819,1,0,1,1,0,1,0,0,0,,,
693,PXD004720,bread wheat,embryo,single,protein,no,TraesCS3D03G0141100.1,TraesCS3D03G0141100.1,TraesCS3D03G0141100.1,,1289,False,False,,TraesCS3D03G0141100.1,,0.7,0.9875,0.9942,0.00442477876106,1,1,1,3,3,3,0,0,0,,,
694,PXD004720,bread wheat,embryo,single,protein,no,TraesCS5B03G1375200.1,TraesCS5B03G1375200.1,TraesCS5B03G1375200.1,,1227,False,False,,TraesCS5B03G1375200.1,,1.55,0.9875,0.9942,0.00442477876106,1,0,1,1,0,1,0,0,0,,,"TraesCS5D03G1232400.1, TraesCS7B03G0006400.1"
695,PXD004720,bread wheat,embryo,single,protein,no,TraesCS3D03G0722300LC.1,TraesCS3D03G0722300LC.1,TraesCS3D03G0722300LC.1,,109,False,False,,TraesCS3D03G0722300LC.1,,9.17,0.9867,0.9938,0.00573888091822,1,1,1,1,1,1,0,0,0,,,
696,PXD004720,bread wheat,embryo,single,protein,no,TraesCS4A03G0793300.1,TraesCS4A03G0793300.1,TraesCS4A03G0793300.1,,1069,False,False,,TraesCS4A03G0793300.1,,1.87,0.9867,0.9938,0.00573888091822,1,0,1,2,0,2,0,0,0,,,"TraesCS4A03G0793300.2, TraesCS4A03G0793300.3, TraesCS4A03G0793300.4, TraesCS5B03G1359500.1, TraesCS5B03G1359500.2, TraesCS5D03G1206400.1, TraesCS5D03G1206400.2, TraesCS5D03G1206400.3, TraesCS5D03G1206400.4"
697,PXD004720,bread wheat,embryo,single,protein,no,TraesCS3B03G0217200.1,TraesCS3B03G0217200.1,TraesCS3B03G0217200.1,,175,False,False,,TraesCS3B03G0217200.1,,9.14,0.9865,0.9937,0.00573888091822,1,1,1,3,3,3,0,0,0,,,
698,PXD004720,bread wheat,embryo,single,protein,no,TraesCS1A03G0050400LC.1,TraesCS1A03G0050400LC.1,TraesCS1A03G0050400LC.1,,284,False,False,,TraesCS1A03G0050400LC.1,,2.46,0.9856,0.9933,0.00573888091822,1,1,1,1,1,1,0,0,0,,,
699,PXD004720,bread wheat,embryo,single,protein,no,TraesCS4A03G0937200.1,TraesCS4A03G0937200.1,TraesCS4A03G0937200.1,,622,False,False,,TraesCS4A03G0937200.1,,1.45,0.9856,0.9933,0.00573888091822,1,0,1,3,0,3,0,0,0,,,"TraesCS7A03G0190500.1, TraesCS7D03G0171500.1"
700,PXD004720,bread wheat,embryo,single,protein,no,TraesCS1A03G0258300.1,TraesCS1A03G0258300.1,TraesCS1A03G0258300.1,,166,False,False,,TraesCS1A03G0258300.1,,10.84,0.9854,0.9932,0.00573888091822,1,0,1,2,0,2,0,0,0,,,"TraesCS1B03G0337900.1, TraesCS1B03G0337900.2, TraesCS1D03G0255400.1"
701,PXD004720,bread wheat,embryo,single,protein,no,TraesCS2A03G0921300.1,TraesCS2A03G0921300.1,TraesCS2A03G0921300.1,,909,False,False,,TraesCS2A03G0921300.1,,0.99,0.9854,0.9932,0.00573888091822,1,0,1,1,0,1,0,0,0,,,"TraesCS2A03G0921300.2, TraesCS2B03G1010800.1, TraesCS2B03G1010800.2, TraesCS2B03G1010800.3, TraesCS2D03G0861000.1, TraesCS2D03G0861000.2"
702,PXD004720,bread wheat,embryo,single,protein,no,TraesCS1B03G0119200.1,TraesCS1B03G0119200.1,TraesCS1B03G0119200.1,,476,False,False,,TraesCS1B03G0119200.1,,1.68,0.9852,0.9931,0.00573888091822,1,1,1,1,1,1,0,0,0,,,
703,PXD004720,bread wheat,embryo,single,protein,no,TraesCS3D03G0806900LC.1,TraesCS3D03G0806900LC.1,TraesCS3D03G0806900LC.1,,91,False,False,,TraesCS3D03G0806900LC.1,,7.69,0.9848,0.9929,0.00573888091822,1,1,1,1,1,1,0,0,0,,,
704,PXD004720,bread wheat,embryo,single,protein,no,TraesCS2A03G0449600.1,TraesCS2A03G0449600.1,TraesCS2A03G0449600.1,,257,False,False,,TraesCS2A03G0449600.1,,10.51,0.9846,0.9928,0.00573888091822,1,0,1,1,0,1,0,0,0,,,"TraesCS2D03G0455700.1, TraesCS2D03G0455700.2"
705,PXD004720,bread wheat,embryo,single,protein,no,TraesCS4B03G0239400.1,TraesCS4B03G0239400.1,TraesCS4B03G0239400.1,,1199,False,False,,TraesCS4B03G0239400.1,,0.58,0.9844,0.9927,0.00573888091822,1,0,1,1,0,1,0,0,0,,,"TraesCS4B03G0239400.2, TraesCS4B03G0239400.3, TraesCS4D03G0202400.1, TraesCS4D03G0202400.2, TraesCS4D03G0202400.3"
706,PXD004720,bread wheat,embryo,single,protein,no,TraesCS3A03G0585800LC.1,TraesCS3A03G0585800LC.1,TraesCS3A03G0585800LC.1,,178,False,False,,TraesCS3A03G0585800LC.1,,26.4,0.9839,0.9925,0.00573888091822,1,1,1,1,1,1,0,0,0,,,
707,PXD004720,bread wheat,embryo,single,protein,no,TraesCS3A03G1199700.1,TraesCS3A03G1199700.1,TraesCS3A03G1199700.1,,385,False,False,,TraesCS3A03G1199700.1,,4.16,0.9835,0.9923,0.00573888091822,1,0,1,1,0,1,0,0,0,,,"TraesCS3B03G1442600.1, TraesCS3D03G1144600.1"
708,PXD004720,bread wheat,embryo,single,protein,no,TraesCS5B03G1288400.1,TraesCS5B03G1288400.1,TraesCS5B03G1288400.1,,387,False,False,,TraesCS5B03G1288400.1,,5.17,0.9835,0.9923,0.00573888091822,1,1,1,2,2,2,0,0,0,,,
709,PXD004720,bread wheat,embryo,single,protein,no,TraesCS3B03G1435000LC.1,TraesCS3B03G1435000LC.1,TraesCS3B03G1435000LC.1,,497,False,False,,TraesCS3B03G1435000LC.1,,1.81,0.9831,0.9921,0.00573888091822,1,0,1,1,0,1,0,0,0,,,"TraesCS3B03G1450100LC.1, TraesCS3B03G1514500LC.1, TraesCS3B03G1514500LC.2, TraesCS3B03G1514700LC.1, TraesCS5B03G0662200LC.1, TraesCS5B03G0662200LC.2, TraesCS5B03G0662200LC.3"
710,PXD004720,bread wheat,embryo,single,protein,no,TraesCS2B03G1235600.1,TraesCS2B03G1235600.1,TraesCS2B03G1235600.1,,130,False,False,,TraesCS2B03G1235600.1,,13.85,0.9828,0.9943,0.00442477876106,1,0,1,1,0,1,0,0,0,,,
711,PXD004720,bread wheat,embryo,single,protein,no,TraesCS4D03G0220600LC.1,TraesCS4D03G0220600LC.1,TraesCS4D03G0220600LC.1,,149,False,False,,TraesCS4D03G0220600LC.1,,5.37,0.9827,0.9919,0.00573888091822,1,1,1,1,1,1,0,0,0,,,
712,PXD004720,bread wheat,embryo,single,protein,no,TraesCS2D03G0015800LC.1,TraesCS2D03G0015800LC.1,TraesCS2D03G0015800LC.1,,100,False,False,,TraesCS2D03G0015800LC.1,,8.0,0.982,0.9916,0.00710227272727,1,1,1,1,1,1,0,0,0,,,
713,PXD004720,bread wheat,embryo,single,protein,no,TraesCS3A03G0743800.1,TraesCS3A03G0743800.1,TraesCS3A03G0743800.1,,599,False,False,,TraesCS3A03G0743800.1,,1.5,0.9814,0.9913,0.00710227272727,1,0,1,1,0,1,0,0,0,,,"TraesCS3B03G0849600.1, TraesCS3D03G0685500.1"
714,PXD004720,bread wheat,embryo,single,protein,no,TraesCS7A03G0934300.1,TraesCS7A03G0934300.1,TraesCS7A03G0934300.1,,1053,False,False,,TraesCS7A03G0934300.1,,1.33,0.9805,0.9909,0.00710227272727,1,0,1,1,0,1,0,0,0,,,"TraesCS7A03G0934300.2, TraesCS7B03G0783300.1, TraesCS7D03G0901800.1"
715,PXD004720,bread wheat,embryo,single,protein,no,TraesCS2D03G0759700.1,TraesCS2D03G0759700.1,TraesCS2D03G0759700.1,,469,False,False,,TraesCS2D03G0759700.1,,6.18,0.9799,0.9906,0.00710227272727,1,1,1,1,1,1,0,0,0,N-term(42.0106),,
716,PXD004720,bread wheat,embryo,single,protein,no,TraesCS3B03G0009600LC.1,TraesCS3B03G0009600LC.1,TraesCS3B03G0009600LC.1,,330,False,False,,TraesCS3B03G0009600LC.1,,2.42,0.9799,0.9906,0.00710227272727,1,1,1,1,1,1,0,0,0,3M(15.9949),,
717,PXD004720,bread wheat,embryo,single,protein,no,TraesCS6B03G0324300.1,TraesCS6B03G0324300.1,TraesCS6B03G0324300.1,,778,False,False,,TraesCS6B03G0324300.1,,1.03,0.9793,0.9903,0.00710227272727,1,1,1,1,1,1,0,0,0,,,
718,PXD004720,bread wheat,embryo,single,protein,no,TraesCS3A03G0358700LC.1,TraesCS3A03G0358700LC.1,TraesCS3A03G0358700LC.1,,864,False,False,,TraesCS3A03G0358700LC.1,,0.81,0.9792,0.9926,0.00573888091822,1,0,1,4,0,4,0,0,0,,,
719,PXD004720,bread wheat,embryo,single,protein,no,TraesCS7A03G1022200.1,TraesCS7A03G1022200.1,TraesCS7A03G1022200.1,,458,False,False,,TraesCS7A03G1022200.1,,3.06,0.9788,0.9924,0.00573888091822,2,0,2,4,0,4,0,0,0,,,"TraesCS7B03G0863100.1, TraesCS7D03G0977100.1, TraesCS7D03G0977100.2"
720,PXD004720,bread wheat,embryo,single,protein,no,TraesCS1B03G1053700.1,TraesCS1B03G1053700.1,TraesCS1B03G1053700.1,,501,False,False,,TraesCS1B03G1053700.1,,3.79,0.9786,0.99,0.00768245838668,1,1,1,1,1,1,0,0,0,N-term(42.0106),,
721,PXD004720,bread wheat,embryo,single,protein,no,TraesCS2D03G0394100.1,TraesCS2D03G0394100.1,TraesCS2D03G0394100.1,,267,False,False,,TraesCS2D03G0394100.1,,8.24,0.9786,0.99,0.00768245838668,1,0,1,1,0,1,0,0,0,,,TraesCS2D03G0394100.2
722,PXD004720,bread wheat,embryo,single,protein,no,TraesCS1A03G0886300.1,TraesCS1A03G0886300.1,TraesCS1A03G0886300.1,,197,False,False,,TraesCS1A03G0886300.1,,10.15,0.9784,0.9899,0.00768245838668,1,0,1,1,0,1,0,0,0,,,"TraesCS1B03G1195700LC.1, TraesCS1D03G0861400.1, TraesCS2D03G1084900LC.1, TraesCS2D03G1294200.1, TraesCS3A03G0897600.1, TraesCS3B03G1248500.1, TraesCS5A03G0259600.1, TraesCS5B03G0865300LC.1, TraesCS5D03G1199200.1, TraesCS7B03G0767800.1, TraesCS7D03G0164700LC.1"
723,PXD004720,bread wheat,embryo,single,protein,no,TraesCS1A03G1035600.1,TraesCS1A03G1035600.1,TraesCS1A03G1035600.1,,508,False,False,,TraesCS1A03G1035600.1,,4.33,0.9782,0.9898,0.00768245838668,1,0,1,1,0,1,0,0,0,,,"TraesCS1B03G1235100.1, TraesCS1D03G0998500.1"
724,PXD004720,bread wheat,embryo,single,protein,no,TraesCS3B03G0698700LC.1,TraesCS3B03G0698700LC.1,TraesCS3B03G0698700LC.1,,190,False,False,,TraesCS3B03G0698700LC.1,,4.74,0.9776,0.9895,0.00768245838668,1,1,1,1,1,1,0,0,0,,,
725,PXD004720,bread wheat,embryo,single,protein,no,TraesCS2B03G0709900LC.1,TraesCS2B03G0709900LC.1,TraesCS2B03G0709900LC.1,,170,False,False,,TraesCS2B03G0709900LC.1,,4.71,0.9772,0.9893,0.00768245838668,1,1,1,1,1,1,0,0,0,"5C(57.0214), 6C(57.0214)",,
726,PXD004720,bread wheat,embryo,single,protein,no,TraesCS2A03G0349300.1,TraesCS2A03G0349300.1,TraesCS2A03G0349300.1,,304,False,False,,TraesCS2A03G0349300.1,,5.92,0.9769,0.9892,0.00768245838668,1,0,1,3,0,3,0,0,0,,,"TraesCS2B03G0469400.1, TraesCS2D03G0367300.1, TraesCS4A03G0010100.1, TraesCS4B03G0785400.1, TraesCS7B03G1195200LC.1"
727,PXD004720,bread wheat,embryo,single,protein,no,TraesCS4D03G0448700LC.1,TraesCS4D03G0448700LC.1,TraesCS4D03G0448700LC.1,,256,False,False,,TraesCS4D03G0448700LC.1,,7.81,0.9755,0.9885,0.00768245838668,1,1,1,1,1,1,0,0,0,,,
728,PXD004720,bread wheat,embryo,single,protein,no,TraesCS7A03G0854000.1,TraesCS7A03G0854000.1,TraesCS7A03G0854000.1,,455,False,False,,TraesCS7A03G0854000.1,,5.27,0.9748,0.9882,0.00768245838668,1,0,1,1,0,1,0,0,0,,,"TraesCS7B03G0655700.1, TraesCS7B03G0655700.2, TraesCS7D03G0783200.1"
729,PXD004720,bread wheat,embryo,single,protein,no,TraesCS3B03G0775500LC.1,TraesCS3B03G0775500LC.1,TraesCS3B03G0775500LC.1,,124,False,False,,TraesCS3B03G0775500LC.1,,17.74,0.9744,0.988,0.00768245838668,1,1,1,1,1,1,0,0,0,,,
730,PXD004720,bread wheat,embryo,single,protein,no,TraesCS3D03G0326000.1,TraesCS3D03G0326000.1,TraesCS3D03G0326000.1,,788,False,False,,TraesCS3D03G0326000.1,,1.9,0.9744,0.988,0.00768245838668,1,1,1,2,2,2,0,0,0,,,
731,PXD004720,bread wheat,embryo,single,protein,no,TraesCS5A03G1043000.1,TraesCS5A03G1043000.1,TraesCS5A03G1043000.1,,638,False,False,,TraesCS5A03G1043000.1,,6.9,0.9742,0.9879,0.00768245838668,2,0,1,3,0,1,0,0,0,,,TraesCS5A03G1043000.2
732,PXD004720,bread wheat,embryo,single,protein,no,TraesCS3B03G0680200.1,TraesCS3B03G0680200.1,TraesCS3B03G0680200.1,,843,False,False,,TraesCS3B03G0680200.1,,6.76,0.9741,0.8565,0.00768245838668,3,0,1,3,0,1,0,0,0,,,TraesCS3D03G0552500.1
733,PXD004720,bread wheat,embryo,single,protein,no,TraesCS1D03G0064800.1,TraesCS1D03G0064800.1,TraesCS1D03G0064800.1,,503,False,False,,TraesCS1D03G0064800.1,,1.79,0.9739,0.9901,0.00768245838668,1,0,1,1,0,1,0,0,0,,,TraesCSU03G0163000LC.1
734,PXD004720,bread wheat,embryo,single,protein,no,TraesCS2A03G0355700.1,TraesCS2A03G0355700.1,TraesCS2A03G0355700.1,,145,False,False,,TraesCS2A03G0355700.1,,14.48,0.9732,0.9874,0.00768245838668,1,0,1,2,0,2,0,0,0,,,"TraesCS2B03G0475000.1, TraesCS2D03G0372200.1"
735,PXD004720,bread wheat,embryo,single,protein,no,TraesCS2A03G0457300LC.1,TraesCS2A03G0457300LC.1,TraesCS2A03G0457300LC.1,,69,False,False,,TraesCS2A03G0457300LC.1,,17.39,0.9732,0.9874,0.00768245838668,1,0,1,1,0,1,0,0,0,,,"TraesCS2B03G0576800LC.1, TraesCS2D03G0464900LC.1"
736,PXD004720,bread wheat,embryo,single,protein,no,TraesCS3A03G0816200.1,TraesCS3A03G0816200.1,TraesCS3A03G0816200.1,,265,False,False,,TraesCS3A03G0816200.1,,3.4,0.9727,0.9872,0.00768245838668,1,0,1,1,0,1,0,0,0,,,TraesCS3B03G0939200.1
737,PXD004720,bread wheat,embryo,single,protein,no,TraesCS5A03G1144800.1,TraesCS5A03G1144800.1,TraesCS5A03G1144800.1,,353,False,False,,TraesCS5A03G1144800.1,,2.83,0.9727,0.9872,0.00768245838668,1,1,1,1,1,1,0,0,0,,,
738,PXD004720,bread wheat,embryo,single,protein,no,TraesCS2D03G0452100LC.1,TraesCS2D03G0452100LC.1,TraesCS2D03G0452100LC.1,,136,False,False,,TraesCS2D03G0452100LC.1,,5.88,0.9723,0.987,0.00768245838668,1,1,1,1,1,1,0,0,0,,,
739,PXD004720,bread wheat,embryo,single,protein,no,TraesCS6A03G0594000.1,TraesCS6A03G0594000.1,TraesCS6A03G0594000.1,,505,False,False,,TraesCS6A03G0594000.1,,3.17,0.9723,0.987,0.00768245838668,1,0,1,1,0,1,0,0,0,,,"TraesCS6A03G0594000.2, TraesCS6A03G0594000.3, TraesCS6A03G0594000.4, TraesCS6B03G0724200.1, TraesCS6B03G0724200.2, TraesCS6B03G0724200.3, TraesCS6B03G0724200.4, TraesCS6B03G0724200.5, TraesCS6D03G0493900.1, TraesCS6D03G0493900.2, TraesCS6D03G0493900.3"
740,PXD004720,bread wheat,embryo,single,protein,no,TraesCS3B03G0745500LC.1,TraesCS3B03G0745500LC.1,TraesCS3B03G0745500LC.1,,347,False,False,,TraesCS3B03G0745500LC.1,,2.02,0.9718,0.9891,0.00768245838668,1,0,1,1,0,1,0,0,0,,,
741,PXD004720,bread wheat,embryo,single,protein,no,TraesCS2A03G0591500.1,TraesCS2A03G0591500.1,TraesCS2A03G0591500.1,,1124,False,False,,TraesCS2A03G0591500.1,,2.22,0.9717,0.9867,0.00768245838668,1,0,1,1,0,1,0,0,0,,,"TraesCS2A03G0591500.2, TraesCS2A03G0591500.3, TraesCS2A03G0591500.4, TraesCS2A03G0591500.5, TraesCS2B03G0677400.1, TraesCS2B03G0677400.2, TraesCS2B03G0677400.3, TraesCS2B03G0677400.4, TraesCS2D03G0571700.1, TraesCS2D03G0571700.2, TraesCS2D03G0571700.3, TraesCS2D03G0571700.4"
742,PXD004720,bread wheat,embryo,single,protein,no,TraesCS2A03G0478600.1,TraesCS2A03G0478600.1,TraesCS2A03G0478600.1,,305,False,False,,TraesCS2A03G0478600.1,,5.57,0.969,0.9854,0.00768245838668,1,0,1,1,0,1,0,0,0,,,"TraesCS2B03G0598800.1, TraesCS2D03G0483700.1"
743,PXD004720,bread wheat,embryo,single,protein,no,TraesCS2A03G0414000.1,TraesCS2A03G0414000.1,TraesCS2A03G0414000.1,,290,False,False,,TraesCS2A03G0414000.1,,4.14,0.9688,0.9853,0.00768245838668,1,0,1,2,0,2,0,0,0,,,"TraesCS2B03G0544100.1, TraesCS6A03G0611400.1, TraesCS6D03G0527700.1"
744,PXD004720,bread wheat,embryo,single,protein,no,TraesCS4B03G0103300.1,TraesCS4B03G0103300.1,TraesCS4B03G0103300.1,,779,False,False,,TraesCS4B03G0103300.1,,2.44,0.9685,0.9852,0.00768245838668,1,1,1,2,2,2,0,0,0,,,
745,PXD004720,bread wheat,embryo,single,protein,no,TraesCS4A03G1164500LC.1,TraesCS4A03G1164500LC.1,TraesCS4A03G1164500LC.1,,925,False,False,,TraesCS4A03G1164500LC.1,,1.08,0.9679,0.9849,0.00768245838668,1,1,1,1,1,1,0,0,0,,,
746,PXD004720,bread wheat,embryo,single,protein,no,TraesCS7A03G0738100.1,TraesCS7A03G0738100.1,TraesCS7A03G0738100.1,,366,False,False,,TraesCS7A03G0738100.1,,5.19,0.9679,0.9849,0.00768245838668,1,0,1,1,0,1,0,0,0,,,"TraesCS7B03G0534000.1, TraesCS7D03G0703500.1"
747,PXD004720,bread wheat,embryo,single,protein,no,TraesCS7D03G0005800.1,TraesCS7D03G0005800.1,TraesCS7D03G0005800.1,,261,False,False,,TraesCS7D03G0005800.1,,12.64,0.9676,0.8331,0.00768245838668,2,2,2,2,2,2,0,0,0,11C(57.0214),,
748,PXD004720,bread wheat,embryo,single,protein,no,TraesCS3A03G0197700LC.1,TraesCS3A03G0197700LC.1,TraesCS3A03G0197700LC.1,,514,False,False,,TraesCS3A03G0197700LC.1,,1.56,0.9672,0.9869,0.00768245838668,1,0,1,28,0,28,0,0,0,,,"TraesCS4A03G0262700LC.1, TraesCS4A03G0262900LC.1, TraesCS4A03G0848000LC.1, TraesCS6B03G0859600LC.1, TraesCS7A03G0652200LC.1, TraesCS7B03G0709500LC.1"
749,PXD004720,bread wheat,embryo,single,protein,no,TraesCS5A03G0895900.1,TraesCS5A03G0895900.1,TraesCS5A03G0895900.1,,298,False,False,,TraesCS5A03G0895900.1,,4.03,0.9669,0.9844,0.00768245838668,1,0,1,1,0,1,0,0,0,,,"TraesCS5B03G0942300.1, TraesCS5D03G0858000.1"
750,PXD004720,bread wheat,embryo,single,protein,no,TraesCS3A03G0174000.1,TraesCS3A03G0174000.1,TraesCS3A03G0174000.1,,265,False,False,,TraesCS3A03G0174000.1,,3.02,0.9667,0.9843,0.00768245838668,1,1,1,2,2,2,0,0,0,,,
751,PXD004720,bread wheat,embryo,single,protein,no,TraesCS3A03G0163000LC.1,TraesCS3A03G0163000LC.1,TraesCS3A03G0163000LC.1,,78,False,False,,TraesCS3A03G0163000LC.1,,8.97,0.9664,0.9865,0.00768245838668,1,0,1,1,0,1,0,0,0,,,
752,PXD004720,bread wheat,embryo,single,protein,no,TraesCS7D03G1197200.1,TraesCS7D03G1197200.1,TraesCS7D03G1197200.1,,451,False,False,,TraesCS7D03G1197200.1,,2.0,0.9663,0.9841,0.00768245838668,1,1,1,1,1,1,0,0,0,,,
753,PXD004720,bread wheat,embryo,single,protein,no,TraesCS1A03G0896800.1,TraesCS1A03G0896800.1,TraesCS1A03G0896800.1,,501,False,False,,TraesCS1A03G0896800.1,,2.2,0.965,0.9835,0.00768245838668,1,1,1,1,1,1,0,0,0,,,
754,PXD004720,bread wheat,embryo,single,protein,no,TraesCS4A03G0205200.1,TraesCS4A03G0205200.1,TraesCS4A03G0205200.1,,262,False,False,,TraesCS4A03G0205200.1,,9.16,0.9642,0.9831,0.00768245838668,1,0,1,1,0,1,0,0,0,20M(15.9949),,TraesCS4D03G0503600.1
755,PXD004720,bread wheat,embryo,single,protein,no,TraesCS4B03G0333800.1,TraesCS4B03G0333800.1,TraesCS4B03G0333800.1,,669,False,False,,TraesCS4B03G0333800.1,,8.07,0.9641,0.5303,0.00768245838668,4,0,2,10,0,6,0,0,0,5M(15.9949),,"TraesCS4B03G0333800.2, TraesCS4D03G0283400.1"
756,PXD004720,bread wheat,embryo,single,protein,no,TraesCS5B03G0388700.1,TraesCS5B03G0388700.1,TraesCS5B03G0388700.1,,844,False,False,,TraesCS5B03G0388700.1,,1.07,0.9635,0.9828,0.00768245838668,1,1,1,1,1,1,0,0,0,"4M(15.9949), 5C(57.0214), 7M(15.9949)",,
757,PXD004720,bread wheat,embryo,single,protein,no,TraesCS1B03G0455900.1,TraesCS1B03G0455900.1,TraesCS1B03G0455900.1,,305,False,False,,TraesCS1B03G0455900.1,,4.59,0.9627,0.9824,0.00768245838668,1,0,1,2,0,2,0,0,0,,,TraesCS1D03G0354700.1
758,PXD004720,bread wheat,embryo,single,protein,no,TraesCS1B03G0842700.1,TraesCS1B03G0842700.1,TraesCS1B03G0842700.1,,417,False,False,,TraesCS1B03G0842700.1,,1.92,0.9621,0.9821,0.00768245838668,1,0,1,1,0,1,0,0,0,,,"TraesCS1D03G0705100LC.1, decoy_87212"
759,PXD004720,bread wheat,embryo,single,protein,no,TraesCS3A03G0408000.1,TraesCS3A03G0408000.1,TraesCS3A03G0408000.1,,107,False,False,,TraesCS3A03G0408000.1,,14.95,0.9621,0.9821,0.00768245838668,1,0,1,2,0,2,0,0,0,N-term(42.0106),,"TraesCS3B03G0495200.1, TraesCS3D03G0388500.1"
760,PXD004720,bread wheat,embryo,single,protein,no,TraesCS7A03G0550300.1,TraesCS7A03G0550300.1,TraesCS7A03G0550300.1,,199,False,False,,TraesCS7A03G0550300.1,,15.08,0.9621,0.9821,0.00768245838668,1,0,1,1,0,1,0,0,0,,,"TraesCS7B03G0367400.1, TraesCS7D03G0527800.1"
761,PXD004720,bread wheat,embryo,single,protein,no,TraesCS1A03G0390800.1,TraesCS1A03G0390800.1,TraesCS1A03G0390800.1,,883,False,False,,TraesCS1A03G0390800.1,,1.02,0.9613,0.9817,0.00768245838668,1,0,1,1,0,1,0,0,0,,,"TraesCS1B03G0472300.1, TraesCS1B03G0472300.2, TraesCS1D03G0363700.1"
762,PXD004720,bread wheat,embryo,single,protein,no,TraesCS3D03G1005800LC.1,TraesCS3D03G1005800LC.1,TraesCS3D03G1005800LC.1,,69,False,False,,TraesCS3D03G1005800LC.1,,27.54,0.9602,0.9812,0.00768245838668,1,1,1,1,1,1,0,0,0,,,
763,PXD004720,bread wheat,embryo,single,protein,no,TraesCS2A03G0176900.1,TraesCS2A03G0176900.1,TraesCS2A03G0176900.1,,600,False,False,,TraesCS2A03G0176900.1,,2.0,0.9596,0.9809,0.00768245838668,1,0,1,2,0,2,0,0,0,,,"TraesCS2A03G0177400.1, TraesCS2B03G0242200.1, TraesCS2D03G0170700.1, TraesCS2D03G0171300.1, TraesCS3A03G0224400.1, TraesCS3B03G0277000.1, TraesCS3D03G0215400.1, TraesCS4A03G0229400.1, TraesCS4A03G0229400.2, TraesCS4B03G0542000.1, TraesCS4B03G0542000.2, TraesCS4D03G0479400.1, TraesCS4D03G0479400.2, TraesCSU03G0015800.1"
764,PXD004720,bread wheat,embryo,single,protein,no,TraesCS4A03G0525600.1,TraesCS4A03G0525600.1,TraesCS4A03G0525600.1,,461,False,False,,TraesCS4A03G0525600.1,,1.52,0.9591,0.983,0.00768245838668,1,0,1,1,0,1,0,0,0,,,
765,PXD004720,bread wheat,embryo,single,protein,no,TraesCS1A03G0581800.1,TraesCS1A03G0581800.1,TraesCS1A03G0581800.1,,189,False,False,,TraesCS1A03G0581800.1,,5.82,0.9586,0.9804,0.00768245838668,1,1,1,2,2,2,0,0,0,3C(57.0214),,
766,PXD004720,bread wheat,embryo,single,protein,no,TraesCS6D03G0385400LC.1,TraesCS6D03G0385400LC.1,TraesCS6D03G0385400LC.1,,904,False,False,,TraesCS6D03G0385400LC.1,,1.0,0.958,0.9801,0.00768245838668,1,1,1,4,4,4,0,0,0,,,
767,PXD004720,bread wheat,embryo,single,protein,no,TraesCS3B03G1447000LC.1,TraesCS3B03G1447000LC.1,TraesCS3B03G1447000LC.1,,166,False,False,,TraesCS3B03G1447000LC.1,,4.22,0.9578,0.9824,0.00768245838668,1,0,1,1,0,1,0,0,0,,,TraesCSU03G0444000LC.1
768,PXD004720,bread wheat,embryo,single,protein,no,TraesCS7B03G0477200.1,TraesCS7B03G0477200.1,TraesCS7B03G0477200.1,,232,False,False,,TraesCS7B03G0477200.1,,12.5,0.9577,0.98,0.00768245838668,2,1,2,3,2,3,0,0,0,,,
769,PXD004720,bread wheat,embryo,single,protein,no,TraesCS1B03G0938800.1,TraesCS1B03G0938800.1,TraesCS1B03G0938800.1,,505,False,False,,TraesCS1B03G0938800.1,,3.56,0.9573,0.9798,0.00768245838668,1,0,1,1,0,1,0,0,0,,,"TraesCS1B03G0938800.2, TraesCS1D03G0529000.1, TraesCS1D03G0529000.2, TraesCS1D03G0529000.3, TraesCS3A03G0974400.1, TraesCS3A03G0974400.2, TraesCS3B03G1121200.1, TraesCS3D03G0910700.1"
770,PXD004720,bread wheat,embryo,single,protein,no,TraesCS3A03G0116700LC.1,TraesCS3A03G0116700LC.1,TraesCS3A03G0116700LC.1,,318,False,False,,TraesCS3A03G0116700LC.1,,5.97,0.9565,0.9794,0.00768245838668,1,0,1,1,0,1,0,0,0,"16C(57.0214), 18M(15.9949), 3C(57.0214), 6C(57.0214)",,"TraesCS4B03G0869700LC.1, TraesCS5B03G0061300LC.1"
771,PXD004720,bread wheat,embryo,single,protein,no,TraesCS2D03G0235100LC.1,TraesCS2D03G0235100LC.1,TraesCS2D03G0235100LC.1,,102,False,False,,TraesCS2D03G0235100LC.1,,6.86,0.9563,0.9793,0.00768245838668,1,1,1,1,1,1,0,0,0,,,
772,PXD004720,bread wheat,embryo,single,protein,no,TraesCS7A03G0663500LC.1,TraesCS7A03G0663500LC.1,TraesCS7A03G0663500LC.1,,120,False,False,,TraesCS7A03G0663500LC.1,,9.17,0.9559,0.9791,0.00768245838668,1,1,1,1,1,1,0,0,0,,,
773,PXD004720,bread wheat,embryo,single,protein,no,TraesCS3B03G0548900.1,TraesCS3B03G0548900.1,TraesCS3B03G0548900.1,,197,False,False,,TraesCS3B03G0548900.1,,6.09,0.9549,0.9668,0.00768245838668,2,0,2,9,0,9,0,0,0,,,TraesCS5D03G0825600LC.1
774,PXD004720,bread wheat,embryo,single,protein,no,TraesCS5A03G0530500.1,TraesCS5A03G0530500.1,TraesCS5A03G0530500.1,,189,False,False,,TraesCS5A03G0530500.1,,11.11,0.9549,0.9786,0.00768245838668,1,0,1,1,0,1,0,0,0,,,"TraesCS5B03G0543800.1, TraesCS5D03G0496400.1"
775,PXD004720,bread wheat,embryo,single,protein,no,TraesCS2D03G1129200.1,TraesCS2D03G1129200.1,TraesCS2D03G1129200.1,,633,False,False,,TraesCS2D03G1129200.1,,2.05,0.9542,0.9783,0.00768245838668,1,0,1,1,0,1,0,0,0,,,TraesCS2D03G1129200.2
776,PXD004720,bread wheat,embryo,single,protein,no,TraesCS3B03G0212000.1,TraesCS3B03G0212000.1,TraesCS3B03G0212000.1,,693,False,False,,TraesCS3B03G0212000.1,,1.3,0.9542,0.9783,0.00768245838668,1,1,1,1,1,1,0,0,0,,,
777,PXD004720,bread wheat,embryo,single,protein,no,TraesCS2A03G1051300.1,TraesCS2A03G1051300.1,TraesCS2A03G1051300.1,,166,False,False,,TraesCS2A03G1051300.1,,5.42,0.9526,0.9775,0.00768245838668,1,0,1,1,0,1,0,0,0,,,"TraesCS2B03G1176000.1, TraesCS2D03G0992100.1, TraesCS6A03G0717500.1, TraesCS6B03G0851200.1, TraesCS6D03G0601000.1"
778,PXD004720,bread wheat,embryo,single,protein,no,TraesCS6B03G0896300LC.1,TraesCS6B03G0896300LC.1,TraesCS6B03G0896300LC.1,,566,False,False,,TraesCS6B03G0896300LC.1,,1.59,0.9524,0.9774,0.00768245838668,1,1,1,1,1,1,0,0,0,3C(57.0214),,
779,PXD004720,bread wheat,embryo,single,protein,no,TraesCS6D03G0626700LC.1,TraesCS6D03G0626700LC.1,TraesCS6D03G0626700LC.1,,55,False,False,,TraesCS6D03G0626700LC.1,,25.45,0.9501,0.9763,0.00768245838668,1,1,1,3,3,3,0,0,0,,,
780,PXD004720,bread wheat,embryo,single,protein,no,TraesCS3A03G1160300LC.1,TraesCS3A03G1160300LC.1,TraesCS3A03G1160300LC.1,,127,False,False,,TraesCS3A03G1160300LC.1,,5.51,0.9498,0.9785,0.00768245838668,1,0,1,1,0,1,0,0,0,,,
781,PXD004720,bread wheat,embryo,single,protein,no,TraesCS4A03G1135000.1,TraesCS4A03G1135000.1,TraesCS4A03G1135000.1,,280,False,False,,TraesCS4A03G1135000.1,,3.57,0.9491,0.9758,0.00768245838668,1,1,1,1,1,1,0,0,0,,,
782,PXD004720,bread wheat,embryo,single,protein,no,TraesCS7D03G0357500LC.1,TraesCS7D03G0357500LC.1,TraesCS7D03G0357500LC.1,,415,False,False,,TraesCS7D03G0357500LC.1,,3.37,0.9475,0.975,0.00768245838668,1,1,1,1,1,1,0,0,0,,,
783,PXD004720,bread wheat,embryo,single,protein,no,TraesCS4B03G0078000.1,TraesCS4B03G0078000.1,TraesCS4B03G0078000.1,,213,False,False,,TraesCS4B03G0078000.1,,9.86,0.9471,0.9748,0.00768245838668,1,1,1,2,2,2,0,0,0,,,
784,PXD004720,bread wheat,embryo,single,protein,no,TraesCS4D03G0668900.1,TraesCS4D03G0668900.1,TraesCS4D03G0668900.1,,453,False,False,,TraesCS4D03G0668900.1,,13.02,0.9465,0.7371,0.00768245838668,3,1,1,4,2,2,0,0,0,,,
785,PXD004720,bread wheat,embryo,single,protein,no,TraesCS4D03G0782700.1,TraesCS4D03G0782700.1,TraesCS4D03G0782700.1,,907,False,False,,TraesCS4D03G0782700.1,,0.77,0.9458,0.9742,0.00768245838668,1,0,1,1,0,1,0,0,0,,,TraesCS5A03G1197400.1
786,PXD004720,bread wheat,embryo,single,protein,no,TraesCS2A03G0710500.1,TraesCS2A03G0710500.1,TraesCS2A03G0710500.1,,368,False,False,,TraesCS2A03G0710500.1,,2.45,0.9456,0.9741,0.00768245838668,1,0,1,2,0,2,0,0,0,,,"TraesCS2D03G0657700.1, TraesCS2D03G0657700.2"
787,PXD004720,bread wheat,embryo,single,protein,no,TraesCS4A03G0439500.1,TraesCS4A03G0439500.1,TraesCS4A03G0439500.1,,540,False,False,,TraesCS4A03G0439500.1,,1.85,0.9452,0.9739,0.00768245838668,1,0,1,1,0,1,0,0,0,,,"TraesCS4A03G0439500.2, TraesCS4B03G0460900.1, TraesCS4D03G0357300.1, TraesCS6A03G0010700LC.1, TraesCS6B03G0024800.1, TraesCS6D03G0017400.1"
788,PXD004720,bread wheat,embryo,single,protein,no,TraesCS1A03G0090500.1,TraesCS1A03G0090500.1,TraesCS1A03G0090500.1,,154,False,False,,TraesCS1A03G0090500.1,,4.55,0.9444,0.9735,0.00768245838668,1,0,1,1,0,1,0,0,0,,,"TraesCS1A03G0090800.1, TraesCS1B03G0109500.1, TraesCS1B03G0109700.1, TraesCS1D03G0080500.1, TraesCS1D03G0080700.1, TraesCS3A03G1264900.1, TraesCS3B03G1508900.1, TraesCS3D03G1189100.1, TraesCS5A03G1031100LC.1, TraesCS5A03G1049800.1, TraesCS5A03G1076100.1, TraesCS5A03G1098200.1, TraesCS5B03G1079900.1, TraesCS5B03G1113400.1, TraesCS5B03G1117900.1, TraesCS5B03G1118300LC.1, TraesCS5B03G1165900.1, TraesCS5B03G1166100.1, TraesCS5D03G0457700.1, TraesCS5D03G0971600LC.1, TraesCS5D03G0972000.1, TraesCS5D03G0996100.1, TraesCS5D03G1055900.1, TraesCS6A03G0276900.1, TraesCS6B03G0365400.1, TraesCS6D03G0230600.1, TraesCS7A03G1295100.1, TraesCS7A03G1295200LC.1, TraesCS7B03G1212300.1, TraesCS7B03G1212500.1, TraesCS7D03G1226200.1, TraesCS7D03G1227500.1"
789,PXD004720,bread wheat,embryo,single,protein,no,TraesCS2B03G1312800LC.1,TraesCS2B03G1312800LC.1,TraesCS2B03G1312800LC.1,,298,False,False,,TraesCS2B03G1312800LC.1,,3.02,0.9424,0.9725,0.00768245838668,1,0,1,1,0,1,0,0,0,"3C(57.0214), 8M(15.9949)",,TraesCS3A03G0196700LC.1
790,PXD004720,bread wheat,embryo,single,protein,no,TraesCS5A03G0752700.1,TraesCS5A03G0752700.1,TraesCS5A03G0752700.1,,699,False,False,,TraesCS5A03G0752700.1,,1.72,0.941,0.9718,0.00768245838668,1,0,1,1,0,1,0,0,0,,,"TraesCS5A03G0752700.2, TraesCS5B03G0786300.1, TraesCS5D03G0713600.1, TraesCS5D03G0713600.2"
791,PXD004720,bread wheat,embryo,single,protein,no,TraesCS6A03G0094700LC.1,TraesCS6A03G0094700LC.1,TraesCS6A03G0094700LC.1,,117,False,False,,TraesCS6A03G0094700LC.1,,11.11,0.9406,0.9716,0.00768245838668,1,1,1,1,1,1,0,0,0,,,
792,PXD004720,bread wheat,embryo,single,protein,no,TraesCS5B03G1194100.1,TraesCS5B03G1194100.1,TraesCS5B03G1194100.1,,147,False,False,,TraesCS5B03G1194100.1,,8.16,0.9402,0.9714,0.00768245838668,1,0,1,1,0,1,0,0,0,,,TraesCS5D03G1080000.1
793,PXD004720,bread wheat,embryo,single,protein,no,TraesCS1B03G0071100LC.1,TraesCS1B03G0071100LC.1,TraesCS1B03G0071100LC.1,,523,False,False,,TraesCS1B03G0071100LC.1,,1.91,0.9396,0.9711,0.00768245838668,1,1,1,1,1,1,0,0,0,,,
794,PXD004720,bread wheat,embryo,single,protein,no,TraesCS1D03G0852400.1,TraesCS1D03G0852400.1,TraesCS1D03G0852400.1,,268,False,False,,TraesCS1D03G0852400.1,,4.48,0.9389,0.9708,0.00768245838668,1,1,1,4,4,4,0,0,0,,,
795,PXD004720,bread wheat,embryo,single,protein,no,TraesCS3B03G0398400.1,TraesCS3B03G0398400.1,TraesCS3B03G0398400.1,,221,False,False,,TraesCS3B03G0398400.1,,5.88,0.9379,0.9703,0.00768245838668,1,0,1,1,0,1,0,0,0,,,TraesCS3D03G0315800.1
796,PXD004720,bread wheat,embryo,single,protein,no,TraesCS7D03G0241400.1,TraesCS7D03G0241400.1,TraesCS7D03G0241400.1,,280,False,False,,TraesCS7D03G0241400.1,,5.71,0.9379,0.9703,0.00768245838668,1,0,1,1,0,1,0,0,0,4C(57.0214),,TraesCS7D03G0241400.2
797,PXD004720,bread wheat,embryo,single,protein,no,TraesCS2D03G0648400.1,TraesCS2D03G0648400.1,TraesCS2D03G0648400.1,,358,False,False,,TraesCS2D03G0648400.1,,2.23,0.9363,0.9695,0.00768245838668,1,1,1,1,1,1,0,0,0,,,
798,PXD004720,bread wheat,embryo,single,protein,no,TraesCS5B03G1201200LC.1,TraesCS5B03G1201200LC.1,TraesCS5B03G1201200LC.1,,217,False,False,,TraesCS5B03G1201200LC.1,,4.61,0.9361,0.9694,0.00768245838668,1,1,1,1,1,1,0,0,0,,,
799,PXD004720,bread wheat,embryo,single,protein,no,TraesCS7B03G1092200.1,TraesCS7B03G1092200.1,TraesCS7B03G1092200.1,,139,False,False,,TraesCS7B03G1092200.1,,12.23,0.9343,0.9387,0.00768245838668,2,1,2,2,1,2,0,0,0,,,
800,PXD004720,bread wheat,embryo,single,protein,no,TraesCS6A03G0483900.2,TraesCS6A03G0483900.2,TraesCS6A03G0483900.2,,684,False,False,,TraesCS6A03G0483900.2,,1.61,0.9331,0.9679,0.00768245838668,1,0,1,1,0,1,0,0,0,,,"TraesCS6B03G0580700.1, TraesCS6D03G0410900.2"
801,PXD004720,bread wheat,embryo,single,protein,no,TraesCS4A03G0985400.1,TraesCS4A03G0985400.1,TraesCS4A03G0985400.1,,605,False,False,,TraesCS4A03G0985400.1,,2.15,0.9329,0.9678,0.00768245838668,1,0,1,2,0,2,0,0,0,,,TraesCS7D03G0210700.1
802,PXD004720,bread wheat,embryo,single,protein,no,TraesCS5A03G0485400LC.1,TraesCS5A03G0485400LC.1,TraesCS5A03G0485400LC.1,,238,False,False,,TraesCS5A03G0485400LC.1,,9.66,0.9321,0.9674,0.00768245838668,1,1,1,1,1,1,0,0,0,,,
803,PXD004720,bread wheat,embryo,single,protein,no,TraesCS2A03G1083600.1,TraesCS2A03G1083600.1,TraesCS2A03G1083600.1,,188,False,False,,TraesCS2A03G1083600.1,,6.38,0.9315,0.9671,0.00768245838668,1,0,1,1,0,1,0,0,0,,,"TraesCS2B03G1214800LC.1, TraesCS2D03G1025400LC.1"
804,PXD004720,bread wheat,embryo,single,protein,no,TraesCS2D03G1208000.1,TraesCS2D03G1208000.1,TraesCS2D03G1208000.1,,297,False,False,,TraesCS2D03G1208000.1,,2.69,0.9299,0.9663,0.00768245838668,1,1,1,1,1,1,0,0,0,,,
805,PXD004720,bread wheat,embryo,single,protein,no,TraesCS5B03G0969600.1,TraesCS5B03G0969600.1,TraesCS5B03G0969600.1,,485,False,False,,TraesCS5B03G0969600.1,,2.27,0.9297,0.9662,0.00768245838668,1,1,1,1,1,1,0,0,0,,,
806,PXD004720,bread wheat,embryo,single,protein,no,TraesCS2B03G1171800.1,TraesCS2B03G1171800.1,TraesCS2B03G1171800.1,,2742,False,False,,TraesCS2B03G1171800.1,,0.26,0.9295,0.971,0.00768245838668,1,0,1,1,0,1,0,0,0,,,"TraesCS2B03G1172300.1, TraesCS2D03G0987000.1, TraesCS2D03G0988700.1, decoy_116215, decoy_121952, decoy_129051, decoy_64421, decoy_64422, decoy_88302, decoy_95228"
807,PXD004720,bread wheat,embryo,single,protein,no,TraesCS4A03G0779600.1,TraesCS4A03G0779600.1,TraesCS4A03G0779600.1,,715,False,False,,TraesCS4A03G0779600.1,,1.54,0.9283,0.9655,0.00768245838668,1,0,1,2,0,2,0,0,0,9M(15.9949),,TraesCS4A03G0779600.2
808,PXD004720,bread wheat,embryo,single,protein,no,TraesCS2A03G0812000.1,TraesCS2A03G0812000.1,TraesCS2A03G0812000.1,,838,False,False,,TraesCS2A03G0812000.1,,1.67,0.9281,0.9654,0.00768245838668,1,0,1,2,0,2,0,0,0,,,"TraesCS2A03G0812000.3, TraesCS2A03G0812000.4, TraesCS2D03G0752600.1, TraesCS2D03G0752600.2, TraesCS2D03G0752600.3"
809,PXD004720,bread wheat,embryo,single,protein,no,TraesCS6A03G0747200LC.1,TraesCS6A03G0747200LC.1,TraesCS6A03G0747200LC.1,,110,False,False,,TraesCS6A03G0747200LC.1,,9.09,0.9277,0.9652,0.00768245838668,1,1,1,1,1,1,0,0,0,,,
810,PXD004720,bread wheat,embryo,single,protein,no,TraesCS6A03G0824800.1,TraesCS6A03G0824800.1,TraesCS6A03G0824800.1,,149,False,False,,TraesCS6A03G0824800.1,,6.71,0.9275,0.9651,0.00768245838668,1,0,1,1,0,1,0,0,0,,,"TraesCS6B03G0979500.1, TraesCS6D03G0699000.1"
811,PXD004720,bread wheat,embryo,single,protein,no,TraesCS2D03G1276100.1,TraesCS2D03G1276100.1,TraesCS2D03G1276100.1,,492,False,False,,TraesCS2D03G1276100.1,,2.64,0.9273,0.965,0.00768245838668,1,1,1,1,1,1,0,0,0,,,
812,PXD004720,bread wheat,embryo,single,protein,no,TraesCS6B03G1160300.1,TraesCS6B03G1160300.1,TraesCS6B03G1160300.1,,327,False,False,,TraesCS6B03G1160300.1,,4.89,0.9267,0.9647,0.00768245838668,1,0,1,2,0,2,0,0,0,,,TraesCS6D03G0827000.1
813,PXD004720,bread wheat,embryo,single,protein,no,TraesCS7A03G0582100.1,TraesCS7A03G0582100.1,TraesCS7A03G0582100.1,,452,False,False,,TraesCS7A03G0582100.1,,1.99,0.9267,0.9647,0.00768245838668,1,0,1,1,0,1,0,0,0,,,"TraesCS7A03G0582100.2, TraesCS7A03G0582100.3, TraesCS7A03G0582100.4, TraesCS7D03G0565500LC.1"
814,PXD004720,bread wheat,embryo,single,protein,no,TraesCS4A03G0954800LC.2,TraesCS4A03G0954800LC.2,TraesCS4A03G0954800LC.2,,289,False,False,,TraesCS4A03G0954800LC.2,,5.54,0.9257,0.945,0.00768245838668,2,1,2,2,1,2,0,0,0,,,
815,PXD004720,bread wheat,embryo,single,protein,no,TraesCS4A03G0740000.1,TraesCS4A03G0740000.1,TraesCS4A03G0740000.1,,480,False,False,,TraesCS4A03G0740000.1,,5.62,0.9239,0.9633,0.00768245838668,3,0,3,3,0,3,0,0,0,,,"TraesCS4A03G0740000.2, TraesCS4D03G0035100.1, TraesCS4D03G0035100.2"
816,PXD004720,bread wheat,embryo,single,protein,no,TraesCS5A03G0373500.2,TraesCS5A03G0373500.2,TraesCS5A03G0373500.2,,584,False,False,,TraesCS5A03G0373500.2,,3.42,0.9239,0.9633,0.00768245838668,1,0,1,1,0,1,0,0,0,,,"TraesCS5A03G0373500.3, TraesCS5B03G0365900.1, TraesCS5D03G0351900.2"
817,PXD004720,bread wheat,embryo,single,protein,no,TraesCS2A03G0935100.1,TraesCS2A03G0935100.1,TraesCS2A03G0935100.1,,577,False,False,,TraesCS2A03G0935100.1,,1.73,0.9233,0.963,0.00768245838668,1,0,1,1,0,1,0,0,0,,,"TraesCS2B03G1029400.1, TraesCS2D03G0874600.1"
818,PXD004720,bread wheat,embryo,single,protein,no,TraesCS7D03G0654800LC.1,TraesCS7D03G0654800LC.1,TraesCS7D03G0654800LC.1,,192,False,False,,TraesCS7D03G0654800LC.1,,3.65,0.9225,0.9626,0.00768245838668,1,1,1,2,2,2,0,0,0,,,
819,PXD004720,bread wheat,embryo,single,protein,no,TraesCS3A03G0750700.1,TraesCS3A03G0750700.1,TraesCS3A03G0750700.1,,1010,False,False,,TraesCS3A03G0750700.1,,1.49,0.9223,0.9625,0.00768245838668,1,0,1,1,0,1,0,0,0,,,"TraesCS3B03G0857100.1, TraesCS3B03G0857100.2, TraesCS3D03G0690900.1, TraesCS3D03G0690900.2, TraesCSU03G0235600LC.1"
820,PXD004720,bread wheat,embryo,single,protein,no,TraesCS1A03G0531500LC.1,TraesCS1A03G0531500LC.1,TraesCS1A03G0531500LC.1,,251,False,False,,TraesCS1A03G0531500LC.1,,3.98,0.9215,0.9621,0.00768245838668,1,0,1,1,0,1,0,0,0,,,TraesCS4A03G0674600LC.1
821,PXD004720,bread wheat,embryo,single,protein,no,TraesCS1A03G0795200LC.1,TraesCS1A03G0795200LC.1,TraesCS1A03G0795200LC.1,,151,False,False,,TraesCS1A03G0795200LC.1,,5.3,0.9209,0.9618,0.00768245838668,1,0,1,2,0,2,0,0,0,,,TraesCS1A03G0795300LC.1
822,PXD004720,bread wheat,embryo,single,protein,no,TraesCS2A03G0137700LC.1,TraesCS2A03G0137700LC.1,TraesCS2A03G0137700LC.1,,497,False,False,,TraesCS2A03G0137700LC.1,,2.21,0.9156,0.9591,0.00768245838668,1,1,1,1,1,1,0,0,0,,,
823,PXD004720,bread wheat,embryo,single,protein,no,TraesCS4A03G0617500.1,TraesCS4A03G0617500.1,TraesCS4A03G0617500.1,,385,False,False,,TraesCS4A03G0617500.1,,1.82,0.9153,0.9625,0.00768245838668,1,0,1,3,0,3,0,0,0,,,"TraesCS4B03G0186400.1, TraesCS4D03G0153600.1, TraesCS4D03G0153600.2, TraesCS4D03G0153600.3, TraesCS4D03G0153600.4, TraesCS6D03G0486800LC.1"
824,PXD004720,bread wheat,embryo,single,protein,no,TraesCS2D03G0269100.1,TraesCS2D03G0269100.1,TraesCS2D03G0269100.1,,465,False,False,,TraesCS2D03G0269100.1,,4.52,0.9148,0.9587,0.00768245838668,1,1,1,3,3,3,0,0,0,,,
825,PXD004720,bread wheat,embryo,single,protein,no,TraesCS1B03G0472100.1,TraesCS1B03G0472100.1,TraesCS1B03G0472100.1,,545,False,False,,TraesCS1B03G0472100.1,,2.2,0.9144,0.9585,0.00768245838668,1,1,1,1,1,1,0,0,0,"10C(57.0214), 5C(57.0214), 7M(15.9949), 8M(15.9949)",,
826,PXD004720,bread wheat,embryo,single,protein,no,TraesCS5D03G0455100LC.1,TraesCS5D03G0455100LC.1,TraesCS5D03G0455100LC.1,,309,False,False,,TraesCS5D03G0455100LC.1,,3.24,0.9144,0.9585,0.00768245838668,1,1,1,1,1,1,0,0,0,,,
827,PXD004720,bread wheat,embryo,single,protein,no,TraesCS2B03G0014900LC.1,TraesCS2B03G0014900LC.1,TraesCS2B03G0014900LC.1,,239,False,False,,TraesCS2B03G0014900LC.1,,4.6,0.914,0.9583,0.00768245838668,1,1,1,1,1,1,0,0,0,"4C(57.0214), 7M(15.9949)",,
828,PXD004720,bread wheat,embryo,single,protein,no,TraesCS4B03G0381200LC.1,TraesCS4B03G0381200LC.1,TraesCS4B03G0381200LC.1,,317,False,False,,TraesCS4B03G0381200LC.1,,3.79,0.9128,0.9577,0.00768245838668,1,1,1,1,1,1,0,0,0,,,
829,PXD004720,bread wheat,embryo,single,protein,no,TraesCS7B03G0684400.1,TraesCS7B03G0684400.1,TraesCS7B03G0684400.1,,226,False,False,,TraesCS7B03G0684400.1,,3.98,0.9126,0.9576,0.00768245838668,1,1,1,1,1,1,0,0,0,,,
830,PXD004720,bread wheat,embryo,single,protein,no,TraesCS1B03G1004500LC.1,TraesCS1B03G1004500LC.1,TraesCS1B03G1004500LC.1,,307,False,False,,TraesCS1B03G1004500LC.1,,3.26,0.9107,0.9566,0.00768245838668,1,0,1,1,0,1,0,0,0,,,TraesCS7A03G0136000LC.1
831,PXD004720,bread wheat,embryo,single,protein,no,TraesCS2A03G1167000.1,TraesCS2A03G1167000.1,TraesCS2A03G1167000.1,,1250,False,False,,TraesCS2A03G1167000.1,,1.2,0.9107,0.9566,0.00768245838668,1,0,1,1,0,1,0,0,0,,,"TraesCS2B03G1323900.1, TraesCS2B03G1323900.2, TraesCS2D03G1116600.1"
832,PXD004720,bread wheat,embryo,single,protein,no,TraesCS4A03G0737300.1,TraesCS4A03G0737300.1,TraesCS4A03G0737300.1,,857,False,False,,TraesCS4A03G0737300.1,,1.52,0.9105,0.9565,0.00768245838668,1,0,1,3,0,3,0,0,0,,,TraesCS4D03G0039100.1
833,PXD004720,bread wheat,embryo,single,protein,no,TraesCS4A03G0135000.1,TraesCS4A03G0135000.1,TraesCS4A03G0135000.1,,238,False,False,,TraesCS4A03G0135000.1,,7.56,0.9103,0.9589,0.00768245838668,1,0,1,1,0,1,0,0,0,17M(15.9949),,"TraesCS4A03G0135100LC.1, TraesCS4B03G0618200.1, TraesCS4D03G0546300.1"
834,PXD004720,bread wheat,embryo,single,protein,no,TraesCS5A03G0053200.1,TraesCS5A03G0053200.1,TraesCS5A03G0053200.1,,220,False,False,,TraesCS5A03G0053200.1,,15.91,0.9103,0.9564,0.00768245838668,1,1,1,3,3,3,0,0,0,,,
835,PXD004720,bread wheat,embryo,single,protein,no,TraesCS5B03G1073000LC.1,TraesCS5B03G1073000LC.1,TraesCS5B03G1073000LC.1,,276,False,False,,TraesCS5B03G1073000LC.1,,5.07,0.9091,0.9558,0.00768245838668,1,1,1,1,1,1,0,0,0,13C(57.0214),,
836,PXD004720,bread wheat,embryo,single,protein,no,TraesCS7B03G0075400.1,TraesCS7B03G0075400.1,TraesCS7B03G0075400.1,,97,False,False,,TraesCS7B03G0075400.1,,16.49,0.9052,0.9538,0.00768245838668,1,1,1,1,1,1,0,0,0,,,
837,PXD004720,bread wheat,embryo,single,protein,no,TraesCS5A03G0925200.1,TraesCS5A03G0925200.1,TraesCS5A03G0925200.1,,185,False,False,,TraesCS5A03G0925200.1,,8.11,0.9037,0.953,0.00768245838668,1,1,1,1,1,1,0,0,0,,,
838,PXD004720,bread wheat,embryo,single,protein,no,TraesCS7B03G0486300LC.1,TraesCS7B03G0486300LC.1,TraesCS7B03G0486300LC.1,,137,False,False,,TraesCS7B03G0486300LC.1,,8.76,0.9027,0.9525,0.00768245838668,1,1,1,2,2,2,0,0,0,6C(57.0214),,
839,PXD004720,bread wheat,embryo,single,protein,no,TraesCS3A03G0662300.1,TraesCS3A03G0662300.1,TraesCS3A03G0662300.1,,1094,False,False,,TraesCS3A03G0662300.1,,0.73,0.9019,0.9521,0.00768245838668,1,0,1,1,0,1,0,0,0,4M(15.9949),,"TraesCS3A03G0662300.2, TraesCS3A03G0662400.1, TraesCS3B03G0755900.1, TraesCS3B03G0755900.2, TraesCS3B03G0756000.1, TraesCS3D03G0605000.1"
840,PXD004720,bread wheat,embryo,single,protein,no,TraesCS5A03G0036800.1,TraesCS5A03G0036800.1,TraesCS5A03G0036800.1,,222,False,False,,TraesCS5A03G0036800.1,,9.91,0.8998,0.951,0.00768245838668,1,1,1,2,2,2,0,0,0,,,
841,PXD004720,bread wheat,embryo,single,protein,no,TraesCS5A03G1093300.1,TraesCS5A03G1093300.1,TraesCS5A03G1093300.1,,355,False,False,,TraesCS5A03G1093300.1,,1.97,0.8994,0.9508,0.00768245838668,1,0,1,1,0,1,0,0,0,,,"TraesCS5A03G1093300.2, TraesCS5B03G1159600.1, TraesCS5D03G1051900.1, TraesCS5D03G1051900.2"
842,PXD004720,bread wheat,embryo,single,protein,no,TraesCS6A03G0505900.1,TraesCS6A03G0505900.1,TraesCS6A03G0505900.1,,968,False,False,,TraesCS6A03G0505900.1,,1.65,0.8992,0.9507,0.00768245838668,1,0,1,1,0,1,0,0,0,,,"TraesCS6B03G0615400.1, TraesCS6D03G0441600.1, TraesCS6D03G0441600.2, TraesCS6D03G0441600.3, TraesCS7A03G0847000.1, TraesCS7B03G0663800.1, TraesCS7D03G0790600.1"
843,PXD004720,bread wheat,embryo,single,protein,no,TraesCS1A03G0224700.1,TraesCS1A03G0224700.1,TraesCS1A03G0224700.1,,265,False,False,,TraesCS1A03G0224700.1,,3.4,0.8971,0.9496,0.00768245838668,1,0,1,1,0,1,0,0,0,,,"TraesCS1B03G0326800.1, TraesCS1D03G0237700.1"
844,PXD004720,bread wheat,embryo,single,protein,no,TraesCS1A03G0740800.1,TraesCS1A03G0740800.1,TraesCS1A03G0740800.1,,603,False,False,,TraesCS1A03G0740800.1,,1.16,0.895,0.9486,0.00768245838668,1,1,1,1,1,1,0,0,0,3M(15.9949),,
845,PXD004720,bread wheat,embryo,single,protein,no,TraesCS3A03G0761300.1,TraesCS3A03G0761300.1,TraesCS3A03G0761300.1,,360,False,False,,TraesCS3A03G0761300.1,,6.39,0.8944,0.9483,0.00768245838668,1,1,1,2,2,2,0,0,0,,,
846,PXD004720,bread wheat,embryo,single,protein,no,TraesCS1B03G0444000LC.1,TraesCS1B03G0444000LC.1,TraesCS1B03G0444000LC.1,,110,False,False,,TraesCS1B03G0444000LC.1,,7.27,0.8942,0.9482,0.00768245838668,1,1,1,1,1,1,0,0,0,,,
847,PXD004720,bread wheat,embryo,single,protein,no,TraesCS1B03G0213000LC.1,TraesCS1B03G0213000LC.1,TraesCS1B03G0213000LC.1,,263,False,False,,TraesCS1B03G0213000LC.1,,2.66,0.8936,0.9479,0.00768245838668,1,1,1,1,1,1,0,0,0,"4C(57.0214), N-term(42.0106)",,
848,PXD004720,bread wheat,embryo,single,protein,no,TraesCS6A03G0054700.1,TraesCS6A03G0054700.1,TraesCS6A03G0054700.1,,2178,False,False,,TraesCS6A03G0054700.1,,0.87,0.8936,0.9479,0.00768245838668,1,0,1,1,0,1,0,0,0,,,"TraesCS6B03G0078900.1, TraesCS6D03G0055100.1"
849,PXD004720,bread wheat,embryo,single,protein,no,TraesCS1A03G0815300.1,TraesCS1A03G0815300.1,TraesCS1A03G0815300.1,,649,False,False,,TraesCS1A03G0815300.1,,1.23,0.8928,0.9475,0.00768245838668,1,0,1,1,0,1,0,0,0,,,"TraesCS1A03G0815300.2, TraesCS1B03G0940900.1, TraesCS1B03G0940900.2, TraesCS1D03G0785500.1, TraesCS1D03G0785500.2"
850,PXD004720,bread wheat,embryo,single,protein,no,TraesCS6B03G0019300.1,TraesCS6B03G0019300.1,TraesCS6B03G0019300.1,,288,False,False,,TraesCS6B03G0019300.1,,2.43,0.8923,0.9472,0.00768245838668,1,1,1,1,1,1,0,0,0,,,
851,PXD004720,bread wheat,embryo,single,protein,no,TraesCS1B03G1036500.1,TraesCS1B03G1036500.1,TraesCS1B03G1036500.1,,147,False,False,,TraesCS1B03G1036500.1,,13.61,0.8913,0.9467,0.00768245838668,1,1,1,1,1,1,0,0,0,,,
852,PXD004720,bread wheat,embryo,single,protein,no,TraesCS4B03G0892400.1,TraesCS4B03G0892400.1,TraesCS4B03G0892400.1,,1080,False,False,,TraesCS4B03G0892400.1,,0.83,0.89,0.946,0.00768245838668,1,0,1,1,0,1,0,0,0,,,"TraesCS4B03G0892400.2, TraesCS4D03G0787500.1, TraesCS4D03G0787500.2, TraesCS5A03G1202000.1, TraesCS5A03G1202000.2"
853,PXD004720,bread wheat,embryo,single,protein,no,TraesCS3D03G0139800LC.1,TraesCS3D03G0139800LC.1,TraesCS3D03G0139800LC.1,,141,False,False,,TraesCS3D03G0139800LC.1,,6.38,0.882,0.9418,0.00768245838668,1,1,1,1,1,1,0,0,0,,,
854,PXD004720,bread wheat,embryo,single,protein,no,TraesCS6A03G1049100LC.1,TraesCS6A03G1049100LC.1,TraesCS6A03G1049100LC.1,,119,False,False,,TraesCS6A03G1049100LC.1,,5.88,0.8816,0.9416,0.00768245838668,1,1,1,1,1,1,0,0,0,,,
855,PXD004720,bread wheat,embryo,single,protein,no,TraesCS3A03G0318400.1,TraesCS3A03G0318400.1,TraesCS3A03G0318400.1,,114,False,False,,TraesCS3A03G0318400.1,,14.91,0.8761,0.9387,0.00768245838668,1,1,1,1,1,1,0,0,0,,,
856,PXD004720,bread wheat,embryo,single,protein,no,TraesCS4B03G0857300.1,TraesCS4B03G0857300.1,TraesCS4B03G0857300.1,,226,False,False,,TraesCS4B03G0857300.1,,7.52,0.8757,0.9385,0.00768245838668,1,0,1,1,0,1,0,0,0,N-term(42.0106),,"TraesCS4D03G0761100.1, TraesCS5A03G1177200.1"
857,PXD004720,bread wheat,embryo,single,protein,no,TraesCS6D03G0600500.1,TraesCS6D03G0600500.1,TraesCS6D03G0600500.1,,564,False,False,,TraesCS6D03G0600500.1,,1.6,0.871,0.9386,0.00768245838668,1,0,1,1,0,1,0,0,0,,,
858,PXD004720,bread wheat,embryo,single,protein,no,TraesCS1A03G0572400.1,TraesCS1A03G0572400.1,TraesCS1A03G0572400.1,,150,False,False,,TraesCS1A03G0572400.1,,16.67,0.8688,0.9348,0.00768245838668,1,0,1,1,0,1,0,0,0,,,"TraesCS1B03G0662300.1, TraesCS1D03G0546000.1"
859,PXD004720,bread wheat,embryo,single,protein,no,TraesCS5B03G0328300LC.1,TraesCS5B03G0328300LC.1,TraesCS5B03G0328300LC.1,,110,False,False,,TraesCS5B03G0328300LC.1,,8.18,0.8688,0.9348,0.00768245838668,1,1,1,1,1,1,0,0,0,,,
860,PXD004720,bread wheat,embryo,single,protein,no,TraesCS4A03G0883400LC.1,TraesCS4A03G0883400LC.1,TraesCS4A03G0883400LC.1,,360,False,False,,TraesCS4A03G0883400LC.1,,3.61,0.8675,0.9341,0.00768245838668,1,1,1,1,1,1,0,0,0,,,
861,PXD004720,bread wheat,embryo,single,protein,no,TraesCS2A03G1278800.1,TraesCS2A03G1278800.1,TraesCS2A03G1278800.1,,266,False,False,,TraesCS2A03G1278800.1,,3.01,0.8671,0.9339,0.00768245838668,1,0,1,1,0,1,0,0,0,,,"TraesCS2A03G1278800.2, TraesCS2B03G1463600.1, TraesCS2B03G1463600.2, TraesCS2D03G1236600.1, TraesCS2D03G1236600.2"
862,PXD004720,bread wheat,embryo,single,protein,no,TraesCS2B03G1404800LC.1,TraesCS2B03G1404800LC.1,TraesCS2B03G1404800LC.1,,423,False,False,,TraesCS2B03G1404800LC.1,,1.65,0.8671,0.9339,0.00768245838668,1,1,1,1,1,1,0,0,0,,,
863,PXD004720,bread wheat,embryo,single,protein,no,TraesCS3D03G0035700.1,TraesCS3D03G0035700.1,TraesCS3D03G0035700.1,,118,False,False,,TraesCS3D03G0035700.1,,9.32,0.8662,0.9334,0.00768245838668,1,1,1,2,2,2,0,0,0,,,
864,PXD004720,bread wheat,embryo,single,protein,no,TraesCS4B03G0524200.1,TraesCS4B03G0524200.1,TraesCS4B03G0524200.1,,1325,False,False,,TraesCS4B03G0524200.1,,0.53,0.8648,0.9353,0.00768245838668,1,0,1,2,0,2,0,0,0,,,"TraesCS4B03G0524200.2, TraesCS4B03G0524200.3, TraesCS4B03G0524200.4, TraesCS4D03G0463800LC.1"
865,PXD004720,bread wheat,embryo,single,protein,no,TraesCS2A03G0134800.1,TraesCS2A03G0134800.1,TraesCS2A03G0134800.1,,1085,False,False,,TraesCS2A03G0134800.1,,1.94,0.8647,0.8638,0.00768245838668,2,0,2,2,0,2,0,0,0,,,TraesCS2D03G0133600.1
866,PXD004720,bread wheat,embryo,single,protein,no,TraesCS1A03G0232800.2,TraesCS1A03G0232800.2,TraesCS1A03G0232800.2,,187,False,False,,TraesCS1A03G0232800.2,,4.81,0.8645,0.9325,0.00768245838668,1,0,1,2,0,2,0,0,0,,,"TraesCS1B03G0345200.1, TraesCS1D03G0250200.1, TraesCS1D03G0250200.2"
867,PXD004720,bread wheat,embryo,single,protein,no,TraesCS7A03G0323500LC.1,TraesCS7A03G0323500LC.1,TraesCS7A03G0323500LC.1,,617,False,False,,TraesCS7A03G0323500LC.1,,1.13,0.864,0.9349,0.00768245838668,1,0,1,1,0,1,0,0,0,,,
868,PXD004720,bread wheat,embryo,single,protein,no,TraesCS7A03G0811300.1,TraesCS7A03G0811300.1,TraesCS7A03G0811300.1,,704,False,False,,TraesCS7A03G0811300.1,,1.56,0.8638,0.9321,0.00768245838668,1,0,1,1,0,1,0,0,0,,,TraesCS7B03G0917700LC.1
869,PXD004720,bread wheat,embryo,single,protein,no,TraesCS4D03G0365500LC.1,TraesCS4D03G0365500LC.1,TraesCS4D03G0365500LC.1,,209,False,False,,TraesCS4D03G0365500LC.1,,6.7,0.8634,0.9319,0.00768245838668,1,1,1,1,1,1,0,0,0,,,
870,PXD004720,bread wheat,embryo,single,protein,no,TraesCS7A03G0627800.1,TraesCS7A03G0627800.1,TraesCS7A03G0627800.1,,614,False,False,,TraesCS7A03G0627800.1,,1.95,0.8603,0.9302,0.00768245838668,1,1,1,1,1,1,0,0,0,,,
871,PXD004720,bread wheat,embryo,single,protein,no,TraesCS1B03G0995300.1,TraesCS1B03G0995300.1,TraesCS1B03G0995300.1,,110,False,False,,TraesCS1B03G0995300.1,,20.91,0.8597,0.9299,0.00768245838668,1,1,1,1,1,1,0,0,0,"19C(57.0214), 22C(57.0214), 5M(15.9949), 8C(57.0214)",,
872,PXD004720,bread wheat,embryo,single,protein,no,TraesCS6B03G0111400LC.1,TraesCS6B03G0111400LC.1,TraesCS6B03G0111400LC.1,,114,False,False,,TraesCS6B03G0111400LC.1,,7.89,0.8597,0.9299,0.00768245838668,1,1,1,1,1,1,0,0,0,,,
873,PXD004720,bread wheat,embryo,single,protein,no,TraesCS6A03G0217000.1,TraesCS6A03G0217000.1,TraesCS6A03G0217000.1,,305,False,False,,TraesCS6A03G0217000.1,,2.3,0.8595,0.9298,0.00768245838668,1,0,1,1,0,1,0,0,0,,,TraesCS7D03G0445600.1
874,PXD004720,bread wheat,embryo,single,protein,no,TraesCS6B03G0003300.1,TraesCS6B03G0003300.1,TraesCS6B03G0003300.1,,898,False,False,,TraesCS6B03G0003300.1,,0.78,0.8586,0.932,0.00768245838668,1,0,1,1,0,1,0,0,0,,,
875,PXD004720,bread wheat,embryo,single,protein,no,TraesCS7A03G0348500.1,TraesCS7A03G0348500.1,TraesCS7A03G0348500.1,,204,False,False,,TraesCS7A03G0348500.1,,3.92,0.854,0.9268,0.00768245838668,1,1,1,1,1,1,0,0,0,7C(57.0214),,
876,PXD004720,bread wheat,embryo,single,protein,no,TraesCS7A03G0648100.1,TraesCS7A03G0648100.1,TraesCS7A03G0648100.1,,216,False,False,,TraesCS7A03G0648100.1,,8.33,0.8534,0.9265,0.00768245838668,1,0,1,2,0,2,0,0,0,,,"TraesCS7B03G0474500.1, TraesCS7D03G0627400.1"
877,PXD004720,bread wheat,embryo,single,protein,no,TraesCS2A03G0367400.1,TraesCS2A03G0367400.1,TraesCS2A03G0367400.1,,453,False,False,,TraesCS2A03G0367400.1,,1.77,0.8528,0.9289,0.00768245838668,1,0,1,1,0,1,0,0,0,,,"TraesCS2B03G0488900.2, TraesCS2B03G0488900.3, TraesCS2D03G0385000.1"
878,PXD004720,bread wheat,embryo,single,protein,no,TraesCS1A03G0193900.1,TraesCS1A03G0193900.1,TraesCS1A03G0193900.1,,384,False,False,,TraesCS1A03G0193900.1,,2.08,0.852,0.9257,0.00768245838668,1,0,1,1,0,1,0,0,0,,,TraesCS1B03G0262700.1
879,PXD004720,bread wheat,embryo,single,protein,no,TraesCS2D03G0021300LC.1,TraesCS2D03G0021300LC.1,TraesCS2D03G0021300LC.1,,183,False,False,,TraesCS2D03G0021300LC.1,,4.37,0.852,0.9257,0.00768245838668,1,1,1,1,1,1,0,0,0,,,
880,PXD004720,bread wheat,embryo,single,protein,no,TraesCS5D03G0448500.1,TraesCS5D03G0448500.1,TraesCS5D03G0448500.1,,167,False,False,,TraesCS5D03G0448500.1,,13.77,0.8465,0.9227,0.00768245838668,1,1,1,1,1,1,0,0,0,,,
881,PXD004720,bread wheat,embryo,single,protein,no,TraesCS1A03G0761400.1,TraesCS1A03G0761400.1,TraesCS1A03G0761400.1,,186,False,False,,TraesCS1A03G0761400.1,,5.91,0.8445,0.9216,0.00768245838668,1,0,1,1,0,1,0,0,0,,,"TraesCS1B03G0869800.1, TraesCS1D03G0728900.1, TraesCS2A03G0534500.1, TraesCS2D03G0552200.1, TraesCS3A03G0807400.1, TraesCS3A03G0807400.2, TraesCS3B03G0928800.1, TraesCS3D03G0743800.1, TraesCS3D03G0743800.2, TraesCS5A03G0396100.1, TraesCS5A03G1101100.1, TraesCS5B03G0391500.1, TraesCS5B03G1168400.1, TraesCS5D03G0372700.1, TraesCS5D03G0372700.2, TraesCS5D03G1058300.1"
882,PXD004720,bread wheat,embryo,single,protein,no,TraesCS4D03G0457400LC.1,TraesCS4D03G0457400LC.1,TraesCS4D03G0457400LC.1,,298,False,False,,TraesCS4D03G0457400LC.1,,2.35,0.8423,0.9204,0.00768245838668,1,0,1,1,0,1,0,0,0,,,TraesCS7B03G0404300LC.1
883,PXD004720,bread wheat,embryo,single,protein,no,TraesCS2D03G0881800LC.1,TraesCS2D03G0881800LC.1,TraesCS2D03G0881800LC.1,,517,False,False,,TraesCS2D03G0881800LC.1,,2.32,0.8421,0.9203,0.00768245838668,1,0,1,2,0,2,0,0,0,,,"TraesCS4D03G0471600LC.1, TraesCS5A03G0634400LC.1, TraesCS5A03G0951300LC.1"
884,PXD004720,bread wheat,embryo,single,protein,no,TraesCS6D03G0124000.1,TraesCS6D03G0124000.1,TraesCS6D03G0124000.1,,397,False,False,,TraesCS6D03G0124000.1,,1.76,0.8371,0.9175,0.00768245838668,1,1,1,1,1,1,0,0,0,"1M(15.9949), 2M(15.9949), 3M(15.9949)",,
885,PXD004720,bread wheat,embryo,single,protein,no,TraesCS4A03G0814600.1,TraesCS4A03G0814600.1,TraesCS4A03G0814600.1,,263,False,False,,TraesCS4A03G0814600.1,,3.04,0.8365,0.9172,0.00768245838668,1,0,1,1,0,1,0,0,0,5C(57.0214),,"TraesCS5B03G1332000.1, TraesCS5D03G1189700.1"
886,PXD004720,bread wheat,embryo,single,protein,no,TraesCS6B03G0450200.1,TraesCS6B03G0450200.1,TraesCS6B03G0450200.1,,363,False,False,,TraesCS6B03G0450200.1,,3.03,0.8365,0.9172,0.00768245838668,1,0,1,2,0,2,0,0,0,,,TraesCS6D03G0309300.1
887,PXD004720,bread wheat,embryo,single,protein,no,TraesCS6B03G0686600.1,TraesCS6B03G0686600.1,TraesCS6B03G0686600.1,,567,False,False,,TraesCS6B03G0686600.1,,1.59,0.8361,0.9197,0.00768245838668,1,0,1,3,0,3,0,0,0,,,TraesCS6D03G0476300.1
888,PXD004720,bread wheat,embryo,single,protein,no,TraesCS1D03G1023500.1,TraesCS1D03G1023500.1,TraesCS1D03G1023500.1,,1090,False,False,,TraesCS1D03G1023500.1,,0.73,0.8313,0.9143,0.00768245838668,1,1,1,2,2,2,0,0,0,,,
889,PXD004720,bread wheat,embryo,single,protein,no,TraesCS6A03G0381800.1,TraesCS6A03G0381800.1,TraesCS6A03G0381800.1,,416,False,False,,TraesCS6A03G0381800.1,,6.73,0.8284,0.9157,0.00768245838668,2,0,1,2,0,1,0,0,0,,,"TraesCS6D03G0327000.1, TraesCS7A03G1157800.1, TraesCS7A03G1157800.2, TraesCS7A03G1157800.3, TraesCS7B03G1023500.1, TraesCS7D03G1105500.1, TraesCS7D03G1105500.2, TraesCS7D03G1105500.3"
890,PXD004720,bread wheat,embryo,single,protein,no,TraesCS7D03G0274700LC.1,TraesCS7D03G0274700LC.1,TraesCS7D03G0274700LC.1,,322,False,False,,TraesCS7D03G0274700LC.1,,2.8,0.8281,0.9125,0.00768245838668,1,1,1,1,1,1,0,0,0,,,
891,PXD004720,bread wheat,embryo,single,protein,no,TraesCS6B03G1213800.1,TraesCS6B03G1213800.1,TraesCS6B03G1213800.1,,192,False,False,,TraesCS6B03G1213800.1,,4.69,0.8276,0.9122,0.00768245838668,1,1,1,1,1,1,0,0,0,,,
892,PXD004720,bread wheat,embryo,single,protein,no,TraesCS7A03G0946700.1,TraesCS7A03G0946700.1,TraesCS7A03G0946700.1,,655,False,False,,TraesCS7A03G0946700.1,,2.29,0.826,0.9113,0.00768245838668,1,0,1,1,0,1,0,0,0,,,TraesCS7D03G0912300.1
893,PXD004720,bread wheat,embryo,single,protein,no,TraesCS1D03G0611200.1,TraesCS1D03G0611200.1,TraesCS1D03G0611200.1,,427,False,False,,TraesCS1D03G0611200.1,,1.64,0.8248,0.9106,0.00768245838668,1,1,1,1,1,1,0,0,0,,,
894,PXD004720,bread wheat,embryo,single,protein,no,TraesCS3A03G0122800LC.1,TraesCS3A03G0122800LC.1,TraesCS3A03G0122800LC.1,,306,False,False,,TraesCS3A03G0122800LC.1,,3.59,0.8244,0.9104,0.00768245838668,1,1,1,1,1,1,0,0,0,,,
895,PXD004720,bread wheat,embryo,single,protein,no,TraesCS3A03G0670300.1,TraesCS3A03G0670300.1,TraesCS3A03G0670300.1,,332,False,False,,TraesCS3A03G0670300.1,,4.22,0.8214,0.9115,0.00768245838668,1,0,1,1,0,1,0,0,0,"13M(15.9949), N-term(42.0106)",,TraesCS3D03G0612000.1
896,PXD004720,bread wheat,embryo,single,protein,no,TraesCS2A03G0034000.1,TraesCS2A03G0034000.1,TraesCS2A03G0034000.1,,301,False,False,,TraesCS2A03G0034000.1,,2.33,0.8182,0.9097,0.00768245838668,1,0,1,1,0,1,0,0,0,,,"TraesCS2A03G0037500.1, TraesCS2A03G0038100.1, TraesCS2A03G0038400.1, TraesCS2A03G0038400.2, TraesCS2A03G0039500.1, TraesCS2B03G0051700LC.1, TraesCS2B03G0052000.1, TraesCS2B03G0056800.1, TraesCS2B03G0060200.1, TraesCS2B03G0405500.1, TraesCS2B03G1451800.1, TraesCS2D03G0034800.1, TraesCS2D03G0036800.1, TraesCS2D03G0038300.1, TraesCS2D03G0039700.1, TraesCS2D03G0039900.1, TraesCS2D03G0303800.1, TraesCS3D03G1009700.1"
897,PXD004720,bread wheat,embryo,single,protein,no,TraesCS5A03G1147300LC.1,TraesCS5A03G1147300LC.1,TraesCS5A03G1147300LC.1,,130,False,False,,TraesCS5A03G1147300LC.1,,6.15,0.8144,0.9047,0.00768245838668,1,1,1,1,1,1,0,0,0,,,
898,PXD004720,bread wheat,embryo,single,protein,no,TraesCS4D03G0391600.1,TraesCS4D03G0391600.1,TraesCS4D03G0391600.1,,891,False,False,,TraesCS4D03G0391600.1,,1.12,0.8137,0.9043,0.00768245838668,1,1,1,1,1,1,0,0,0,9M(15.9949),,
899,PXD004720,bread wheat,embryo,single,protein,no,TraesCS6A03G0146200.1,TraesCS6A03G0146200.1,TraesCS6A03G0146200.1,,264,False,False,,TraesCS6A03G0146200.1,,4.92,0.8081,0.9011,0.00768245838668,1,0,1,1,0,1,0,0,0,,,"TraesCS6A03G0146200.2, TraesCS6B03G0208800.1, TraesCS6B03G0208800.2, TraesCS6B03G0208800.3"
900,PXD004720,bread wheat,embryo,single,protein,no,TraesCS5A03G0550900.1,TraesCS5A03G0550900.1,TraesCS5A03G0550900.1,,287,False,False,,TraesCS5A03G0550900.1,,3.83,0.8076,0.9008,0.00768245838668,1,0,1,2,0,2,0,0,0,,,"TraesCS5A03G0551200.1, TraesCS5A03G0551200.2, TraesCS5B03G0559900.1, TraesCS5B03G0560200.1, TraesCS5D03G0518400.1, TraesCS5D03G0518700.1"
901,PXD004720,bread wheat,embryo,single,protein,no,TraesCS5B03G0363000.1,TraesCS5B03G0363000.1,TraesCS5B03G0363000.1,,236,False,False,,TraesCS5B03G0363000.1,,9.32,0.8074,0.9007,0.00768245838668,1,0,1,1,0,1,0,0,0,N-term(42.0106),,TraesCS5D03G0350000.1
902,PXD004720,bread wheat,embryo,single,protein,no,TraesCS6A03G0871700LC.1,TraesCS6A03G0871700LC.1,TraesCS6A03G0871700LC.1,,269,False,False,,TraesCS6A03G0871700LC.1,,2.97,0.8041,0.8988,0.00768245838668,1,1,1,1,1,1,0,0,0,,,
903,PXD004720,bread wheat,embryo,single,protein,no,TraesCS2A03G0079700.2,TraesCS2A03G0079700.2,TraesCS2A03G0079700.2,,207,False,False,,TraesCS2A03G0079700.2,,6.76,0.8014,0.9001,0.00768245838668,1,0,1,1,0,1,0,0,0,1M(15.9949),,TraesCS2B03G0116700.1
904,PXD004720,bread wheat,embryo,single,protein,no,TraesCS5B03G1168600.1,TraesCS5B03G1168600.1,TraesCS5B03G1168600.1,,1137,False,False,,TraesCS5B03G1168600.1,,0.7,0.8005,0.8967,0.00768245838668,1,1,1,3,3,3,0,0,0,,,
905,PXD004720,bread wheat,embryo,single,protein,no,TraesCS5B03G1217900.1,TraesCS5B03G1217900.1,TraesCS5B03G1217900.1,,376,False,False,,TraesCS5B03G1217900.1,,10.64,0.7974,0.8949,0.00768245838668,1,1,1,1,1,1,0,0,0,,,
906,PXD004720,bread wheat,embryo,single,protein,no,TraesCS3A03G0624100.1,TraesCS3A03G0624100.1,TraesCS3A03G0624100.1,,375,False,False,,TraesCS3A03G0624100.1,,3.47,0.797,0.8947,0.00768245838668,1,0,1,1,0,1,0,0,0,,,"TraesCS3B03G0701300.1, TraesCS3D03G0570600.1"
907,PXD004720,bread wheat,embryo,single,protein,no,TraesCS4D03G0637500.1,TraesCS4D03G0637500.1,TraesCS4D03G0637500.1,,813,False,False,,TraesCS4D03G0637500.1,,9.23,0.7959,0.4959,0.00768245838668,3,0,1,4,0,1,0,0,0,,,
908,PXD004720,bread wheat,embryo,single,protein,no,TraesCS3D03G0050400LC.1,TraesCS3D03G0050400LC.1,TraesCS3D03G0050400LC.1,,86,False,False,,TraesCS3D03G0050400LC.1,,25.58,0.7951,0.8936,0.00768245838668,1,1,1,1,1,1,0,0,0,"12C(57.0214), 13C(57.0214), N-term(42.0106)",,
909,PXD004720,bread wheat,embryo,single,protein,no,TraesCS6D03G0856600LC.1,TraesCS6D03G0856600LC.1,TraesCS6D03G0856600LC.1,,168,False,False,,TraesCS6D03G0856600LC.1,,5.95,0.7948,0.8934,0.00768245838668,1,1,1,1,1,1,0,0,0,,,
910,PXD004720,bread wheat,embryo,single,protein,no,TraesCS1B03G1243800.1,TraesCS1B03G1243800.1,TraesCS1B03G1243800.1,,583,False,False,,TraesCS1B03G1243800.1,,2.23,0.7946,0.8933,0.00768245838668,1,1,1,1,1,1,0,0,0,,,
911,PXD004720,bread wheat,embryo,single,protein,no,TraesCS3D03G1038600LC.1,TraesCS3D03G1038600LC.1,TraesCS3D03G1038600LC.1,,92,False,False,,TraesCS3D03G1038600LC.1,,11.96,0.7943,0.8931,0.00768245838668,1,0,1,1,0,1,0,0,0,"3M(15.9949), 9C(57.0214)",,TraesCS7A03G0397600LC.1
912,PXD004720,bread wheat,embryo,single,protein,no,TraesCS1B03G1112200LC.1,TraesCS1B03G1112200LC.1,TraesCS1B03G1112200LC.1,,183,False,False,,TraesCS1B03G1112200LC.1,,5.46,0.7939,0.8929,0.00768245838668,1,0,1,2,0,2,0,0,0,,,"TraesCS1B03G1208800.1, TraesCS1B03G1227200.1, TraesCS1D03G0305900.1, TraesCS2A03G0558500.1, TraesCS2D03G0771200LC.1, TraesCS3A03G0905700.1, TraesCS3D03G0429600LC.1, TraesCS4B03G0352300.1, TraesCS5B03G0052200LC.1, TraesCS6B03G0590800LC.1, TraesCS7A03G0231000LC.1, TraesCS7B03G1020700.1, TraesCS7B03G1020800.1, TraesCS7D03G0717800LC.1, TraesCS7D03G0722600.1, TraesCS7D03G1255900LC.1, TraesCSU03G0146800LC.1, TraesCSU03G0217000LC.1, TraesCSU03G0405400.1, TraesCSU03G0532900LC.1"
913,PXD004720,bread wheat,embryo,single,protein,no,TraesCS2A03G0647300.1,TraesCS2A03G0647300.1,TraesCS2A03G0647300.1,,342,False,False,,TraesCS2A03G0647300.1,,2.63,0.7909,0.8911,0.00768245838668,1,0,1,1,0,1,0,0,0,,,"TraesCS2A03G0647300.2, TraesCS2B03G0722700.1, TraesCS2B03G0722700.2, TraesCS2B03G0722700.3, TraesCS2B03G0722700.4, TraesCS2D03G0601800.1, TraesCS2D03G0601800.2, TraesCS4A03G0096000.1, TraesCS4B03G0684000.1, TraesCS4B03G0684000.2, TraesCS4D03G0610700.1, TraesCS5A03G0952600.1, TraesCS5B03G1001300.1, TraesCS5D03G0908400.1"
914,PXD004720,bread wheat,embryo,single,protein,no,TraesCS5A03G0469800.1,TraesCS5A03G0469800.1,TraesCS5A03G0469800.1,,301,False,False,,TraesCS5A03G0469800.1,,3.65,0.7888,0.8899,0.00768245838668,1,0,1,2,0,2,0,0,0,,,"TraesCS5A03G0469800.2, TraesCS5A03G0469800.3, TraesCS5A03G0469800.4, TraesCS5B03G0463700.1, TraesCS5B03G0463700.2, TraesCS5B03G0463700.3, TraesCS5B03G0463700.4, TraesCS5D03G0432400.1, TraesCS5D03G0432400.2, TraesCS5D03G0432400.3, TraesCS5D03G0432400.4"
915,PXD004720,bread wheat,embryo,single,protein,no,TraesCS4A03G1024700LC.1,TraesCS4A03G1024700LC.1,TraesCS4A03G1024700LC.1,,303,False,False,,TraesCS4A03G1024700LC.1,,2.31,0.7853,0.8904,0.00768245838668,1,0,1,1,0,1,0,0,0,,,
916,PXD004720,bread wheat,embryo,single,protein,no,TraesCS4A03G1243600.1,TraesCS4A03G1243600.1,TraesCS4A03G1243600.1,,668,False,False,,TraesCS4A03G1243600.1,,1.5,0.7836,0.8868,0.00768245838668,1,0,1,1,0,1,0,0,0,,,"TraesCS7A03G0008400.1, TraesCS7D03G0009700.1"
917,PXD004720,bread wheat,embryo,single,protein,no,TraesCS2B03G1371900LC.1,TraesCS2B03G1371900LC.1,TraesCS2B03G1371900LC.1,,691,False,False,,TraesCS2B03G1371900LC.1,,1.59,0.78,0.8847,0.00768245838668,1,0,1,2,0,2,0,0,0,,,TraesCS6B03G1225300LC.1
918,PXD004720,bread wheat,embryo,single,protein,no,TraesCS7D03G0929100.1,TraesCS7D03G0929100.1,TraesCS7D03G0929100.1,,821,False,False,,TraesCS7D03G0929100.1,,0.97,0.7685,0.8804,0.00768245838668,1,0,1,1,0,1,0,0,0,,,
919,PXD004720,bread wheat,embryo,single,protein,no,TraesCS5A03G1018000.1,TraesCS5A03G1018000.1,TraesCS5A03G1018000.1,,589,False,False,,TraesCS5A03G1018000.1,,4.75,0.7682,0.8776,0.00768245838668,1,0,1,1,0,1,0,0,0,,,"TraesCS5A03G1018000.2, TraesCS5B03G1065600.2, TraesCS5B03G1065600.3"
920,PXD004720,bread wheat,embryo,single,protein,no,TraesCS4A03G0500600.1,TraesCS4A03G0500600.1,TraesCS4A03G0500600.1,,565,False,False,,TraesCS4A03G0500600.1,,1.24,0.758,0.8714,0.00768245838668,1,0,1,1,0,1,0,0,0,,,TraesCS4B03G0313600.1
921,PXD004720,bread wheat,embryo,single,protein,no,TraesCS2B03G1211900LC.1,TraesCS2B03G1211900LC.1,TraesCS2B03G1211900LC.1,,782,False,False,,TraesCS2B03G1211900LC.1,,1.92,0.7549,0.8695,0.00768245838668,1,1,1,1,1,1,0,0,0,,,
922,PXD004720,bread wheat,embryo,single,protein,no,TraesCS7A03G0977000LC.1,TraesCS7A03G0977000LC.1,TraesCS7A03G0977000LC.1,,104,False,False,,TraesCS7A03G0977000LC.1,,21.15,0.7531,0.8684,0.00768245838668,1,1,1,1,1,1,0,0,0,,,
923,PXD004720,bread wheat,embryo,single,protein,no,TraesCS7A03G1262200.1,TraesCS7A03G1262200.1,TraesCS7A03G1262200.1,,447,False,False,,TraesCS7A03G1262200.1,,2.01,0.7531,0.8684,0.00768245838668,1,0,1,1,0,1,0,0,0,,,TraesCS7D03G1204000LC.1
924,PXD004720,bread wheat,embryo,single,protein,no,TraesCS3B03G0151100LC.1,TraesCS3B03G0151100LC.1,TraesCS3B03G0151100LC.1,,367,False,False,,TraesCS3B03G0151100LC.1,,5.72,0.7515,0.8674,0.00768245838668,1,1,1,1,1,1,0,0,0,,,
925,PXD004720,bread wheat,embryo,single,protein,no,TraesCS2A03G1133700.1,TraesCS2A03G1133700.1,TraesCS2A03G1133700.1,,127,False,False,,TraesCS2A03G1133700.1,,9.45,0.7513,0.8673,0.00768245838668,1,0,1,1,0,1,0,0,0,,,"TraesCS3D03G0112400LC.1, TraesCS4A03G1029100.1, TraesCS5A03G0079300.1, TraesCS5B03G0080500LC.1, TraesCS5D03G0104100.1, TraesCS7D03G0150700.1, TraesCS7D03G0150700.2"
926,PXD004720,bread wheat,embryo,single,protein,no,TraesCS3A03G0614500LC.1,TraesCS3A03G0614500LC.1,TraesCS3A03G0614500LC.1,,221,False,False,,TraesCS3A03G0614500LC.1,,3.17,0.7436,0.8625,0.00768245838668,1,1,1,1,1,1,0,0,0,,,
927,PXD004720,bread wheat,embryo,single,protein,no,TraesCS6B03G0794800.1,TraesCS6B03G0794800.1,TraesCS6B03G0794800.1,,259,False,False,,TraesCS6B03G0794800.1,,7.34,0.7413,0.7978,0.00768245838668,2,1,1,8,7,7,0,0,0,,,
928,PXD004720,bread wheat,embryo,single,protein,no,TraesCS5D03G0257500.1,TraesCS5D03G0257500.1,TraesCS5D03G0257500.1,,588,False,False,,TraesCS5D03G0257500.1,,1.19,0.741,0.8609,0.00768245838668,1,1,1,2,2,2,0,0,0,,,
929,PXD004720,bread wheat,embryo,single,protein,no,TraesCS1B03G1274400.1,TraesCS1B03G1274400.1,TraesCS1B03G1274400.1,,144,False,False,,TraesCS1B03G1274400.1,,6.25,0.7408,0.8608,0.00768245838668,1,1,1,1,1,1,0,0,0,,,
930,PXD004720,bread wheat,embryo,single,protein,no,TraesCS4A03G0315100.1,TraesCS4A03G0315100.1,TraesCS4A03G0315100.1,,920,False,False,,TraesCS4A03G0315100.1,,1.74,0.7365,0.8581,0.00768245838668,1,0,1,1,0,1,0,0,0,,,"TraesCS4A03G0315100.2, TraesCS4A03G0315100.3, TraesCS4B03G0397900.1, TraesCS4B03G0397900.2, TraesCS4B03G0397900.3, TraesCS4B03G0397900.4, TraesCS4B03G0397900.5, TraesCS4B03G0397900.6, TraesCS4D03G0340700.1, TraesCS4D03G0340700.2, TraesCS4D03G0340700.3, TraesCS4D03G0340700.4"
931,PXD004720,bread wheat,embryo,single,protein,no,TraesCS3B03G0726300.1,TraesCS3B03G0726300.1,TraesCS3B03G0726300.1,,438,False,False,,TraesCS3B03G0726300.1,,7.76,0.7299,0.8539,0.00768245838668,1,0,1,1,0,1,0,0,0,N-term(42.0106),,TraesCS3D03G0591100.1
932,PXD004720,bread wheat,embryo,single,protein,no,TraesCS7B03G1002500LC.1,TraesCS7B03G1002500LC.1,TraesCS7B03G1002500LC.1,,196,False,False,,TraesCS7B03G1002500LC.1,,11.22,0.7283,0.856,0.00768245838668,1,0,1,1,0,1,0,0,0,,,
933,PXD004720,bread wheat,embryo,single,protein,no,TraesCS7B03G0688000LC.1,TraesCS7B03G0688000LC.1,TraesCS7B03G0688000LC.1,,293,False,False,,TraesCS7B03G0688000LC.1,,2.73,0.728,0.8527,0.00768245838668,1,1,1,1,1,1,0,0,0,,,
934,PXD004720,bread wheat,embryo,single,protein,no,TraesCS5A03G0413400.1,TraesCS5A03G0413400.1,TraesCS5A03G0413400.1,,540,False,False,,TraesCS5A03G0413400.1,,1.67,0.7253,0.8537,0.00768245838668,1,0,1,2,0,2,0,0,0,,,
935,PXD004720,bread wheat,embryo,single,protein,no,TraesCS7D03G0670000LC.1,TraesCS7D03G0670000LC.1,TraesCS7D03G0670000LC.1,,96,False,False,,TraesCS7D03G0670000LC.1,,12.5,0.7223,0.8491,0.00768245838668,1,1,1,1,1,1,0,0,0,"1C(57.0214), N-term(42.0106)",,
936,PXD004720,bread wheat,embryo,single,protein,no,TraesCS4A03G1237800.1,TraesCS4A03G1237800.1,TraesCS4A03G1237800.1,,560,False,False,,TraesCS4A03G1237800.1,,1.61,0.7215,0.8487,0.00768245838668,1,1,1,2,2,2,0,0,0,,,
937,PXD004720,bread wheat,embryo,single,protein,no,TraesCS1B03G0145000.1,TraesCS1B03G0145000.1,TraesCS1B03G0145000.1,,395,False,False,,TraesCS1B03G0145000.1,,2.53,0.7208,0.8508,0.00768245838668,1,0,1,1,0,1,0,0,0,1M(15.9949),,
938,PXD004720,bread wheat,embryo,single,protein,no,TraesCS1A03G0839100.1,TraesCS1A03G0839100.1,TraesCS1A03G0839100.1,,747,False,False,,TraesCS1A03G0839100.1,,2.28,0.7169,0.8457,0.00768245838668,1,0,1,1,0,1,0,0,0,,,"TraesCS1B03G0962600.1, TraesCS1B03G0962600.2, TraesCS1D03G0808100.1, TraesCS1D03G0808100.2"
939,PXD004720,bread wheat,embryo,single,protein,no,TraesCS5B03G1262900LC.1,TraesCS5B03G1262900LC.1,TraesCS5B03G1262900LC.1,,108,False,False,,TraesCS5B03G1262900LC.1,,8.33,0.7152,0.8446,0.00768245838668,1,1,1,1,1,1,0,0,0,8M(15.9949),,
940,PXD004720,bread wheat,embryo,single,protein,no,TraesCS2A03G0556400.1,TraesCS2A03G0556400.1,TraesCS2A03G0556400.1,,657,False,False,,TraesCS2A03G0556400.1,,4.41,0.7132,0.8433,0.00768245838668,1,0,1,1,0,1,0,0,0,,,"TraesCS2A03G0556400.2, TraesCS2A03G0556400.3, TraesCS2B03G0639700.1, TraesCS2D03G0560200.1, TraesCS2D03G0560200.2, TraesCS2D03G0560200.3"
941,PXD004720,bread wheat,embryo,single,protein,no,TraesCS5A03G1238900LC.1,TraesCS5A03G1238900LC.1,TraesCS5A03G1238900LC.1,,143,False,False,,TraesCS5A03G1238900LC.1,,8.39,0.713,0.8432,0.00768245838668,1,1,1,1,1,1,0,0,0,,,
942,PXD004720,bread wheat,embryo,single,protein,no,TraesCS7A03G0092200LC.1,TraesCS7A03G0092200LC.1,TraesCS7A03G0092200LC.1,,244,False,False,,TraesCS7A03G0092200LC.1,,4.51,0.7125,0.8429,0.00768245838668,1,1,1,1,1,1,0,0,0,"1M(15.9949), 2C(57.0214), 9M(15.9949)",,
943,PXD004720,bread wheat,embryo,single,protein,no,TraesCS3A03G0900500.1,TraesCS3A03G0900500.1,TraesCS3A03G0900500.1,,271,False,False,,TraesCS3A03G0900500.1,,21.03,0.7118,0.8424,0.00768245838668,1,0,1,1,0,1,0,0,0,,,"TraesCS3B03G1024800.1, TraesCS3D03G0826800.1"
944,PXD004720,bread wheat,embryo,single,protein,no,TraesCS4A03G0488900.1,TraesCS4A03G0488900.1,TraesCS4A03G0488900.1,,304,False,False,,TraesCS4A03G0488900.1,,3.62,0.7118,0.8424,0.00768245838668,1,0,1,1,0,1,0,0,0,,,"TraesCS4B03G0325700.1, TraesCS4B03G0399800.1, TraesCS4D03G0266600.1"
945,PXD004720,bread wheat,embryo,single,protein,no,TraesCS5B03G0918400.1,TraesCS5B03G0918400.1,TraesCS5B03G0918400.1,,327,False,False,,TraesCS5B03G0918400.1,,5.81,0.7118,0.8424,0.00768245838668,1,0,1,2,0,2,0,0,0,,,TraesCS5D03G0838500.1
946,PXD004720,bread wheat,embryo,single,protein,no,TraesCS5A03G0927000.1,TraesCS5A03G0927000.1,TraesCS5A03G0927000.1,,663,False,False,,TraesCS5A03G0927000.1,,1.96,0.7113,0.8421,0.00768245838668,1,0,1,1,0,1,0,0,0,,,"TraesCS5A03G0927000.2, TraesCS5B03G0976800.1, TraesCS5B03G0976800.3, TraesCS5D03G0885900.2, TraesCS5D03G0885900.3"
947,PXD004720,bread wheat,embryo,single,protein,no,TraesCS7A03G0803300LC.1,TraesCS7A03G0803300LC.1,TraesCS7A03G0803300LC.1,,328,False,False,,TraesCS7A03G0803300LC.1,,2.44,0.7105,0.8416,0.00768245838668,1,1,1,1,1,1,0,0,0,,,
948,PXD004720,bread wheat,embryo,single,protein,no,TraesCS2D03G1180000.1,TraesCS2D03G1180000.1,TraesCS2D03G1180000.1,,602,False,False,,TraesCS2D03G1180000.1,,6.98,0.7093,0.8408,0.00768245838668,1,0,1,1,0,1,0,0,0,,,TraesCS2D03G1180000.2
949,PXD004720,bread wheat,embryo,single,protein,no,TraesCS4A03G0894100LC.1,TraesCS4A03G0894100LC.1,TraesCS4A03G0894100LC.1,,105,False,False,,TraesCS4A03G0894100LC.1,,10.48,0.709,0.8406,0.00768245838668,1,1,1,1,1,1,0,0,0,"4C(57.0214), 6M(15.9949)",,
950,PXD004720,bread wheat,embryo,single,protein,no,TraesCS6A03G0958900.1,TraesCS6A03G0958900.1,TraesCS6A03G0958900.1,,434,False,False,,TraesCS6A03G0958900.1,,2.76,0.7065,0.839,0.00768245838668,1,1,1,1,1,1,0,0,0,,,
951,PXD004720,bread wheat,embryo,single,protein,no,TraesCS5A03G0272800.1,TraesCS5A03G0272800.1,TraesCS5A03G0272800.1,,497,False,False,,TraesCS5A03G0272800.1,,2.21,0.7061,0.8387,0.00768245838668,1,0,1,2,0,2,0,0,0,,,"TraesCS5B03G0276100.1, TraesCS5D03G0272500.1"
952,PXD004720,bread wheat,embryo,single,protein,no,TraesCS2D03G0974800.1,TraesCS2D03G0974800.1,TraesCS2D03G0974800.1,,372,False,False,,TraesCS2D03G0974800.1,,3.23,0.7038,0.8372,0.00768245838668,1,1,1,3,3,3,0,0,0,,,
953,PXD004720,bread wheat,embryo,single,protein,no,TraesCS1D03G0390000LC.1,TraesCS1D03G0390000LC.1,TraesCS1D03G0390000LC.1,,274,False,False,,TraesCS1D03G0390000LC.1,,2.55,0.6917,0.8292,0.00768245838668,1,1,1,1,1,1,0,0,0,,,
954,PXD004720,bread wheat,embryo,single,protein,no,TraesCS2D03G1271000LC.1,TraesCS2D03G1271000LC.1,TraesCS2D03G1271000LC.1,,216,False,False,,TraesCS2D03G1271000LC.1,,6.94,0.688,0.8268,0.00768245838668,1,1,1,1,1,1,0,0,0,,,
955,PXD004720,bread wheat,embryo,single,protein,no,TraesCS4A03G0236300.1,TraesCS4A03G0236300.1,TraesCS4A03G0236300.1,,332,False,False,,TraesCS4A03G0236300.1,,3.92,0.6839,0.824,0.00768245838668,1,0,1,1,0,1,0,0,0,,,"TraesCS4B03G0531800.1, TraesCS4D03G0471700.1"
956,PXD004720,bread wheat,embryo,single,protein,no,TraesCS1A03G0531200.1,TraesCS1A03G0531200.1,TraesCS1A03G0531200.1,,1711,False,False,,TraesCS1A03G0531200.1,,0.76,0.6812,0.8222,0.00768245838668,1,0,1,1,0,1,0,0,0,9M(15.9949),,"TraesCS1A03G0531200.2, TraesCS1A03G0531200.3"
957,PXD004720,bread wheat,embryo,single,protein,no,TraesCS2D03G0396900.1,TraesCS2D03G0396900.1,TraesCS2D03G0396900.1,,1110,False,False,,TraesCS2D03G0396900.1,,1.44,0.6809,0.822,0.00768245838668,1,0,1,2,0,2,0,0,0,,,TraesCS2D03G0396900.2
958,PXD004720,bread wheat,embryo,single,protein,no,TraesCS5D03G1143000.1,TraesCS5D03G1143000.1,TraesCS5D03G1143000.1,,776,False,False,,TraesCS5D03G1143000.1,,1.55,0.6797,0.8212,0.00768245838668,1,1,1,2,2,2,0,0,0,,,
959,PXD004720,bread wheat,embryo,single,protein,no,TraesCS6D03G0739700LC.1,TraesCS6D03G0739700LC.1,TraesCS6D03G0739700LC.1,,354,False,False,,TraesCS6D03G0739700LC.1,,5.65,0.6797,0.8212,0.00768245838668,1,1,1,1,1,1,0,0,0,,,
960,PXD004720,bread wheat,embryo,single,protein,no,TraesCS2B03G0535000.2,TraesCS2B03G0535000.2,TraesCS2B03G0535000.2,,1097,False,False,,TraesCS2B03G0535000.2,,1.37,0.6782,0.8202,0.00768245838668,1,0,1,1,0,1,0,0,0,,,"TraesCS2B03G0535000.3, TraesCS2D03G0422400.1, TraesCS2D03G0422400.3"
961,PXD004720,bread wheat,embryo,single,protein,no,TraesCS2D03G0581900LC.1,TraesCS2D03G0581900LC.1,TraesCS2D03G0581900LC.1,,88,False,False,,TraesCS2D03G0581900LC.1,,11.36,0.6779,0.82,0.00768245838668,1,1,1,1,1,1,0,0,0,,,
962,PXD004720,bread wheat,embryo,single,protein,no,TraesCS1B03G0336200LC.1,TraesCS1B03G0336200LC.1,TraesCS1B03G0336200LC.1,,112,False,False,,TraesCS1B03G0336200LC.1,,6.25,0.6778,0.8227,0.00768245838668,1,0,1,1,0,1,0,0,0,3M(15.9949),,
963,PXD004720,bread wheat,embryo,single,protein,no,TraesCS4A03G1098400.1,TraesCS4A03G1098400.1,TraesCS4A03G1098400.1,,551,False,False,,TraesCS4A03G1098400.1,,4.9,0.6757,0.8185,0.00768245838668,1,0,1,2,0,2,0,0,0,"6M(15.9949), 9M(15.9949)",,"TraesCS4A03G1098500.1, TraesCS4A03G1098600.1, TraesCS4A03G1098700LC.1, TraesCS4A03G1098900.1"
964,PXD004720,bread wheat,embryo,single,protein,no,TraesCS6A03G0237000.1,TraesCS6A03G0237000.1,TraesCS6A03G0237000.1,,535,False,False,,TraesCS6A03G0237000.1,,3.18,0.6756,0.8184,0.00768245838668,1,0,1,2,0,2,0,0,0,,,"TraesCS6A03G0237200.1, TraesCS6B03G0325500.1, TraesCS6D03G0193400.1"
965,PXD004720,bread wheat,embryo,single,protein,no,TraesCS5B03G1362000LC.1,TraesCS5B03G1362000LC.1,TraesCS5B03G1362000LC.1,,332,False,False,,TraesCS5B03G1362000LC.1,,3.61,0.6712,0.8154,0.00768245838668,1,1,1,1,1,1,0,0,0,,,
966,PXD004720,bread wheat,embryo,single,protein,no,TraesCS2A03G0113600.1,TraesCS2A03G0113600.1,TraesCS2A03G0113600.1,,1487,False,False,,TraesCS2A03G0113600.1,,0.61,0.6703,0.8148,0.00768245838668,1,0,1,1,0,1,0,0,0,,,TraesCS2D03G0107200.1
967,PXD004720,bread wheat,embryo,single,protein,no,TraesCS3A03G0679200.1,TraesCS3A03G0679200.1,TraesCS3A03G0679200.1,,691,False,False,,TraesCS3A03G0679200.1,,1.74,0.6681,0.8133,0.00768245838668,1,1,1,2,2,2,0,0,0,,,
968,PXD004720,bread wheat,embryo,single,protein,no,TraesCS2D03G0900200LC.1,TraesCS2D03G0900200LC.1,TraesCS2D03G0900200LC.1,,1014,False,False,,TraesCS2D03G0900200LC.1,,1.48,0.665,0.8112,0.00768245838668,1,1,1,1,1,1,0,0,0,1M(15.9949),,
969,PXD004720,bread wheat,embryo,single,protein,no,TraesCS1B03G0888500LC.1,TraesCS1B03G0888500LC.1,TraesCS1B03G0888500LC.1,,104,False,False,,TraesCS1B03G0888500LC.1,,7.69,0.6601,0.8078,0.00768245838668,1,1,1,1,1,1,0,0,0,N-term(42.0106),,
970,PXD004720,bread wheat,embryo,single,protein,no,TraesCS2A03G0520100LC.1,TraesCS2A03G0520100LC.1,TraesCS2A03G0520100LC.1,,99,False,False,,TraesCS2A03G0520100LC.1,,26.26,0.6594,0.8073,0.00768245838668,1,1,1,1,1,1,0,0,0,"13M(15.9949), 14C(57.0214)",,
971,PXD004720,bread wheat,embryo,single,protein,no,TraesCS1B03G0729000.1,TraesCS1B03G0729000.1,TraesCS1B03G0729000.1,,604,False,False,,TraesCS1B03G0729000.1,,1.99,0.6577,0.8061,0.00768245838668,1,1,1,1,1,1,0,0,0,,,
972,PXD004720,bread wheat,embryo,single,protein,no,TraesCS7A03G0542700.1,TraesCS7A03G0542700.1,TraesCS7A03G0542700.1,,310,False,False,,TraesCS7A03G0542700.1,,4.52,0.6575,0.806,0.00768245838668,1,0,1,1,0,1,0,0,0,,,"TraesCS7A03G0542700.2, TraesCS7D03G0519900.1, TraesCS7D03G0519900.2, TraesCS7D03G0519900.3"
973,PXD004720,bread wheat,embryo,single,protein,no,TraesCS5A03G1014800LC.1,TraesCS5A03G1014800LC.1,TraesCS5A03G1014800LC.1,,357,False,False,,TraesCS5A03G1014800LC.1,,5.32,0.6521,0.8022,0.00768245838668,1,1,1,1,1,1,0,0,0,13M(15.9949),,
974,PXD004720,bread wheat,embryo,single,protein,no,TraesCS2A03G0711600.1,TraesCS2A03G0711600.1,TraesCS2A03G0711600.1,,443,False,False,,TraesCS2A03G0711600.1,,2.71,0.6445,0.7969,0.00768245838668,1,0,1,1,0,1,0,0,0,,,"TraesCS2B03G0790800.1, TraesCS2B03G0790800.2, TraesCS2D03G0658600.1"
975,PXD004720,bread wheat,embryo,single,protein,no,TraesCS7D03G0582400LC.5,TraesCS7D03G0582400LC.5,TraesCS7D03G0582400LC.5,,140,False,False,,TraesCS7D03G0582400LC.5,,7.86,0.6437,0.7963,0.00768245838668,1,1,1,1,1,1,0,0,0,,,
976,PXD004720,bread wheat,embryo,single,protein,no,TraesCS1A03G0463800.1,TraesCS1A03G0463800.1,TraesCS1A03G0463800.1,,893,False,False,,TraesCS1A03G0463800.1,,1.57,0.6409,0.7943,0.00768245838668,1,0,1,1,0,1,0,0,0,,,"TraesCS1B03G0546200.1, TraesCS1D03G0445800.1"
977,PXD004720,bread wheat,embryo,single,protein,no,TraesCS1A03G1013500LC.1,TraesCS1A03G1013500LC.1,TraesCS1A03G1013500LC.1,,150,False,False,,TraesCS1A03G1013500LC.1,,4.67,0.6402,0.7938,0.00768245838668,1,0,1,1,0,1,0,0,0,,,"TraesCS1B03G1194700LC.1, TraesCS1D03G0974100.1"
978,PXD004720,bread wheat,embryo,single,protein,no,TraesCS2D03G0878800LC.1,TraesCS2D03G0878800LC.1,TraesCS2D03G0878800LC.1,,190,False,False,,TraesCS2D03G0878800LC.1,,4.21,0.6378,0.7921,0.00768245838668,1,1,1,2,2,2,0,0,0,,,
979,PXD004720,bread wheat,embryo,single,protein,no,TraesCS1A03G0847400LC.1,TraesCS1A03G0847400LC.1,TraesCS1A03G0847400LC.1,,489,False,False,,TraesCS1A03G0847400LC.1,,3.27,0.6316,0.7877,0.00768245838668,1,0,1,2,0,2,0,0,0,,,TraesCS1D03G0815500.1
980,PXD004720,bread wheat,embryo,single,protein,no,TraesCS5A03G0238200.1,TraesCS5A03G0238200.1,TraesCS5A03G0238200.1,,401,False,False,,TraesCS5A03G0238200.1,,6.48,0.63,0.7865,0.00768245838668,1,0,1,1,0,1,0,0,0,N-term(42.0106),,"TraesCS5A03G0238200.2, TraesCS5B03G0255500.1, TraesCS5D03G0249900.1, TraesCS5D03G0249900.2"
981,PXD004720,bread wheat,embryo,single,protein,no,TraesCS2A03G0413000LC.1,TraesCS2A03G0413000LC.1,TraesCS2A03G0413000LC.1,,161,False,False,,TraesCS2A03G0413000LC.1,,6.21,0.628,0.7851,0.00768245838668,1,1,1,1,1,1,0,0,0,,,
982,PXD004720,bread wheat,embryo,single,protein,no,TraesCS2A03G0695400.1,TraesCS2A03G0695400.1,TraesCS2A03G0695400.1,,340,False,False,,TraesCS2A03G0695400.1,,3.24,0.6269,0.7843,0.00768245838668,1,0,1,1,0,1,0,0,0,,,"TraesCS2B03G0775600.1, TraesCS2B03G0775600.2, TraesCS2B03G0775600.3, TraesCS2D03G0645200.1, TraesCS2D03G0645200.2"
983,PXD004720,bread wheat,embryo,single,protein,no,TraesCS1B03G1165300.1,TraesCS1B03G1165300.1,TraesCS1B03G1165300.1,,710,False,False,,TraesCS1B03G1165300.1,,0.99,0.6207,0.7798,0.00768245838668,1,0,1,1,0,1,0,0,0,,,"TraesCS3A03G0845900.1, TraesCS3D03G0775900.1, TraesCS7D03G0123500.1"
984,PXD004720,bread wheat,embryo,single,protein,no,TraesCS6A03G0948700.1,TraesCS6A03G0948700.1,TraesCS6A03G0948700.1,,327,False,False,,TraesCS6A03G0948700.1,,4.89,0.6195,0.7789,0.00768245838668,1,1,1,1,1,1,0,0,0,,,
985,PXD004720,bread wheat,embryo,single,protein,no,TraesCS6B03G0908400.1,TraesCS6B03G0908400.1,TraesCS6B03G0908400.1,,646,False,False,,TraesCS6B03G0908400.1,,3.56,0.6195,0.7789,0.00768245838668,1,1,1,1,1,1,0,0,0,,,
986,PXD004720,bread wheat,embryo,single,protein,no,TraesCS2B03G1116700.1,TraesCS2B03G1116700.1,TraesCS2B03G1116700.1,,1017,False,False,,TraesCS2B03G1116700.1,,0.88,0.6158,0.7762,0.00768245838668,1,0,1,1,0,1,0,0,0,,,TraesCS2B03G1116700.2
987,PXD004720,bread wheat,embryo,single,protein,no,TraesCS6D03G0695400LC.1,TraesCS6D03G0695400LC.1,TraesCS6D03G0695400LC.1,,59,False,False,,TraesCS6D03G0695400LC.1,,18.64,0.6116,0.7731,0.00768245838668,1,1,1,3,3,3,0,0,0,,,
988,PXD004720,bread wheat,embryo,single,protein,no,TraesCS4B03G0713700.1,TraesCS4B03G0713700.1,TraesCS4B03G0713700.1,,813,False,False,,TraesCS4B03G0713700.1,,7.01,0.6092,0.6822,0.00768245838668,2,1,1,2,1,1,0,0,0,,,
989,PXD004720,bread wheat,embryo,single,protein,no,TraesCS2D03G0871700.1,TraesCS2D03G0871700.1,TraesCS2D03G0871700.1,,244,False,False,,TraesCS2D03G0871700.1,,4.92,0.6034,0.767,0.00768245838668,1,1,1,7,7,7,0,0,0,,,
990,PXD004720,bread wheat,embryo,single,protein,no,TraesCS1A03G0105400LC.1,TraesCS1A03G0105400LC.1,TraesCS1A03G0105400LC.1,,337,False,False,,TraesCS1A03G0105400LC.1,,3.86,0.6026,0.7664,0.00768245838668,1,1,1,1,1,1,0,0,0,,,
991,PXD004720,bread wheat,embryo,single,protein,no,TraesCS4B03G0823800.1,TraesCS4B03G0823800.1,TraesCS4B03G0823800.1,,225,False,False,,TraesCS4B03G0823800.1,,4.44,0.6009,0.7651,0.00768245838668,1,1,1,2,2,2,0,0,0,,,
992,PXD004720,bread wheat,embryo,single,protein,no,TraesCS1B03G0225900.1,TraesCS1B03G0225900.1,TraesCS1B03G0225900.1,,98,False,False,,TraesCS1B03G0225900.1,,10.2,0.5973,0.7624,0.00768245838668,1,1,1,1,1,1,0,0,0,"10C(57.0214), 2M(15.9949), 4C(57.0214)",,
993,PXD004720,bread wheat,embryo,single,protein,no,TraesCS4B03G0913900.1,TraesCS4B03G0913900.1,TraesCS4B03G0913900.1,,1145,False,False,,TraesCS4B03G0913900.1,,1.14,0.5929,0.7591,0.00768245838668,1,0,1,1,0,1,0,0,0,"2M(15.9949), 7C(57.0214), 8M(15.9949)",,TraesCS5A03G1215400.1
994,PXD004720,bread wheat,embryo,single,protein,no,TraesCS3B03G1520500.1,TraesCS3B03G1520500.1,TraesCS3B03G1520500.1,,881,False,False,,TraesCS3B03G1520500.1,,1.02,0.5904,0.7572,0.00768245838668,1,0,1,4,0,4,0,0,0,N-term(42.0106),,TraesCS3B03G1522000.1
995,PXD004720,bread wheat,embryo,single,protein,no,TraesCS2A03G0316400.1,TraesCS2A03G0316400.1,TraesCS2A03G0316400.1,,223,False,False,,TraesCS2A03G0316400.1,,4.48,0.5902,0.757,0.00768245838668,1,0,1,1,0,1,0,0,0,,,"TraesCS2B03G0434500.1, TraesCS2D03G0331800.1"
996,PXD004720,bread wheat,embryo,single,protein,no,TraesCS1A03G0940900.1,TraesCS1A03G0940900.1,TraesCS1A03G0940900.1,,92,False,False,,TraesCS1A03G0940900.1,,13.04,0.5845,0.7527,0.00768245838668,1,0,1,1,0,1,0,0,0,5M(15.9949),,"TraesCS1B03G1114400.1, TraesCS1D03G0916400.1, TraesCS3A03G0680400.1, TraesCS3B03G0779200.1, TraesCS3D03G0619700.1, TraesCS7A03G0818000.1, TraesCS7B03G0676000LC.1, TraesCS7D03G0803000.1, TraesCS7D03G0803000.2"
997,PXD004720,bread wheat,embryo,single,protein,no,TraesCS5A03G0706000.1,TraesCS5A03G0706000.1,TraesCS5A03G0706000.1,,259,False,False,,TraesCS5A03G0706000.1,,4.63,0.578,0.7478,0.00768245838668,1,0,1,1,0,1,0,0,0,,,"TraesCS5D03G0673600.1, TraesCS7A03G0605700.1, TraesCS7B03G0434300.1, TraesCS7D03G0594200.1, TraesCS7D03G0594200.2"
998,PXD004720,bread wheat,embryo,single,protein,no,TraesCS2A03G0968000LC.1,TraesCS2A03G0968000LC.1,TraesCS2A03G0968000LC.1,,391,False,False,,TraesCS2A03G0968000LC.1,,3.07,0.575,0.7454,0.00768245838668,1,1,1,2,2,2,0,0,0,,,
999,PXD004720,bread wheat,embryo,single,protein,no,TraesCS7D03G0225300LC.1,TraesCS7D03G0225300LC.1,TraesCS7D03G0225300LC.1,,409,False,False,,TraesCS7D03G0225300LC.1,,4.16,0.5729,0.7468,0.00768245838668,1,0,1,2,0,2,0,0,0,,,
1000,PXD004720,bread wheat,embryo,single,protein,no,TraesCS3B03G1453600LC.1,TraesCS3B03G1453600LC.1,TraesCS3B03G1453600LC.1,,127,False,False,,TraesCS3B03G1453600LC.1,,6.3,0.5717,0.7429,0.00768245838668,1,1,1,1,1,1,0,0,0,"5M(15.9949), 7C(57.0214)",,
1001,PXD004720,bread wheat,embryo,single,protein,no,TraesCS5A03G0909600LC.1,TraesCS5A03G0909600LC.1,TraesCS5A03G0909600LC.1,,121,False,False,,TraesCS5A03G0909600LC.1,,7.44,0.5693,0.741,0.00768245838668,1,1,1,1,1,1,0,0,0,,,
1002,PXD004720,bread wheat,embryo,single,protein,no,TraesCS6D03G0082900.1,TraesCS6D03G0082900.1,TraesCS6D03G0082900.1,,765,False,False,,TraesCS6D03G0082900.1,,1.31,0.5641,0.7369,0.00768245838668,1,0,1,1,0,1,0,0,0,,,TraesCS6D03G0082900.2
1003,PXD004720,bread wheat,embryo,single,protein,no,TraesCS5D03G0862500.1,TraesCS5D03G0862500.1,TraesCS5D03G0862500.1,,636,False,False,,TraesCS5D03G0862500.1,,1.89,0.5638,0.7367,0.00768245838668,1,1,1,1,1,1,0,0,0,,,
1004,PXD004720,bread wheat,embryo,single,protein,no,TraesCS5D03G0345600.1,TraesCS5D03G0345600.1,TraesCS5D03G0345600.1,,467,False,False,,TraesCS5D03G0345600.1,,5.35,0.5628,0.7359,0.00768245838668,1,1,1,3,3,3,0,0,0,1C(57.0214),,
1005,PXD004720,bread wheat,embryo,single,protein,no,TraesCS4B03G0371300.1,TraesCS4B03G0371300.1,TraesCS4B03G0371300.1,,542,False,False,,TraesCS4B03G0371300.1,,3.32,0.5604,0.734,0.00768245838668,1,1,1,1,1,1,0,0,0,,,
1006,PXD004720,bread wheat,embryo,single,protein,no,TraesCS2A03G1217300LC.1,TraesCS2A03G1217300LC.1,TraesCS2A03G1217300LC.1,,311,False,False,,TraesCS2A03G1217300LC.1,,3.54,0.554,0.7289,0.00768245838668,1,1,1,1,1,1,0,0,0,,,
1007,PXD004720,bread wheat,embryo,single,protein,no,TraesCS2A03G0078800.1,TraesCS2A03G0078800.1,TraesCS2A03G0078800.1,,605,False,False,,TraesCS2A03G0078800.1,,1.49,0.5532,0.7282,0.00768245838668,1,1,1,1,1,1,0,0,0,,,
1008,PXD004720,bread wheat,embryo,single,protein,no,TraesCS5B03G0585300LC.1,TraesCS5B03G0585300LC.1,TraesCS5B03G0585300LC.1,,124,False,False,,TraesCS5B03G0585300LC.1,,5.65,0.5513,0.7267,0.00768245838668,1,1,1,1,1,1,0,0,0,3C(57.0214),,
1009,PXD004720,bread wheat,embryo,single,protein,no,TraesCS3A03G0949600.1,TraesCS3A03G0949600.1,TraesCS3A03G0949600.1,,513,False,False,,TraesCS3A03G0949600.1,,1.36,0.5507,0.7262,0.00768245838668,1,0,1,1,0,1,0,0,0,4M(15.9949),,TraesCS3B03G1085100.1
1010,PXD004720,bread wheat,embryo,single,protein,no,TraesCS7B03G1338900.1,TraesCS7B03G1338900.1,TraesCS7B03G1338900.1,,376,False,False,,TraesCS7B03G1338900.1,,7.18,0.5484,0.6258,0.00768245838668,2,0,2,3,0,3,0,0,0,13C(57.0214),,TraesCS7B03G1338900.2
1011,PXD004720,bread wheat,embryo,single,protein,no,TraesCS3B03G0237000LC.1,TraesCS3B03G0237000LC.1,TraesCS3B03G0237000LC.1,,280,False,False,,TraesCS3B03G0237000LC.1,,5.0,0.5441,0.7209,0.00768245838668,1,1,1,1,1,1,0,0,0,,,
1012,PXD004720,bread wheat,embryo,single,protein,no,TraesCS5D03G0347100LC.1,TraesCS5D03G0347100LC.1,TraesCS5D03G0347100LC.1,,116,False,False,,TraesCS5D03G0347100LC.1,,9.48,0.5434,0.7203,0.00768245838668,1,1,1,1,1,1,0,0,0,,,
1013,PXD004720,bread wheat,embryo,single,protein,no,TraesCS3D03G0251600.1,TraesCS3D03G0251600.1,TraesCS3D03G0251600.1,,420,False,False,,TraesCS3D03G0251600.1,,2.14,0.5375,0.7155,0.00768245838668,1,1,1,1,1,1,0,0,0,5M(15.9949),,
1014,PXD004720,bread wheat,embryo,single,protein,no,TraesCS7A03G1353100.1,TraesCS7A03G1353100.1,TraesCS7A03G1353100.1,,756,False,False,,TraesCS7A03G1353100.1,,1.59,0.5334,0.7121,0.00768245838668,1,0,1,1,0,1,0,0,0,,,"TraesCS7B03G1290500.1, TraesCS7D03G1282100.1"
1015,PXD004720,bread wheat,embryo,single,protein,no,TraesCS7D03G0979500LC.1,TraesCS7D03G0979500LC.1,TraesCS7D03G0979500LC.1,,320,False,False,,TraesCS7D03G0979500LC.1,,2.81,0.5317,0.7107,0.00768245838668,1,1,1,1,1,1,0,0,0,,,
1016,PXD004720,bread wheat,embryo,single,protein,no,TraesCS7A03G0557200.1,TraesCS7A03G0557200.1,TraesCS7A03G0557200.1,,292,False,False,,TraesCS7A03G0557200.1,,5.48,0.5307,0.7099,0.00768245838668,1,0,1,1,0,1,0,0,0,,,"TraesCS7B03G0405000.1, TraesCS7D03G0538300.1"
1017,PXD004720,bread wheat,embryo,single,protein,no,TraesCS3B03G1013300.1,TraesCS3B03G1013300.1,TraesCS3B03G1013300.1,,176,False,False,,TraesCS3B03G1013300.1,,9.09,0.5305,0.7097,0.00768245838668,1,1,1,1,1,1,0,0,0,8C(57.0214),,
1018,PXD004720,bread wheat,embryo,single,protein,no,TraesCS1D03G0177000LC.1,TraesCS1D03G0177000LC.1,TraesCS1D03G0177000LC.1,,358,False,False,,TraesCS1D03G0177000LC.1,,2.23,0.5302,0.7095,0.00768245838668,1,1,1,1,1,1,0,0,0,,,
1019,PXD004720,bread wheat,embryo,single,protein,no,TraesCS6B03G0051500LC.1,TraesCS6B03G0051500LC.1,TraesCS6B03G0051500LC.1,,332,False,False,,TraesCS6B03G0051500LC.1,,2.41,0.5289,0.7084,0.00768245838668,1,1,1,1,1,1,0,0,0,,,
1020,PXD004720,bread wheat,embryo,single,protein,no,TraesCS7A03G0855600LC.1,TraesCS7A03G0855600LC.1,TraesCS7A03G0855600LC.1,,141,False,False,,TraesCS7A03G0855600LC.1,,8.51,0.5256,0.7057,0.00768245838668,1,1,1,2,2,2,0,0,0,,,
1021,PXD004720,bread wheat,embryo,single,protein,no,TraesCS2A03G1113900.1,TraesCS2A03G1113900.1,TraesCS2A03G1113900.1,,236,False,False,,TraesCS2A03G1113900.1,,5.51,0.525,0.7052,0.00768245838668,1,0,1,1,0,1,0,0,0,,,TraesCS2D03G1060100LC.1
1022,PXD004720,bread wheat,embryo,single,protein,no,TraesCS7A03G0615600.1,TraesCS7A03G0615600.1,TraesCS7A03G0615600.1,,324,False,False,,TraesCS7A03G0615600.1,,4.94,0.5231,0.7036,0.00768245838668,1,1,1,1,1,1,0,0,0,,,
1023,PXD004720,bread wheat,embryo,single,protein,no,TraesCS3A03G0397900LC.1,TraesCS3A03G0397900LC.1,TraesCS3A03G0397900LC.1,,174,False,False,,TraesCS3A03G0397900LC.1,,14.37,0.5229,0.7034,0.00768245838668,1,0,1,1,0,1,0,0,0,,,TraesCS3A03G0397900LC.2
1024,PXD004720,bread wheat,embryo,single,protein,no,TraesCS7A03G0227700LC.1,TraesCS7A03G0227700LC.1,TraesCS7A03G0227700LC.1,,584,False,False,,TraesCS7A03G0227700LC.1,,1.88,0.5163,0.702,0.00768245838668,1,0,1,2,0,2,0,0,0,,,TraesCS7A03G1265000LC.1
1025,PXD004720,bread wheat,embryo,single,protein,no,TraesCS3A03G0370600LC.1,TraesCS3A03G0370600LC.1,TraesCS3A03G0370600LC.1,,100,False,False,,TraesCS3A03G0370600LC.1,,10.0,0.5136,0.6956,0.00768245838668,1,1,1,1,1,1,0,0,0,,,
1026,PXD004720,bread wheat,embryo,single,protein,no,TraesCS5A03G0050700.1,TraesCS5A03G0050700.1,TraesCS5A03G0050700.1,,945,False,False,,TraesCS5A03G0050700.1,,1.9,0.5103,0.6928,0.00768245838668,1,0,1,1,0,1,0,0,0,16C(57.0214),,"TraesCS5B03G0040200.1, TraesCS5D03G0063100.1"
1027,PXD004720,bread wheat,embryo,single,protein,no,TraesCS4D03G0101400LC.1,TraesCS4D03G0101400LC.1,TraesCS4D03G0101400LC.1,,248,False,False,,TraesCS4D03G0101400LC.1,,4.44,0.5083,0.6911,0.00768245838668,1,1,1,1,1,1,0,0,0,,,
1028,PXD004720,bread wheat,embryo,single,protein,no,TraesCS7D03G0165700LC.1,TraesCS7D03G0165700LC.1,TraesCS7D03G0165700LC.1,,408,False,False,,TraesCS7D03G0165700LC.1,,2.45,0.5083,0.6946,0.00768245838668,1,0,1,1,0,1,0,0,0,,,
1029,PXD004720,bread wheat,embryo,single,protein,no,TraesCS4D03G0016600.1,TraesCS4D03G0016600.1,TraesCS4D03G0016600.1,,157,False,False,,TraesCS4D03G0016600.1,,5.73,0.5064,0.6944,0.00768245838668,1,0,1,1,0,1,0,0,0,,,"TraesCSU03G0055200.1, TraesCSU03G0055500.1, TraesCSU03G0055500.2, TraesCSU03G0055500.3"
1030,PXD004720,bread wheat,embryo,single,protein,no,TraesCS5D03G0694900.1,TraesCS5D03G0694900.1,TraesCS5D03G0694900.1,,917,False,False,,TraesCS5D03G0694900.1,,1.2,0.5025,0.6861,0.00768245838668,1,1,1,2,2,2,0,0,0,,,
1031,PXD004720,bread wheat,embryo,single,protein,no,TraesCS3B03G0582000LC.1,TraesCS3B03G0582000LC.1,TraesCS3B03G0582000LC.1,,192,False,False,,TraesCS3B03G0582000LC.1,,4.69,0.5022,0.6858,0.00768245838668,1,1,1,1,1,1,0,0,0,,,
1032,PXD004720,bread wheat,embryo,single,protein,no,TraesCS7B03G1129600LC.1,TraesCS7B03G1129600LC.1,TraesCS7B03G1129600LC.1,,316,False,False,,TraesCS7B03G1129600LC.1,,4.75,0.4993,0.6833,0.00768245838668,1,1,1,1,1,1,0,0,0,,,
1033,PXD004720,bread wheat,embryo,single,protein,no,TraesCS2A03G0101300LC.1,TraesCS2A03G0101300LC.1,TraesCS2A03G0101300LC.1,,143,False,False,,TraesCS2A03G0101300LC.1,,15.38,0.4976,0.691,0.00768245838668,1,0,1,1,0,1,0,0,0,7M(15.9949),,TraesCSU03G0343100LC.2
1034,PXD004720,bread wheat,embryo,single,protein,no,TraesCS5A03G1114200.1,TraesCS5A03G1114200.1,TraesCS5A03G1114200.1,,1109,False,False,,TraesCS5A03G1114200.1,,1.53,0.4971,0.9752,0.00768245838668,2,0,1,3,0,1,0,0,0,,,
1035,PXD004720,bread wheat,embryo,single,protein,no,TraesCS3A03G0359600.1,TraesCS3A03G0359600.1,TraesCS3A03G0359600.1,,245,False,False,,TraesCS3A03G0359600.1,,6.12,0.491,0.6761,0.00768245838668,1,1,1,1,1,1,0,0,0,,,
1036,PXD004720,bread wheat,embryo,single,protein,no,TraesCS7B03G0512400LC.1,TraesCS7B03G0512400LC.1,TraesCS7B03G0512400LC.1,,101,False,False,,TraesCS7B03G0512400LC.1,,7.92,0.4909,0.676,0.00768245838668,1,1,1,1,1,1,0,0,0,,,
1037,PXD004720,bread wheat,embryo,single,protein,no,TraesCS7D03G1173600.1,TraesCS7D03G1173600.1,TraesCS7D03G1173600.1,,939,False,False,,TraesCS7D03G1173600.1,,1.49,0.4888,0.6741,0.00768245838668,1,1,1,1,1,1,0,0,0,4C(57.0214),,
1038,PXD004720,bread wheat,embryo,single,protein,no,TraesCS2D03G0795300.1,TraesCS2D03G0795300.1,TraesCS2D03G0795300.1,,168,False,False,,TraesCS2D03G0795300.1,,10.12,0.4867,0.6723,0.00768245838668,1,1,1,1,1,1,0,0,0,,,
1039,PXD004720,bread wheat,embryo,single,protein,no,TraesCS2B03G1233200.1,TraesCS2B03G1233200.1,TraesCS2B03G1233200.1,,1723,False,False,,TraesCS2B03G1233200.1,,0.64,0.4821,0.6682,0.00768245838668,1,1,1,1,1,1,0,0,0,5C(57.0214),,
1040,PXD004720,bread wheat,embryo,single,protein,no,TraesCS3B03G0057200.1,TraesCS3B03G0057200.1,TraesCS3B03G0057200.1,,463,False,False,,TraesCS3B03G0057200.1,,2.59,0.4793,0.6657,0.00768245838668,1,1,1,1,1,1,0,0,0,11M(15.9949),,
1041,PXD004720,bread wheat,embryo,single,protein,no,TraesCS2B03G0317900LC.1,TraesCS2B03G0317900LC.1,TraesCS2B03G0317900LC.1,,443,False,False,,TraesCS2B03G0317900LC.1,,4.51,0.4766,0.6633,0.00768245838668,1,1,1,1,1,1,0,0,0,,,
1042,PXD004720,bread wheat,embryo,single,protein,no,TraesCS2B03G0958700LC.1,TraesCS2B03G0958700LC.1,TraesCS2B03G0958700LC.1,,832,False,False,,TraesCS2B03G0958700LC.1,,2.28,0.476,0.6628,0.00768245838668,1,1,1,1,1,1,0,0,0,,,
1043,PXD004720,bread wheat,embryo,single,protein,no,TraesCS6A03G1035100.1,TraesCS6A03G1035100.1,TraesCS6A03G1035100.1,,270,False,False,,TraesCS6A03G1035100.1,,4.07,0.4747,0.6616,0.00768245838668,1,0,1,1,0,1,0,0,0,,,TraesCS6B03G1282400.1
1044,PXD004720,bread wheat,embryo,single,protein,no,TraesCS6D03G0712200LC.1,TraesCS6D03G0712200LC.1,TraesCS6D03G0712200LC.1,,97,False,False,,TraesCS6D03G0712200LC.1,,10.31,0.4745,0.6614,0.00768245838668,1,1,1,1,1,1,0,0,0,,,
1045,PXD004720,bread wheat,embryo,single,protein,no,TraesCS3A03G0674600.1,TraesCS3A03G0674600.1,TraesCS3A03G0674600.1,,372,False,False,,TraesCS3A03G0674600.1,,2.42,0.4735,0.6605,0.00768245838668,1,0,1,1,0,1,0,0,0,,,"TraesCS3A03G0674600.2, TraesCS3B03G0770200.1, TraesCS3B03G0770200.2"
1046,PXD004720,bread wheat,embryo,single,protein,no,TraesCS2A03G0366600LC.1,TraesCS2A03G0366600LC.1,TraesCS2A03G0366600LC.1,,236,False,False,,TraesCS2A03G0366600LC.1,,3.39,0.473,0.6601,0.00768245838668,1,1,1,3,3,3,0,0,0,,,
1047,PXD004720,bread wheat,embryo,single,protein,no,TraesCS4B03G0704000LC.1,TraesCS4B03G0704000LC.1,TraesCS4B03G0704000LC.1,,116,False,False,,TraesCS4B03G0704000LC.1,,11.21,0.4683,0.6558,0.00768245838668,1,1,1,8,8,8,0,0,0,N-term(42.0106),,
1048,PXD004720,bread wheat,embryo,single,protein,no,TraesCS7A03G0886800.1,TraesCS7A03G0886800.1,TraesCS7A03G0886800.1,,356,False,False,,TraesCS7A03G0886800.1,,2.53,0.4661,0.6538,0.00768245838668,1,1,1,3,3,3,0,0,0,,,
1049,PXD004720,bread wheat,embryo,single,protein,no,TraesCS2D03G0117900LC.1,TraesCS2D03G0117900LC.1,TraesCS2D03G0117900LC.1,,56,False,False,,TraesCS2D03G0117900LC.1,,14.29,0.4638,0.6517,0.00768245838668,1,1,1,1,1,1,0,0,0,5M(15.9949),,
1050,PXD004720,bread wheat,embryo,single,protein,no,TraesCS3B03G1509300LC.1,TraesCS3B03G1509300LC.1,TraesCS3B03G1509300LC.1,,397,False,False,,TraesCS3B03G1509300LC.1,,3.53,0.4618,0.6499,0.00768245838668,1,1,1,1,1,1,0,0,0,,,
1051,PXD004720,bread wheat,embryo,single,protein,no,TraesCS7A03G0928800.1,TraesCS7A03G0928800.1,TraesCS7A03G0928800.1,,224,False,False,,TraesCS7A03G0928800.1,,4.91,0.4541,0.6429,0.00768245838668,1,0,1,1,0,1,0,0,0,,,"TraesCS7A03G0928800.2, TraesCS7B03G0776400.1, TraesCS7D03G0893600.1"
1052,PXD004720,bread wheat,embryo,single,protein,no,TraesCS2A03G0267800.1,TraesCS2A03G0267800.1,TraesCS2A03G0267800.1,,441,False,False,,TraesCS2A03G0267800.1,,2.49,0.4508,0.6398,0.00768245838668,1,0,1,1,0,1,0,0,0,,,"TraesCS2B03G0369200.1, TraesCS2D03G0277300.1"
1053,PXD004720,bread wheat,embryo,single,protein,no,TraesCS2A03G1102400.1,TraesCS2A03G1102400.1,TraesCS2A03G1102400.1,,133,False,False,,TraesCS2A03G1102400.1,,12.03,0.4483,0.6375,0.00768245838668,1,0,1,2,0,2,0,0,0,,,"TraesCS2B03G1238900.1, TraesCS2D03G1049000.1"
1054,PXD004720,bread wheat,embryo,single,protein,no,TraesCS7B03G1200000LC.1,TraesCS7B03G1200000LC.1,TraesCS7B03G1200000LC.1,,419,False,False,,TraesCS7B03G1200000LC.1,,2.63,0.4454,0.6348,0.00768245838668,1,1,1,1,1,1,0,0,0,"1M(15.9949), 3M(15.9949), 8C(57.0214)",,
1055,PXD004720,bread wheat,embryo,single,protein,no,TraesCS5A03G0521400.1,TraesCS5A03G0521400.1,TraesCS5A03G0521400.1,,708,False,False,,TraesCS5A03G0521400.1,,1.69,0.4446,0.634,0.00768245838668,1,0,1,1,0,1,0,0,0,,,"TraesCS5A03G0521400.2, TraesCS5B03G0530100.1, TraesCS5B03G0530100.2, TraesCS5D03G0486600.1, TraesCS5D03G0486600.2, TraesCS7A03G1165000LC.1, TraesCS7B03G0491300LC.1, TraesCS7B03G0491300LC.2, TraesCS7D03G0938000.1"
1056,PXD004720,bread wheat,embryo,single,protein,no,TraesCS3A03G0498700.1,TraesCS3A03G0498700.1,TraesCS3A03G0498700.1,,864,False,False,,TraesCS3A03G0498700.1,,2.43,0.4435,0.633,0.00768245838668,1,0,1,1,0,1,0,0,0,,,"TraesCS3A03G0498700.2, TraesCS3A03G0498700.3, TraesCS3A03G0498700.4, TraesCS3A03G0498700.5, TraesCS3A03G0498700.6, TraesCS3A03G0498700.7, TraesCS3B03G0560900.1, TraesCS3B03G0560900.2, TraesCS3B03G0560900.3, TraesCS3B03G0560900.4, TraesCS3D03G0484300.1, TraesCS3D03G0484300.2, TraesCS3D03G0484300.3, TraesCS3D03G0484300.4, TraesCS3D03G0484300.5, TraesCS3D03G0484300.6"
1057,PXD004720,bread wheat,embryo,single,protein,no,TraesCS2A03G0945400.1,TraesCS2A03G0945400.1,TraesCS2A03G0945400.1,,109,False,False,,TraesCS2A03G0945400.1,,9.17,0.4434,0.6329,0.00768245838668,1,1,1,2,2,2,0,0,0,,,
1058,PXD004720,bread wheat,embryo,single,protein,no,TraesCS1D03G0972600.1,TraesCS1D03G0972600.1,TraesCS1D03G0972600.1,,157,False,False,,TraesCS1D03G0972600.1,,20.38,0.442,0.3679,0.00768245838668,2,1,2,2,1,2,0,0,0,,,
1059,PXD004720,bread wheat,embryo,single,protein,no,TraesCS1B03G1156200.1,TraesCS1B03G1156200.1,TraesCS1B03G1156200.1,,403,False,False,,TraesCS1B03G1156200.1,,1.74,0.4409,0.6338,0.00768245838668,1,0,1,1,0,1,0,0,0,,,
1060,PXD004720,bread wheat,embryo,single,protein,no,TraesCS3B03G0986500LC.1,TraesCS3B03G0986500LC.1,TraesCS3B03G0986500LC.1,,111,False,False,,TraesCS3B03G0986500LC.1,,8.11,0.4393,0.6336,0.00768245838668,1,0,1,2,0,2,0,0,0,,,TraesCS3D03G0503500LC.1
1061,PXD004720,bread wheat,embryo,single,protein,no,TraesCS4B03G0713400LC.1,TraesCS4B03G0713400LC.1,TraesCS4B03G0713400LC.1,,354,False,False,,TraesCS4B03G0713400LC.1,,3.11,0.4379,0.6277,0.00768245838668,1,1,1,1,1,1,0,0,0,,,
1062,PXD004720,bread wheat,embryo,single,protein,no,TraesCS5D03G1186700.1,TraesCS5D03G1186700.1,TraesCS5D03G1186700.1,,849,False,False,,TraesCS5D03G1186700.1,,2.59,0.4373,0.6271,0.00768245838668,1,1,1,1,1,1,0,0,0,14M(15.9949),,
1063,PXD004720,bread wheat,embryo,single,protein,no,TraesCS3B03G0807800LC.1,TraesCS3B03G0807800LC.1,TraesCS3B03G0807800LC.1,,140,False,False,,TraesCS3B03G0807800LC.1,,10.71,0.4339,0.6239,0.00768245838668,1,1,1,1,1,1,0,0,0,,,
1064,PXD004720,bread wheat,embryo,single,protein,no,TraesCS2A03G1046100.1,TraesCS2A03G1046100.1,TraesCS2A03G1046100.1,,2594,False,False,,TraesCS2A03G1046100.1,,0.5,0.4319,0.622,0.00768245838668,1,1,1,2,2,2,0,0,0,,,
1065,PXD004720,bread wheat,embryo,single,protein,no,TraesCS6B03G0386300LC.1,TraesCS6B03G0386300LC.1,TraesCS6B03G0386300LC.1,,199,False,False,,TraesCS6B03G0386300LC.1,,6.03,0.4296,0.6198,0.00768245838668,1,1,1,1,1,1,0,0,0,,,
1066,PXD004720,bread wheat,embryo,single,protein,no,TraesCS1A03G0853100.1,TraesCS1A03G0853100.1,TraesCS1A03G0853100.1,,405,False,False,,TraesCS1A03G0853100.1,,2.22,0.4276,0.6178,0.00768245838668,1,1,1,1,1,1,0,0,0,,,
1067,PXD004720,bread wheat,embryo,single,protein,no,TraesCS6A03G0245900.1,TraesCS6A03G0245900.1,TraesCS6A03G0245900.1,,264,False,False,,TraesCS6A03G0245900.1,,4.92,0.4255,0.6158,0.00768245838668,1,0,1,1,0,1,0,0,0,,,"TraesCS6B03G0339700.1, TraesCS6D03G0203600.1"
1068,PXD004720,bread wheat,embryo,single,protein,no,TraesCS7B03G0598600.2,TraesCS7B03G0598600.2,TraesCS7B03G0598600.2,,750,False,False,,TraesCS7B03G0598600.2,,2.0,0.4236,0.614,0.00768245838668,1,1,1,1,1,1,0,0,0,,,
1069,PXD004720,bread wheat,embryo,single,protein,no,TraesCS1A03G0594100LC.1,TraesCS1A03G0594100LC.1,TraesCS1A03G0594100LC.1,,635,False,False,,TraesCS1A03G0594100LC.1,,5.51,0.4179,0.6084,0.00768245838668,1,1,1,1,1,1,0,0,0,,,
1070,PXD004720,bread wheat,embryo,single,protein,no,TraesCS6A03G0736900.1,TraesCS6A03G0736900.1,TraesCS6A03G0736900.1,,886,False,False,,TraesCS6A03G0736900.1,,1.24,0.4175,0.608,0.00768245838668,1,0,1,1,0,1,0,0,0,2M(15.9949),,"TraesCS6B03G0872700.1, TraesCS6D03G0619500.1, TraesCS6D03G0619500.2"
1071,PXD004720,bread wheat,embryo,single,protein,no,TraesCS6D03G0020600.1,TraesCS6D03G0020600.1,TraesCS6D03G0020600.1,,1413,False,False,,TraesCS6D03G0020600.1,,1.27,0.4173,0.6078,0.00768245838668,1,1,1,1,1,1,0,0,0,,,
1072,PXD004720,bread wheat,embryo,single,protein,no,TraesCS1A03G0674500.1,TraesCS1A03G0674500.1,TraesCS1A03G0674500.1,,700,False,False,,TraesCS1A03G0674500.1,,1.29,0.4171,0.6076,0.00768245838668,1,0,1,1,0,1,0,0,0,,,"TraesCS1A03G0674500.2, TraesCS1A03G0674500.3, TraesCS1A03G0674500.4, TraesCS1B03G0766800.1, TraesCS1B03G0766800.2, TraesCS1B03G0766800.3, TraesCS1D03G0638800.1, TraesCS1D03G0638800.2, TraesCS1D03G0638800.3, TraesCS1D03G0638800.4, TraesCS1D03G0638800.5, TraesCS1D03G0638800.6, TraesCS1D03G0638800.7"
1073,PXD004720,bread wheat,embryo,single,protein,no,TraesCS1D03G0478500LC.1,TraesCS1D03G0478500LC.1,TraesCS1D03G0478500LC.1,,127,False,False,,TraesCS1D03G0478500LC.1,,6.3,0.417,0.6075,0.00768245838668,1,1,1,1,1,1,0,0,0,"5M(15.9949), 6C(57.0214), 7C(57.0214)",,
1074,PXD004720,bread wheat,embryo,single,protein,no,TraesCS3A03G0668400.1,TraesCS3A03G0668400.1,TraesCS3A03G0668400.1,,227,False,False,,TraesCS3A03G0668400.1,,5.73,0.4147,0.6052,0.00768245838668,1,0,1,1,0,1,0,0,0,3M(15.9949),,"TraesCS3A03G0668400.2, TraesCS3D03G0610100.1"
1075,PXD004720,bread wheat,embryo,single,protein,no,TraesCS3A03G1137700.1,TraesCS3A03G1137700.1,TraesCS3A03G1137700.1,,351,False,False,,TraesCS3A03G1137700.1,,5.41,0.4136,0.6042,0.00768245838668,1,0,1,1,0,1,0,0,0,,,TraesCS3B03G1323700.1
1076,PXD004720,bread wheat,embryo,single,protein,no,TraesCS1B03G1199500LC.1,TraesCS1B03G1199500LC.1,TraesCS1B03G1199500LC.1,,224,False,False,,TraesCS1B03G1199500LC.1,,3.57,0.4117,0.6023,0.00768245838668,1,0,1,1,0,1,0,0,0,4M(15.9949),,"TraesCS1B03G1199500LC.2, TraesCS1D03G0799500LC.1, TraesCS3B03G1462500LC.1, TraesCS5B03G1187400LC.1, TraesCS7B03G0132900.1, TraesCS7B03G0133300.1, TraesCS7D03G0331700.1, TraesCS7D03G0331900.1"
1077,PXD004720,bread wheat,embryo,single,protein,no,TraesCS1D03G0024700.1,TraesCS1D03G0024700.1,TraesCS1D03G0024700.1,,215,False,False,,TraesCS1D03G0024700.1,,9.3,0.4113,0.6019,0.00768245838668,1,0,1,1,0,1,0,0,0,,,TraesCS7D03G0430300.1
1078,PXD004720,bread wheat,embryo,single,protein,no,TraesCS2D03G0173500LC.1,TraesCS2D03G0173500LC.1,TraesCS2D03G0173500LC.1,,268,False,False,,TraesCS2D03G0173500LC.1,,4.85,0.4112,0.6018,0.00768245838668,1,1,1,1,1,1,0,0,0,,,
1079,PXD004720,bread wheat,embryo,single,protein,no,TraesCS5A03G0675800.1,TraesCS5A03G0675800.1,TraesCS5A03G0675800.1,,74,False,False,,TraesCS5A03G0675800.1,,25.68,0.41,0.6006,0.00768245838668,1,0,1,1,0,1,0,0,0,,,TraesCS5D03G0646100.1
1080,PXD004720,bread wheat,embryo,single,protein,no,TraesCS2A03G0294200.1,TraesCS2A03G0294200.1,TraesCS2A03G0294200.1,,274,False,False,,TraesCS2A03G0294200.1,,6.93,0.4085,0.5991,0.00768245838668,1,0,1,1,0,1,0,0,0,,,"TraesCS2B03G0412600.1, TraesCS2D03G0313100.1"
1081,PXD004720,bread wheat,embryo,single,protein,no,TraesCS7B03G0384600LC.1,TraesCS7B03G0384600LC.1,TraesCS7B03G0384600LC.1,,203,False,False,,TraesCS7B03G0384600LC.1,,8.37,0.4084,0.599,0.00768245838668,1,1,1,1,1,1,0,0,0,N-term(42.0106),,
1082,PXD004720,bread wheat,embryo,single,protein,no,TraesCS6A03G0312700.1,TraesCS6A03G0312700.1,TraesCS6A03G0312700.1,,557,False,False,,TraesCS6A03G0312700.1,,2.15,0.4068,0.5974,0.00768245838668,1,0,1,1,0,1,0,0,0,,,"TraesCS6A03G0312700.2, TraesCS6B03G0404200.1, TraesCS6D03G0268000.1"
1083,PXD004720,bread wheat,embryo,single,protein,no,TraesCS6B03G0084800LC.1,TraesCS6B03G0084800LC.1,TraesCS6B03G0084800LC.1,,533,False,False,,TraesCS6B03G0084800LC.1,,1.5,0.4057,0.6012,0.00768245838668,1,0,1,1,0,1,0,0,0,,,
1084,PXD004720,bread wheat,embryo,single,protein,no,TraesCS4A03G0586600.1,TraesCS4A03G0586600.1,TraesCS4A03G0586600.1,,1129,False,False,,TraesCS4A03G0586600.1,,1.15,0.4043,0.5949,0.00768245838668,1,0,1,1,0,1,0,0,0,,,"TraesCS4B03G0225000LC.1, TraesCS4D03G0186200.1, TraesCS4D03G0186200.2"
1085,PXD004720,bread wheat,embryo,single,protein,no,TraesCS3B03G1099600.1,TraesCS3B03G1099600.1,TraesCS3B03G1099600.1,,416,False,False,,TraesCS3B03G1099600.1,,3.61,0.4042,0.5948,0.00768245838668,1,1,1,1,1,1,0,0,0,,,
1086,PXD004720,bread wheat,embryo,single,protein,no,TraesCS5A03G1132400.1,TraesCS5A03G1132400.1,TraesCS5A03G1132400.1,,254,False,False,,TraesCS5A03G1132400.1,,3.54,0.4031,0.5986,0.00768245838668,1,0,1,2,0,2,0,0,0,,,"TraesCS5B03G1202400.1, TraesCS5B03G1202400.2"
1087,PXD004720,bread wheat,embryo,single,protein,no,TraesCS7B03G0228800.1,TraesCS7B03G0228800.1,TraesCS7B03G0228800.1,,364,False,False,,TraesCS7B03G0228800.1,,7.97,0.4016,0.5922,0.00768245838668,1,1,1,1,1,1,0,0,0,"13C(57.0214), 22M(15.9949)",,
1088,PXD004720,bread wheat,embryo,single,protein,no,TraesCS4B03G0778200.1,TraesCS4B03G0778200.1,TraesCS4B03G0778200.1,,106,False,False,,TraesCS4B03G0778200.1,,10.38,0.3964,0.587,0.00768245838668,1,1,1,1,1,1,0,0,0,5M(15.9949),,
1089,PXD004720,bread wheat,embryo,single,protein,no,TraesCS6A03G0640600.1,TraesCS6A03G0640600.1,TraesCS6A03G0640600.1,,660,False,False,,TraesCS6A03G0640600.1,,1.82,0.3961,0.5866,0.00768245838668,1,0,1,1,0,1,0,0,0,,,TraesCS6D03G0532900.1
1090,PXD004720,bread wheat,embryo,single,protein,no,TraesCS3A03G1251300.1,TraesCS3A03G1251300.1,TraesCS3A03G1251300.1,,472,False,False,,TraesCS3A03G1251300.1,,2.54,0.3947,0.5852,0.00768245838668,1,1,1,1,1,1,0,0,0,,,
1091,PXD004720,bread wheat,embryo,single,protein,no,TraesCS2A03G0768800.1,TraesCS2A03G0768800.1,TraesCS2A03G0768800.1,,346,False,False,,TraesCS2A03G0768800.1,,2.89,0.3925,0.5879,0.00768245838668,1,0,1,1,0,1,0,0,0,7M(15.9949),,
1092,PXD004720,bread wheat,embryo,single,protein,no,TraesCS4A03G0941400LC.1,TraesCS4A03G0941400LC.1,TraesCS4A03G0941400LC.1,,304,False,False,,TraesCS4A03G0941400LC.1,,2.63,0.3911,0.5815,0.00768245838668,1,0,1,1,0,1,0,0,0,,,"TraesCS7A03G0193700LC.1, TraesCS7A03G0193700LC.2, TraesCSU03G0185800LC.1"
1093,PXD004720,bread wheat,embryo,single,protein,no,TraesCS7B03G0567600LC.1,TraesCS7B03G0567600LC.1,TraesCS7B03G0567600LC.1,,165,False,False,,TraesCS7B03G0567600LC.1,,12.12,0.3898,0.5802,0.00768245838668,1,1,1,1,1,1,0,0,0,15C(57.0214),,
1094,PXD004720,bread wheat,embryo,single,protein,no,TraesCS3D03G0838400.1,TraesCS3D03G0838400.1,TraesCS3D03G0838400.1,,226,False,False,,TraesCS3D03G0838400.1,,3.1,0.3894,0.5798,0.00768245838668,1,1,1,1,1,1,0,0,0,,,
1095,PXD004720,bread wheat,embryo,single,protein,no,TraesCS1B03G0253600LC.1,TraesCS1B03G0253600LC.1,TraesCS1B03G0253600LC.1,,422,False,False,,TraesCS1B03G0253600LC.1,,1.66,0.3888,0.5826,0.00768245838668,1,0,1,1,0,1,0,0,0,,,
1096,PXD004720,bread wheat,embryo,single,protein,no,TraesCS1D03G0182200LC.1,TraesCS1D03G0182200LC.1,TraesCS1D03G0182200LC.1,,281,False,False,,TraesCS1D03G0182200LC.1,,2.49,0.3885,0.5789,0.00768245838668,1,0,1,1,0,1,0,0,0,,,"TraesCS2B03G1036500LC.1, TraesCS5D03G0537300LC.1"
1097,PXD004720,bread wheat,embryo,single,protein,no,TraesCS1A03G0149700LC.1,TraesCS1A03G0149700LC.1,TraesCS1A03G0149700LC.1,,157,False,False,,TraesCS1A03G0149700LC.1,,7.01,0.3882,0.5786,0.00768245838668,1,1,1,1,1,1,0,0,0,,,
1098,PXD004720,bread wheat,embryo,single,protein,no,TraesCS6A03G0979700LC.1,TraesCS6A03G0979700LC.1,TraesCS6A03G0979700LC.1,,149,False,False,,TraesCS6A03G0979700LC.1,,11.41,0.3873,0.5777,0.00768245838668,1,1,1,2,2,2,0,0,0,8C(57.0214),,
1099,PXD004720,bread wheat,embryo,single,protein,no,TraesCS4A03G1054500LC.1,TraesCS4A03G1054500LC.1,TraesCS4A03G1054500LC.1,,333,False,False,,TraesCS4A03G1054500LC.1,,2.7,0.3852,0.5755,0.00768245838668,1,0,1,1,0,1,0,0,0,,,"TraesCS4A03G1054600LC.1, TraesCSU03G0430200LC.1"
1100,PXD004720,bread wheat,embryo,single,protein,no,TraesCS2B03G0140600.1,TraesCS2B03G0140600.1,TraesCS2B03G0140600.1,,1115,False,False,,TraesCS2B03G0140600.1,,0.81,0.3845,0.5748,0.00768245838668,1,1,1,2,2,2,0,0,0,,,
1101,PXD004720,bread wheat,embryo,single,protein,no,TraesCS4A03G0675200LC.1,TraesCS4A03G0675200LC.1,TraesCS4A03G0675200LC.1,,241,False,False,,TraesCS4A03G0675200LC.1,,5.39,0.3844,0.5747,0.00768245838668,1,1,1,1,1,1,0,0,0,9M(15.9949),,
1102,PXD004720,bread wheat,embryo,single,protein,no,TraesCS4B03G0238400.1,TraesCS4B03G0238400.1,TraesCS4B03G0238400.1,,430,False,False,,TraesCS4B03G0238400.1,,3.26,0.3842,0.5745,0.00768245838668,1,1,1,1,1,1,0,0,0,,,
1103,PXD004720,bread wheat,embryo,single,protein,no,TraesCS2B03G1108900LC.1,TraesCS2B03G1108900LC.1,TraesCS2B03G1108900LC.1,,113,False,False,,TraesCS2B03G1108900LC.1,,8.85,0.3833,0.5735,0.00768245838668,1,1,1,1,1,1,0,0,0,,,
1104,PXD004720,bread wheat,embryo,single,protein,no,TraesCS3A03G1232100.1,TraesCS3A03G1232100.1,TraesCS3A03G1232100.1,,215,False,False,,TraesCS3A03G1232100.1,,16.28,0.3828,0.573,0.00768245838668,1,0,1,1,0,1,0,0,0,N-term(42.0106),,"TraesCS3B03G1477500.1, TraesCS3D03G1167300.1"
1105,PXD004720,bread wheat,embryo,single,protein,no,TraesCS5D03G0989700.1,TraesCS5D03G0989700.1,TraesCS5D03G0989700.1,,481,False,False,,TraesCS5D03G0989700.1,,2.08,0.3825,0.5727,0.00768245838668,1,1,1,1,1,1,0,0,0,,,
1106,PXD004720,bread wheat,embryo,single,protein,no,TraesCS3A03G1233800.1,TraesCS3A03G1233800.1,TraesCS3A03G1233800.1,,453,False,False,,TraesCS3A03G1233800.1,,2.43,0.381,0.5775,0.00768245838668,1,0,1,1,0,1,0,0,0,,,"TraesCS3A03G1234800.1, TraesCS7B03G1001000.1"
1107,PXD004720,bread wheat,embryo,single,protein,no,TraesCS2A03G1014700.1,TraesCS2A03G1014700.1,TraesCS2A03G1014700.1,,761,False,False,,TraesCS2A03G1014700.1,,2.89,0.3787,0.5687,0.00768245838668,1,1,1,1,1,1,0,0,0,,,
1108,PXD004720,bread wheat,embryo,single,protein,no,TraesCS3A03G1271900.1,TraesCS3A03G1271900.1,TraesCS3A03G1271900.1,,2203,False,False,,TraesCS3A03G1271900.1,,0.86,0.3755,0.4529,0.00768245838668,2,2,2,2,2,2,0,0,0,,,
1109,PXD004720,bread wheat,embryo,single,protein,no,TraesCS5A03G0657100.1,TraesCS5A03G0657100.1,TraesCS5A03G0657100.1,,774,False,False,,TraesCS5A03G0657100.1,,1.42,0.3739,0.5637,0.00768245838668,1,0,1,1,0,1,0,0,0,,,"TraesCS5B03G0692100.1, TraesCS5D03G0626500.1"
1110,PXD004720,bread wheat,embryo,single,protein,no,TraesCS4D03G0391200LC.1,TraesCS4D03G0391200LC.1,TraesCS4D03G0391200LC.1,,139,False,False,,TraesCS4D03G0391200LC.1,,5.76,0.3705,0.5601,0.00768245838668,1,0,1,1,0,1,0,0,0,5M(15.9949),,TraesCS7B03G0421100LC.1
1111,PXD004720,bread wheat,embryo,single,protein,no,TraesCS4B03G0183200.1,TraesCS4B03G0183200.1,TraesCS4B03G0183200.1,,1002,False,False,,TraesCS4B03G0183200.1,,1.0,0.3703,0.5599,0.00768245838668,1,0,1,1,0,1,0,0,0,,,"TraesCS4B03G0183200.2, TraesCS4D03G0150600.1"
1112,PXD004720,bread wheat,embryo,single,protein,no,TraesCS1B03G1217400.1,TraesCS1B03G1217400.1,TraesCS1B03G1217400.1,,502,False,False,,TraesCS1B03G1217400.1,,2.19,0.3691,0.5586,0.00768245838668,1,0,1,1,0,1,0,0,0,,,TraesCS1B03G1217800.1
1113,PXD004720,bread wheat,embryo,single,protein,no,TraesCS2A03G1025100.1,TraesCS2A03G1025100.1,TraesCS2A03G1025100.1,,1031,False,False,,TraesCS2A03G1025100.1,,1.07,0.3691,0.5638,0.00768245838668,1,0,1,1,0,1,0,0,0,,,"TraesCS2A03G1025100.2, TraesCS2A03G1025100.3, TraesCS2A03G1025100.4, TraesCS2A03G1025100.5, TraesCS2B03G1144900.1, TraesCS2B03G1144900.2, TraesCS2B03G1144900.3, TraesCS2D03G0964200.1, TraesCS2D03G0964200.2, TraesCS2D03G0964200.3, TraesCS2D03G0964200.4"
1114,PXD004720,bread wheat,embryo,single,protein,no,TraesCS2B03G0622300LC.1,TraesCS2B03G0622300LC.1,TraesCS2B03G0622300LC.1,,214,False,False,,TraesCS2B03G0622300LC.1,,3.74,0.3683,0.5578,0.00768245838668,1,1,1,1,1,1,0,0,0,,,
1115,PXD004720,bread wheat,embryo,single,protein,no,TraesCS1D03G0543500LC.1,TraesCS1D03G0543500LC.1,TraesCS1D03G0543500LC.1,,298,False,False,,TraesCS1D03G0543500LC.1,,3.36,0.3682,0.5577,0.00768245838668,1,0,1,4,0,4,0,0,0,,,TraesCS2D03G0496400LC.1
1116,PXD004720,bread wheat,embryo,single,protein,no,TraesCS3A03G0263100.1,TraesCS3A03G0263100.1,TraesCS3A03G0263100.1,,1058,False,False,,TraesCS3A03G0263100.1,,2.08,0.3677,0.5572,0.00768245838668,2,0,2,2,0,2,0,0,0,,,TraesCS3A03G0263100.2
1117,PXD004720,bread wheat,embryo,single,protein,no,TraesCS6A03G0852200.10,TraesCS6A03G0852200.10,TraesCS6A03G0852200.10,,1438,False,False,,TraesCS6A03G0852200.10,,1.11,0.3665,0.5559,0.00768245838668,1,0,1,1,0,1,0,0,0,,,"TraesCS6A03G0852200.2, TraesCS6A03G0852200.3, TraesCS6A03G0852200.4, TraesCS6A03G0852200.5, TraesCS6A03G0852200.6, TraesCS6A03G0852200.7, TraesCS6A03G0852200.8, TraesCS6A03G0852200.9, TraesCS6B03G1017800.2, TraesCS6B03G1017800.3, TraesCS6B03G1017800.4, TraesCS6B03G1017800.5, TraesCS6B03G1017800.7, TraesCS6D03G0720500.2, TraesCS6D03G0720500.3, TraesCS6D03G0720500.4, TraesCS6D03G0720500.5, TraesCS6D03G0720500.6, TraesCS6D03G0720500.7, TraesCS6D03G0720500.8, TraesCS6D03G0720500.9"
1118,PXD004720,bread wheat,embryo,single,protein,no,TraesCS7A03G0671300.1,TraesCS7A03G0671300.1,TraesCS7A03G0671300.1,,1085,False,False,,TraesCS7A03G0671300.1,,1.47,0.3662,0.5556,0.00768245838668,1,0,1,1,0,1,0,0,0,,,TraesCSU03G0094500LC.1
1119,PXD004720,bread wheat,embryo,single,protein,no,TraesCS3A03G0891600.1,TraesCS3A03G0891600.1,TraesCS3A03G0891600.1,,376,False,False,,TraesCS3A03G0891600.1,,4.79,0.3661,0.5555,0.00768245838668,1,0,1,1,0,1,0,0,0,10C(57.0214),,"TraesCS3B03G1017700.1, TraesCS3B03G1017700.2, TraesCS3D03G0819100.1, TraesCS3D03G0819100.2"
1120,PXD004720,bread wheat,embryo,single,protein,no,TraesCS3A03G0762900.7,TraesCS3A03G0762900.7,TraesCS3A03G0762900.7,,766,False,False,,TraesCS3A03G0762900.7,,1.96,0.366,0.5605,0.00768245838668,1,0,1,1,0,1,0,0,0,"11C(57.0214), 12C(57.0214)",,"TraesCS3B03G0875100.10, TraesCS3B03G0875100.9, TraesCS3D03G0704700.5"
1121,PXD004720,bread wheat,embryo,single,protein,no,TraesCS7A03G0536600LC.1,TraesCS7A03G0536600LC.1,TraesCS7A03G0536600LC.1,,267,False,False,,TraesCS7A03G0536600LC.1,,4.87,0.3658,0.5551,0.00768245838668,1,1,1,1,1,1,0,0,0,,,
1122,PXD004720,bread wheat,embryo,single,protein,no,TraesCS2D03G0336800LC.1,TraesCS2D03G0336800LC.1,TraesCS2D03G0336800LC.1,,422,False,False,,TraesCS2D03G0336800LC.1,,2.13,0.3644,0.5536,0.00768245838668,1,1,1,1,1,1,0,0,0,,,
1123,PXD004720,bread wheat,embryo,single,protein,no,TraesCS3A03G0855100.1,TraesCS3A03G0855100.1,TraesCS3A03G0855100.1,,454,False,False,,TraesCS3A03G0855100.1,,2.64,0.3616,0.5506,0.00768245838668,1,1,1,1,1,1,0,0,0,"11M(15.9949), 2M(15.9949), 9M(15.9949)",,
1124,PXD004720,bread wheat,embryo,single,protein,no,TraesCS1B03G0989000LC.1,TraesCS1B03G0989000LC.1,TraesCS1B03G0989000LC.1,,1453,False,False,,TraesCS1B03G0989000LC.1,,0.76,0.3615,0.5505,0.00768245838668,1,0,1,2,0,2,0,0,0,,,"TraesCS1B03G0989000LC.2, TraesCS3A03G0868600LC.1, TraesCS7A03G1236300LC.1"
1125,PXD004720,bread wheat,embryo,single,protein,no,TraesCS5B03G1352500.1,TraesCS5B03G1352500.1,TraesCS5B03G1352500.1,,1160,False,False,,TraesCS5B03G1352500.1,,0.86,0.3609,0.5499,0.00768245838668,1,0,1,2,0,2,0,0,0,,,"TraesCS5B03G1354700.1, TraesCS5B03G1355100.1"
1126,PXD004720,bread wheat,embryo,single,protein,no,TraesCS3B03G1107500.1,TraesCS3B03G1107500.1,TraesCS3B03G1107500.1,,444,False,False,,TraesCS3B03G1107500.1,,3.15,0.3597,0.5487,0.00768245838668,1,1,1,1,1,1,0,0,0,"1M(15.9949), 4C(57.0214), 7C(57.0214)",,
1127,PXD004720,bread wheat,embryo,single,protein,no,TraesCS7D03G1122400.1,TraesCS7D03G1122400.1,TraesCS7D03G1122400.1,,139,False,False,,TraesCS7D03G1122400.1,,11.51,0.3582,0.5471,0.00768245838668,1,1,1,1,1,1,0,0,0,,,
1128,PXD004720,bread wheat,embryo,single,protein,no,TraesCS2A03G0959500.1,TraesCS2A03G0959500.1,TraesCS2A03G0959500.1,,311,False,False,,TraesCS2A03G0959500.1,,3.22,0.356,0.5447,0.00768245838668,1,0,1,1,0,1,0,0,0,,,"TraesCS2B03G1061700.1, TraesCS2D03G0901400.1, TraesCS2D03G0901400.2"
1129,PXD004720,bread wheat,embryo,single,protein,no,TraesCS1B03G0580300LC.1,TraesCS1B03G0580300LC.1,TraesCS1B03G0580300LC.1,,251,False,False,,TraesCS1B03G0580300LC.1,,3.19,0.3549,0.5488,0.00768245838668,1,0,1,1,0,1,0,0,0,,,
1130,PXD004720,bread wheat,embryo,single,protein,no,TraesCS3A03G0117000LC.1,TraesCS3A03G0117000LC.1,TraesCS3A03G0117000LC.1,,100,False,False,,TraesCS3A03G0117000LC.1,,8.0,0.3541,0.5426,0.00768245838668,1,0,1,1,0,1,0,0,0,,,TraesCS3A03G0174800LC.1
1131,PXD004720,bread wheat,embryo,single,protein,no,TraesCS4B03G0798600.1,TraesCS4B03G0798600.1,TraesCS4B03G0798600.1,,363,False,False,,TraesCS4B03G0798600.1,,4.68,0.3496,0.5377,0.00768245838668,1,0,1,1,0,1,0,0,0,7M(15.9949),,"TraesCS4D03G0716300.1, TraesCS7D03G0283400.1"
1132,PXD004720,bread wheat,embryo,single,protein,no,TraesCS5A03G0276100LC.1,TraesCS5A03G0276100LC.1,TraesCS5A03G0276100LC.1,,188,False,False,,TraesCS5A03G0276100LC.1,,7.98,0.3461,0.5339,0.00768245838668,1,1,1,1,1,1,0,0,0,,,
1133,PXD004720,bread wheat,embryo,single,protein,no,TraesCS5B03G1120600LC.1,TraesCS5B03G1120600LC.1,TraesCS5B03G1120600LC.1,,358,False,False,,TraesCS5B03G1120600LC.1,,2.51,0.3458,0.5336,0.00768245838668,1,1,1,1,1,1,0,0,0,,,
1134,PXD004720,bread wheat,embryo,single,protein,no,TraesCS1A03G0550700.1,TraesCS1A03G0550700.1,TraesCS1A03G0550700.1,,1068,False,False,,TraesCS1A03G0550700.1,,1.59,0.3455,0.5332,0.00768245838668,1,0,1,1,0,1,0,0,0,,,TraesCS1B03G0641800.1
1135,PXD004720,bread wheat,embryo,single,protein,no,TraesCS4B03G0372100LC.1,TraesCS4B03G0372100LC.1,TraesCS4B03G0372100LC.1,,747,False,False,,TraesCS4B03G0372100LC.1,,1.61,0.3445,0.5321,0.00768245838668,1,1,1,1,1,1,0,0,0,"6C(57.0214), 8C(57.0214)",,
1136,PXD004720,bread wheat,embryo,single,protein,no,TraesCS3B03G1249200.1,TraesCS3B03G1249200.1,TraesCS3B03G1249200.1,,553,False,False,,TraesCS3B03G1249200.1,,3.25,0.3441,0.5317,0.00768245838668,2,0,1,2,0,1,0,0,0,,,TraesCS3D03G1003200.1
1137,PXD004720,bread wheat,embryo,single,protein,no,TraesCS3A03G1150300.1,TraesCS3A03G1150300.1,TraesCS3A03G1150300.1,,895,False,False,,TraesCS3A03G1150300.1,,1.01,0.3437,0.5313,0.00768245838668,1,1,1,1,1,1,0,0,0,3M(15.9949),,
1138,PXD004720,bread wheat,embryo,single,protein,no,TraesCS1B03G1195600.1,TraesCS1B03G1195600.1,TraesCS1B03G1195600.1,,597,False,False,,TraesCS1B03G1195600.1,,1.84,0.342,0.5294,0.00768245838668,1,1,1,1,1,1,0,0,0,,,
1139,PXD004720,bread wheat,embryo,single,protein,no,TraesCS2A03G0027500.1,TraesCS2A03G0027500.1,TraesCS2A03G0027500.1,,1167,False,False,,TraesCS2A03G0027500.1,,1.2,0.3398,0.5269,0.00768245838668,1,0,1,1,0,1,0,0,0,,,TraesCS2B03G0037000.1
1140,PXD004720,bread wheat,embryo,single,protein,no,TraesCS7B03G0143900LC.1,TraesCS7B03G0143900LC.1,TraesCS7B03G0143900LC.1,,116,False,False,,TraesCS7B03G0143900LC.1,,11.21,0.3398,0.5269,0.00768245838668,1,1,1,1,1,1,0,0,0,,,
1141,PXD004720,bread wheat,embryo,single,protein,no,TraesCS1A03G0712400.1,TraesCS1A03G0712400.1,TraesCS1A03G0712400.1,,313,False,False,,TraesCS1A03G0712400.1,,7.67,0.3346,0.5211,0.00768245838668,1,1,1,1,1,1,0,0,0,,,
1142,PXD004720,bread wheat,embryo,single,protein,no,TraesCS2A03G0338900.1,TraesCS2A03G0338900.1,TraesCS2A03G0338900.1,,1026,False,False,,TraesCS2A03G0338900.1,,1.95,0.3333,0.5197,0.00768245838668,1,0,1,1,0,1,0,0,0,,,"TraesCS2B03G0455700.1, TraesCS2D03G0355900.1, TraesCS2D03G0355900.2"
1143,PXD004720,bread wheat,embryo,single,protein,no,TraesCS3A03G0998000.1,TraesCS3A03G0998000.1,TraesCS3A03G0998000.1,,351,False,False,,TraesCS3A03G0998000.1,,4.27,0.331,0.5171,0.00768245838668,1,0,1,1,0,1,0,0,0,,,"TraesCS3B03G1148500.1, TraesCS3D03G0931600.1"
1144,PXD004720,bread wheat,embryo,single,protein,no,TraesCS5A03G1024900.1,TraesCS5A03G1024900.1,TraesCS5A03G1024900.1,,554,False,False,,TraesCS5A03G1024900.1,,2.89,0.3298,0.5157,0.00768245838668,1,0,1,1,0,1,0,0,0,,,"TraesCS5A03G1024900.2, TraesCS5B03G1076100.1, TraesCS5B03G1076100.2, TraesCS5D03G0969100.1, TraesCS5D03G0969100.2"
1145,PXD004720,bread wheat,embryo,single,protein,no,TraesCS3A03G1037400LC.1,TraesCS3A03G1037400LC.1,TraesCS3A03G1037400LC.1,,197,False,False,,TraesCS3A03G1037400LC.1,,6.09,0.3278,0.5135,0.00768245838668,1,1,1,1,1,1,0,0,0,,,
1146,PXD004720,bread wheat,embryo,single,protein,no,TraesCS4A03G0880000.1,TraesCS4A03G0880000.1,TraesCS4A03G0880000.1,,722,False,False,,TraesCS4A03G0880000.1,,2.08,0.3253,0.5106,0.00768245838668,1,0,1,1,0,1,0,0,0,,,"TraesCS4A03G0880000.2, TraesCS5B03G1253500.1, TraesCS5D03G1126000.1, TraesCS5D03G1126000.2"
1147,PXD004720,bread wheat,embryo,single,protein,no,TraesCS2B03G0739600LC.1,TraesCS2B03G0739600LC.1,TraesCS2B03G0739600LC.1,,394,False,False,,TraesCS2B03G0739600LC.1,,4.57,0.3249,0.5102,0.00768245838668,1,1,1,1,1,1,0,0,0,16M(15.9949),,
1148,PXD004720,bread wheat,embryo,single,protein,no,TraesCS3A03G0696500.1,TraesCS3A03G0696500.1,TraesCS3A03G0696500.1,,725,False,False,,TraesCS3A03G0696500.1,,1.52,0.3232,0.5082,0.00768245838668,1,0,1,1,0,1,0,0,0,,,"TraesCS3A03G0696500.2, TraesCS3A03G0696500.3, TraesCS3B03G0794500.1, TraesCS3B03G0794500.2, TraesCS3B03G0794500.3, TraesCS3B03G0794500.4, TraesCS3B03G0794500.5, TraesCS3D03G0637700.1, TraesCS3D03G0637700.2, TraesCS3D03G0638100.1, TraesCS3D03G0638100.2, TraesCS3D03G0638100.3"
1149,PXD004720,bread wheat,embryo,single,protein,no,TraesCS5A03G0054100.1,TraesCS5A03G0054100.1,TraesCS5A03G0054100.1,,555,False,False,,TraesCS5A03G0054100.1,,2.88,0.3232,0.5082,0.00768245838668,1,1,1,1,1,1,0,0,0,2M(15.9949),,
1150,PXD004720,bread wheat,embryo,single,protein,no,TraesCS4D03G0323300LC.1,TraesCS4D03G0323300LC.1,TraesCS4D03G0323300LC.1,,151,False,False,,TraesCS4D03G0323300LC.1,,11.26,0.3201,0.5047,0.00768245838668,1,0,1,1,0,1,0,0,0,,,TraesCS6A03G0011800LC.1
1151,PXD004720,bread wheat,embryo,single,protein,no,TraesCS1A03G0545500.1,TraesCS1A03G0545500.1,TraesCS1A03G0545500.1,,400,False,False,,TraesCS1A03G0545500.1,,2.5,0.3189,0.5033,0.00768245838668,1,0,1,1,0,1,0,0,0,,,"TraesCS1B03G0641300.1, TraesCS1D03G0525400.1"
1152,PXD004720,bread wheat,embryo,single,protein,no,TraesCS7B03G0986300.1,TraesCS7B03G0986300.1,TraesCS7B03G0986300.1,,153,False,False,,TraesCS7B03G0986300.1,,10.46,0.3188,0.5031,0.00768245838668,1,0,1,2,0,2,0,0,0,,,TraesCS7D03G1076600.1
1153,PXD004720,bread wheat,embryo,single,protein,no,TraesCS6A03G0725800.1,TraesCS6A03G0725800.1,TraesCS6A03G0725800.1,,976,False,False,,TraesCS6A03G0725800.1,,1.33,0.3149,0.4986,0.00768245838668,1,0,1,2,0,2,0,0,0,"10M(15.9949), 11M(15.9949)",,"TraesCS6B03G0859900.1, TraesCS6D03G0608600.1"
1154,PXD004720,bread wheat,embryo,single,protein,no,TraesCS7B03G0493200LC.1,TraesCS7B03G0493200LC.1,TraesCS7B03G0493200LC.1,,217,False,False,,TraesCS7B03G0493200LC.1,,4.15,0.3147,0.4984,0.00768245838668,1,1,1,1,1,1,0,0,0,,,
1155,PXD004720,bread wheat,embryo,single,protein,no,TraesCS5A03G0616900.1,TraesCS5A03G0616900.1,TraesCS5A03G0616900.1,,297,False,False,,TraesCS5A03G0616900.1,,3.7,0.3122,0.4955,0.00768245838668,1,0,1,1,0,1,0,0,0,,,"TraesCS5B03G0633700.1, TraesCS5D03G0583200.1"
1156,PXD004720,bread wheat,embryo,single,protein,no,TraesCS6A03G0199500.1,TraesCS6A03G0199500.1,TraesCS6A03G0199500.1,,337,False,False,,TraesCS6A03G0199500.1,,2.97,0.3109,0.494,0.00768245838668,1,0,1,1,0,1,0,0,0,5M(15.9949),,"TraesCS6A03G0199500.2, TraesCS6B03G0281300.1, TraesCS6B03G0281300.2"
1157,PXD004720,bread wheat,embryo,single,protein,no,TraesCS2A03G0238400.1,TraesCS2A03G0238400.1,TraesCS2A03G0238400.1,,231,False,False,,TraesCS2A03G0238400.1,,5.19,0.3107,0.4938,0.00768245838668,1,0,1,1,0,1,0,0,0,,,"TraesCS2A03G0238500.1, TraesCS2A03G0238600.1, TraesCS2D03G0249600.1"
1158,PXD004720,bread wheat,embryo,single,protein,no,TraesCS7B03G1005300LC.1,TraesCS7B03G1005300LC.1,TraesCS7B03G1005300LC.1,,194,False,False,,TraesCS7B03G1005300LC.1,,8.76,0.3101,0.4931,0.00768245838668,1,1,1,1,1,1,0,0,0,,,
1159,PXD004720,bread wheat,embryo,single,protein,no,TraesCS2D03G0972200LC.1,TraesCS2D03G0972200LC.1,TraesCS2D03G0972200LC.1,,307,False,False,,TraesCS2D03G0972200LC.1,,10.1,0.3093,0.4921,0.00768245838668,1,1,1,1,1,1,0,0,0,"10C(57.0214), 13C(57.0214), 15C(57.0214), 18C(57.0214), 20C(57.0214), 21C(57.0214), 26M(15.9949)",,
1160,PXD004720,bread wheat,embryo,single,protein,no,TraesCS1B03G0821300.1,TraesCS1B03G0821300.1,TraesCS1B03G0821300.1,,683,False,False,,TraesCS1B03G0821300.1,,1.17,0.3087,0.4914,0.00768245838668,1,1,1,1,1,1,0,0,0,,,
1161,PXD004720,bread wheat,embryo,single,protein,no,TraesCS6A03G0671300.1,TraesCS6A03G0671300.1,TraesCS6A03G0671300.1,,2861,False,False,,TraesCS6A03G0671300.1,,0.38,0.3077,0.4903,0.00768245838668,1,0,1,1,0,1,0,0,0,,,"TraesCS6A03G0671300.2, TraesCS6B03G0804100.1, TraesCS6B03G0804100.2, TraesCS6D03G0561400.1, TraesCS6D03G0561400.2"
1162,PXD004720,bread wheat,embryo,single,protein,no,TraesCS3A03G0800300LC.1,TraesCS3A03G0800300LC.1,TraesCS3A03G0800300LC.1,,164,False,False,,TraesCS3A03G0800300LC.1,,6.71,0.3071,0.4895,0.00768245838668,1,1,1,1,1,1,0,0,0,,,
1163,PXD004720,bread wheat,embryo,single,protein,no,TraesCS2A03G1092000LC.1,TraesCS2A03G1092000LC.1,TraesCS2A03G1092000LC.1,,1300,False,False,,TraesCS2A03G1092000LC.1,,0.69,0.3037,0.4855,0.00768245838668,1,0,1,1,0,1,0,0,0,,,"TraesCS6A03G0427200LC.1, TraesCS7A03G1272400LC.1"
1164,PXD004720,bread wheat,embryo,single,protein,no,TraesCS5A03G1124100LC.1,TraesCS5A03G1124100LC.1,TraesCS5A03G1124100LC.1,,162,False,False,,TraesCS5A03G1124100LC.1,,9.26,0.3034,0.4852,0.00768245838668,1,1,1,1,1,1,0,0,0,,,
1165,PXD004720,bread wheat,embryo,single,protein,no,TraesCS5A03G0474200.1,TraesCS5A03G0474200.1,TraesCS5A03G0474200.1,,178,False,False,,TraesCS5A03G0474200.1,,4.49,0.3031,0.4848,0.00768245838668,1,0,1,1,0,1,0,0,0,,,"TraesCS5A03G0474200.2, TraesCS5B03G0470500.1, TraesCS5D03G0438100.1, TraesCS5D03G0438100.2"
1166,PXD004720,bread wheat,embryo,single,protein,no,TraesCS4D03G0491100.1,TraesCS4D03G0491100.1,TraesCS4D03G0491100.1,,763,False,False,,TraesCS4D03G0491100.1,,1.05,0.3025,0.4841,0.00768245838668,1,0,1,1,0,1,0,0,0,,,TraesCS4D03G0491100.2
1167,PXD004720,bread wheat,embryo,single,protein,no,TraesCS6B03G0571800.1,TraesCS6B03G0571800.1,TraesCS6B03G0571800.1,,939,False,False,,TraesCS6B03G0571800.1,,2.24,0.3024,0.484,0.00768245838668,1,1,1,1,1,1,0,0,0,,,
1168,PXD004720,bread wheat,embryo,single,protein,no,TraesCS3B03G0180800.1,TraesCS3B03G0180800.1,TraesCS3B03G0180800.1,,312,False,False,,TraesCS3B03G0180800.1,,2.24,0.3019,0.4891,0.00768245838668,1,0,1,2,0,2,0,0,0,,,
1169,PXD004720,bread wheat,embryo,single,protein,no,TraesCS3D03G0105400.1,TraesCS3D03G0105400.1,TraesCS3D03G0105400.1,,949,False,False,,TraesCS3D03G0105400.1,,3.58,0.3005,0.4817,0.00768245838668,1,1,1,1,1,1,0,0,0,,,
1170,PXD004720,bread wheat,embryo,single,protein,no,TraesCS6A03G0589900.1,TraesCS6A03G0589900.1,TraesCS6A03G0589900.1,,613,False,False,,TraesCS6A03G0589900.1,,4.4,0.3004,0.4816,0.00768245838668,1,0,1,1,0,1,0,0,0,"12C(57.0214), 17C(57.0214), 19M(15.9949), 23M(15.9949)",,"TraesCS6B03G0718800.1, TraesCS6D03G0489900.1"
1171,PXD004720,bread wheat,embryo,single,protein,no,TraesCS1B03G0376700.1,TraesCS1B03G0376700.1,TraesCS1B03G0376700.1,,291,False,False,,TraesCS1B03G0376700.1,,3.44,0.2993,0.4803,0.00768245838668,1,1,1,1,1,1,0,0,0,,,
1172,PXD004720,bread wheat,embryo,single,protein,no,TraesCS3A03G0018000.1,TraesCS3A03G0018000.1,TraesCS3A03G0018000.1,,942,False,False,,TraesCS3A03G0018000.1,,1.06,0.2989,0.4798,0.00768245838668,1,1,1,1,1,1,0,0,0,,,
1173,PXD004720,bread wheat,embryo,single,protein,no,TraesCS3A03G0671300.1,TraesCS3A03G0671300.1,TraesCS3A03G0671300.1,,689,False,False,,TraesCS3A03G0671300.1,,1.16,0.2972,0.4778,0.00768245838668,1,0,1,1,0,1,0,0,0,,,"TraesCS3B03G0767200.1, TraesCS3B03G0767200.2, TraesCS3D03G0613500.1, TraesCS3D03G0613500.2"
1174,PXD004720,bread wheat,embryo,single,protein,no,TraesCS1B03G0565900LC.1,TraesCS1B03G0565900LC.1,TraesCS1B03G0565900LC.1,,281,False,False,,TraesCS1B03G0565900LC.1,,2.49,0.2965,0.4827,0.00768245838668,1,0,1,1,0,1,0,0,0,N-term(42.0106),,
1175,PXD004720,bread wheat,embryo,single,protein,no,TraesCS3A03G0833200.1,TraesCS3A03G0833200.1,TraesCS3A03G0833200.1,,329,False,False,,TraesCS3A03G0833200.1,,3.04,0.2949,0.4751,0.00768245838668,1,0,1,1,0,1,0,0,0,N-term(42.0106),,"TraesCS3B03G0955000.1, TraesCS3D03G0765100.1"
1176,PXD004720,bread wheat,embryo,single,protein,no,TraesCS1A03G0297300.1,TraesCS1A03G0297300.1,TraesCS1A03G0297300.1,,706,False,False,,TraesCS1A03G0297300.1,,1.27,0.291,0.4704,0.00768245838668,1,0,1,1,0,1,0,0,0,,,"TraesCS1B03G0383500.1, TraesCS1B03G0383500.2, TraesCS1B03G0383500.3, TraesCS1D03G0289200.1, TraesCS1D03G0289200.2"
1177,PXD004720,bread wheat,embryo,single,protein,no,TraesCS1B03G0073400.1,TraesCS1B03G0073400.1,TraesCS1B03G0073400.1,,563,False,False,,TraesCS1B03G0073400.1,,1.78,0.2891,0.4681,0.00768245838668,1,1,1,1,1,1,0,0,0,,,
1178,PXD004720,bread wheat,embryo,single,protein,no,TraesCS3A03G0432900LC.1,TraesCS3A03G0432900LC.1,TraesCS3A03G0432900LC.1,,166,False,False,,TraesCS3A03G0432900LC.1,,4.82,0.288,0.4667,0.00768245838668,1,0,1,2,0,2,0,0,0,,,TraesCS3D03G0404400LC.1
1179,PXD004720,bread wheat,embryo,single,protein,no,TraesCS5B03G0996400LC.1,TraesCS5B03G0996400LC.1,TraesCS5B03G0996400LC.1,,194,False,False,,TraesCS5B03G0996400LC.1,,6.7,0.2872,0.4657,0.00768245838668,1,1,1,1,1,1,0,0,0,,,
1180,PXD004720,bread wheat,embryo,single,protein,no,TraesCS4B03G0293900LC.1,TraesCS4B03G0293900LC.1,TraesCS4B03G0293900LC.1,,120,False,False,,TraesCS4B03G0293900LC.1,,10.0,0.285,0.4631,0.00768245838668,1,1,1,1,1,1,0,0,0,,,
1181,PXD004720,bread wheat,embryo,single,protein,no,TraesCS5A03G0617100.1,TraesCS5A03G0617100.1,TraesCS5A03G0617100.1,,445,False,False,,TraesCS5A03G0617100.1,,4.04,0.2844,0.4623,0.00768245838668,1,0,1,1,0,1,0,0,0,,,TraesCS5B03G0633600.1
1182,PXD004720,bread wheat,embryo,single,protein,no,TraesCS1A03G1046900.2,TraesCS1A03G1046900.2,TraesCS1A03G1046900.2,,703,False,False,,TraesCS1A03G1046900.2,,1.56,0.2832,0.4608,0.00768245838668,1,0,1,1,0,1,0,0,0,,,"TraesCS1A03G1046900.3, TraesCS1D03G1009200.1"
1183,PXD004720,bread wheat,embryo,single,protein,no,TraesCS2B03G1379200LC.1,TraesCS2B03G1379200LC.1,TraesCS2B03G1379200LC.1,,181,False,False,,TraesCS2B03G1379200LC.1,,4.42,0.2822,0.4596,0.00768245838668,1,1,1,2,2,2,0,0,0,,,
1184,PXD004720,bread wheat,embryo,single,protein,no,TraesCS7D03G1234500.1,TraesCS7D03G1234500.1,TraesCS7D03G1234500.1,,243,False,False,,TraesCS7D03G1234500.1,,6.17,0.2818,0.4591,0.00768245838668,1,0,1,1,0,1,0,0,0,,,TraesCS7D03G1234500.2
1185,PXD004720,bread wheat,embryo,single,protein,no,TraesCS1A03G0188900LC.1,TraesCS1A03G0188900LC.1,TraesCS1A03G0188900LC.1,,905,False,False,,TraesCS1A03G0188900LC.1,,1.66,0.2786,0.4552,0.00768245838668,1,1,1,1,1,1,0,0,0,,,
1186,PXD004720,bread wheat,embryo,single,protein,no,TraesCS3B03G0846100.1,TraesCS3B03G0846100.1,TraesCS3B03G0846100.1,,588,False,False,,TraesCS3B03G0846100.1,,2.89,0.2768,0.453,0.00768245838668,1,1,1,1,1,1,0,0,0,,,
1187,PXD004720,bread wheat,embryo,single,protein,no,TraesCS7A03G0920200.1,TraesCS7A03G0920200.1,TraesCS7A03G0920200.1,,399,False,False,,TraesCS7A03G0920200.1,,3.01,0.2766,0.4527,0.00768245838668,1,0,1,1,0,1,0,0,0,,,"TraesCS7B03G0764100.1, TraesCS7B03G0764100.2, TraesCS7D03G0882500.1"
1188,PXD004720,bread wheat,embryo,single,protein,no,TraesCS2B03G1299700.1,TraesCS2B03G1299700.1,TraesCS2B03G1299700.1,,518,False,False,,TraesCS2B03G1299700.1,,3.09,0.2756,0.4515,0.00768245838668,1,0,1,1,0,1,0,0,0,,,TraesCS2D03G1093800.1
1189,PXD004720,bread wheat,embryo,single,protein,no,TraesCS2A03G0507000.2,TraesCS2A03G0507000.2,TraesCS2A03G0507000.2,,739,False,False,,TraesCS2A03G0507000.2,,1.49,0.2747,0.4504,0.00768245838668,1,0,1,1,0,1,0,0,0,,,"TraesCS2D03G0495700.1, TraesCS2D03G0495700.2, TraesCS2D03G0495700.3"
1190,PXD004720,bread wheat,embryo,single,protein,no,TraesCS2A03G0399600.1,TraesCS2A03G0399600.1,TraesCS2A03G0399600.1,,629,False,False,,TraesCS2A03G0399600.1,,2.23,0.2733,0.4487,0.00768245838668,1,0,1,1,0,1,0,0,0,,,"TraesCS2B03G0517200.1, TraesCS2B03G0517200.2, TraesCS2B03G0517200.3, TraesCS2D03G0407500.1"
1191,PXD004720,bread wheat,embryo,single,protein,no,TraesCS5A03G0201800LC.1,TraesCS5A03G0201800LC.1,TraesCS5A03G0201800LC.1,,224,False,False,,TraesCS5A03G0201800LC.1,,3.57,0.2725,0.4477,0.00768245838668,1,1,1,1,1,1,0,0,0,,,
1192,PXD004720,bread wheat,embryo,single,protein,no,TraesCS5D03G0196400.1,TraesCS5D03G0196400.1,TraesCS5D03G0196400.1,,488,False,False,,TraesCS5D03G0196400.1,,2.05,0.2695,0.444,0.00768245838668,1,0,1,1,0,1,0,0,0,,,"TraesCS5D03G0196400.2, TraesCS5D03G0196400.3, TraesCS5D03G0196400.4, TraesCS5D03G0196400.5"
1193,PXD004720,bread wheat,embryo,single,protein,no,TraesCS1D03G0413000.1,TraesCS1D03G0413000.1,TraesCS1D03G0413000.1,,1191,False,False,,TraesCS1D03G0413000.1,,1.6,0.2679,0.4419,0.00768245838668,1,1,1,1,1,1,0,0,0,,,
1194,PXD004720,bread wheat,embryo,single,protein,no,TraesCS7A03G0779200.1,TraesCS7A03G0779200.1,TraesCS7A03G0779200.1,,151,False,False,,TraesCS7A03G0779200.1,,7.28,0.2644,0.4375,0.00768245838668,1,0,1,1,0,1,0,0,0,,,"TraesCS7A03G0780600.1, TraesCS7B03G0614200.1, TraesCS7B03G0614400.1, TraesCS7D03G0746000.1, TraesCS7D03G0746100.1"
1195,PXD004720,bread wheat,embryo,single,protein,no,TraesCS3D03G1127200LC.1,TraesCS3D03G1127200LC.1,TraesCS3D03G1127200LC.1,,165,False,False,,TraesCS3D03G1127200LC.1,,9.09,0.2639,0.4369,0.00768245838668,1,1,1,2,2,2,0,0,0,,,
1196,PXD004720,bread wheat,embryo,single,protein,no,TraesCS7B03G1120700LC.1,TraesCS7B03G1120700LC.1,TraesCS7B03G1120700LC.1,,196,False,False,,TraesCS7B03G1120700LC.1,,7.14,0.2632,0.436,0.00768245838668,1,1,1,1,1,1,0,0,0,"6C(57.0214), 7M(15.9949)",,
1197,PXD004720,bread wheat,embryo,single,protein,no,TraesCS3B03G1075300.1,TraesCS3B03G1075300.1,TraesCS3B03G1075300.1,,338,False,False,,TraesCS3B03G1075300.1,,2.07,0.2621,0.4346,0.00768245838668,1,0,1,1,0,1,0,0,0,,,"TraesCS7A03G0916800.1, TraesCS7B03G0760700.1, TraesCS7D03G0879600.1"
1198,PXD004720,bread wheat,embryo,single,protein,no,TraesCS4A03G0920100.1,TraesCS4A03G0920100.1,TraesCS4A03G0920100.1,,872,False,False,,TraesCS4A03G0920100.1,,1.03,0.2619,0.4344,0.00768245838668,1,1,1,1,1,1,0,0,0,,,
1199,PXD004720,bread wheat,embryo,single,protein,no,TraesCS5B03G1122700.1,TraesCS5B03G1122700.1,TraesCS5B03G1122700.1,,558,False,False,,TraesCS5B03G1122700.1,,2.33,0.2619,0.4344,0.00768245838668,1,1,1,1,1,1,0,0,0,,,
1200,PXD004720,bread wheat,embryo,single,protein,no,TraesCS3B03G1174600.1,TraesCS3B03G1174600.1,TraesCS3B03G1174600.1,,142,False,False,,TraesCS3B03G1174600.1,,8.45,0.2612,0.4335,0.00768245838668,1,0,1,1,0,1,0,0,0,,,"TraesCS3B03G1174600.2, TraesCS3B03G1174600.3"
1201,PXD004720,bread wheat,embryo,single,protein,no,TraesCS5A03G0211900.1,TraesCS5A03G0211900.1,TraesCS5A03G0211900.1,,414,False,False,,TraesCS5A03G0211900.1,,3.14,0.2594,0.4312,0.00768245838668,1,1,1,2,2,2,0,0,0,,,
1202,PXD004720,bread wheat,embryo,single,protein,no,TraesCS5A03G0721100LC.1,TraesCS5A03G0721100LC.1,TraesCS5A03G0721100LC.1,,916,False,False,,TraesCS5A03G0721100LC.1,,1.2,0.259,0.4307,0.00768245838668,1,1,1,2,2,2,0,0,0,,,
1203,PXD004720,bread wheat,embryo,single,protein,no,TraesCS1A03G0627800.1,TraesCS1A03G0627800.1,TraesCS1A03G0627800.1,,179,False,False,,TraesCS1A03G0627800.1,,7.26,0.2579,0.4293,0.00768245838668,1,0,1,1,0,1,0,0,0,,,"TraesCS1B03G0716800.2, TraesCS1D03G0589100.1"
1204,PXD004720,bread wheat,embryo,single,protein,no,TraesCS3A03G0237700.1,TraesCS3A03G0237700.1,TraesCS3A03G0237700.1,,698,False,False,,TraesCS3A03G0237700.1,,2.15,0.2571,0.4282,0.00768245838668,1,0,1,1,0,1,0,0,0,,,"TraesCS3A03G0237700.2, TraesCS3B03G0304400.1, TraesCS3B03G0304400.2, TraesCS3D03G0229400.1, TraesCS3D03G0229400.2"
1205,PXD004720,bread wheat,embryo,single,protein,no,TraesCS4A03G0312900LC.1,TraesCS4A03G0312900LC.1,TraesCS4A03G0312900LC.1,,426,False,False,,TraesCS4A03G0312900LC.1,,2.58,0.2565,0.4275,0.00768245838668,1,1,1,1,1,1,0,0,0,,,
1206,PXD004720,bread wheat,embryo,single,protein,no,TraesCS1B03G0871400.1,TraesCS1B03G0871400.1,TraesCS1B03G0871400.1,,598,False,False,,TraesCS1B03G0871400.1,,2.34,0.2556,0.4263,0.00768245838668,1,0,1,2,0,2,0,0,0,,,TraesCS1D03G0729700LC.1
1207,PXD004720,bread wheat,embryo,single,protein,no,TraesCS7A03G0491100.1,TraesCS7A03G0491100.1,TraesCS7A03G0491100.1,,471,False,False,,TraesCS7A03G0491100.1,,2.55,0.2555,0.4262,0.00768245838668,1,1,1,1,1,1,0,0,0,,,
1208,PXD004720,bread wheat,embryo,single,protein,no,TraesCS2A03G0591300LC.1,TraesCS2A03G0591300LC.1,TraesCS2A03G0591300LC.1,,347,False,False,,TraesCS2A03G0591300LC.1,,3.17,0.2554,0.426,0.00768245838668,1,1,1,1,1,1,0,0,0,,,
1209,PXD004720,bread wheat,embryo,single,protein,no,TraesCS6A03G0401900.1,TraesCS6A03G0401900.1,TraesCS6A03G0401900.1,,327,False,False,,TraesCS6A03G0401900.1,,2.45,0.2537,0.4238,0.00768245838668,1,0,1,1,0,1,0,0,0,,,"TraesCS6B03G0482300.1, TraesCS6D03G0332600.1, TraesCS7A03G0920600.1, TraesCS7B03G0764400.1, TraesCS7B03G0764400.2, TraesCS7D03G0882800.1"
1210,PXD004720,bread wheat,embryo,single,protein,no,TraesCS7B03G0546000.1,TraesCS7B03G0546000.1,TraesCS7B03G0546000.1,,431,False,False,,TraesCS7B03G0546000.1,,2.09,0.2525,0.4223,0.00768245838668,1,0,1,1,0,1,0,0,0,,,TraesCS7B03G0546000.2
1211,PXD004720,bread wheat,embryo,single,protein,no,TraesCS4B03G0603400LC.1,TraesCS4B03G0603400LC.1,TraesCS4B03G0603400LC.1,,129,False,False,,TraesCS4B03G0603400LC.1,,25.58,0.2523,0.4221,0.00768245838668,1,1,1,1,1,1,0,0,0,,,
1212,PXD004720,bread wheat,embryo,single,protein,no,TraesCS6A03G0269800.1,TraesCS6A03G0269800.1,TraesCS6A03G0269800.1,,161,False,False,,TraesCS6A03G0269800.1,,11.8,0.2521,0.4218,0.00768245838668,1,1,1,1,1,1,0,0,0,,,
1213,PXD004720,bread wheat,embryo,single,protein,no,TraesCS5B03G0288100LC.1,TraesCS5B03G0288100LC.1,TraesCS5B03G0288100LC.1,,1055,False,False,,TraesCS5B03G0288100LC.1,,2.27,0.2517,0.4213,0.00768245838668,1,1,1,2,2,2,0,0,0,,,
1214,PXD004720,bread wheat,embryo,single,protein,no,TraesCS2D03G0450600LC.1,TraesCS2D03G0450600LC.1,TraesCS2D03G0450600LC.1,,1947,False,False,,TraesCS2D03G0450600LC.1,,0.46,0.2483,0.4168,0.00768245838668,1,1,1,1,1,1,0,0,0,5M(15.9949),,
1215,PXD004720,bread wheat,embryo,single,protein,no,TraesCS4A03G0741200.1,TraesCS4A03G0741200.1,TraesCS4A03G0741200.1,,114,False,False,,TraesCS4A03G0741200.1,,10.53,0.2477,0.4161,0.00768245838668,1,1,1,1,1,1,0,0,0,,,
1216,PXD004720,bread wheat,embryo,single,protein,no,TraesCS7D03G0677300LC.1,TraesCS7D03G0677300LC.1,TraesCS7D03G0677300LC.1,,133,False,False,,TraesCS7D03G0677300LC.1,,9.02,0.2467,0.4148,0.00768245838668,1,1,1,1,1,1,0,0,0,,,
1217,PXD004720,bread wheat,embryo,single,protein,no,TraesCS1A03G0779900.1,TraesCS1A03G0779900.1,TraesCS1A03G0779900.1,,1249,False,False,,TraesCS1A03G0779900.1,,0.56,0.246,0.4139,0.00768245838668,1,0,1,1,0,1,0,0,0,,,"TraesCS1B03G0895100.1, TraesCS1D03G0747100.1, TraesCS1D03G0747100.2"
1218,PXD004720,bread wheat,embryo,single,protein,no,TraesCS1B03G0306400LC.1,TraesCS1B03G0306400LC.1,TraesCS1B03G0306400LC.1,,131,False,False,,TraesCS1B03G0306400LC.1,,8.4,0.2456,0.4208,0.00768245838668,1,0,1,1,0,1,0,0,0,"7C(57.0214), N-term(42.0106)",,TraesCS3A03G1228000LC.1
1219,PXD004720,bread wheat,embryo,single,protein,no,TraesCS6A03G0175700.1,TraesCS6A03G0175700.1,TraesCS6A03G0175700.1,,112,False,False,,TraesCS6A03G0175700.1,,8.93,0.2418,0.4083,0.00768245838668,1,0,1,1,0,1,0,0,0,,,"TraesCS6A03G0175700.2, TraesCS6A03G0175700.3, TraesCS6A03G0175700.4"
1220,PXD004720,bread wheat,embryo,single,protein,no,TraesCS5B03G1148700LC.1,TraesCS5B03G1148700LC.1,TraesCS5B03G1148700LC.1,,377,False,False,,TraesCS5B03G1148700LC.1,,3.71,0.2409,0.4072,0.00768245838668,1,1,1,1,1,1,0,0,0,8C(57.0214),,
1221,PXD004720,bread wheat,embryo,single,protein,no,TraesCS1D03G0073100.1,TraesCS1D03G0073100.1,TraesCS1D03G0073100.1,,59,False,False,,TraesCS1D03G0073100.1,,23.73,0.2407,0.4069,0.00768245838668,1,1,1,1,1,1,0,0,0,1M(15.9949),,
1222,PXD004720,bread wheat,embryo,single,protein,no,TraesCS4A03G0697300.1,TraesCS4A03G0697300.1,TraesCS4A03G0697300.1,,695,False,False,,TraesCS4A03G0697300.1,,1.44,0.2406,0.4067,0.00768245838668,1,0,1,2,0,2,0,0,0,,,"TraesCS4B03G0098200.1, TraesCS4B03G0098200.2, TraesCS4D03G0082700.1, TraesCS4D03G0082700.2"
1223,PXD004720,bread wheat,embryo,single,protein,no,TraesCS5A03G0507400.1,TraesCS5A03G0507400.1,TraesCS5A03G0507400.1,,283,False,False,,TraesCS5A03G0507400.1,,3.18,0.2406,0.4067,0.00768245838668,1,0,1,1,0,1,0,0,0,,,"TraesCS5B03G0513100.1, TraesCS5D03G0473600.1"
1224,PXD004720,bread wheat,embryo,single,protein,no,TraesCS7D03G1252800.1,TraesCS7D03G1252800.1,TraesCS7D03G1252800.1,,318,False,False,,TraesCS7D03G1252800.1,,4.72,0.2406,0.4067,0.00768245838668,1,1,1,1,1,1,0,0,0,,,
1225,PXD004720,bread wheat,embryo,single,protein,no,TraesCS4A03G0574000LC.1,TraesCS4A03G0574000LC.1,TraesCS4A03G0574000LC.1,,477,False,False,,TraesCS4A03G0574000LC.1,,2.31,0.2391,0.4048,0.00768245838668,1,0,1,1,0,1,0,0,0,,,"TraesCS4B03G0215600.1, TraesCS4D03G0179100.1"
1226,PXD004720,bread wheat,embryo,single,protein,no,TraesCS7A03G0254100.1,TraesCS7A03G0254100.1,TraesCS7A03G0254100.1,,131,False,False,,TraesCS7A03G0254100.1,,6.87,0.238,0.4033,0.00768245838668,1,0,1,1,0,1,0,0,0,,,"TraesCS7B03G0013700LC.1, TraesCS7D03G0231700.1"
1227,PXD004720,bread wheat,embryo,single,protein,no,TraesCS4A03G0014400.1,TraesCS4A03G0014400.1,TraesCS4A03G0014400.1,,246,False,False,,TraesCS4A03G0014400.1,,7.32,0.2374,0.4025,0.00768245838668,1,0,1,1,0,1,0,0,0,,,"TraesCS4B03G0779500LC.1, TraesCS4D03G0699400.1"
1228,PXD004720,bread wheat,embryo,single,protein,no,TraesCS6A03G0793900LC.1,TraesCS6A03G0793900LC.1,TraesCS6A03G0793900LC.1,,110,False,False,,TraesCS6A03G0793900LC.1,,13.64,0.2372,0.4022,0.00768245838668,1,1,1,2,2,2,0,0,0,,,
1229,PXD004720,bread wheat,embryo,single,protein,no,TraesCS7D03G0401900.1,TraesCS7D03G0401900.1,TraesCS7D03G0401900.1,,153,False,False,,TraesCS7D03G0401900.1,,5.88,0.237,0.402,0.00768245838668,1,1,1,1,1,1,0,0,0,,,
1230,PXD004720,bread wheat,embryo,single,protein,no,TraesCS4B03G0400800.1,TraesCS4B03G0400800.1,TraesCS4B03G0400800.1,,206,False,False,,TraesCS4B03G0400800.1,,15.53,0.2369,0.4018,0.00768245838668,1,0,1,1,0,1,0,0,0,"16M(15.9949), 7M(15.9949)",,TraesCS4B03G0400800.2
1231,PXD004720,bread wheat,embryo,single,protein,no,TraesCS3A03G0980000.1,TraesCS3A03G0980000.1,TraesCS3A03G0980000.1,,494,False,False,,TraesCS3A03G0980000.1,,2.23,0.2353,0.3997,0.00768245838668,1,0,1,1,0,1,0,0,0,,,TraesCS3D03G0915600.1
1232,PXD004720,bread wheat,embryo,single,protein,no,TraesCS6D03G0595200.1,TraesCS6D03G0595200.1,TraesCS6D03G0595200.1,,190,False,False,,TraesCS6D03G0595200.1,,10.0,0.2353,0.3997,0.00768245838668,1,1,1,1,1,1,0,0,0,,,
1233,PXD004720,bread wheat,embryo,single,protein,no,TraesCS4D03G0599500LC.1,TraesCS4D03G0599500LC.1,TraesCS4D03G0599500LC.1,,438,False,False,,TraesCS4D03G0599500LC.1,,2.74,0.2322,0.3956,0.00768245838668,1,1,1,1,1,1,0,0,0,,,
1234,PXD004720,bread wheat,embryo,single,protein,no,TraesCS6A03G0826800.1,TraesCS6A03G0826800.1,TraesCS6A03G0826800.1,,822,False,False,,TraesCS6A03G0826800.1,,2.68,0.2322,0.3956,0.00768245838668,1,0,1,1,0,1,0,0,0,,,"TraesCS6B03G0980700.1, TraesCS6D03G0700200.1"
1235,PXD004720,bread wheat,embryo,single,protein,no,TraesCS5B03G0453400LC.1,TraesCS5B03G0453400LC.1,TraesCS5B03G0453400LC.1,,390,False,False,,TraesCS5B03G0453400LC.1,,2.31,0.2312,0.3942,0.00768245838668,1,0,1,2,0,2,0,0,0,,,TraesCS5B03G0453400LC.2
1236,PXD004720,bread wheat,embryo,single,protein,no,TraesCS6A03G0919500.1,TraesCS6A03G0919500.1,TraesCS6A03G0919500.1,,517,False,False,,TraesCS6A03G0919500.1,,1.35,0.2311,0.4006,0.00768245838668,1,0,1,1,0,1,0,0,0,,,
1237,PXD004720,bread wheat,embryo,single,protein,no,TraesCS1A03G0108800.1,TraesCS1A03G0108800.1,TraesCS1A03G0108800.1,,104,False,False,,TraesCS1A03G0108800.1,,15.38,0.2306,0.3934,0.00768245838668,1,1,1,1,1,1,0,0,0,14M(15.9949),,
1238,PXD004720,bread wheat,embryo,single,protein,no,TraesCS6D03G0516700LC.1,TraesCS6D03G0516700LC.1,TraesCS6D03G0516700LC.1,,121,False,False,,TraesCS6D03G0516700LC.1,,10.74,0.2303,0.393,0.00768245838668,1,1,1,1,1,1,0,0,0,,,
1239,PXD004720,bread wheat,embryo,single,protein,no,TraesCS2B03G1209200.1,TraesCS2B03G1209200.1,TraesCS2B03G1209200.1,,381,False,False,,TraesCS2B03G1209200.1,,3.67,0.2293,0.3916,0.00768245838668,1,1,1,1,1,1,0,0,0,,,
1240,PXD004720,bread wheat,embryo,single,protein,no,TraesCS2D03G0050600LC.1,TraesCS2D03G0050600LC.1,TraesCS2D03G0050600LC.1,,173,False,False,,TraesCS2D03G0050600LC.1,,6.94,0.2292,0.3915,0.00768245838668,1,1,1,1,1,1,0,0,0,,,
1241,PXD004720,bread wheat,embryo,single,protein,no,TraesCS5D03G0456700LC.1,TraesCS5D03G0456700LC.1,TraesCS5D03G0456700LC.1,,149,False,False,,TraesCS5D03G0456700LC.1,,8.72,0.2289,0.3911,0.00768245838668,1,1,1,1,1,1,0,0,0,5C(57.0214),,
1242,PXD004720,bread wheat,embryo,single,protein,no,TraesCS7B03G0633000LC.1,TraesCS7B03G0633000LC.1,TraesCS7B03G0633000LC.1,,369,False,False,,TraesCS7B03G0633000LC.1,,2.44,0.2287,0.3974,0.00768245838668,1,0,1,2,0,2,0,0,0,,,
1243,PXD004720,bread wheat,embryo,single,protein,no,TraesCS1A03G0511000.1,TraesCS1A03G0511000.1,TraesCS1A03G0511000.1,,534,False,False,,TraesCS1A03G0511000.1,,2.81,0.2285,0.3905,0.00768245838668,1,0,1,1,0,1,0,0,0,,,"TraesCS1B03G0599800.1, TraesCS1B03G0599800.2, TraesCS1D03G0497300.1"
1244,PXD004720,bread wheat,embryo,single,protein,no,TraesCS6D03G0429300LC.1,TraesCS6D03G0429300LC.1,TraesCS6D03G0429300LC.1,,294,False,False,,TraesCS6D03G0429300LC.1,,5.44,0.2282,0.3902,0.00768245838668,1,1,1,1,1,1,0,0,0,,,
1245,PXD004720,bread wheat,embryo,single,protein,no,TraesCS6A03G0083000.1,TraesCS6A03G0083000.1,TraesCS6A03G0083000.1,,1080,False,False,,TraesCS6A03G0083000.1,,1.02,0.228,0.3899,0.00768245838668,1,1,1,1,1,1,0,0,0,,,
1246,PXD004720,bread wheat,embryo,single,protein,no,TraesCS3A03G0830900.1,TraesCS3A03G0830900.1,TraesCS3A03G0830900.1,,603,False,False,,TraesCS3A03G0830900.1,,1.82,0.2276,0.3893,0.00768245838668,1,0,1,4,0,4,0,0,0,,,"TraesCS3A03G0830900.2, TraesCS3A03G0830900.3, TraesCS3A03G0830900.4, TraesCS3B03G0952200.1, TraesCS3B03G0952200.2, TraesCS3B03G0952200.3, TraesCS3B03G0952200.4, TraesCS3B03G0952200.6, TraesCS3D03G0762000.1, TraesCS3D03G0762000.2, TraesCS3D03G0762000.3, TraesCS3D03G0762000.4"
1247,PXD004720,bread wheat,embryo,single,protein,no,TraesCS3A03G0862900.1,TraesCS3A03G0862900.1,TraesCS3A03G0862900.1,,328,False,False,,TraesCS3A03G0862900.1,,3.05,0.2266,0.388,0.00768245838668,1,0,1,1,0,1,0,0,0,,,"TraesCS3A03G0862900.2, TraesCS3A03G0862900.3, TraesCS3A03G0862900.4, TraesCS3A03G0862900.5, TraesCS3B03G0986700.1, TraesCS3B03G0986700.2, TraesCS3B03G0986700.3, TraesCS3B03G0986700.4, TraesCS3D03G0791200.1, TraesCS3D03G0791200.2, TraesCS3D03G0791200.3, TraesCS3D03G0791200.4"
1248,PXD004720,bread wheat,embryo,single,protein,no,TraesCS1B03G0574400.1,TraesCS1B03G0574400.1,TraesCS1B03G0574400.1,,235,False,False,,TraesCS1B03G0574400.1,,8.51,0.2259,0.3871,0.00768245838668,1,0,1,1,0,1,0,0,0,,,TraesCS1D03G0485900.1
1249,PXD004720,bread wheat,embryo,single,protein,no,TraesCS7D03G0163800LC.1,TraesCS7D03G0163800LC.1,TraesCS7D03G0163800LC.1,,666,False,False,,TraesCS7D03G0163800LC.1,,1.65,0.2249,0.3857,0.00768245838668,1,1,1,1,1,1,0,0,0,,,
1250,PXD004720,bread wheat,embryo,single,protein,no,TraesCS2D03G1007600LC.1,TraesCS2D03G1007600LC.1,TraesCS2D03G1007600LC.1,,303,False,False,,TraesCS2D03G1007600LC.1,,2.97,0.2243,0.3848,0.00768245838668,1,1,1,1,1,1,0,0,0,,,
1251,PXD004720,bread wheat,embryo,single,protein,no,TraesCS1B03G1104000.1,TraesCS1B03G1104000.1,TraesCS1B03G1104000.1,,276,False,False,,TraesCS1B03G1104000.1,,6.16,0.2233,0.3835,0.00768245838668,1,0,1,1,0,1,0,0,0,"15M(15.9949), 3C(57.0214)",,"TraesCS1B03G1104300.1, TraesCS1D03G0910700.1"
1252,PXD004720,bread wheat,embryo,single,protein,no,TraesCS6A03G0220600LC.1,TraesCS6A03G0220600LC.1,TraesCS6A03G0220600LC.1,,161,False,False,,TraesCS6A03G0220600LC.1,,9.94,0.2227,0.3827,0.00768245838668,1,1,1,1,1,1,0,0,0,7C(57.0214),,
1253,PXD004720,bread wheat,embryo,single,protein,no,TraesCS1D03G0537400.1,TraesCS1D03G0537400.1,TraesCS1D03G0537400.1,,250,False,False,,TraesCS1D03G0537400.1,,3.6,0.2204,0.3795,0.00768245838668,1,0,1,1,0,1,0,0,0,,,TraesCS1D03G0537400.2
1254,PXD004720,bread wheat,embryo,single,protein,no,TraesCS7A03G1201800LC.1,TraesCS7A03G1201800LC.1,TraesCS7A03G1201800LC.1,,1531,False,False,,TraesCS7A03G1201800LC.1,,0.52,0.2199,0.3788,0.00768245838668,1,0,1,1,0,1,0,0,0,,,TraesCS7A03G1201800LC.2
1255,PXD004720,bread wheat,embryo,single,protein,no,TraesCS2B03G1493300LC.1,TraesCS2B03G1493300LC.1,TraesCS2B03G1493300LC.1,,233,False,False,,TraesCS2B03G1493300LC.1,,3.0,0.2191,0.3853,0.00768245838668,1,0,1,1,0,1,0,0,0,,,"TraesCS3D03G1136900LC.1, TraesCS5B03G1019100LC.1, TraesCS5D03G0155200LC.1, TraesCS5D03G1089900LC.1, TraesCS7D03G0837400LC.1"
1256,PXD004720,bread wheat,embryo,single,protein,no,TraesCS3D03G0421700LC.1,TraesCS3D03G0421700LC.1,TraesCS3D03G0421700LC.1,,386,False,False,,TraesCS3D03G0421700LC.1,,22.28,0.2181,0.3764,0.00768245838668,1,1,1,1,1,1,0,0,0,,,
1257,PXD004720,bread wheat,embryo,single,protein,no,TraesCS5B03G1133500LC.1,TraesCS5B03G1133500LC.1,TraesCS5B03G1133500LC.1,,154,False,False,,TraesCS5B03G1133500LC.1,,4.55,0.2179,0.3827,0.00768245838668,1,0,1,1,0,1,0,0,0,,,
1258,PXD004720,bread wheat,embryo,single,protein,no,TraesCS1D03G0487900LC.1,TraesCS1D03G0487900LC.1,TraesCS1D03G0487900LC.1,,133,False,False,,TraesCS1D03G0487900LC.1,,8.27,0.2162,0.3738,0.00768245838668,1,0,1,1,0,1,0,0,0,,,"TraesCS2A03G0796900LC.1, TraesCS2A03G1157000.1, TraesCS2A03G1157000.2, TraesCS2B03G1313900.1, TraesCS2B03G1313900.2, TraesCS2D03G1107400.1, TraesCS2D03G1107400.2, TraesCSU03G0023500LC.1, TraesCSU03G0278600LC.1"
1259,PXD004720,bread wheat,embryo,single,protein,no,TraesCS2A03G1332300.1,TraesCS2A03G1332300.1,TraesCS2A03G1332300.1,,997,False,False,,TraesCS2A03G1332300.1,,1.5,0.2162,0.3737,0.00768245838668,1,0,1,1,0,1,0,0,0,9C(57.0214),,"TraesCS2B03G1532600.1, TraesCS2D03G1299400.1"
1260,PXD004720,bread wheat,embryo,single,protein,no,TraesCS5B03G0164900LC.1,TraesCS5B03G0164900LC.1,TraesCS5B03G0164900LC.1,,592,False,False,,TraesCS5B03G0164900LC.1,,2.53,0.2157,0.3731,0.00768245838668,1,1,1,1,1,1,0,0,0,,,
1261,PXD004720,bread wheat,embryo,single,protein,no,TraesCS5A03G0599500LC.1,TraesCS5A03G0599500LC.1,TraesCS5A03G0599500LC.1,,416,False,False,,TraesCS5A03G0599500LC.1,,3.37,0.2148,0.3718,0.00768245838668,1,1,1,1,1,1,0,0,0,,,
1262,PXD004720,bread wheat,embryo,single,protein,no,TraesCS7B03G0939100LC.1,TraesCS7B03G0939100LC.1,TraesCS7B03G0939100LC.1,,141,False,False,,TraesCS7B03G0939100LC.1,,8.51,0.2144,0.3713,0.00768245838668,1,1,1,1,1,1,0,0,0,,,
1263,PXD004720,bread wheat,embryo,single,protein,no,TraesCS2A03G1293600LC.1,TraesCS2A03G1293600LC.1,TraesCS2A03G1293600LC.1,,103,False,False,,TraesCS2A03G1293600LC.1,,7.77,0.2138,0.3704,0.00768245838668,1,0,1,1,0,1,0,0,0,,,TraesCS6A03G0728000LC.1
1264,PXD004720,bread wheat,embryo,single,protein,no,TraesCS3A03G1033600LC.1,TraesCS3A03G1033600LC.1,TraesCS3A03G1033600LC.1,,189,False,False,,TraesCS3A03G1033600LC.1,,4.76,0.2137,0.3703,0.00768245838668,1,1,1,1,1,1,0,0,0,,,
1265,PXD004720,bread wheat,embryo,single,protein,no,TraesCS5A03G0066900.1,TraesCS5A03G0066900.1,TraesCS5A03G0066900.1,,746,False,False,,TraesCS5A03G0066900.1,,1.21,0.2134,0.3699,0.00768245838668,1,0,1,1,0,1,0,0,0,,,"TraesCS5B03G0062000.1, TraesCS5D03G0088400.1"
1266,PXD004720,bread wheat,embryo,single,protein,no,TraesCS3A03G0188700LC.1,TraesCS3A03G0188700LC.1,TraesCS3A03G0188700LC.1,,124,False,False,,TraesCS3A03G0188700LC.1,,6.45,0.2123,0.3683,0.00768245838668,1,0,1,1,0,1,0,0,0,,,TraesCS3D03G0168000.1
1267,PXD004720,bread wheat,embryo,single,protein,no,TraesCS1D03G0379800LC.1,TraesCS1D03G0379800LC.1,TraesCS1D03G0379800LC.1,,113,False,False,,TraesCS1D03G0379800LC.1,,18.58,0.2114,0.3671,0.00768245838668,1,1,1,1,1,1,0,0,0,21M(15.9949),,
1268,PXD004720,bread wheat,embryo,single,protein,no,TraesCS3A03G0837000.1,TraesCS3A03G0837000.1,TraesCS3A03G0837000.1,,577,False,False,,TraesCS3A03G0837000.1,,2.95,0.2103,0.3656,0.00768245838668,1,1,1,2,2,2,0,0,0,N-term(42.0106),,
1269,PXD004720,bread wheat,embryo,single,protein,no,TraesCS4B03G0927400.1,TraesCS4B03G0927400.1,TraesCS4B03G0927400.1,,235,False,False,,TraesCS4B03G0927400.1,,4.26,0.2093,0.3641,0.00768245838668,1,0,1,1,0,1,0,0,0,,,TraesCS4D03G0813200.1
1270,PXD004720,bread wheat,embryo,single,protein,no,TraesCS1B03G1016900.1,TraesCS1B03G1016900.1,TraesCS1B03G1016900.1,,549,False,False,,TraesCS1B03G1016900.1,,1.28,0.2083,0.3627,0.00768245838668,1,0,1,1,0,1,0,0,0,,,"TraesCS2A03G0898300LC.1, TraesCS2A03G1200900.1, TraesCS2B03G0989000.1, TraesCS2B03G1370400LC.1, TraesCS2D03G0838000.1, TraesCS3A03G1073500LC.1"
1271,PXD004720,bread wheat,embryo,single,protein,no,TraesCS1B03G1005700LC.1,TraesCS1B03G1005700LC.1,TraesCS1B03G1005700LC.1,,104,False,False,,TraesCS1B03G1005700LC.1,,12.5,0.2068,0.3682,0.00768245838668,1,0,1,1,0,1,0,0,0,,,"TraesCS2A03G0108300LC.1, TraesCS2A03G1182700LC.1, TraesCS2D03G0364100LC.1, TraesCS3A03G0379600LC.1, TraesCS3A03G0524100LC.1, TraesCS5B03G0091000LC.1, TraesCS5B03G1277100LC.1, TraesCS6D03G0828200LC.1, TraesCS7B03G1126600LC.1, TraesCS7D03G0700500LC.1"
1272,PXD004720,bread wheat,embryo,single,protein,no,TraesCS3D03G1143900.1,TraesCS3D03G1143900.1,TraesCS3D03G1143900.1,,522,False,False,,TraesCS3D03G1143900.1,,2.49,0.2061,0.3665,0.00768245838668,1,0,1,1,0,1,0,0,0,,,
1273,PXD004720,bread wheat,embryo,single,protein,no,TraesCS3A03G0624600.1,TraesCS3A03G0624600.1,TraesCS3A03G0624600.1,,358,False,False,,TraesCS3A03G0624600.1,,1.96,0.2057,0.3591,0.00768245838668,1,0,1,2,0,2,0,0,0,,,"TraesCS3A03G0624600.2, TraesCS3B03G0701900.1, TraesCS3D03G0571200.1, TraesCS5B03G1320200.1"
1274,PXD004720,bread wheat,embryo,single,protein,no,TraesCS7B03G0181400.1,TraesCS7B03G0181400.1,TraesCS7B03G0181400.1,,365,False,False,,TraesCS7B03G0181400.1,,3.56,0.2052,0.3584,0.00768245838668,1,1,1,1,1,1,0,0,0,,,
1275,PXD004720,bread wheat,embryo,single,protein,no,TraesCS2A03G0162100.1,TraesCS2A03G0162100.1,TraesCS2A03G0162100.1,,447,False,False,,TraesCS2A03G0162100.1,,5.37,0.2046,0.3575,0.00768245838668,1,0,1,1,0,1,0,0,0,,,"TraesCS2A03G0162400.1, TraesCS2B03G0226100.1, TraesCS2B03G0226300.1, TraesCS2D03G0159800.1, TraesCS2D03G0159900.1, TraesCS4A03G0222100.1, TraesCS4A03G0222400.1, TraesCS4B03G0551600.1, TraesCS4B03G0551600.2, TraesCS4B03G0551800.2, TraesCS4D03G0485500.1, TraesCS4D03G0485800.1, TraesCS5A03G0984700.1, TraesCS5A03G0985100.1, TraesCS5B03G1031900.1, TraesCS5B03G1032300.1, TraesCS5B03G1032300.2, TraesCS5D03G0933300.1, TraesCS5D03G0933300.2, TraesCS5D03G0933900.1, TraesCS6B03G1105900LC.1, TraesCS7B03G0526600LC.1"
1276,PXD004720,bread wheat,embryo,single,protein,no,TraesCS4D03G0656000.1,TraesCS4D03G0656000.1,TraesCS4D03G0656000.1,,419,False,False,,TraesCS4D03G0656000.1,,1.67,0.2042,0.357,0.00768245838668,1,0,1,1,0,1,0,0,0,,,"decoy_103882, decoy_103883, decoy_109039, decoy_109040, decoy_109041, decoy_561, decoy_6116, decoy_98483"
1277,PXD004720,bread wheat,embryo,single,protein,no,TraesCS2A03G1325100.1,TraesCS2A03G1325100.1,TraesCS2A03G1325100.1,,602,False,False,,TraesCS2A03G1325100.1,,2.49,0.203,0.3553,0.00768245838668,1,1,1,1,1,1,0,0,0,12M(15.9949),,
1278,PXD004720,bread wheat,embryo,single,protein,no,TraesCS5D03G0397200LC.1,TraesCS5D03G0397200LC.1,TraesCS5D03G0397200LC.1,,340,False,False,,TraesCS5D03G0397200LC.1,,3.53,0.2027,0.3548,0.00768245838668,1,1,1,2,2,2,0,0,0,,,
1279,PXD004720,bread wheat,embryo,single,protein,no,TraesCS1D03G0025600LC.1,TraesCS1D03G0025600LC.1,TraesCS1D03G0025600LC.1,,538,False,False,,TraesCS1D03G0025600LC.1,,2.42,0.2003,0.3515,0.00768245838668,1,0,1,1,0,1,0,0,0,,,"TraesCS6B03G0197600LC.1, TraesCS7B03G0676400.1, TraesCS7B03G0676600.1"
1280,PXD004720,bread wheat,embryo,single,protein,no,TraesCS1D03G0397100.1,TraesCS1D03G0397100.1,TraesCS1D03G0397100.1,,111,False,False,,TraesCS1D03G0397100.1,,6.31,0.1996,0.3637,0.00768245838668,1,0,1,3,0,3,0,0,0,,,"TraesCS1D03G0431400.1, TraesCS2D03G0365300.1, TraesCS4B03G0452400.1"
1281,PXD004720,bread wheat,embryo,single,protein,no,TraesCS1A03G0000500LC.1,TraesCS1A03G0000500LC.1,TraesCS1A03G0000500LC.1,,102,False,False,,TraesCS1A03G0000500LC.1,,21.57,0.0,0.0845,0.00768245838668,1,1,1,1,1,1,0,0,0,"11C(57.0214), 18M(15.9949)",,
1282,PXD004720,bread wheat,embryo,single,protein,no,TraesCS1A03G0024400LC.2,TraesCS1A03G0024400LC.2,TraesCS1A03G0024400LC.2,,168,False,False,,TraesCS1A03G0024400LC.2,,6.55,0.0,0.068,0.00768245838668,1,0,1,1,0,1,0,0,0,,,"TraesCS1B03G0027800LC.1, TraesCS1B03G0027800LC.2, TraesCS1D03G0015900.1"
1283,PXD004720,bread wheat,embryo,single,protein,no,TraesCS1A03G0046600.1,TraesCS1A03G0046600.1,TraesCS1A03G0046600.1,,592,False,False,,TraesCS1A03G0046600.1,,1.86,0.0,0.0557,0.00768245838668,1,1,1,1,1,1,0,0,0,,,
1284,PXD004720,bread wheat,embryo,single,protein,no,TraesCS1A03G0065900.1,TraesCS1A03G0065900.1,TraesCS1A03G0065900.1,,959,False,False,,TraesCS1A03G0065900.1,,0.73,0.0,0.0,0.00768245838668,1,0,1,1,0,1,0,0,0,,,TraesCS1D03G0054000.1
1285,PXD004720,bread wheat,embryo,single,protein,no,TraesCS1A03G0072200.1,TraesCS1A03G0072200.1,TraesCS1A03G0072200.1,,367,False,False,,TraesCS1A03G0072200.1,,3.27,0.0,0.1252,0.00768245838668,1,0,1,1,0,1,0,0,0,2M(15.9949),,"TraesCS1B03G0081100LC.1, TraesCS1B03G0082500.1, TraesCS1B03G0084500.1, TraesCS1D03G0063300LC.1, TraesCS1D03G0063500.1"
1286,PXD004720,bread wheat,embryo,single,protein,no,TraesCS1A03G0087100.1,TraesCS1A03G0087100.1,TraesCS1A03G0087100.1,,305,False,False,,TraesCS1A03G0087100.1,,3.61,0.0,0.2051,0.00768245838668,1,0,1,1,0,1,0,0,0,,,"TraesCS1B03G0105600.1, TraesCS1D03G0076100.1"
1287,PXD004720,bread wheat,embryo,single,protein,no,TraesCS1A03G0099200LC.1,TraesCS1A03G0099200LC.1,TraesCS1A03G0099200LC.1,,496,False,False,,TraesCS1A03G0099200LC.1,,1.81,0.0,0.1099,0.00768245838668,1,0,1,1,0,1,0,0,0,,,"TraesCS1A03G0289000LC.1, TraesCS1A03G0796100LC.1, TraesCS1A03G0949600LC.1, TraesCS1B03G0328200LC.1, TraesCS1B03G0562300LC.1, TraesCS1B03G0680900LC.1, TraesCS1B03G0806000LC.1, TraesCS1D03G0940200LC.1, TraesCS2A03G0358300LC.1, TraesCS2A03G0832200LC.1, TraesCS2A03G0851800LC.1, TraesCS2A03G1093300LC.1, TraesCS2A03G1159500LC.1, TraesCS2B03G0647900LC.1, TraesCS2B03G0708300LC.1, TraesCS2B03G0717500LC.1, TraesCS2B03G0921800LC.1, TraesCS2B03G1509000LC.1, TraesCS2D03G0683100LC.1, TraesCS3A03G0191000LC.1, TraesCS3A03G0493100LC.1, TraesCS3A03G0898700LC.1, TraesCS3B03G0231600LC.1, TraesCS3B03G0238200LC.1, TraesCS3B03G0503800LC.1, TraesCS3B03G0539400LC.1, TraesCS4A03G0409000LC.1, TraesCS4A03G0435900LC.1, TraesCS4A03G0612100LC.2, TraesCS4A03G0635700LC.1, TraesCS4A03G0771400LC.1, TraesCS4B03G0159500LC.1, TraesCS4B03G0256700LC.1, TraesCS4B03G0388200LC.1, TraesCS4B03G0429000LC.1, TraesCS4B03G0463700LC.2, TraesCS5A03G1060800LC.1, TraesCS5B03G0562300LC.1, TraesCS5B03G0710200LC.1, TraesCS5B03G1339400LC.1, TraesCS5B03G1339400LC.2, TraesCS5B03G1369700LC.2, TraesCS5D03G0529600LC.1, TraesCS6A03G0128000LC.1, TraesCS6A03G0258600LC.1, TraesCS6A03G0585500LC.1, TraesCS6A03G0774700LC.1, TraesCS6B03G0317100LC.1, TraesCS6B03G0703800LC.1, TraesCS6B03G1271000LC.1, TraesCS6D03G0437500LC.1, TraesCS6D03G0581800LC.1, TraesCS7A03G0059300LC.1, TraesCS7A03G0303500LC.1, TraesCS7A03G0701300LC.1, TraesCS7A03G0723200LC.1, TraesCS7A03G0792000LC.1, TraesCS7A03G0951300LC.1, TraesCS7A03G1261000LC.1, TraesCS7B03G0517500LC.1, TraesCS7B03G0518400LC.1, TraesCS7B03G0557500LC.1, TraesCS7B03G0566300LC.1, TraesCS7B03G0842000LC.1, TraesCS7D03G0497400LC.1, TraesCS7D03G0741900LC.1"
1288,PXD004720,bread wheat,embryo,single,protein,no,TraesCS1A03G0108300.1,TraesCS1A03G0108300.1,TraesCS1A03G0108300.1,,716,False,False,,TraesCS1A03G0108300.1,,1.54,0.0,0.1331,0.00768245838668,1,0,1,1,0,1,0,0,0,,,"TraesCS1A03G0108300.2, TraesCS1B03G0138400.1, TraesCS1B03G0138400.2, TraesCS1D03G0095600.1, TraesCS1D03G0095600.2"
1289,PXD004720,bread wheat,embryo,single,protein,no,TraesCS1A03G0131800LC.1,TraesCS1A03G0131800LC.1,TraesCS1A03G0131800LC.1,,331,False,False,,TraesCS1A03G0131800LC.1,,3.63,0.0,0.0,0.00768245838668,1,0,1,1,0,1,0,0,0,,,"TraesCS2A03G0804500LC.1, TraesCS2B03G1011500LC.1, TraesCS6A03G0733000LC.1"
1290,PXD004720,bread wheat,embryo,single,protein,no,TraesCS1A03G0141300.1,TraesCS1A03G0141300.1,TraesCS1A03G0141300.1,,194,False,False,,TraesCS1A03G0141300.1,,8.25,0.0,0.3279,0.00768245838668,1,0,1,1,0,1,0,0,0,,,"TraesCS1D03G0128800.1, TraesCS5B03G0772700.1"
1291,PXD004720,bread wheat,embryo,single,protein,no,TraesCS1A03G0141700LC.1,TraesCS1A03G0141700LC.1,TraesCS1A03G0141700LC.1,,403,False,False,,TraesCS1A03G0141700LC.1,,3.72,0.0,0.1701,0.00768245838668,1,1,1,1,1,1,0,0,0,2C(57.0214),,
1292,PXD004720,bread wheat,embryo,single,protein,no,TraesCS1A03G0143600LC.1,TraesCS1A03G0143600LC.1,TraesCS1A03G0143600LC.1,,132,False,False,,TraesCS1A03G0143600LC.1,,6.06,0.0,0.0,0.00768245838668,1,0,1,1,0,1,0,0,0,,,"TraesCS1A03G0392800LC.1, TraesCS1A03G0722200LC.1, TraesCS1A03G0971900LC.1, TraesCS1B03G0192500LC.1, TraesCS1B03G0242000LC.1, TraesCS1B03G0461500LC.1, TraesCS1B03G0577800LC.1, TraesCS1B03G0652400LC.1, TraesCS1B03G0953000LC.1, TraesCS1D03G0225100LC.1, TraesCS1D03G0969800LC.1, TraesCS2A03G0184300LC.1, TraesCS2A03G0497700LC.1, TraesCS2A03G0604800LC.1, TraesCS2A03G0625900LC.1, TraesCS2A03G0631500LC.1, TraesCS2A03G1297800LC.1, TraesCS2B03G0279600LC.1, TraesCS2B03G0404300LC.1, TraesCS2B03G0817800LC.1, TraesCS2D03G0150000LC.1, TraesCS2D03G1026600LC.1, TraesCS2D03G1304900LC.1, TraesCS3A03G0353500LC.1, TraesCS3A03G0491900LC.1, TraesCS3A03G0890700LC.1, TraesCS3B03G1379800LC.1, TraesCS3B03G1487000LC.1, TraesCS3D03G0117400LC.1, TraesCS3D03G0453100LC.1, TraesCS3D03G1117800LC.1, TraesCS4A03G0089400LC.1, TraesCS4A03G0285700LC.1, TraesCS4A03G0498000LC.1, TraesCS4A03G0659000LC.1, TraesCS4A03G1114000LC.1, TraesCS4B03G0585400LC.1, TraesCS4B03G0988700LC.1, TraesCS4B03G0999000LC.1, TraesCS5A03G0035000LC.1, TraesCS5A03G0079400LC.1, TraesCS5A03G0139000LC.1, TraesCS5A03G0401700LC.1, TraesCS5A03G0524500LC.1, TraesCS5A03G0770700LC.1, TraesCS5A03G0777700LC.1, TraesCS5A03G1007300LC.1, TraesCS5A03G1167600LC.1, TraesCS5B03G0045300LC.1, TraesCS5B03G0191300LC.1, TraesCS5B03G0230600LC.1, TraesCS5B03G0978200LC.1, TraesCS5D03G0086800LC.1, TraesCS5D03G0093000LC.1, TraesCS5D03G0466200LC.1, TraesCS5D03G0838400LC.1, TraesCS5D03G1044700LC.1, TraesCS5D03G1047400LC.1, TraesCS6A03G0534600LC.1, TraesCS6A03G0630200LC.1, TraesCS6B03G0294400LC.1, TraesCS6B03G0317800LC.1, TraesCS6B03G0426600LC.1, TraesCS6B03G0634400LC.1, TraesCS6B03G0900000LC.1, TraesCS6B03G0906100LC.1, TraesCS6B03G1155400LC.1, TraesCS6D03G0566200LC.1, TraesCS7A03G0137600LC.1, TraesCS7A03G0885700LC.1, TraesCS7A03G0953900LC.1, TraesCS7A03G1032300LC.1, TraesCS7A03G1149800LC.1, TraesCS7A03G1377500LC.1, TraesCS7B03G0382000LC.1, TraesCS7B03G0547700LC.1, TraesCS7B03G1116100LC.1, TraesCS7B03G1253600LC.1, TraesCS7D03G0272100LC.1, TraesCS7D03G0595200LC.1, TraesCS7D03G1055600LC.1, TraesCS7D03G1229100LC.1, TraesCS7D03G1300100LC.1, TraesCSU03G0039300LC.1, TraesCSU03G0247100LC.1"
1293,PXD004720,bread wheat,embryo,single,protein,no,TraesCS1A03G0148200.1,TraesCS1A03G0148200.1,TraesCS1A03G0148200.1,,686,False,False,,TraesCS1A03G0148200.1,,1.9,0.0,0.148,0.00768245838668,1,0,1,1,0,1,0,0,0,5M(15.9949),,TraesCS1D03G0134800.1
1294,PXD004720,bread wheat,embryo,single,protein,no,TraesCS1A03G0157400LC.1,TraesCS1A03G0157400LC.1,TraesCS1A03G0157400LC.1,,68,False,False,,TraesCS1A03G0157400LC.1,,10.29,0.0,0.2184,0.00768245838668,1,0,1,1,0,1,0,0,0,,,"TraesCS2B03G0662800LC.1, TraesCS6A03G0995400LC.1"
1295,PXD004720,bread wheat,embryo,single,protein,no,TraesCS1A03G0165700LC.1,TraesCS1A03G0165700LC.1,TraesCS1A03G0165700LC.1,,131,False,False,,TraesCS1A03G0165700LC.1,,6.11,0.0,0.1466,0.00768245838668,1,0,1,1,0,1,0,0,0,N-term(42.0106),,"TraesCS1B03G1041600LC.1, TraesCS3B03G0854200LC.1, TraesCS5B03G0517500LC.1, TraesCS6B03G0517300LC.1, TraesCS7B03G0302000.1, TraesCS7B03G1102000LC.1"
1296,PXD004720,bread wheat,embryo,single,protein,no,TraesCS1A03G0196700LC.1,TraesCS1A03G0196700LC.1,TraesCS1A03G0196700LC.1,,223,False,False,,TraesCS1A03G0196700LC.1,,6.73,0.0,0.2141,0.00768245838668,1,1,1,1,1,1,0,0,0,,,
1297,PXD004720,bread wheat,embryo,single,protein,no,TraesCS1A03G0220900.1,TraesCS1A03G0220900.1,TraesCS1A03G0220900.1,,1106,False,False,,TraesCS1A03G0220900.1,,0.99,0.0,0.2386,0.00768245838668,1,0,1,1,0,1,0,0,0,,,"TraesCS1B03G0323800.1, TraesCS1B03G0323800.2, TraesCS1B03G0323800.3, TraesCS1B03G0323800.4, TraesCS1D03G0234200.1, TraesCS1D03G0234200.2, TraesCS1D03G0234200.3, TraesCS1D03G0234200.4, TraesCS3A03G0151500.1, TraesCS3A03G0151500.2, TraesCS3A03G0151500.3, TraesCS3B03G0194500.1, TraesCS3B03G0194500.2, TraesCS3D03G0133600.1, TraesCS3D03G0133600.2, TraesCS3D03G0133600.3"
1298,PXD004720,bread wheat,embryo,single,protein,no,TraesCS1A03G0232500.1,TraesCS1A03G0232500.1,TraesCS1A03G0232500.1,,241,False,False,,TraesCS1A03G0232500.1,,3.32,0.0,0.2192,0.00768245838668,1,0,1,1,0,1,0,0,0,,,"TraesCS1B03G0345300.1, TraesCS1D03G0250000.1"
1299,PXD004720,bread wheat,embryo,single,protein,no,TraesCS1A03G0233700LC.1,TraesCS1A03G0233700LC.1,TraesCS1A03G0233700LC.1,,99,False,False,,TraesCS1A03G0233700LC.1,,7.07,0.0,0.0,0.00768245838668,1,0,1,1,0,1,0,0,0,,,"TraesCS2A03G1218800.1, TraesCS2B03G1392800.1, TraesCS2D03G1175800.1, decoy_67542, decoy_7284"
1300,PXD004720,bread wheat,embryo,single,protein,no,TraesCS1A03G0247300.1,TraesCS1A03G0247300.1,TraesCS1A03G0247300.1,,224,False,False,,TraesCS1A03G0247300.1,,6.25,0.0,0.0983,0.00768245838668,1,1,1,1,1,1,0,0,0,,,
1301,PXD004720,bread wheat,embryo,single,protein,no,TraesCS1A03G0258400LC.1,TraesCS1A03G0258400LC.1,TraesCS1A03G0258400LC.1,,233,False,False,,TraesCS1A03G0258400LC.1,,6.87,0.0,0.078,0.00768245838668,1,0,1,1,0,1,0,0,0,,,"TraesCS1B03G0338100.1, TraesCS1D03G0255300.1"
1302,PXD004720,bread wheat,embryo,single,protein,no,TraesCS1A03G0291700LC.1,TraesCS1A03G0291700LC.1,TraesCS1A03G0291700LC.1,,101,False,False,,TraesCS1A03G0291700LC.1,,6.93,0.0,0.0748,0.00768245838668,1,0,1,1,0,1,0,0,0,,,"TraesCS1D03G0334500LC.1, TraesCS1D03G0698400LC.1, TraesCS2B03G1195700LC.1, TraesCS3B03G0731000LC.1, TraesCS5B03G1354800LC.1, TraesCS5D03G1212200LC.1, TraesCS6A03G0118200LC.1, TraesCS6A03G0253700LC.1, TraesCS7D03G0170000LC.1, TraesCS7D03G0344000LC.1, TraesCS7D03G0810400LC.1"
1303,PXD004720,bread wheat,embryo,single,protein,no,TraesCS1A03G0358000LC.1,TraesCS1A03G0358000LC.1,TraesCS1A03G0358000LC.1,,136,False,False,,TraesCS1A03G0358000LC.1,,8.09,0.0,0.0947,0.00768245838668,1,1,1,1,1,1,0,0,0,8M(15.9949),,
1304,PXD004720,bread wheat,embryo,single,protein,no,TraesCS1A03G0369600.1,TraesCS1A03G0369600.1,TraesCS1A03G0369600.1,,2045,False,False,,TraesCS1A03G0369600.1,,0.44,0.0,0.1257,0.00768245838668,1,1,1,1,1,1,0,0,0,,,
1305,PXD004720,bread wheat,embryo,single,protein,no,TraesCS1A03G0382000LC.1,TraesCS1A03G0382000LC.1,TraesCS1A03G0382000LC.1,,152,False,False,,TraesCS1A03G0382000LC.1,,5.26,0.0,0.0,0.00768245838668,1,0,1,1,0,1,0,0,0,,,
1306,PXD004720,bread wheat,embryo,single,protein,no,TraesCS1A03G0382400LC.1,TraesCS1A03G0382400LC.1,TraesCS1A03G0382400LC.1,,287,False,False,,TraesCS1A03G0382400LC.1,,3.83,0.0,0.3276,0.00768245838668,1,0,1,1,0,1,0,0,0,,,"TraesCS1A03G0606200LC.1, TraesCS2A03G0447200.1, TraesCS3A03G0336200LC.1, TraesCS4A03G0338600LC.1"
1307,PXD004720,bread wheat,embryo,single,protein,no,TraesCS1A03G0384900.1,TraesCS1A03G0384900.1,TraesCS1A03G0384900.1,,217,False,False,,TraesCS1A03G0384900.1,,5.07,0.0,0.2159,0.00768245838668,1,0,1,1,0,1,0,0,0,,,"TraesCS1A03G0720300.2, TraesCS1A03G0720300.3, TraesCS1A03G0720300.4, TraesCS1B03G0457400.1, TraesCS1B03G0822000.1, TraesCS1D03G0359200.1, TraesCS1D03G0683500.1, TraesCS2B03G1576800.1, TraesCS2D03G1342100.1, TraesCS3A03G0118800.1, TraesCS3A03G0118900.1, TraesCS3A03G0119100.1, TraesCS3A03G0523600.1, TraesCS3A03G0846200.1, TraesCS3A03G0846200.2, TraesCS3A03G0846200.3, TraesCS3A03G0979200.2, TraesCS3B03G0157400LC.1, TraesCS3B03G0157500.1, TraesCS3B03G0592400.1, TraesCS3B03G0592400.2, TraesCS3B03G0972000.1, TraesCS3B03G0972000.2, TraesCS3D03G0105500.1, TraesCS3D03G0105600.1, TraesCS3D03G0487700.1, TraesCS3D03G0776200.1, TraesCS3D03G0776200.2, TraesCS5A03G1122600.1, TraesCS5B03G1189700.1, TraesCS5D03G1075900.1"
1308,PXD004720,bread wheat,embryo,single,protein,no,TraesCS1A03G0394700.1,TraesCS1A03G0394700.1,TraesCS1A03G0394700.1,,649,False,False,,TraesCS1A03G0394700.1,,1.08,0.0,0.0845,0.00768245838668,1,0,1,1,0,1,0,0,0,,,
1309,PXD004720,bread wheat,embryo,single,protein,no,TraesCS1A03G0402400.1,TraesCS1A03G0402400.1,TraesCS1A03G0402400.1,,1101,False,False,,TraesCS1A03G0402400.1,,0.91,0.0,0.0944,0.00768245838668,1,0,1,1,0,1,0,0,0,,,"TraesCS1B03G0493700.1, TraesCS1D03G0371600.1"
1310,PXD004720,bread wheat,embryo,single,protein,no,TraesCS1A03G0427400LC.1,TraesCS1A03G0427400LC.1,TraesCS1A03G0427400LC.1,,107,False,False,,TraesCS1A03G0427400LC.1,,9.35,0.0,0.0638,0.00768245838668,1,1,1,1,1,1,0,0,0,,,
1311,PXD004720,bread wheat,embryo,single,protein,no,TraesCS1A03G0444600LC.1,TraesCS1A03G0444600LC.1,TraesCS1A03G0444600LC.1,,204,False,False,,TraesCS1A03G0444600LC.1,,4.9,0.0,0.0,0.00768245838668,1,0,1,1,0,1,0,0,0,7M(15.9949),,
1312,PXD004720,bread wheat,embryo,single,protein,no,TraesCS1A03G0460400.1,TraesCS1A03G0460400.1,TraesCS1A03G0460400.1,,843,False,False,,TraesCS1A03G0460400.1,,1.54,0.0,0.1258,0.00768245838668,1,0,1,1,0,1,0,0,0,,,"TraesCS1B03G0549800LC.1, TraesCS1D03G0432500.1, TraesCS4D03G0757600.1, TraesCS4D03G0758200.1, TraesCS5A03G1173600.1"
1313,PXD004720,bread wheat,embryo,single,protein,no,TraesCS1A03G0463400LC.1,TraesCS1A03G0463400LC.1,TraesCS1A03G0463400LC.1,,299,False,False,,TraesCS1A03G0463400LC.1,,3.34,0.0,0.1443,0.00768245838668,1,1,1,1,1,1,0,0,0,8C(57.0214),,
1314,PXD004720,bread wheat,embryo,single,protein,no,TraesCS1A03G0464100.1,TraesCS1A03G0464100.1,TraesCS1A03G0464100.1,,337,False,False,,TraesCS1A03G0464100.1,,5.34,0.0,0.1472,0.00768245838668,2,0,2,3,0,3,0,0,0,,,"TraesCS1A03G0464100.2, TraesCS1B03G0597800.1, TraesCS1D03G0428100.1"
1315,PXD004720,bread wheat,embryo,single,protein,no,TraesCS1A03G0501800.1,TraesCS1A03G0501800.1,TraesCS1A03G0501800.1,,269,False,False,,TraesCS1A03G0501800.1,,7.06,0.0,0.0569,0.00768245838668,1,1,1,1,1,1,0,0,0,,,
1316,PXD004720,bread wheat,embryo,single,protein,no,TraesCS1A03G0511100LC.1,TraesCS1A03G0511100LC.1,TraesCS1A03G0511100LC.1,,107,False,False,,TraesCS1A03G0511100LC.1,,10.28,0.0,0.0536,0.00768245838668,1,0,1,1,0,1,0,0,0,"10C(57.0214), 7C(57.0214)",,TraesCS7A03G0514700LC.1
1317,PXD004720,bread wheat,embryo,single,protein,no,TraesCS1A03G0516200LC.1,TraesCS1A03G0516200LC.1,TraesCS1A03G0516200LC.1,,121,False,False,,TraesCS1A03G0516200LC.1,,8.26,0.0,0.2117,0.00768245838668,1,1,1,1,1,1,0,0,0,,,
1318,PXD004720,bread wheat,embryo,single,protein,no,TraesCS1A03G0525400LC.1,TraesCS1A03G0525400LC.1,TraesCS1A03G0525400LC.1,,154,False,False,,TraesCS1A03G0525400LC.1,,9.74,0.0,0.3386,0.00768245838668,1,1,1,1,1,1,0,0,0,N-term(42.0106),,
1319,PXD004720,bread wheat,embryo,single,protein,no,TraesCS1A03G0543200LC.1,TraesCS1A03G0543200LC.1,TraesCS1A03G0543200LC.1,,781,False,False,,TraesCS1A03G0543200LC.1,,1.41,0.0,0.0,0.00768245838668,1,0,1,2,0,2,0,0,0,,,"TraesCS1B03G0789300LC.1, TraesCS1D03G0930400LC.1, TraesCS2A03G0916700LC.1, TraesCS2B03G0250700LC.1, TraesCS2B03G1382900LC.1, TraesCS2D03G1114900LC.1, TraesCS3B03G0297300LC.1, TraesCS3B03G1118000LC.1, TraesCS3D03G0410700LC.1, TraesCS4A03G1231900LC.1, TraesCS4B03G0710200LC.1, TraesCS5D03G0752500LC.1, TraesCS6B03G0457200LC.1, TraesCS6B03G1106100LC.1, TraesCS6B03G1305100LC.1, TraesCS7A03G1333000LC.1, TraesCS7B03G0707600LC.1, TraesCS7D03G1187700LC.1, TraesCSU03G0064300LC.1"
1320,PXD004720,bread wheat,embryo,single,protein,no,TraesCS1A03G0547300.1,TraesCS1A03G0547300.1,TraesCS1A03G0547300.1,,266,False,False,,TraesCS1A03G0547300.1,,4.89,0.0,0.1509,0.00768245838668,1,1,1,2,2,2,0,0,0,,,
1321,PXD004720,bread wheat,embryo,single,protein,no,TraesCS1A03G0567300LC.1,TraesCS1A03G0567300LC.1,TraesCS1A03G0567300LC.1,,214,False,False,,TraesCS1A03G0567300LC.1,,5.14,0.0,0.1346,0.00768245838668,1,0,1,1,0,1,0,0,0,,,
1322,PXD004720,bread wheat,embryo,single,protein,no,TraesCS1A03G0568200.1,TraesCS1A03G0568200.1,TraesCS1A03G0568200.1,,4193,False,False,,TraesCS1A03G0568200.1,,0.26,0.0,0.2629,0.00768245838668,1,0,1,1,0,1,0,0,0,,,"TraesCS1B03G0659500.1, TraesCS1B03G0659500.2, TraesCS1B03G0659500.3, TraesCS1D03G0543900.1"
1323,PXD004720,bread wheat,embryo,single,protein,no,TraesCS1A03G0575800.1,TraesCS1A03G0575800.1,TraesCS1A03G0575800.1,,486,False,False,,TraesCS1A03G0575800.1,,5.35,0.0,0.0724,0.00768245838668,1,0,1,1,0,1,0,0,0,,,TraesCS1D03G0548800.1
1324,PXD004720,bread wheat,embryo,single,protein,no,TraesCS1A03G0605500.1,TraesCS1A03G0605500.1,TraesCS1A03G0605500.1,,355,False,False,,TraesCS1A03G0605500.1,,3.1,0.0,0.1087,0.00768245838668,1,0,1,1,0,1,0,0,0,,,"TraesCS1B03G0707600.1, TraesCS1D03G0582000.1"
1325,PXD004720,bread wheat,embryo,single,protein,no,TraesCS1A03G0613500.1,TraesCS1A03G0613500.1,TraesCS1A03G0613500.1,,487,False,False,,TraesCS1A03G0613500.1,,2.26,0.0,0.0866,0.00768245838668,1,0,1,1,0,1,0,0,0,,,"TraesCS1A03G0613500.2, TraesCS1A03G0613500.3, TraesCS1B03G0701200.1, TraesCS1D03G0578000.1, TraesCS1D03G0578000.2, TraesCS1D03G0578000.3, TraesCS1D03G0578000.4"
1326,PXD004720,bread wheat,embryo,single,protein,no,TraesCS1A03G0617500.1,TraesCS1A03G0617500.1,TraesCS1A03G0617500.1,,311,False,False,,TraesCS1A03G0617500.1,,2.57,0.0,0.2441,0.00768245838668,1,0,1,1,0,1,0,0,0,,,"TraesCS1A03G0617500.2, TraesCS1D03G0575400.1, TraesCS3A03G0439300.1, TraesCS3B03G0518200.1, TraesCS3D03G0408500.1"
1327,PXD004720,bread wheat,embryo,single,protein,no,TraesCS1A03G0643800.1,TraesCS1A03G0643800.1,TraesCS1A03G0643800.1,,597,False,False,,TraesCS1A03G0643800.1,,2.85,0.0,0.0853,0.00768245838668,1,1,1,1,1,1,0,0,0,,,
1328,PXD004720,bread wheat,embryo,single,protein,no,TraesCS1A03G0649900.1,TraesCS1A03G0649900.1,TraesCS1A03G0649900.1,,435,False,False,,TraesCS1A03G0649900.1,,3.68,0.0,0.1312,0.00768245838668,1,0,1,2,0,2,0,0,0,,,"TraesCS1B03G0737600.1, TraesCS1D03G0608400.1"
1329,PXD004720,bread wheat,embryo,single,protein,no,TraesCS1A03G0666600LC.1,TraesCS1A03G0666600LC.1,TraesCS1A03G0666600LC.1,,212,False,False,,TraesCS1A03G0666600LC.1,,3.77,0.0,0.0653,0.00768245838668,1,0,1,1,0,1,0,0,0,,,"TraesCS1B03G0756300LC.1, TraesCS1D03G0628000LC.1"
1330,PXD004720,bread wheat,embryo,single,protein,no,TraesCS1A03G0691400LC.1,TraesCS1A03G0691400LC.1,TraesCS1A03G0691400LC.1,,320,False,False,,TraesCS1A03G0691400LC.1,,4.69,0.0,0.2005,0.00768245838668,1,1,1,1,1,1,0,0,0,,,
1331,PXD004720,bread wheat,embryo,single,protein,no,TraesCS1A03G0716300.1,TraesCS1A03G0716300.1,TraesCS1A03G0716300.1,,186,False,False,,TraesCS1A03G0716300.1,,8.06,0.0,0.0979,0.00768245838668,1,1,1,1,1,1,0,0,0,,,
1332,PXD004720,bread wheat,embryo,single,protein,no,TraesCS1A03G0766200LC.1,TraesCS1A03G0766200LC.1,TraesCS1A03G0766200LC.1,,203,False,False,,TraesCS1A03G0766200LC.1,,5.42,0.0,0.1152,0.00768245838668,1,1,1,1,1,1,0,0,0,,,
1333,PXD004720,bread wheat,embryo,single,protein,no,TraesCS1A03G0794600.1,TraesCS1A03G0794600.1,TraesCS1A03G0794600.1,,267,False,False,,TraesCS1A03G0794600.1,,7.12,0.0,0.0927,0.00768245838668,1,0,1,1,0,1,0,0,0,,,TraesCS1B03G0913300.1
1334,PXD004720,bread wheat,embryo,single,protein,no,TraesCS1A03G0799200LC.1,TraesCS1A03G0799200LC.1,TraesCS1A03G0799200LC.1,,231,False,False,,TraesCS1A03G0799200LC.1,,3.9,0.0,0.3454,0.00768245838668,1,1,1,1,1,1,0,0,0,,,
1335,PXD004720,bread wheat,embryo,single,protein,no,TraesCS1A03G0806400LC.1,TraesCS1A03G0806400LC.1,TraesCS1A03G0806400LC.1,,77,False,False,,TraesCS1A03G0806400LC.1,,18.18,0.0,0.2759,0.00768245838668,1,0,1,1,0,1,0,0,0,,,TraesCS3A03G1047200LC.1
1336,PXD004720,bread wheat,embryo,single,protein,no,TraesCS1A03G0816200.1,TraesCS1A03G0816200.1,TraesCS1A03G0816200.1,,577,False,False,,TraesCS1A03G0816200.1,,1.73,0.0,0.0552,0.00768245838668,1,1,1,1,1,1,0,0,0,,,
1337,PXD004720,bread wheat,embryo,single,protein,no,TraesCS1A03G0825600.1,TraesCS1A03G0825600.1,TraesCS1A03G0825600.1,,1024,False,False,,TraesCS1A03G0825600.1,,1.07,0.0,0.2895,0.00768245838668,1,0,1,1,0,1,0,0,0,5M(15.9949),,"TraesCS1D03G0794200.1, TraesCS1D03G0794500.1"
1338,PXD004720,bread wheat,embryo,single,protein,no,TraesCS1A03G0827000.1,TraesCS1A03G0827000.1,TraesCS1A03G0827000.1,,521,False,False,,TraesCS1A03G0827000.1,,1.34,0.0,0.0591,0.00768245838668,1,0,1,1,0,1,0,0,0,,,"TraesCS1B03G0951100.1, TraesCS1D03G0795800LC.1"
1339,PXD004720,bread wheat,embryo,single,protein,no,TraesCS1A03G0836000.1,TraesCS1A03G0836000.1,TraesCS1A03G0836000.1,,336,False,False,,TraesCS1A03G0836000.1,,2.68,0.0,0.066,0.00768245838668,1,0,1,1,0,1,0,0,0,,,"TraesCS1B03G0959800.1, TraesCS1D03G0804900.1"
1340,PXD004720,bread wheat,embryo,single,protein,no,TraesCS1A03G0859900.1,TraesCS1A03G0859900.1,TraesCS1A03G0859900.1,,503,False,False,,TraesCS1A03G0859900.1,,2.39,0.0,0.1331,0.00768245838668,1,0,1,1,0,1,0,0,0,,,"TraesCS1B03G0996300.1, TraesCS1D03G0830800.1"
1341,PXD004720,bread wheat,embryo,single,protein,no,TraesCS1A03G0866400.1,TraesCS1A03G0866400.1,TraesCS1A03G0866400.1,,108,False,False,,TraesCS1A03G0866400.1,,10.19,0.0,0.0582,0.00768245838668,1,1,1,1,1,1,0,0,0,,,
1342,PXD004720,bread wheat,embryo,single,protein,no,TraesCS1A03G0870900.1,TraesCS1A03G0870900.1,TraesCS1A03G0870900.1,,607,False,False,,TraesCS1A03G0870900.1,,2.97,0.0,0.0576,0.00768245838668,1,1,1,1,1,1,0,0,0,"10C(57.0214), 4M(15.9949)",,
1343,PXD004720,bread wheat,embryo,single,protein,no,TraesCS1A03G0890200LC.1,TraesCS1A03G0890200LC.1,TraesCS1A03G0890200LC.1,,190,False,False,,TraesCS1A03G0890200LC.1,,3.68,0.0,0.0648,0.00768245838668,1,1,1,1,1,1,0,0,0,,,
1344,PXD004720,bread wheat,embryo,single,protein,no,TraesCS1A03G0894200LC.1,TraesCS1A03G0894200LC.1,TraesCS1A03G0894200LC.1,,350,False,False,,TraesCS1A03G0894200LC.1,,2.86,0.0,0.0563,0.00768245838668,1,1,1,1,1,1,0,0,0,,,
1345,PXD004720,bread wheat,embryo,single,protein,no,TraesCS1A03G0906700LC.1,TraesCS1A03G0906700LC.1,TraesCS1A03G0906700LC.1,,1395,False,False,,TraesCS1A03G0906700LC.1,,0.57,0.0,0.1402,0.00768245838668,1,1,1,1,1,1,0,0,0,,,
1346,PXD004720,bread wheat,embryo,single,protein,no,TraesCS1A03G0945300.1,TraesCS1A03G0945300.1,TraesCS1A03G0945300.1,,377,False,False,,TraesCS1A03G0945300.1,,2.92,0.0,0.0816,0.00768245838668,1,1,1,1,1,1,0,0,0,,,
1347,PXD004720,bread wheat,embryo,single,protein,no,TraesCS1A03G0956000.1,TraesCS1A03G0956000.1,TraesCS1A03G0956000.1,,353,False,False,,TraesCS1A03G0956000.1,,3.12,0.0,0.0,0.00768245838668,1,0,1,2,0,2,0,0,0,,,"TraesCS1B03G1133400.1, TraesCS1D03G0849300LC.1, TraesCS1D03G0931700.1, TraesCS2A03G0777500.1, TraesCS3D03G0304700LC.1, TraesCS3D03G0977800LC.1, TraesCS4A03G0362300.1, TraesCS4A03G0362300.2, TraesCS4A03G0362300.3, TraesCS5A03G0460800LC.1, TraesCS5D03G0572300.1, TraesCS6A03G1007700.1, TraesCS6A03G1007700.2, TraesCS6D03G0367200LC.1, TraesCS6D03G0493500.1, TraesCS6D03G0627000LC.1, TraesCS7A03G0998800LC.1, TraesCS7B03G0731400.1, TraesCS7B03G0835200LC.1, TraesCS7D03G0507800.1, TraesCS7D03G1074900LC.1, decoy_121774, decoy_242682, decoy_268575, decoy_3383, decoy_41618, decoy_41619, decoy_48518, decoy_48519, decoy_48520, decoy_55711, decoy_55712, decoy_71132, decoy_71133"
1348,PXD004720,bread wheat,embryo,single,protein,no,TraesCS1A03G1035100.1,TraesCS1A03G1035100.1,TraesCS1A03G1035100.1,,719,False,False,,TraesCS1A03G1035100.1,,2.23,0.0,0.2472,0.00768245838668,1,0,1,1,0,1,0,0,0,13M(15.9949),,"TraesCS1A03G1035100.2, TraesCS1B03G1234800.1, TraesCS1B03G1234800.2, TraesCS1D03G0998200.1, TraesCS1D03G0998200.2, TraesCS1D03G0998200.3"
1349,PXD004720,bread wheat,embryo,single,protein,no,TraesCS1A03G1039900LC.1,TraesCS1A03G1039900LC.1,TraesCS1A03G1039900LC.1,,1856,False,False,,TraesCS1A03G1039900LC.1,,0.38,0.0,0.0,0.00768245838668,1,0,1,1,0,1,0,0,0,,,"TraesCS2A03G0330400LC.1, TraesCS4D03G0303600LC.1, TraesCS5D03G0009600LC.1"
1350,PXD004720,bread wheat,embryo,single,protein,no,TraesCS1A03G1049500LC.1,TraesCS1A03G1049500LC.1,TraesCS1A03G1049500LC.1,,301,False,False,,TraesCS1A03G1049500LC.1,,4.32,0.0,0.0,0.00768245838668,1,0,1,1,0,1,0,0,0,,,"TraesCS1A03G1049700LC.1, TraesCS4B03G0983300LC.1"
1351,PXD004720,bread wheat,embryo,single,protein,no,TraesCS1A03G1075200LC.1,TraesCS1A03G1075200LC.1,TraesCS1A03G1075200LC.1,,280,False,False,,TraesCS1A03G1075200LC.1,,3.21,0.0,0.1215,0.00768245838668,1,0,1,2,0,2,0,0,0,,,"TraesCS3A03G0136700LC.1, TraesCS4A03G1093300LC.1, TraesCS4B03G0019400LC.1, TraesCS5B03G0356600LC.1"
1352,PXD004720,bread wheat,embryo,single,protein,no,TraesCS1A03G1076200.1,TraesCS1A03G1076200.1,TraesCS1A03G1076200.1,,585,False,False,,TraesCS1A03G1076200.1,,1.2,0.0,0.0,0.00768245838668,1,0,1,1,0,1,0,0,0,,,"TraesCS1A03G1076200.2, TraesCS1A03G1076200.3, TraesCS1A03G1076200.4, TraesCS1D03G1037300LC.1, decoy_290889"
1353,PXD004720,bread wheat,embryo,single,protein,no,TraesCS1A03G1080500.1,TraesCS1A03G1080500.1,TraesCS1A03G1080500.1,,412,False,False,,TraesCS1A03G1080500.1,,1.94,0.0,0.1296,0.00768245838668,1,0,1,1,0,1,0,0,0,,,"TraesCS1B03G1276000.1, TraesCS1D03G1041000.1, TraesCS2A03G1096700.1, TraesCS4A03G0696500.1, TraesCS4B03G0099100.1, TraesCS4D03G0082000.1"
1354,PXD004720,bread wheat,embryo,single,protein,no,TraesCS1A03G1082500.1,TraesCS1A03G1082500.1,TraesCS1A03G1082500.1,,1066,False,False,,TraesCS1A03G1082500.1,,1.13,0.0,0.0653,0.00768245838668,1,0,1,1,0,1,0,0,0,10C(57.0214),,"TraesCS1B03G1280500.1, TraesCS1B03G1280500.2, TraesCS1D03G1044400.1"
1355,PXD004720,bread wheat,embryo,single,protein,no,TraesCS1B03G0022500.1,TraesCS1B03G0022500.1,TraesCS1B03G0022500.1,,352,False,False,,TraesCS1B03G0022500.1,,1.99,0.0,0.0581,0.00768245838668,1,0,1,1,0,1,0,0,0,,,"TraesCS1B03G0022600.1, TraesCS1B03G0022700.1, TraesCS1D03G0012300.1"
1356,PXD004720,bread wheat,embryo,single,protein,no,TraesCS1B03G0025000.2,TraesCS1B03G0025000.2,TraesCS1B03G0025000.2,,1377,False,False,,TraesCS1B03G0025000.2,,0.73,0.0,0.1269,0.00768245838668,1,1,1,2,2,2,0,0,0,"7M(15.9949), N-term(42.0106)",,
1357,PXD004720,bread wheat,embryo,single,protein,no,TraesCS1B03G0029500LC.1,TraesCS1B03G0029500LC.1,TraesCS1B03G0029500LC.1,,123,False,False,,TraesCS1B03G0029500LC.1,,8.13,0.0,0.0579,0.00768245838668,1,1,1,1,1,1,0,0,0,,,
1358,PXD004720,bread wheat,embryo,single,protein,no,TraesCS1B03G0050200.1,TraesCS1B03G0050200.1,TraesCS1B03G0050200.1,,223,False,False,,TraesCS1B03G0050200.1,,4.04,0.0,0.2706,0.00768245838668,1,0,1,1,0,1,0,0,0,,,"TraesCS1B03G0050200.2, TraesCS1B03G0054000LC.1, TraesCS1B03G0057100.1"
1359,PXD004720,bread wheat,embryo,single,protein,no,TraesCS1B03G0054600.1,TraesCS1B03G0054600.1,TraesCS1B03G0054600.1,,310,False,False,,TraesCS1B03G0054600.1,,2.58,0.0,0.1623,0.00768245838668,1,0,1,2,0,2,0,0,0,,,TraesCS1B03G0814000.1
1360,PXD004720,bread wheat,embryo,single,protein,no,TraesCS1B03G0065000.1,TraesCS1B03G0065000.1,TraesCS1B03G0065000.1,,717,False,False,,TraesCS1B03G0065000.1,,2.37,0.0,0.0589,0.00768245838668,1,1,1,1,1,1,0,0,0,7C(57.0214),,
1361,PXD004720,bread wheat,embryo,single,protein,no,TraesCS1B03G0080900.1,TraesCS1B03G0080900.1,TraesCS1B03G0080900.1,,77,False,False,,TraesCS1B03G0080900.1,,24.68,0.0,0.1852,0.00768245838668,1,1,1,1,1,1,0,0,0,9C(57.0214),,
1362,PXD004720,bread wheat,embryo,single,protein,no,TraesCS1B03G0118500LC.1,TraesCS1B03G0118500LC.1,TraesCS1B03G0118500LC.1,,214,False,False,,TraesCS1B03G0118500LC.1,,3.27,0.0,0.0,0.00768245838668,1,0,1,2,0,2,0,0,0,,,"TraesCS2A03G0033700LC.1, TraesCS3B03G1297100LC.1, TraesCS4A03G1153400LC.1, TraesCS5B03G1069500LC.1"
1363,PXD004720,bread wheat,embryo,single,protein,no,TraesCS1B03G0131600.1,TraesCS1B03G0131600.1,TraesCS1B03G0131600.1,,456,False,False,,TraesCS1B03G0131600.1,,2.19,0.0,0.0642,0.00768245838668,1,0,1,1,0,1,0,0,0,,,TraesCS1D03G0090900.1
1364,PXD004720,bread wheat,embryo,single,protein,no,TraesCS1B03G0145100LC.1,TraesCS1B03G0145100LC.1,TraesCS1B03G0145100LC.1,,633,False,False,,TraesCS1B03G0145100LC.1,,1.58,0.0,0.0,0.00768245838668,1,0,1,1,0,1,0,0,0,,,"TraesCS4A03G0617000LC.1, TraesCS5D03G0290400LC.1, TraesCS6D03G0356000LC.1, TraesCS7B03G0366200LC.1"
1365,PXD004720,bread wheat,embryo,single,protein,no,TraesCS1B03G0152000.1,TraesCS1B03G0152000.1,TraesCS1B03G0152000.1,,491,False,False,,TraesCS1B03G0152000.1,,2.65,0.0,0.1032,0.00768245838668,1,0,1,1,0,1,0,0,0,,,TraesCS1D03G0102600.1
1366,PXD004720,bread wheat,embryo,single,protein,no,TraesCS1B03G0153400.1,TraesCS1B03G0153400.1,TraesCS1B03G0153400.1,,458,False,False,,TraesCS1B03G0153400.1,,3.71,0.0,0.317,0.00768245838668,1,1,1,1,1,1,0,0,0,,,
1367,PXD004720,bread wheat,embryo,single,protein,no,TraesCS1B03G0196800.1,TraesCS1B03G0196800.1,TraesCS1B03G0196800.1,,551,False,False,,TraesCS1B03G0196800.1,,2.18,0.0,0.1711,0.00768245838668,1,0,1,1,0,1,0,0,0,,,TraesCS1D03G0132200.1
1368,PXD004720,bread wheat,embryo,single,protein,no,TraesCS1B03G0203300.1,TraesCS1B03G0203300.1,TraesCS1B03G0203300.1,,345,False,False,,TraesCS1B03G0203300.1,,4.06,0.0,0.1301,0.00768245838668,1,0,1,1,0,1,0,0,0,13C(57.0214),,"TraesCS1B03G0203300.2, TraesCS1B03G0203300.3"
1369,PXD004720,bread wheat,embryo,single,protein,no,TraesCS1B03G0211200.1,TraesCS1B03G0211200.1,TraesCS1B03G0211200.1,,139,False,False,,TraesCS1B03G0211200.1,,7.19,0.0,0.0935,0.00768245838668,1,0,1,1,0,1,0,0,0,,,TraesCS1B03G0211200.2
1370,PXD004720,bread wheat,embryo,single,protein,no,TraesCS1B03G0228500LC.1,TraesCS1B03G0228500LC.1,TraesCS1B03G0228500LC.1,,1993,False,False,,TraesCS1B03G0228500LC.1,,0.5,0.0,0.0811,0.00768245838668,1,0,1,1,0,1,0,0,0,,,TraesCS7A03G0657900LC.1
1371,PXD004720,bread wheat,embryo,single,protein,no,TraesCS1B03G0238200.3,TraesCS1B03G0238200.3,TraesCS1B03G0238200.3,,486,False,False,,TraesCS1B03G0238200.3,,1.44,0.0,0.0,0.00768245838668,1,0,1,1,0,1,0,0,0,,,
1372,PXD004720,bread wheat,embryo,single,protein,no,TraesCS1B03G0255500LC.1,TraesCS1B03G0255500LC.1,TraesCS1B03G0255500LC.1,,441,False,False,,TraesCS1B03G0255500LC.1,,4.76,0.0,0.2707,0.00768245838668,1,1,1,1,1,1,0,0,0,,,
1373,PXD004720,bread wheat,embryo,single,protein,no,TraesCS1B03G0257700LC.1,TraesCS1B03G0257700LC.1,TraesCS1B03G0257700LC.1,,194,False,False,,TraesCS1B03G0257700LC.1,,5.15,0.0,0.0,0.00768245838668,1,0,1,1,0,1,0,0,0,,,"TraesCS3A03G1266300LC.1, TraesCS4A03G0998800LC.1, TraesCS4B03G0561800LC.1, TraesCS4D03G0819700LC.1, TraesCS6D03G0130100LC.1"
1374,PXD004720,bread wheat,embryo,single,protein,no,TraesCS1B03G0305100LC.1,TraesCS1B03G0305100LC.1,TraesCS1B03G0305100LC.1,,210,False,False,,TraesCS1B03G0305100LC.1,,6.19,0.0,0.0,0.00768245838668,1,0,1,1,0,1,0,0,0,,,TraesCS7D03G1129900LC.1
1375,PXD004720,bread wheat,embryo,single,protein,no,TraesCS1B03G0305600.1,TraesCS1B03G0305600.1,TraesCS1B03G0305600.1,,399,False,False,,TraesCS1B03G0305600.1,,2.01,0.0,0.0542,0.00768245838668,1,0,1,1,0,1,0,0,0,,,"TraesCS1B03G0305800.1, TraesCS1D03G0219900.1"
1376,PXD004720,bread wheat,embryo,single,protein,no,TraesCS1B03G0313000LC.1,TraesCS1B03G0313000LC.1,TraesCS1B03G0313000LC.1,,456,False,False,,TraesCS1B03G0313000LC.1,,2.41,0.0,0.2759,0.00768245838668,1,0,1,1,0,1,0,0,0,,,"TraesCS1B03G0340900LC.1, TraesCS2A03G0491300LC.1, TraesCS2A03G0627200LC.1, TraesCS2A03G0630200LC.1, TraesCS2A03G0792800LC.1, TraesCS2B03G0850400LC.1, TraesCS2B03G0851400LC.1, TraesCS2D03G0462000LC.1, TraesCS3D03G0530800LC.1, TraesCS6A03G0406500LC.1, TraesCS7A03G0729200LC.1, TraesCS7B03G0480800LC.1"
1377,PXD004720,bread wheat,embryo,single,protein,no,TraesCS1B03G0314000LC.1,TraesCS1B03G0314000LC.1,TraesCS1B03G0314000LC.1,,98,False,False,,TraesCS1B03G0314000LC.1,,9.18,0.0,0.1356,0.00768245838668,1,1,1,1,1,1,0,0,0,,,
1378,PXD004720,bread wheat,embryo,single,protein,no,TraesCS1B03G0331900LC.1,TraesCS1B03G0331900LC.1,TraesCS1B03G0331900LC.1,,152,False,False,,TraesCS1B03G0331900LC.1,,5.92,0.0,0.2513,0.00768245838668,1,1,1,1,1,1,0,0,0,,,
1379,PXD004720,bread wheat,embryo,single,protein,no,TraesCS1B03G0333800.1,TraesCS1B03G0333800.1,TraesCS1B03G0333800.1,,556,False,False,,TraesCS1B03G0333800.1,,1.98,0.0,0.107,0.00768245838668,1,0,1,1,0,1,0,0,0,,,"TraesCS1D03G0248400LC.1, TraesCS3B03G1210000.1, TraesCS3B03G1331600.1, TraesCS3B03G1332000LC.1, TraesCS3D03G1066200LC.1, TraesCS6A03G0344600.1, TraesCS7B03G0026100.1, TraesCS7D03G1161600.1"
1380,PXD004720,bread wheat,embryo,single,protein,no,TraesCS1B03G0346500LC.1,TraesCS1B03G0346500LC.1,TraesCS1B03G0346500LC.1,,65,False,False,,TraesCS1B03G0346500LC.1,,13.85,0.0,0.1711,0.00768245838668,1,1,1,1,1,1,0,0,0,,,
1381,PXD004720,bread wheat,embryo,single,protein,no,TraesCS1B03G0403000LC.1,TraesCS1B03G0403000LC.1,TraesCS1B03G0403000LC.1,,246,False,False,,TraesCS1B03G0403000LC.1,,3.25,0.0,0.1303,0.00768245838668,1,1,1,1,1,1,0,0,0,,,
1382,PXD004720,bread wheat,embryo,single,protein,no,TraesCS1B03G0429600LC.1,TraesCS1B03G0429600LC.1,TraesCS1B03G0429600LC.1,,528,False,False,,TraesCS1B03G0429600LC.1,,1.52,0.0,0.056,0.00768245838668,1,1,1,1,1,1,0,0,0,,,
1383,PXD004720,bread wheat,embryo,single,protein,no,TraesCS1B03G0430200.1,TraesCS1B03G0430200.1,TraesCS1B03G0430200.1,,175,False,False,,TraesCS1B03G0430200.1,,5.14,0.0,0.0682,0.00768245838668,1,1,1,1,1,1,0,0,0,,,
1384,PXD004720,bread wheat,embryo,single,protein,no,TraesCS1B03G0441600LC.1,TraesCS1B03G0441600LC.1,TraesCS1B03G0441600LC.1,,110,False,False,,TraesCS1B03G0441600LC.1,,6.36,0.0,0.3253,0.00768245838668,1,0,1,1,0,1,0,0,0,,,
1385,PXD004720,bread wheat,embryo,single,protein,no,TraesCS1B03G0476600LC.1,TraesCS1B03G0476600LC.1,TraesCS1B03G0476600LC.1,,134,False,False,,TraesCS1B03G0476600LC.1,,8.96,0.0,0.0923,0.00768245838668,1,1,1,1,1,1,0,0,0,,,
1386,PXD004720,bread wheat,embryo,single,protein,no,TraesCS1B03G0508600LC.1,TraesCS1B03G0508600LC.1,TraesCS1B03G0508600LC.1,,149,False,False,,TraesCS1B03G0508600LC.1,,6.04,0.0,0.0635,0.00768245838668,1,1,1,1,1,1,0,0,0,,,
1387,PXD004720,bread wheat,embryo,single,protein,no,TraesCS1B03G0514300LC.1,TraesCS1B03G0514300LC.1,TraesCS1B03G0514300LC.1,,654,False,False,,TraesCS1B03G0514300LC.1,,1.38,0.0,0.1416,0.00768245838668,1,0,1,1,0,1,0,0,0,6M(15.9949),,"TraesCS1B03G0982200LC.1, TraesCS1B03G1222200LC.1, TraesCS2A03G0209600LC.1, TraesCS2B03G0359100LC.1, TraesCS3A03G0473800LC.1, TraesCS3A03G0932800LC.1, TraesCS5A03G1251300LC.1, TraesCS6A03G0435000LC.1, TraesCS6B03G0930300LC.1, TraesCS6B03G1264600LC.1, TraesCS7A03G0262400LC.1, TraesCS7B03G0914200LC.1"
1388,PXD004720,bread wheat,embryo,single,protein,no,TraesCS1B03G0518200.1,TraesCS1B03G0518200.1,TraesCS1B03G0518200.1,,499,False,False,,TraesCS1B03G0518200.1,,3.41,0.0,0.0501,0.00768245838668,1,0,1,1,0,1,0,0,0,,,TraesCS1D03G0405000.1
1389,PXD004720,bread wheat,embryo,single,protein,no,TraesCS1B03G0526000LC.1,TraesCS1B03G0526000LC.1,TraesCS1B03G0526000LC.1,,485,False,False,,TraesCS1B03G0526000LC.1,,2.89,0.0,0.1016,0.00768245838668,1,0,1,1,0,1,0,0,0,,,TraesCS7B03G1132200LC.1
1390,PXD004720,bread wheat,embryo,single,protein,no,TraesCS1B03G0597900.1,TraesCS1B03G0597900.1,TraesCS1B03G0597900.1,,505,False,False,,TraesCS1B03G0597900.1,,3.56,0.0,0.1569,0.00768245838668,1,0,1,1,0,1,0,0,0,15M(15.9949),,TraesCS1D03G0428000.1
1391,PXD004720,bread wheat,embryo,single,protein,no,TraesCS1B03G0621800.1,TraesCS1B03G0621800.1,TraesCS1B03G0621800.1,,2117,False,False,,TraesCS1B03G0621800.1,,0.57,0.0,0.0716,0.00768245838668,1,1,1,1,1,1,0,0,0,,,
1392,PXD004720,bread wheat,embryo,single,protein,no,TraesCS1B03G0646500LC.1,TraesCS1B03G0646500LC.1,TraesCS1B03G0646500LC.1,,119,False,False,,TraesCS1B03G0646500LC.1,,9.24,0.0,0.0913,0.00768245838668,1,0,1,1,0,1,0,0,0,,,"TraesCS7B03G0954900LC.1, TraesCS7B03G1330000LC.1"
1393,PXD004720,bread wheat,embryo,single,protein,no,TraesCS1B03G0731800.1,TraesCS1B03G0731800.1,TraesCS1B03G0731800.1,,216,False,False,,TraesCS1B03G0731800.1,,4.63,0.0,0.165,0.00768245838668,1,0,1,1,0,1,0,0,0,,,TraesCS1B03G0731800.2
1394,PXD004720,bread wheat,embryo,single,protein,no,TraesCS1B03G0751200LC.1,TraesCS1B03G0751200LC.1,TraesCS1B03G0751200LC.1,,215,False,False,,TraesCS1B03G0751200LC.1,,9.3,0.0,0.0696,0.00768245838668,1,1,1,1,1,1,0,0,0,,,
1395,PXD004720,bread wheat,embryo,single,protein,no,TraesCS1B03G0780100LC.1,TraesCS1B03G0780100LC.1,TraesCS1B03G0780100LC.1,,898,False,False,,TraesCS1B03G0780100LC.1,,0.89,0.0,0.1956,0.00768245838668,1,0,1,3,0,3,0,0,0,,,"TraesCS1D03G0114500LC.1, TraesCS1D03G0284000LC.1, TraesCS3B03G1446500LC.1, TraesCS3D03G0185600LC.1, TraesCS4A03G0366000LC.1, TraesCS4A03G0366300LC.1, TraesCS4A03G0565700LC.1, TraesCS4B03G0469700LC.1, TraesCS4D03G0408600LC.1, TraesCS5D03G0705400LC.1, TraesCS6D03G0091500LC.1, TraesCS6D03G0601600LC.1, TraesCS7B03G1040200LC.1, TraesCS7D03G1040500LC.1"
1396,PXD004720,bread wheat,embryo,single,protein,no,TraesCS1B03G0782600LC.1,TraesCS1B03G0782600LC.1,TraesCS1B03G0782600LC.1,,91,False,False,,TraesCS1B03G0782600LC.1,,14.29,0.0,0.0537,0.00768245838668,1,1,1,1,1,1,0,0,0,,,
1397,PXD004720,bread wheat,embryo,single,protein,no,TraesCS1B03G0827100.1,TraesCS1B03G0827100.1,TraesCS1B03G0827100.1,,1196,False,False,,TraesCS1B03G0827100.1,,2.01,0.0,0.0992,0.00768245838668,1,1,1,1,1,1,0,0,0,,,
1398,PXD004720,bread wheat,embryo,single,protein,no,TraesCS1B03G0827400.1,TraesCS1B03G0827400.1,TraesCS1B03G0827400.1,,1521,False,False,,TraesCS1B03G0827400.1,,0.59,0.0,0.3103,0.00768245838668,1,0,1,1,0,1,0,0,0,,,"TraesCS1B03G0827400.2, TraesCS1B03G0827400.3"
1399,PXD004720,bread wheat,embryo,single,protein,no,TraesCS1B03G0828500LC.1,TraesCS1B03G0828500LC.1,TraesCS1B03G0828500LC.1,,148,False,False,,TraesCS1B03G0828500LC.1,,6.08,0.0,0.1427,0.00768245838668,1,1,1,1,1,1,0,0,0,,,
1400,PXD004720,bread wheat,embryo,single,protein,no,TraesCS1B03G0842900.1,TraesCS1B03G0842900.1,TraesCS1B03G0842900.1,,436,False,False,,TraesCS1B03G0842900.1,,4.82,0.0,0.1331,0.00768245838668,1,0,1,1,0,1,0,0,0,12M(15.9949),,TraesCS1B03G0842900.2
1401,PXD004720,bread wheat,embryo,single,protein,no,TraesCS1B03G0876300.1,TraesCS1B03G0876300.1,TraesCS1B03G0876300.1,,160,False,False,,TraesCS1B03G0876300.1,,8.12,0.0,0.0704,0.00768245838668,1,1,1,1,1,1,0,0,0,,,
1402,PXD004720,bread wheat,embryo,single,protein,no,TraesCS1B03G0912200.1,TraesCS1B03G0912200.1,TraesCS1B03G0912200.1,,317,False,False,,TraesCS1B03G0912200.1,,4.73,0.0,0.0628,0.00768245838668,1,1,1,1,1,1,0,0,0,,,
1403,PXD004720,bread wheat,embryo,single,protein,no,TraesCS1B03G0924000LC.1,TraesCS1B03G0924000LC.1,TraesCS1B03G0924000LC.1,,323,False,False,,TraesCS1B03G0924000LC.1,,2.79,0.0,0.0754,0.00768245838668,1,0,1,1,0,1,0,0,0,,,"TraesCS5B03G0920600LC.1, TraesCS6B03G0073100LC.1"
1404,PXD004720,bread wheat,embryo,single,protein,no,TraesCS1B03G0935000.1,TraesCS1B03G0935000.1,TraesCS1B03G0935000.1,,494,False,False,,TraesCS1B03G0935000.1,,2.83,0.0,0.1443,0.00768245838668,1,1,1,1,1,1,0,0,0,,,
1405,PXD004720,bread wheat,embryo,single,protein,no,TraesCS1B03G0973500LC.1,TraesCS1B03G0973500LC.1,TraesCS1B03G0973500LC.1,,237,False,False,,TraesCS1B03G0973500LC.1,,4.22,0.0,0.0815,0.00768245838668,1,0,1,1,0,1,0,0,0,,,"TraesCS1D03G0342400LC.1, TraesCS1D03G0401100.1, TraesCS1D03G0701300LC.1, TraesCS1D03G0900500LC.1, TraesCS2A03G0010500LC.1, TraesCS2A03G0517400LC.1, TraesCS2B03G1264300LC.1, TraesCS2D03G0032900LC.1, TraesCS2D03G0709200LC.1, TraesCS2D03G1227000LC.1, TraesCS3D03G0976300LC.1, TraesCS4B03G0318900.1, TraesCS5A03G0743200LC.1, TraesCS5A03G1087200.1, TraesCS5A03G1187900LC.1, TraesCS5B03G0850800LC.1, TraesCS5D03G0196300LC.1, TraesCS6A03G0694700LC.1, TraesCS6A03G0844800LC.1, TraesCS6B03G1060400LC.1, TraesCS6D03G0386300LC.1, TraesCS7A03G0348600LC.1, TraesCS7B03G0073500LC.1, TraesCS7B03G1042800LC.1"
1406,PXD004720,bread wheat,embryo,single,protein,no,TraesCS1B03G0976000.1,TraesCS1B03G0976000.1,TraesCS1B03G0976000.1,,147,False,False,,TraesCS1B03G0976000.1,,4.76,0.0,0.1184,0.00768245838668,1,0,1,1,0,1,0,0,0,,,"TraesCS2B03G1415800LC.1, TraesCS3A03G0224600.1, TraesCS4A03G0206700.1, TraesCS4A03G0206900.1, TraesCS4A03G0207000.1, TraesCS4B03G0567900.1, TraesCS4B03G0568100.1, TraesCS4D03G0501800.1, TraesCS4D03G0501900.1, TraesCS5A03G0615800.1, TraesCS5A03G1092000.1, TraesCS5B03G0633000.1, TraesCS5B03G1156800.1, TraesCS5D03G0582600.1, TraesCS5D03G1050300.1, TraesCS6A03G0075800.1, TraesCS6A03G0076300.1, TraesCS6A03G0076400LC.1, TraesCS6A03G0076600.1, TraesCS6A03G0076800.1, TraesCS6A03G0077100.1, TraesCS6A03G0077300.1, TraesCS6A03G0096900.1, TraesCS6A03G0138500.1, TraesCS6A03G0140500.1, TraesCS6A03G0276700.1, TraesCS6B03G0110000.1, TraesCS6B03G0110400.1, TraesCS6B03G0110600.1, TraesCS6B03G0111200.1, TraesCS6B03G0111500.1, TraesCS6B03G0111900.1, TraesCS6B03G0112000.1, TraesCS6B03G0137900.1, TraesCS6B03G0194700.1, TraesCS6B03G0195200.1, TraesCS6B03G0195400.1, TraesCS6B03G0195500.1, TraesCS6B03G0196500LC.1, TraesCS6B03G0365000.1, TraesCS6D03G0078800.1, TraesCS6D03G0079400.1, TraesCS6D03G0079600.1, TraesCS6D03G0079800.1, TraesCS6D03G0080000.1, TraesCS6D03G0080100.1, TraesCS6D03G0104000LC.1, TraesCS6D03G0131100.1, TraesCS6D03G0230100.1, TraesCS7A03G1061100.1, TraesCS7A03G1061200.1, TraesCS7A03G1061800.1, TraesCS7A03G1061900.1, TraesCS7B03G0904300.1, TraesCS7B03G0904400.1, TraesCS7B03G0904500.1, TraesCS7B03G0905100.1, TraesCS7B03G0905200.1, TraesCS7D03G1013000.1, TraesCS7D03G1013900.1, TraesCS7D03G1014300.1, TraesCS7D03G1014400.1"
1407,PXD004720,bread wheat,embryo,single,protein,no,TraesCS1B03G0981200.1,TraesCS1B03G0981200.1,TraesCS1B03G0981200.1,,680,False,False,,TraesCS1B03G0981200.1,,2.06,0.0,0.2871,0.00768245838668,1,1,1,1,1,1,0,0,0,,,
1408,PXD004720,bread wheat,embryo,single,protein,no,TraesCS1B03G1018400.3,TraesCS1B03G1018400.3,TraesCS1B03G1018400.3,,670,False,False,,TraesCS1B03G1018400.3,,1.64,0.0,0.0574,0.00768245838668,1,1,1,1,1,1,0,0,0,,,
1409,PXD004720,bread wheat,embryo,single,protein,no,TraesCS1B03G1022000.1,TraesCS1B03G1022000.1,TraesCS1B03G1022000.1,,2142,False,False,,TraesCS1B03G1022000.1,,0.56,0.0,0.1191,0.00768245838668,1,0,1,1,0,1,0,0,0,,,TraesCS1D03G0851400.1
1410,PXD004720,bread wheat,embryo,single,protein,no,TraesCS1B03G1048300.1,TraesCS1B03G1048300.1,TraesCS1B03G1048300.1,,342,False,False,,TraesCS1B03G1048300.1,,2.63,0.0,0.138,0.00768245838668,1,0,1,1,0,1,0,0,0,2M(15.9949),,"TraesCS1D03G0868500.1, TraesCS4A03G0936900.1, TraesCS4A03G0936900.2, TraesCS7A03G0190200.1, TraesCS7D03G0171100.1, TraesCS7D03G0171100.2"
1411,PXD004720,bread wheat,embryo,single,protein,no,TraesCS1B03G1085200.1,TraesCS1B03G1085200.1,TraesCS1B03G1085200.1,,445,False,False,,TraesCS1B03G1085200.1,,2.25,0.0,0.0751,0.00768245838668,1,1,1,1,1,1,0,0,0,,,
1412,PXD004720,bread wheat,embryo,single,protein,no,TraesCS1B03G1121800.1,TraesCS1B03G1121800.1,TraesCS1B03G1121800.1,,1367,False,False,,TraesCS1B03G1121800.1,,0.95,0.0,0.0,0.00768245838668,1,0,1,1,0,1,0,0,0,,,"TraesCS1B03G1252300.1, TraesCS1B03G1254100LC.1, TraesCS1B03G1254400.1, TraesCS1D03G1018800.1"
1413,PXD004720,bread wheat,embryo,single,protein,no,TraesCS1B03G1171400LC.1,TraesCS1B03G1171400LC.1,TraesCS1B03G1171400LC.1,,353,False,False,,TraesCS1B03G1171400LC.1,,3.68,0.0,0.0516,0.00768245838668,1,1,1,1,1,1,0,0,0,,,
1414,PXD004720,bread wheat,embryo,single,protein,no,TraesCS1B03G1183500LC.1,TraesCS1B03G1183500LC.1,TraesCS1B03G1183500LC.1,,529,False,False,,TraesCS1B03G1183500LC.1,,1.89,0.0,0.0565,0.00768245838668,1,0,1,1,0,1,0,0,0,,,TraesCS1B03G1183500LC.2
1415,PXD004720,bread wheat,embryo,single,protein,no,TraesCS1B03G1225600LC.1,TraesCS1B03G1225600LC.1,TraesCS1B03G1225600LC.1,,390,False,False,,TraesCS1B03G1225600LC.1,,3.33,0.0,0.1833,0.00768245838668,1,1,1,1,1,1,0,0,0,,,
1416,PXD004720,bread wheat,embryo,single,protein,no,TraesCS1B03G1232400.1,TraesCS1B03G1232400.1,TraesCS1B03G1232400.1,,175,False,False,,TraesCS1B03G1232400.1,,5.14,0.0,0.0745,0.00768245838668,1,1,1,1,1,1,0,0,0,,,
1417,PXD004720,bread wheat,embryo,single,protein,no,TraesCS1B03G1243400LC.1,TraesCS1B03G1243400LC.1,TraesCS1B03G1243400LC.1,,410,False,False,,TraesCS1B03G1243400LC.1,,1.95,0.0,0.0697,0.00768245838668,1,0,1,1,0,1,0,0,0,,,
1418,PXD004720,bread wheat,embryo,single,protein,no,TraesCS1B03G1251100LC.1,TraesCS1B03G1251100LC.1,TraesCS1B03G1251100LC.1,,818,False,False,,TraesCS1B03G1251100LC.1,,0.98,0.0,0.1742,0.00768245838668,1,1,1,1,1,1,0,0,0,,,
1419,PXD004720,bread wheat,embryo,single,protein,no,TraesCS1D03G0017800LC.1,TraesCS1D03G0017800LC.1,TraesCS1D03G0017800LC.1,,126,False,False,,TraesCS1D03G0017800LC.1,,8.73,0.0,0.0692,0.00768245838668,1,1,1,1,1,1,0,0,0,,,
1420,PXD004720,bread wheat,embryo,single,protein,no,TraesCS1D03G0022400LC.1,TraesCS1D03G0022400LC.1,TraesCS1D03G0022400LC.1,,180,False,False,,TraesCS1D03G0022400LC.1,,5.56,0.0,0.0873,0.00768245838668,1,1,1,2,2,2,0,0,0,,,
1421,PXD004720,bread wheat,embryo,single,protein,no,TraesCS1D03G0063200.1,TraesCS1D03G0063200.1,TraesCS1D03G0063200.1,,712,False,False,,TraesCS1D03G0063200.1,,2.67,0.0,0.0911,0.00768245838668,1,0,1,1,0,1,0,0,0,,,TraesCS1D03G0063200.2
1422,PXD004720,bread wheat,embryo,single,protein,no,TraesCS1D03G0120900LC.1,TraesCS1D03G0120900LC.1,TraesCS1D03G0120900LC.1,,132,False,False,,TraesCS1D03G0120900LC.1,,11.36,0.0,0.1452,0.00768245838668,1,1,1,1,1,1,0,0,0,,,
1423,PXD004720,bread wheat,embryo,single,protein,no,TraesCS1D03G0212900LC.1,TraesCS1D03G0212900LC.1,TraesCS1D03G0212900LC.1,,187,False,False,,TraesCS1D03G0212900LC.1,,4.81,0.0,0.0,0.00768245838668,1,0,1,1,0,1,0,0,0,,,
1424,PXD004720,bread wheat,embryo,single,protein,no,TraesCS1D03G0229500LC.1,TraesCS1D03G0229500LC.1,TraesCS1D03G0229500LC.1,,347,False,False,,TraesCS1D03G0229500LC.1,,2.31,0.0,0.0,0.00768245838668,1,0,1,1,0,1,0,0,0,5C(57.0214),,"TraesCS1D03G0985300LC.1, TraesCS2A03G1304000LC.1, TraesCS2D03G0250800LC.1, TraesCS5B03G1124200LC.1, TraesCS7B03G0970800LC.1, TraesCS7D03G0012300LC.1, TraesCS7D03G0085000LC.1"
1425,PXD004720,bread wheat,embryo,single,protein,no,TraesCS1D03G0232600.1,TraesCS1D03G0232600.1,TraesCS1D03G0232600.1,,742,False,False,,TraesCS1D03G0232600.1,,1.08,0.0,0.0623,0.00768245838668,1,1,1,1,1,1,0,0,0,,,
1426,PXD004720,bread wheat,embryo,single,protein,no,TraesCS1D03G0245900LC.1,TraesCS1D03G0245900LC.1,TraesCS1D03G0245900LC.1,,51,False,False,,TraesCS1D03G0245900LC.1,,27.45,0.0,0.2267,0.00768245838668,1,1,1,1,1,1,0,0,0,,,
1427,PXD004720,bread wheat,embryo,single,protein,no,TraesCS1D03G0280300LC.1,TraesCS1D03G0280300LC.1,TraesCS1D03G0280300LC.1,,133,False,False,,TraesCS1D03G0280300LC.1,,6.02,0.0,0.1199,0.00768245838668,1,0,1,2,0,2,0,0,0,,,TraesCS4D03G0578200LC.1
1428,PXD004720,bread wheat,embryo,single,protein,no,TraesCS1D03G0292600LC.1,TraesCS1D03G0292600LC.1,TraesCS1D03G0292600LC.1,,200,False,False,,TraesCS1D03G0292600LC.1,,8.5,0.0,0.2246,0.00768245838668,1,1,1,1,1,1,0,0,0,,,
1429,PXD004720,bread wheat,embryo,single,protein,no,TraesCS1D03G0325300LC.1,TraesCS1D03G0325300LC.1,TraesCS1D03G0325300LC.1,,439,False,False,,TraesCS1D03G0325300LC.1,,2.05,0.0,0.1858,0.00768245838668,1,1,1,1,1,1,0,0,0,,,
1430,PXD004720,bread wheat,embryo,single,protein,no,TraesCS1D03G0337600.1,TraesCS1D03G0337600.1,TraesCS1D03G0337600.1,,2046,False,False,,TraesCS1D03G0337600.1,,0.78,0.0,0.1673,0.00768245838668,1,0,1,1,0,1,0,0,0,9M(15.9949),,"TraesCS1D03G0337600.2, TraesCS1D03G0337600.3"
1431,PXD004720,bread wheat,embryo,single,protein,no,TraesCS1D03G0348100LC.1,TraesCS1D03G0348100LC.1,TraesCS1D03G0348100LC.1,,291,False,False,,TraesCS1D03G0348100LC.1,,4.47,0.0,0.3312,0.00768245838668,1,1,1,1,1,1,0,0,0,4C(57.0214),,
1432,PXD004720,bread wheat,embryo,single,protein,no,TraesCS1D03G0376800.1,TraesCS1D03G0376800.1,TraesCS1D03G0376800.1,,265,False,False,,TraesCS1D03G0376800.1,,3.77,0.0,0.2291,0.00768245838668,1,1,1,1,1,1,0,0,0,,,
1433,PXD004720,bread wheat,embryo,single,protein,no,TraesCS1D03G0390400LC.1,TraesCS1D03G0390400LC.1,TraesCS1D03G0390400LC.1,,456,False,False,,TraesCS1D03G0390400LC.1,,1.54,0.0,0.136,0.00768245838668,1,1,1,1,1,1,0,0,0,,,
1434,PXD004720,bread wheat,embryo,single,protein,no,TraesCS1D03G0411300.1,TraesCS1D03G0411300.1,TraesCS1D03G0411300.1,,574,False,False,,TraesCS1D03G0411300.1,,2.09,0.0,0.1127,0.00768245838668,1,1,1,1,1,1,0,0,0,,,
1435,PXD004720,bread wheat,embryo,single,protein,no,TraesCS1D03G0436600LC.1,TraesCS1D03G0436600LC.1,TraesCS1D03G0436600LC.1,,110,False,False,,TraesCS1D03G0436600LC.1,,14.55,0.0,0.0625,0.00768245838668,1,1,1,1,1,1,0,0,0,,,
1436,PXD004720,bread wheat,embryo,single,protein,no,TraesCS1D03G0457100LC.1,TraesCS1D03G0457100LC.1,TraesCS1D03G0457100LC.1,,90,False,False,,TraesCS1D03G0457100LC.1,,8.89,0.0,0.3226,0.00768245838668,1,0,1,1,0,1,0,0,0,,,"TraesCS1D03G0745600LC.1, TraesCS3B03G1422800LC.1, TraesCS3D03G0516600LC.1, TraesCS4A03G1175700LC.1, TraesCS4B03G0285300LC.1, TraesCS5A03G0696600LC.1, TraesCS5D03G1153200LC.1, TraesCS7D03G0380000LC.1, TraesCSU03G0305700LC.1"
1437,PXD004720,bread wheat,embryo,single,protein,no,TraesCS1D03G0485600.1,TraesCS1D03G0485600.1,TraesCS1D03G0485600.1,,278,False,False,,TraesCS1D03G0485600.1,,2.52,0.0,0.0,0.00768245838668,1,0,1,1,0,1,0,0,0,,,"TraesCS2A03G0075000.1, TraesCS2B03G0109400.1, decoy_117832, decoy_117833, decoy_123751, decoy_123752, decoy_130611, decoy_130612"
1438,PXD004720,bread wheat,embryo,single,protein,no,TraesCS1D03G0540900.1,TraesCS1D03G0540900.1,TraesCS1D03G0540900.1,,419,False,False,,TraesCS1D03G0540900.1,,8.35,0.0,0.1104,0.00768245838668,1,1,1,1,1,1,0,0,0,32C(57.0214),,
1439,PXD004720,bread wheat,embryo,single,protein,no,TraesCS1D03G0567600LC.1,TraesCS1D03G0567600LC.1,TraesCS1D03G0567600LC.1,,212,False,False,,TraesCS1D03G0567600LC.1,,6.13,0.0,0.0596,0.00768245838668,1,1,1,1,1,1,0,0,0,"3M(15.9949), 9M(15.9949)",,
1440,PXD004720,bread wheat,embryo,single,protein,no,TraesCS1D03G0590700.1,TraesCS1D03G0590700.1,TraesCS1D03G0590700.1,,417,False,False,,TraesCS1D03G0590700.1,,2.4,0.0,0.0765,0.00768245838668,1,1,1,1,1,1,0,0,0,3M(15.9949),,
1441,PXD004720,bread wheat,embryo,single,protein,no,TraesCS1D03G0610300LC.1,TraesCS1D03G0610300LC.1,TraesCS1D03G0610300LC.1,,168,False,False,,TraesCS1D03G0610300LC.1,,7.14,0.0,0.0538,0.00768245838668,1,1,1,1,1,1,0,0,0,,,
1442,PXD004720,bread wheat,embryo,single,protein,no,TraesCS1D03G0668800LC.1,TraesCS1D03G0668800LC.1,TraesCS1D03G0668800LC.1,,67,False,False,,TraesCS1D03G0668800LC.1,,11.94,0.0,0.0,0.00768245838668,1,0,1,1,0,1,0,0,0,,,TraesCS6D03G0330800LC.1
1443,PXD004720,bread wheat,embryo,single,protein,no,TraesCS1D03G0711000.1,TraesCS1D03G0711000.1,TraesCS1D03G0711000.1,,737,False,False,,TraesCS1D03G0711000.1,,1.9,0.0,0.0604,0.00768245838668,1,1,1,1,1,1,0,0,0,,,
1444,PXD004720,bread wheat,embryo,single,protein,no,TraesCS1D03G0777300.1,TraesCS1D03G0777300.1,TraesCS1D03G0777300.1,,126,False,False,,TraesCS1D03G0777300.1,,6.35,0.0,0.0764,0.00768245838668,1,1,1,1,1,1,0,0,0,,,
1445,PXD004720,bread wheat,embryo,single,protein,no,TraesCS1D03G0785900.1,TraesCS1D03G0785900.1,TraesCS1D03G0785900.1,,427,False,False,,TraesCS1D03G0785900.1,,2.81,0.0,0.0575,0.00768245838668,1,1,1,1,1,1,0,0,0,,,
1446,PXD004720,bread wheat,embryo,single,protein,no,TraesCS1D03G0818600.1,TraesCS1D03G0818600.1,TraesCS1D03G0818600.1,,928,False,False,,TraesCS1D03G0818600.1,,1.4,0.0,0.0508,0.00768245838668,1,1,1,1,1,1,0,0,0,,,
1447,PXD004720,bread wheat,embryo,single,protein,no,TraesCS1D03G0843800.1,TraesCS1D03G0843800.1,TraesCS1D03G0843800.1,,517,False,False,,TraesCS1D03G0843800.1,,1.55,0.0,0.0693,0.00768245838668,1,1,1,1,1,1,0,0,0,,,
1448,PXD004720,bread wheat,embryo,single,protein,no,TraesCS1D03G0847400.1,TraesCS1D03G0847400.1,TraesCS1D03G0847400.1,,549,False,False,,TraesCS1D03G0847400.1,,2.0,0.0,0.0669,0.00768245838668,1,0,1,1,0,1,0,0,0,,,TraesCS1D03G0847600.1
1449,PXD004720,bread wheat,embryo,single,protein,no,TraesCS1D03G0892200LC.1,TraesCS1D03G0892200LC.1,TraesCS1D03G0892200LC.1,,269,False,False,,TraesCS1D03G0892200LC.1,,2.6,0.0,0.0603,0.00768245838668,1,0,1,1,0,1,0,0,0,,,"TraesCS3A03G0726800.1, TraesCS3B03G0833700.1, TraesCS3D03G0670800.1"
1450,PXD004720,bread wheat,embryo,single,protein,no,TraesCS1D03G0895400.1,TraesCS1D03G0895400.1,TraesCS1D03G0895400.1,,1216,False,False,,TraesCS1D03G0895400.1,,0.74,0.0,0.0526,0.00768245838668,1,1,1,1,1,1,0,0,0,,,
1451,PXD004720,bread wheat,embryo,single,protein,no,TraesCS2A03G0059500LC.1,TraesCS2A03G0059500LC.1,TraesCS2A03G0059500LC.1,,240,False,False,,TraesCS2A03G0059500LC.1,,3.33,0.0,0.0,0.00768245838668,1,0,1,1,0,1,0,0,0,,,
1452,PXD004720,bread wheat,embryo,single,protein,no,TraesCS2A03G0062300.1,TraesCS2A03G0062300.1,TraesCS2A03G0062300.1,,926,False,False,,TraesCS2A03G0062300.1,,1.73,0.0,0.0516,0.00768245838668,1,1,1,1,1,1,0,0,0,2M(15.9949),,
1453,PXD004720,bread wheat,embryo,single,protein,no,TraesCS2A03G0067600.1,TraesCS2A03G0067600.1,TraesCS2A03G0067600.1,,276,False,False,,TraesCS2A03G0067600.1,,5.07,0.0,0.1455,0.00768245838668,1,1,1,1,1,1,0,0,0,,,
1454,PXD004720,bread wheat,embryo,single,protein,no,TraesCS2A03G0083800.1,TraesCS2A03G0083800.1,TraesCS2A03G0083800.1,,1038,False,False,,TraesCS2A03G0083800.1,,1.73,0.0,0.0813,0.00768245838668,1,1,1,1,1,1,0,0,0,,,
1455,PXD004720,bread wheat,embryo,single,protein,no,TraesCS2A03G0085400.1,TraesCS2A03G0085400.1,TraesCS2A03G0085400.1,,653,False,False,,TraesCS2A03G0085400.1,,2.76,0.0,0.0946,0.00768245838668,1,1,1,1,1,1,0,0,0,"13M(15.9949), 3M(15.9949), 5C(57.0214)",,
1456,PXD004720,bread wheat,embryo,single,protein,no,TraesCS2A03G0109300.1,TraesCS2A03G0109300.1,TraesCS2A03G0109300.1,,471,False,False,,TraesCS2A03G0109300.1,,1.49,0.0,0.0,0.00768245838668,1,0,1,2,0,2,0,0,0,,,"TraesCS2A03G0142600.1, TraesCS2B03G0149400LC.1, TraesCS2B03G0149900.1, TraesCS2B03G0201200.1, TraesCS2D03G0084300.1, TraesCS2D03G0104200.1, TraesCS2D03G0105900.1, TraesCS2D03G0106100.1, TraesCS5A03G0167600.1, TraesCS5D03G0184600.1"
1457,PXD004720,bread wheat,embryo,single,protein,no,TraesCS2A03G0114900LC.1,TraesCS2A03G0114900LC.1,TraesCS2A03G0114900LC.1,,327,False,False,,TraesCS2A03G0114900LC.1,,2.14,0.0,0.1084,0.00768245838668,1,0,1,1,0,1,0,0,0,,,
1458,PXD004720,bread wheat,embryo,single,protein,no,TraesCS2A03G0116300LC.1,TraesCS2A03G0116300LC.1,TraesCS2A03G0116300LC.1,,399,False,False,,TraesCS2A03G0116300LC.1,,2.76,0.0,0.0506,0.00768245838668,1,0,1,1,0,1,0,0,0,,,TraesCS3A03G1060400LC.1
1459,PXD004720,bread wheat,embryo,single,protein,no,TraesCS2A03G0139200.1,TraesCS2A03G0139200.1,TraesCS2A03G0139200.1,,716,False,False,,TraesCS2A03G0139200.1,,1.26,0.0,0.0,0.00768245838668,1,0,1,1,0,1,0,0,0,,,TraesCS2D03G0138200.1
1460,PXD004720,bread wheat,embryo,single,protein,no,TraesCS2A03G0145900.1,TraesCS2A03G0145900.1,TraesCS2A03G0145900.1,,552,False,False,,TraesCS2A03G0145900.1,,1.81,0.0,0.1565,0.00768245838668,1,1,1,1,1,1,0,0,0,4M(15.9949),,
1461,PXD004720,bread wheat,embryo,single,protein,no,TraesCS2A03G0147400LC.1,TraesCS2A03G0147400LC.1,TraesCS2A03G0147400LC.1,,268,False,False,,TraesCS2A03G0147400LC.1,,2.99,0.0,0.0,0.00768245838668,1,0,1,1,0,1,0,0,0,,,TraesCS2B03G0845300LC.1
1462,PXD004720,bread wheat,embryo,single,protein,no,TraesCS2A03G0147500LC.1,TraesCS2A03G0147500LC.1,TraesCS2A03G0147500LC.1,,133,False,False,,TraesCS2A03G0147500LC.1,,8.27,0.0,0.0882,0.00768245838668,1,0,1,1,0,1,0,0,0,,,
1463,PXD004720,bread wheat,embryo,single,protein,no,TraesCS2A03G0154200LC.1,TraesCS2A03G0154200LC.1,TraesCS2A03G0154200LC.1,,220,False,False,,TraesCS2A03G0154200LC.1,,5.0,0.0,0.2128,0.00768245838668,1,1,1,2,2,2,0,0,0,,,
1464,PXD004720,bread wheat,embryo,single,protein,no,TraesCS2A03G0173800LC.1,TraesCS2A03G0173800LC.1,TraesCS2A03G0173800LC.1,,145,False,False,,TraesCS2A03G0173800LC.1,,13.1,0.0,0.2115,0.00768245838668,1,1,1,1,1,1,0,0,0,,,
1465,PXD004720,bread wheat,embryo,single,protein,no,TraesCS2A03G0210300.1,TraesCS2A03G0210300.1,TraesCS2A03G0210300.1,,357,False,False,,TraesCS2A03G0210300.1,,3.36,0.0,0.1908,0.00768245838668,1,0,1,1,0,1,0,0,0,,,"TraesCS2B03G0289400.1, TraesCS2D03G0215500.1"
1466,PXD004720,bread wheat,embryo,single,protein,no,TraesCS2A03G0226300LC.1,TraesCS2A03G0226300LC.1,TraesCS2A03G0226300LC.1,,305,False,False,,TraesCS2A03G0226300LC.1,,2.95,0.0,0.1156,0.00768245838668,1,1,1,1,1,1,0,0,0,,,
1467,PXD004720,bread wheat,embryo,single,protein,no,TraesCS2A03G0226900LC.1,TraesCS2A03G0226900LC.1,TraesCS2A03G0226900LC.1,,144,False,False,,TraesCS2A03G0226900LC.1,,5.56,0.0,0.1315,0.00768245838668,1,1,1,1,1,1,0,0,0,,,
1468,PXD004720,bread wheat,embryo,single,protein,no,TraesCS2A03G0229000.1,TraesCS2A03G0229000.1,TraesCS2A03G0229000.1,,1618,False,False,,TraesCS2A03G0229000.1,,0.43,0.0,0.0,0.00768245838668,1,0,1,1,0,1,0,0,0,,,"TraesCS2A03G0229200.1, TraesCS2A03G0229200.2, TraesCS2A03G0229200.3, TraesCS2A03G0229200.4, TraesCS2B03G0317200.1, TraesCS2B03G0317300.1, TraesCS2D03G0235300.1, TraesCS2D03G0235300.2, TraesCS2D03G0235300.3, TraesCS5D03G0879800LC.1, decoy_187309"
1469,PXD004720,bread wheat,embryo,single,protein,no,TraesCS2A03G0256700.1,TraesCS2A03G0256700.1,TraesCS2A03G0256700.1,,421,False,False,,TraesCS2A03G0256700.1,,1.9,0.0,0.0674,0.00768245838668,1,0,1,1,0,1,0,0,0,,,"TraesCS2B03G0352600.1, TraesCS2D03G0267500.1"
1470,PXD004720,bread wheat,embryo,single,protein,no,TraesCS2A03G0258300.1,TraesCS2A03G0258300.1,TraesCS2A03G0258300.1,,464,False,False,,TraesCS2A03G0258300.1,,2.8,0.0,0.0,0.00768245838668,1,0,1,1,0,1,0,0,0,,,
1471,PXD004720,bread wheat,embryo,single,protein,no,TraesCS2A03G0265600.1,TraesCS2A03G0265600.1,TraesCS2A03G0265600.1,,559,False,False,,TraesCS2A03G0265600.1,,3.94,0.0,0.2126,0.00768245838668,1,0,1,1,0,1,0,0,0,19M(15.9949),,"TraesCS2A03G0265600.2, TraesCS2A03G0265600.3, TraesCS2A03G0265600.4, TraesCS2A03G0265600.5, TraesCS2B03G0367700.1, TraesCS2B03G0367700.2, TraesCS2B03G0367700.3, TraesCS2D03G0275800.1, TraesCS2D03G0275800.2"
1472,PXD004720,bread wheat,embryo,single,protein,no,TraesCS2A03G0391200.1,TraesCS2A03G0391200.1,TraesCS2A03G0391200.1,,505,False,False,,TraesCS2A03G0391200.1,,2.38,0.0,0.1357,0.00768245838668,1,0,1,1,0,1,0,0,0,,,"TraesCS2B03G0528900.1, TraesCS2D03G0417400.1"
1473,PXD004720,bread wheat,embryo,single,protein,no,TraesCS2A03G0398300.1,TraesCS2A03G0398300.1,TraesCS2A03G0398300.1,,330,False,False,,TraesCS2A03G0398300.1,,2.12,0.0,0.0532,0.00768245838668,1,0,1,1,0,1,0,0,0,,,"TraesCS2B03G0519300.1, TraesCS2D03G0409400.1"
1474,PXD004720,bread wheat,embryo,single,protein,no,TraesCS2A03G0405600.1,TraesCS2A03G0405600.1,TraesCS2A03G0405600.1,,508,False,False,,TraesCS2A03G0405600.1,,3.94,0.0,0.1569,0.00768245838668,1,1,1,1,1,1,0,0,0,,,
1475,PXD004720,bread wheat,embryo,single,protein,no,TraesCS2A03G0412600.1,TraesCS2A03G0412600.1,TraesCS2A03G0412600.1,,266,False,False,,TraesCS2A03G0412600.1,,5.26,0.0,0.2699,0.00768245838668,1,0,1,1,0,1,0,0,0,,,"TraesCS2D03G0430200.1, TraesCS2D03G0430200.2"
1476,PXD004720,bread wheat,embryo,single,protein,no,TraesCS2A03G0430000.1,TraesCS2A03G0430000.1,TraesCS2A03G0430000.1,,1263,False,False,,TraesCS2A03G0430000.1,,1.03,0.0,0.2779,0.00768245838668,1,1,1,1,1,1,0,0,0,,,
1477,PXD004720,bread wheat,embryo,single,protein,no,TraesCS2A03G0434100.1,TraesCS2A03G0434100.1,TraesCS2A03G0434100.1,,578,False,False,,TraesCS2A03G0434100.1,,2.08,0.0,0.2592,0.00768245838668,1,0,1,1,0,1,0,0,0,,,"TraesCS2B03G0561100.1, TraesCS2D03G0437100.1, TraesCS2D03G0438300.1, TraesCS5B03G1248900.1, TraesCS7B03G0256100.1, TraesCS7D03G0431400.1"
1478,PXD004720,bread wheat,embryo,single,protein,no,TraesCS2A03G0450200.1,TraesCS2A03G0450200.1,TraesCS2A03G0450200.1,,797,False,False,,TraesCS2A03G0450200.1,,1.0,0.0,0.0663,0.00768245838668,1,0,1,1,0,1,0,0,0,,,"TraesCS2A03G0450200.2, TraesCS2B03G0571600.1"
1479,PXD004720,bread wheat,embryo,single,protein,no,TraesCS2A03G0466800LC.1,TraesCS2A03G0466800LC.1,TraesCS2A03G0466800LC.1,,212,False,False,,TraesCS2A03G0466800LC.1,,3.3,0.0,0.0822,0.00768245838668,1,1,1,1,1,1,0,0,0,,,
1480,PXD004720,bread wheat,embryo,single,protein,no,TraesCS2A03G0470600.1,TraesCS2A03G0470600.1,TraesCS2A03G0470600.1,,485,False,False,,TraesCS2A03G0470600.1,,1.65,0.0,0.0724,0.00768245838668,1,0,1,1,0,1,0,0,0,,,"TraesCS2B03G0592000.1, TraesCS2D03G0477600.1"
1481,PXD004720,bread wheat,embryo,single,protein,no,TraesCS2A03G0470700LC.1,TraesCS2A03G0470700LC.1,TraesCS2A03G0470700LC.1,,100,False,False,,TraesCS2A03G0470700LC.1,,9.0,0.0,0.1317,0.00768245838668,1,1,1,1,1,1,0,0,0,,,
1482,PXD004720,bread wheat,embryo,single,protein,no,TraesCS2A03G0497100.1,TraesCS2A03G0497100.1,TraesCS2A03G0497100.1,,529,False,False,,TraesCS2A03G0497100.1,,2.65,0.0,0.0512,0.00768245838668,1,0,1,1,0,1,0,0,0,,,"TraesCS2A03G0497100.2, TraesCS2A03G0497100.3, TraesCS2A03G0497100.4, TraesCS2B03G0634200.1, TraesCS2D03G0503300.1, TraesCS2D03G0503300.2, TraesCS2D03G0503300.3, TraesCS2D03G0503300.4"
1483,PXD004720,bread wheat,embryo,single,protein,no,TraesCS2A03G0522600.1,TraesCS2A03G0522600.1,TraesCS2A03G0522600.1,,1263,False,False,,TraesCS2A03G0522600.1,,0.87,0.0,0.1416,0.00768245838668,1,0,1,2,0,2,0,0,0,5M(15.9949),,"TraesCS2B03G0605900.1, TraesCS2D03G0491900.1"
1484,PXD004720,bread wheat,embryo,single,protein,no,TraesCS2A03G0534800LC.1,TraesCS2A03G0534800LC.1,TraesCS2A03G0534800LC.1,,125,False,False,,TraesCS2A03G0534800LC.1,,8.8,0.0,0.0803,0.00768245838668,1,1,1,1,1,1,0,0,0,,,
1485,PXD004720,bread wheat,embryo,single,protein,no,TraesCS2A03G0539600.1,TraesCS2A03G0539600.1,TraesCS2A03G0539600.1,,251,False,False,,TraesCS2A03G0539600.1,,3.59,0.0,0.0611,0.00768245838668,1,1,1,1,1,1,0,0,0,,,
1486,PXD004720,bread wheat,embryo,single,protein,no,TraesCS2A03G0604200LC.1,TraesCS2A03G0604200LC.1,TraesCS2A03G0604200LC.1,,260,False,False,,TraesCS2A03G0604200LC.1,,3.46,0.0,0.1067,0.00768245838668,1,1,1,1,1,1,0,0,0,,,
1487,PXD004720,bread wheat,embryo,single,protein,no,TraesCS2A03G0605800.1,TraesCS2A03G0605800.1,TraesCS2A03G0605800.1,,577,False,False,,TraesCS2A03G0605800.1,,3.64,0.0,0.1136,0.00768245838668,1,0,1,1,0,1,0,0,0,15C(57.0214),,"TraesCS2A03G0605800.2, TraesCS2D03G0582100.1"
1488,PXD004720,bread wheat,embryo,single,protein,no,TraesCS2A03G0618800.1,TraesCS2A03G0618800.1,TraesCS2A03G0618800.1,,356,False,False,,TraesCS2A03G0618800.1,,3.37,0.0,0.3016,0.00768245838668,1,0,1,1,0,1,0,0,0,,,"TraesCS2B03G0741700LC.1, TraesCS2D03G0613500.1, TraesCS2D03G0613500.2"
1489,PXD004720,bread wheat,embryo,single,protein,no,TraesCS2A03G0640600.1,TraesCS2A03G0640600.1,TraesCS2A03G0640600.1,,346,False,False,,TraesCS2A03G0640600.1,,2.6,0.0,0.0,0.00768245838668,1,0,1,1,0,1,0,0,0,,,
1490,PXD004720,bread wheat,embryo,single,protein,no,TraesCS2A03G0666700LC.1,TraesCS2A03G0666700LC.1,TraesCS2A03G0666700LC.1,,496,False,False,,TraesCS2A03G0666700LC.1,,1.61,0.0,0.0,0.00768245838668,1,0,1,1,0,1,0,0,0,3M(15.9949),,"decoy_3125, decoy_3126, decoy_8671, decoy_8672"
1491,PXD004720,bread wheat,embryo,single,protein,no,TraesCS2A03G0712000LC.1,TraesCS2A03G0712000LC.1,TraesCS2A03G0712000LC.1,,54,False,False,,TraesCS2A03G0712000LC.1,,27.78,0.0,0.0,0.00768245838668,1,0,1,1,0,1,0,0,0,,,TraesCS7A03G1264300LC.1
1492,PXD004720,bread wheat,embryo,single,protein,no,TraesCS2A03G0736800.1,TraesCS2A03G0736800.1,TraesCS2A03G0736800.1,,151,False,False,,TraesCS2A03G0736800.1,,10.6,0.0,0.1871,0.00768245838668,1,0,1,1,0,1,0,0,0,,,"TraesCS2B03G0813000.1, TraesCS2D03G0679100.1, TraesCS2D03G0679300.1, TraesCS6A03G0325400.1, TraesCS6B03G0419900.1, TraesCS6D03G0280100.1, TraesCS7A03G1103900LC.1, TraesCS7B03G0953700.1"
1493,PXD004720,bread wheat,embryo,single,protein,no,TraesCS2A03G0756300.1,TraesCS2A03G0756300.1,TraesCS2A03G0756300.1,,225,False,False,,TraesCS2A03G0756300.1,,10.22,0.0,0.0526,0.00768245838668,1,1,1,1,1,1,0,0,0,,,
1494,PXD004720,bread wheat,embryo,single,protein,no,TraesCS2A03G0813300.1,TraesCS2A03G0813300.1,TraesCS2A03G0813300.1,,931,False,False,,TraesCS2A03G0813300.1,,0.86,0.0,0.0957,0.00768245838668,1,0,1,1,0,1,0,0,0,,,"TraesCS2A03G0813300.2, TraesCS2B03G0899900.1, TraesCS2B03G0899900.2, TraesCS2D03G0755400.1"
1495,PXD004720,bread wheat,embryo,single,protein,no,TraesCS2A03G0813400.1,TraesCS2A03G0813400.1,TraesCS2A03G0813400.1,,379,False,False,,TraesCS2A03G0813400.1,,2.64,0.0,0.1643,0.00768245838668,1,0,1,1,0,1,0,0,0,7C(57.0214),,"TraesCS2B03G0899700.1, TraesCS2D03G0755300.1"
1496,PXD004720,bread wheat,embryo,single,protein,no,TraesCS2A03G0827800.1,TraesCS2A03G0827800.1,TraesCS2A03G0827800.1,,503,False,False,,TraesCS2A03G0827800.1,,2.78,0.0,0.2445,0.00768245838668,1,0,1,1,0,1,0,0,0,,,"TraesCS2B03G0914900.1, TraesCS2D03G0769900.1"
1497,PXD004720,bread wheat,embryo,single,protein,no,TraesCS2A03G0835800.1,TraesCS2A03G0835800.1,TraesCS2A03G0835800.1,,1379,False,False,,TraesCS2A03G0835800.1,,1.89,0.0,0.0,0.00768245838668,1,0,1,1,0,1,0,0,0,,,"TraesCS2B03G0926500.1, TraesCS5B03G0653500.1"
1498,PXD004720,bread wheat,embryo,single,protein,no,TraesCS2A03G0849600LC.1,TraesCS2A03G0849600LC.1,TraesCS2A03G0849600LC.1,,237,False,False,,TraesCS2A03G0849600LC.1,,4.22,0.0,0.0,0.00768245838668,1,0,1,1,0,1,0,0,0,,,
1499,PXD004720,bread wheat,embryo,single,protein,no,TraesCS2A03G0855600LC.1,TraesCS2A03G0855600LC.1,TraesCS2A03G0855600LC.1,,231,False,False,,TraesCS2A03G0855600LC.1,,5.63,0.0,0.05,0.00768245838668,1,0,1,1,0,1,0,0,0,,,TraesCS5B03G0926000LC.1
1500,PXD004720,bread wheat,embryo,single,protein,no,TraesCS2A03G0893600LC.1,TraesCS2A03G0893600LC.1,TraesCS2A03G0893600LC.1,,542,False,False,,TraesCS2A03G0893600LC.1,,2.21,0.0,0.1939,0.00768245838668,1,1,1,1,1,1,0,0,0,,,
1501,PXD004720,bread wheat,embryo,single,protein,no,TraesCS2A03G0905600.1,TraesCS2A03G0905600.1,TraesCS2A03G0905600.1,,772,False,False,,TraesCS2A03G0905600.1,,1.42,0.0,0.1289,0.00768245838668,1,0,1,1,0,1,0,0,0,,,"TraesCS2B03G0995500.1, TraesCS2D03G0844600.1"
1502,PXD004720,bread wheat,embryo,single,protein,no,TraesCS2A03G0915200.1,TraesCS2A03G0915200.1,TraesCS2A03G0915200.1,,592,False,False,,TraesCS2A03G0915200.1,,4.22,0.0,0.0714,0.00768245838668,1,0,1,1,0,1,0,0,0,,,"TraesCS2B03G1004500.1, TraesCS2D03G0856400.1"
1503,PXD004720,bread wheat,embryo,single,protein,no,TraesCS2A03G0955500.1,TraesCS2A03G0955500.1,TraesCS2A03G0955500.1,,379,False,False,,TraesCS2A03G0955500.1,,3.43,0.0,0.2067,0.00768245838668,1,0,1,1,0,1,0,0,0,,,TraesCS2D03G0897700.1
1504,PXD004720,bread wheat,embryo,single,protein,no,TraesCS2A03G0995100.1,TraesCS2A03G0995100.1,TraesCS2A03G0995100.1,,277,False,False,,TraesCS2A03G0995100.1,,3.25,0.0,0.0609,0.00768245838668,1,1,1,1,1,1,0,0,0,,,
1505,PXD004720,bread wheat,embryo,single,protein,no,TraesCS2A03G0997100.1,TraesCS2A03G0997100.1,TraesCS2A03G0997100.1,,2191,False,False,,TraesCS2A03G0997100.1,,0.37,0.0,0.1022,0.00768245838668,1,0,1,1,0,1,0,0,0,,,"TraesCS2A03G0997100.2, TraesCS2B03G1107800.1, TraesCS2D03G0932900.1"
1506,PXD004720,bread wheat,embryo,single,protein,no,TraesCS2A03G0998200.1,TraesCS2A03G0998200.1,TraesCS2A03G0998200.1,,593,False,False,,TraesCS2A03G0998200.1,,1.52,0.0,0.193,0.00768245838668,1,1,1,1,1,1,0,0,0,,,
1507,PXD004720,bread wheat,embryo,single,protein,no,TraesCS2A03G1017600LC.1,TraesCS2A03G1017600LC.1,TraesCS2A03G1017600LC.1,,571,False,False,,TraesCS2A03G1017600LC.1,,2.28,0.0,0.0653,0.00768245838668,1,0,1,1,0,1,0,0,0,,,TraesCS2D03G0958400LC.1
1508,PXD004720,bread wheat,embryo,single,protein,no,TraesCS2A03G1028500.1,TraesCS2A03G1028500.1,TraesCS2A03G1028500.1,,1234,False,False,,TraesCS2A03G1028500.1,,0.57,0.0,0.0,0.00768245838668,1,0,1,1,0,1,0,0,0,,,"TraesCS2B03G1151100.1, TraesCS2D03G0968300.1, TraesCS2D03G0968300.2, TraesCS5A03G0214500.1, TraesCS5B03G0229200.1, TraesCS5D03G0231500.1"
1509,PXD004720,bread wheat,embryo,single,protein,no,TraesCS2A03G1034000.1,TraesCS2A03G1034000.1,TraesCS2A03G1034000.1,,373,False,False,,TraesCS2A03G1034000.1,,2.14,0.0,0.0707,0.00768245838668,1,0,1,1,0,1,0,0,0,,,TraesCS2B03G1155900.1
1510,PXD004720,bread wheat,embryo,single,protein,no,TraesCS2A03G1040300.1,TraesCS2A03G1040300.1,TraesCS2A03G1040300.1,,600,False,False,,TraesCS2A03G1040300.1,,2.0,0.0,0.2053,0.00768245838668,1,1,1,1,1,1,0,0,0,6C(57.0214),,
1511,PXD004720,bread wheat,embryo,single,protein,no,TraesCS2A03G1074800.1,TraesCS2A03G1074800.1,TraesCS2A03G1074800.1,,123,False,False,,TraesCS2A03G1074800.1,,6.5,0.0,0.0,0.00768245838668,1,0,1,1,0,1,0,0,0,,,TraesCS2D03G1018200.1
1512,PXD004720,bread wheat,embryo,single,protein,no,TraesCS2A03G1114500.1,TraesCS2A03G1114500.1,TraesCS2A03G1114500.1,,332,False,False,,TraesCS2A03G1114500.1,,3.31,0.0,0.1435,0.00768245838668,1,0,1,1,0,1,0,0,0,,,"TraesCS2B03G1255900.1, TraesCS2D03G1061100.1"
1513,PXD004720,bread wheat,embryo,single,protein,no,TraesCS2A03G1119100LC.1,TraesCS2A03G1119100LC.1,TraesCS2A03G1119100LC.1,,263,False,False,,TraesCS2A03G1119100LC.1,,3.42,0.0,0.1393,0.00768245838668,1,1,1,1,1,1,0,0,0,,,
1514,PXD004720,bread wheat,embryo,single,protein,no,TraesCS2A03G1131100.1,TraesCS2A03G1131100.1,TraesCS2A03G1131100.1,,670,False,False,,TraesCS2A03G1131100.1,,1.34,0.0,0.2308,0.00768245838668,1,0,1,1,0,1,0,0,0,,,"TraesCS2A03G1131100.2, TraesCS2B03G1283200.1"
1515,PXD004720,bread wheat,embryo,single,protein,no,TraesCS2A03G1137700.1,TraesCS2A03G1137700.1,TraesCS2A03G1137700.1,,191,False,False,,TraesCS2A03G1137700.1,,16.75,0.0,0.0824,0.00768245838668,1,1,1,1,1,1,0,0,0,21M(15.9949),,
1516,PXD004720,bread wheat,embryo,single,protein,no,TraesCS2A03G1141000.1,TraesCS2A03G1141000.1,TraesCS2A03G1141000.1,,543,False,False,,TraesCS2A03G1141000.1,,1.84,0.0,0.0905,0.00768245838668,1,0,1,1,0,1,0,0,0,,,"TraesCS2A03G1141000.2, TraesCS2D03G1091900LC.1"
1517,PXD004720,bread wheat,embryo,single,protein,no,TraesCS2A03G1208500.1,TraesCS2A03G1208500.1,TraesCS2A03G1208500.1,,541,False,False,,TraesCS2A03G1208500.1,,2.4,0.0,0.2341,0.00768245838668,1,0,1,1,0,1,0,0,0,,,"TraesCS2B03G1379300.1, TraesCS2D03G1162700.1"
1518,PXD004720,bread wheat,embryo,single,protein,no,TraesCS2A03G1224000LC.1,TraesCS2A03G1224000LC.1,TraesCS2A03G1224000LC.1,,295,False,False,,TraesCS2A03G1224000LC.1,,5.08,0.0,0.3093,0.00768245838668,1,1,1,1,1,1,0,0,0,,,
1519,PXD004720,bread wheat,embryo,single,protein,no,TraesCS2A03G1254500.3,TraesCS2A03G1254500.3,TraesCS2A03G1254500.3,,859,False,False,,TraesCS2A03G1254500.3,,1.16,0.0,0.0642,0.00768245838668,1,0,1,1,0,1,0,0,0,,,"TraesCS2A03G1254500.4, TraesCS2A03G1254500.5, TraesCS2A03G1254500.7, TraesCS2A03G1254500.8, TraesCS2A03G1254500.9, TraesCS2A03G1255400.1"
1520,PXD004720,bread wheat,embryo,single,protein,no,TraesCS2A03G1266700.1,TraesCS2A03G1266700.1,TraesCS2A03G1266700.1,,494,False,False,,TraesCS2A03G1266700.1,,4.45,0.0,0.2753,0.00768245838668,1,1,1,1,1,1,0,0,0,16M(15.9949),,
1521,PXD004720,bread wheat,embryo,single,protein,no,TraesCS2A03G1276300LC.1,TraesCS2A03G1276300LC.1,TraesCS2A03G1276300LC.1,,187,False,False,,TraesCS2A03G1276300LC.1,,7.49,0.0,0.2204,0.00768245838668,1,0,1,1,0,1,0,0,0,8M(15.9949),,TraesCS6A03G0510300LC.1
1522,PXD004720,bread wheat,embryo,single,protein,no,TraesCS2A03G1283200.1,TraesCS2A03G1283200.1,TraesCS2A03G1283200.1,,813,False,False,,TraesCS2A03G1283200.1,,1.11,0.0,0.0943,0.00768245838668,1,0,1,1,0,1,0,0,0,,,"TraesCS2B03G1474500.1, TraesCS2D03G1245800.1"
1523,PXD004720,bread wheat,embryo,single,protein,no,TraesCS2A03G1329800LC.1,TraesCS2A03G1329800LC.1,TraesCS2A03G1329800LC.1,,773,False,False,,TraesCS2A03G1329800LC.1,,1.55,0.0,0.1472,0.00768245838668,1,0,1,1,0,1,0,0,0,,,"TraesCS3B03G0177200LC.1, TraesCS7D03G0273600LC.1, TraesCS7D03G1047900LC.1"
1524,PXD004720,bread wheat,embryo,single,protein,no,TraesCS2A03G1348500.1,TraesCS2A03G1348500.1,TraesCS2A03G1348500.1,,1902,False,False,,TraesCS2A03G1348500.1,,1.16,0.0,0.0991,0.00768245838668,1,0,1,1,0,1,0,0,0,,,"TraesCS2B03G1549500.1, TraesCS2D03G1321700.1"
1525,PXD004720,bread wheat,embryo,single,protein,no,TraesCS2A03G1355400.1,TraesCS2A03G1355400.1,TraesCS2A03G1355400.1,,456,False,False,,TraesCS2A03G1355400.1,,4.17,0.0,0.2797,0.00768245838668,1,1,1,1,1,1,0,0,0,,,
1526,PXD004720,bread wheat,embryo,single,protein,no,TraesCS2A03G1366600.1,TraesCS2A03G1366600.1,TraesCS2A03G1366600.1,,485,False,False,,TraesCS2A03G1366600.1,,2.27,0.0,0.2626,0.00768245838668,1,1,1,1,1,1,0,0,0,,,
1527,PXD004720,bread wheat,embryo,single,protein,no,TraesCS2A03G1371700LC.1,TraesCS2A03G1371700LC.1,TraesCS2A03G1371700LC.1,,119,False,False,,TraesCS2A03G1371700LC.1,,10.08,0.0,0.2503,0.00768245838668,1,0,1,1,0,1,0,0,0,,,TraesCS4B03G0418200LC.1
1528,PXD004720,bread wheat,embryo,single,protein,no,TraesCS2B03G0004100.1,TraesCS2B03G0004100.1,TraesCS2B03G0004100.1,,625,False,False,,TraesCS2B03G0004100.1,,1.12,0.0,0.3406,0.00768245838668,1,0,1,1,0,1,0,0,0,,,"TraesCS2B03G0004100.2, TraesCS2B03G0004100.3"
1529,PXD004720,bread wheat,embryo,single,protein,no,TraesCS2B03G0013900.1,TraesCS2B03G0013900.1,TraesCS2B03G0013900.1,,612,False,False,,TraesCS2B03G0013900.1,,2.61,0.0,0.0826,0.00768245838668,1,1,1,1,1,1,0,0,0,,,
1530,PXD004720,bread wheat,embryo,single,protein,no,TraesCS2B03G0014300.1,TraesCS2B03G0014300.1,TraesCS2B03G0014300.1,,1423,False,False,,TraesCS2B03G0014300.1,,0.77,0.0,0.1817,0.00768245838668,1,1,1,1,1,1,0,0,0,,,
1531,PXD004720,bread wheat,embryo,single,protein,no,TraesCS2B03G0019300.1,TraesCS2B03G0019300.1,TraesCS2B03G0019300.1,,519,False,False,,TraesCS2B03G0019300.1,,2.7,0.0,0.0793,0.00768245838668,1,0,1,1,0,1,0,0,0,,,TraesCS2D03G0011800.1
1532,PXD004720,bread wheat,embryo,single,protein,no,TraesCS2B03G0030900.1,TraesCS2B03G0030900.1,TraesCS2B03G0030900.1,,190,False,False,,TraesCS2B03G0030900.1,,7.89,0.0,0.1271,0.00768245838668,1,1,1,1,1,1,0,0,0,,,
1533,PXD004720,bread wheat,embryo,single,protein,no,TraesCS2B03G0079300.1,TraesCS2B03G0079300.1,TraesCS2B03G0079300.1,,1460,False,False,,TraesCS2B03G0079300.1,,1.23,0.0,0.1802,0.00768245838668,1,1,1,1,1,1,0,0,0,17C(57.0214),,
1534,PXD004720,bread wheat,embryo,single,protein,no,TraesCS2B03G0091400.1,TraesCS2B03G0091400.1,TraesCS2B03G0091400.1,,232,False,False,,TraesCS2B03G0091400.1,,3.45,0.0,0.0873,0.00768245838668,1,1,1,1,1,1,0,0,0,,,
1535,PXD004720,bread wheat,embryo,single,protein,no,TraesCS2B03G0098200LC.1,TraesCS2B03G0098200LC.1,TraesCS2B03G0098200LC.1,,373,False,False,,TraesCS2B03G0098200LC.1,,7.51,0.0,0.1194,0.00768245838668,1,1,1,1,1,1,0,0,0,,,
1536,PXD004720,bread wheat,embryo,single,protein,no,TraesCS2B03G0121600.1,TraesCS2B03G0121600.1,TraesCS2B03G0121600.1,,599,False,False,,TraesCS2B03G0121600.1,,3.51,0.0,0.1857,0.00768245838668,1,1,1,1,1,1,0,0,0,,,
1537,PXD004720,bread wheat,embryo,single,protein,no,TraesCS2B03G0122300LC.1,TraesCS2B03G0122300LC.1,TraesCS2B03G0122300LC.1,,71,False,False,,TraesCS2B03G0122300LC.1,,15.49,0.0,0.2144,0.00768245838668,1,0,1,1,0,1,0,0,0,,,TraesCS2D03G0081100LC.1
1538,PXD004720,bread wheat,embryo,single,protein,no,TraesCS2B03G0131300LC.1,TraesCS2B03G0131300LC.1,TraesCS2B03G0131300LC.1,,550,False,False,,TraesCS2B03G0131300LC.1,,3.09,0.0,0.3115,0.00768245838668,1,0,1,2,0,2,0,0,0,,,TraesCS2D03G0092700.1
1539,PXD004720,bread wheat,embryo,single,protein,no,TraesCS2B03G0157100.1,TraesCS2B03G0157100.1,TraesCS2B03G0157100.1,,661,False,False,,TraesCS2B03G0157100.1,,1.36,0.0,0.0705,0.00768245838668,1,1,1,1,1,1,0,0,0,,,
1540,PXD004720,bread wheat,embryo,single,protein,no,TraesCS2B03G0190900LC.1,TraesCS2B03G0190900LC.1,TraesCS2B03G0190900LC.1,,119,False,False,,TraesCS2B03G0190900LC.1,,14.29,0.0,0.2206,0.00768245838668,1,0,1,1,0,1,0,0,0,4C(57.0214),,"TraesCS7B03G0399400LC.1, TraesCSU03G0549300LC.1"
1541,PXD004720,bread wheat,embryo,single,protein,no,TraesCS2B03G0204100LC.1,TraesCS2B03G0204100LC.1,TraesCS2B03G0204100LC.1,,335,False,False,,TraesCS2B03G0204100LC.1,,2.09,0.0,0.0,0.00768245838668,1,0,1,1,0,1,0,0,0,,,
1542,PXD004720,bread wheat,embryo,single,protein,no,TraesCS2B03G0222600.1,TraesCS2B03G0222600.1,TraesCS2B03G0222600.1,,569,False,False,,TraesCS2B03G0222600.1,,2.99,0.0,0.0936,0.00768245838668,1,0,1,1,0,1,0,0,0,,,"TraesCS2B03G0222600.2, TraesCS2B03G0222600.3, TraesCS2B03G0222600.4, TraesCS2B03G0222600.5, TraesCS2B03G0222700.1, TraesCS2B03G0222700.2, TraesCS2B03G0222700.3, TraesCS2B03G0222800.1, TraesCS2B03G0222800.2, TraesCS2B03G0222800.3, TraesCS2B03G0222800.4"
1543,PXD004720,bread wheat,embryo,single,protein,no,TraesCS2B03G0288000.1,TraesCS2B03G0288000.1,TraesCS2B03G0288000.1,,503,False,False,,TraesCS2B03G0288000.1,,1.79,0.0,0.3496,0.00768245838668,1,0,1,1,0,1,0,0,0,,,"TraesCS2B03G0288000.2, TraesCS2B03G0288000.3, TraesCS5B03G0295900LC.1, TraesCS5B03G0295900LC.2, TraesCS5B03G0295900LC.3, TraesCS5B03G0295900LC.4, TraesCS7B03G0339500.1, TraesCS7B03G0339500.2, TraesCS7B03G0339500.3, TraesCS7B03G0339500.4, TraesCS7B03G0339500.5"
1544,PXD004720,bread wheat,embryo,single,protein,no,TraesCS2B03G0310500LC.1,TraesCS2B03G0310500LC.1,TraesCS2B03G0310500LC.1,,375,False,False,,TraesCS2B03G0310500LC.1,,2.67,0.0,0.2218,0.00768245838668,1,1,1,1,1,1,0,0,0,,,
1545,PXD004720,bread wheat,embryo,single,protein,no,TraesCS2B03G0332700LC.1,TraesCS2B03G0332700LC.1,TraesCS2B03G0332700LC.1,,265,False,False,,TraesCS2B03G0332700LC.1,,3.02,0.0,0.0546,0.00768245838668,1,1,1,1,1,1,0,0,0,,,
1546,PXD004720,bread wheat,embryo,single,protein,no,TraesCS2B03G0335800LC.1,TraesCS2B03G0335800LC.1,TraesCS2B03G0335800LC.1,,191,False,False,,TraesCS2B03G0335800LC.1,,4.71,0.0,0.0507,0.00768245838668,1,1,1,1,1,1,0,0,0,,,
1547,PXD004720,bread wheat,embryo,single,protein,no,TraesCS2B03G0374600LC.1,TraesCS2B03G0374600LC.1,TraesCS2B03G0374600LC.1,,248,False,False,,TraesCS2B03G0374600LC.1,,7.66,0.0,0.0863,0.00768245838668,1,1,1,1,1,1,0,0,0,,,
1548,PXD004720,bread wheat,embryo,single,protein,no,TraesCS2B03G0382600LC.1,TraesCS2B03G0382600LC.1,TraesCS2B03G0382600LC.1,,602,False,False,,TraesCS2B03G0382600LC.1,,1.16,0.0,0.2021,0.00768245838668,1,0,1,1,0,1,0,0,0,,,"TraesCS4B03G0083700.1, TraesCS6B03G0513500LC.1"
1549,PXD004720,bread wheat,embryo,single,protein,no,TraesCS2B03G0385400.1,TraesCS2B03G0385400.1,TraesCS2B03G0385400.1,,528,False,False,,TraesCS2B03G0385400.1,,1.33,0.0,0.0,0.00768245838668,1,0,1,1,0,1,0,0,0,,,"TraesCS2D03G0287800.1, TraesCS6A03G0997700LC.1"
1550,PXD004720,bread wheat,embryo,single,protein,no,TraesCS2B03G0396600.2,TraesCS2B03G0396600.2,TraesCS2B03G0396600.2,,210,False,False,,TraesCS2B03G0396600.2,,6.19,0.0,0.0549,0.00768245838668,1,0,1,1,0,1,0,0,0,N-term(42.0106),,TraesCS2D03G0299400.1
1551,PXD004720,bread wheat,embryo,single,protein,no,TraesCS2B03G0403700LC.1,TraesCS2B03G0403700LC.1,TraesCS2B03G0403700LC.1,,143,False,False,,TraesCS2B03G0403700LC.1,,5.59,0.0,0.0,0.00768245838668,1,0,1,1,0,1,0,0,0,,,"TraesCS3A03G0763100.1, TraesCS7B03G0185900LC.1"
1552,PXD004720,bread wheat,embryo,single,protein,no,TraesCS2B03G0412000.1,TraesCS2B03G0412000.1,TraesCS2B03G0412000.1,,543,False,False,,TraesCS2B03G0412000.1,,2.39,0.0,0.0993,0.00768245838668,1,0,1,1,0,1,0,0,0,,,TraesCS2B03G0412000.2
1553,PXD004720,bread wheat,embryo,single,protein,no,TraesCS2B03G0446700LC.1,TraesCS2B03G0446700LC.1,TraesCS2B03G0446700LC.1,,1090,False,False,,TraesCS2B03G0446700LC.1,,1.01,0.0,0.0692,0.00768245838668,1,1,1,1,1,1,0,0,0,,,
1554,PXD004720,bread wheat,embryo,single,protein,no,TraesCS2B03G0471200LC.1,TraesCS2B03G0471200LC.1,TraesCS2B03G0471200LC.1,,99,False,False,,TraesCS2B03G0471200LC.1,,14.14,0.0,0.153,0.00768245838668,1,1,1,1,1,1,0,0,0,,,
1555,PXD004720,bread wheat,embryo,single,protein,no,TraesCS2B03G0549300LC.1,TraesCS2B03G0549300LC.1,TraesCS2B03G0549300LC.1,,461,False,False,,TraesCS2B03G0549300LC.1,,3.9,0.0,0.0653,0.00768245838668,1,0,1,1,0,1,0,0,0,17C(57.0214),,
1556,PXD004720,bread wheat,embryo,single,protein,no,TraesCS2B03G0580800.1,TraesCS2B03G0580800.1,TraesCS2B03G0580800.1,,258,False,False,,TraesCS2B03G0580800.1,,4.65,0.0,0.0672,0.00768245838668,1,1,1,1,1,1,0,0,0,9M(15.9949),,
1557,PXD004720,bread wheat,embryo,single,protein,no,TraesCS2B03G0634000LC.1,TraesCS2B03G0634000LC.1,TraesCS2B03G0634000LC.1,,913,False,False,,TraesCS2B03G0634000LC.1,,1.97,0.0,0.2245,0.00768245838668,1,0,1,1,0,1,0,0,0,,,
1558,PXD004720,bread wheat,embryo,single,protein,no,TraesCS2B03G0636400.1,TraesCS2B03G0636400.1,TraesCS2B03G0636400.1,,536,False,False,,TraesCS2B03G0636400.1,,2.05,0.0,0.0701,0.00768245838668,1,0,1,1,0,1,0,0,0,5M(15.9949),,"TraesCS2B03G0636400.2, TraesCS2D03G0507000.1, TraesCS2D03G0507000.2"
1559,PXD004720,bread wheat,embryo,single,protein,no,TraesCS2B03G0661300LC.1,TraesCS2B03G0661300LC.1,TraesCS2B03G0661300LC.1,,492,False,False,,TraesCS2B03G0661300LC.1,,2.03,0.0,0.0933,0.00768245838668,1,1,1,1,1,1,0,0,0,,,
1560,PXD004720,bread wheat,embryo,single,protein,no,TraesCS2B03G0697300.1,TraesCS2B03G0697300.1,TraesCS2B03G0697300.1,,135,False,False,,TraesCS2B03G0697300.1,,8.15,0.0,0.0592,0.00768245838668,1,1,1,1,1,1,0,0,0,7C(57.0214),,
1561,PXD004720,bread wheat,embryo,single,protein,no,TraesCS2B03G0709300.1,TraesCS2B03G0709300.1,TraesCS2B03G0709300.1,,534,False,False,,TraesCS2B03G0709300.1,,2.25,0.0,0.1843,0.00768245838668,1,0,1,1,0,1,0,0,0,"3C(57.0214), 6M(15.9949)",,TraesCS2B03G0709300.2
1562,PXD004720,bread wheat,embryo,single,protein,no,TraesCS2B03G0738800LC.1,TraesCS2B03G0738800LC.1,TraesCS2B03G0738800LC.1,,415,False,False,,TraesCS2B03G0738800LC.1,,2.17,0.0,0.3385,0.00768245838668,1,1,1,1,1,1,0,0,0,,,
1563,PXD004720,bread wheat,embryo,single,protein,no,TraesCS2B03G0745500LC.1,TraesCS2B03G0745500LC.1,TraesCS2B03G0745500LC.1,,342,False,False,,TraesCS2B03G0745500LC.1,,6.73,0.0,0.0947,0.00768245838668,1,1,1,1,1,1,0,0,0,17M(15.9949),,
1564,PXD004720,bread wheat,embryo,single,protein,no,TraesCS2B03G0752400LC.1,TraesCS2B03G0752400LC.1,TraesCS2B03G0752400LC.1,,81,False,False,,TraesCS2B03G0752400LC.1,,12.35,0.0,0.0572,0.00768245838668,1,1,1,1,1,1,0,0,0,,,
1565,PXD004720,bread wheat,embryo,single,protein,no,TraesCS2B03G0765300.1,TraesCS2B03G0765300.1,TraesCS2B03G0765300.1,,419,False,False,,TraesCS2B03G0765300.1,,5.01,0.0,0.1776,0.00768245838668,1,0,1,1,0,1,0,0,0,10C(57.0214),,"TraesCS2B03G0765300.2, TraesCS2D03G0637200.1"
1566,PXD004720,bread wheat,embryo,single,protein,no,TraesCS2B03G0835900LC.1,TraesCS2B03G0835900LC.1,TraesCS2B03G0835900LC.1,,403,False,False,,TraesCS2B03G0835900LC.1,,2.73,0.0,0.1606,0.00768245838668,1,1,1,1,1,1,0,0,0,,,
1567,PXD004720,bread wheat,embryo,single,protein,no,TraesCS2B03G0875100.1,TraesCS2B03G0875100.1,TraesCS2B03G0875100.1,,214,False,False,,TraesCS2B03G0875100.1,,5.14,0.0,0.0576,0.00768245838668,1,1,1,1,1,1,0,0,0,,,
1568,PXD004720,bread wheat,embryo,single,protein,no,TraesCS2B03G0897200LC.1,TraesCS2B03G0897200LC.1,TraesCS2B03G0897200LC.1,,367,False,False,,TraesCS2B03G0897200LC.1,,3.27,0.0,0.2774,0.00768245838668,1,1,1,1,1,1,0,0,0,,,
1569,PXD004720,bread wheat,embryo,single,protein,no,TraesCS2B03G0902800LC.1,TraesCS2B03G0902800LC.1,TraesCS2B03G0902800LC.1,,126,False,False,,TraesCS2B03G0902800LC.1,,8.73,0.0,0.0816,0.00768245838668,1,1,1,1,1,1,0,0,0,,,
1570,PXD004720,bread wheat,embryo,single,protein,no,TraesCS2B03G0919700.1,TraesCS2B03G0919700.1,TraesCS2B03G0919700.1,,543,False,False,,TraesCS2B03G0919700.1,,2.03,0.0,0.1198,0.00768245838668,1,0,1,1,0,1,0,0,0,,,TraesCS2D03G0773300.1
1571,PXD004720,bread wheat,embryo,single,protein,no,TraesCS2B03G0956000LC.1,TraesCS2B03G0956000LC.1,TraesCS2B03G0956000LC.1,,1189,False,False,,TraesCS2B03G0956000LC.1,,1.26,0.0,0.0723,0.00768245838668,1,1,1,1,1,1,0,0,0,10M(15.9949),,
1572,PXD004720,bread wheat,embryo,single,protein,no,TraesCS2B03G0978200.1,TraesCS2B03G0978200.1,TraesCS2B03G0978200.1,,407,False,False,,TraesCS2B03G0978200.1,,2.7,0.0,0.205,0.00768245838668,1,0,1,1,0,1,0,0,0,,,"TraesCS2B03G0978200.2, TraesCS2D03G0828100.1"
1573,PXD004720,bread wheat,embryo,single,protein,no,TraesCS2B03G1100200LC.1,TraesCS2B03G1100200LC.1,TraesCS2B03G1100200LC.1,,56,False,False,,TraesCS2B03G1100200LC.1,,17.86,0.0,0.0553,0.00768245838668,1,1,1,1,1,1,0,0,0,,,
1574,PXD004720,bread wheat,embryo,single,protein,no,TraesCS2B03G1242800LC.2,TraesCS2B03G1242800LC.2,TraesCS2B03G1242800LC.2,,515,False,False,,TraesCS2B03G1242800LC.2,,2.52,0.0,0.111,0.00768245838668,1,1,1,1,1,1,0,0,0,,,
1575,PXD004720,bread wheat,embryo,single,protein,no,TraesCS2B03G1351600.1,TraesCS2B03G1351600.1,TraesCS2B03G1351600.1,,78,False,False,,TraesCS2B03G1351600.1,,20.51,0.0,0.2545,0.00768245838668,1,0,1,1,0,1,0,0,0,,,TraesCS2D03G1141100.1
1576,PXD004720,bread wheat,embryo,single,protein,no,TraesCS2B03G1361700LC.1,TraesCS2B03G1361700LC.1,TraesCS2B03G1361700LC.1,,332,False,False,,TraesCS2B03G1361700LC.1,,2.71,0.0,0.134,0.00768245838668,1,1,1,2,2,2,0,0,0,,,
1577,PXD004720,bread wheat,embryo,single,protein,no,TraesCS2B03G1371700LC.1,TraesCS2B03G1371700LC.1,TraesCS2B03G1371700LC.1,,152,False,False,,TraesCS2B03G1371700LC.1,,9.21,0.0,0.1546,0.00768245838668,1,0,1,1,0,1,0,0,0,,,TraesCS2D03G1157700.1
1578,PXD004720,bread wheat,embryo,single,protein,no,TraesCS2B03G1410500LC.1,TraesCS2B03G1410500LC.1,TraesCS2B03G1410500LC.1,,215,False,False,,TraesCS2B03G1410500LC.1,,3.26,0.0,0.3066,0.00768245838668,1,0,1,1,0,1,0,0,0,,,"TraesCS6A03G0736500LC.1, decoy_4957"
1579,PXD004720,bread wheat,embryo,single,protein,no,TraesCS2B03G1424200.1,TraesCS2B03G1424200.1,TraesCS2B03G1424200.1,,269,False,False,,TraesCS2B03G1424200.1,,4.09,0.0,0.2261,0.00768245838668,1,1,1,1,1,1,0,0,0,,,
1580,PXD004720,bread wheat,embryo,single,protein,no,TraesCS2B03G1438200LC.1,TraesCS2B03G1438200LC.1,TraesCS2B03G1438200LC.1,,152,False,False,,TraesCS2B03G1438200LC.1,,27.63,0.0,0.0584,0.00768245838668,1,1,1,1,1,1,0,0,0,"17C(57.0214), 19C(57.0214), 22C(57.0214), 25C(57.0214), 34C(57.0214), 35C(57.0214), 4M(15.9949), 5C(57.0214)",,
1581,PXD004720,bread wheat,embryo,single,protein,no,TraesCS2B03G1461500LC.1,TraesCS2B03G1461500LC.1,TraesCS2B03G1461500LC.1,,826,False,False,,TraesCS2B03G1461500LC.1,,1.09,0.0,0.9985,0.0,1,0,1,2,0,2,0,0,0,N-term(42.0106),,
1582,PXD004720,bread wheat,embryo,single,protein,no,TraesCS2B03G1481300.1,TraesCS2B03G1481300.1,TraesCS2B03G1481300.1,,514,False,False,,TraesCS2B03G1481300.1,,4.09,0.0,0.196,0.00768245838668,1,1,1,2,2,2,0,0,0,N-term(42.0106),,
1583,PXD004720,bread wheat,embryo,single,protein,no,TraesCS2B03G1503500.1,TraesCS2B03G1503500.1,TraesCS2B03G1503500.1,,122,False,False,,TraesCS2B03G1503500.1,,6.56,0.0,0.0845,0.00768245838668,1,1,1,1,1,1,0,0,0,,,
1584,PXD004720,bread wheat,embryo,single,protein,no,TraesCS2B03G1506000.1,TraesCS2B03G1506000.1,TraesCS2B03G1506000.1,,745,False,False,,TraesCS2B03G1506000.1,,2.42,0.0,0.0,0.00768245838668,1,0,1,1,0,1,0,0,0,,,"TraesCS4A03G0686800.1, TraesCS4B03G0109100.1"
1585,PXD004720,bread wheat,embryo,single,protein,no,TraesCS2B03G1515000LC.1,TraesCS2B03G1515000LC.1,TraesCS2B03G1515000LC.1,,141,False,False,,TraesCS2B03G1515000LC.1,,21.28,0.0,0.1061,0.00768245838668,1,1,1,1,1,1,0,0,0,5M(15.9949),,
1586,PXD004720,bread wheat,embryo,single,protein,no,TraesCS2B03G1526800.1,TraesCS2B03G1526800.1,TraesCS2B03G1526800.1,,279,False,False,,TraesCS2B03G1526800.1,,5.73,0.0,0.1257,0.00768245838668,1,0,1,1,0,1,0,0,0,,,TraesCS2D03G1292000.1
1587,PXD004720,bread wheat,embryo,single,protein,no,TraesCS2B03G1542400LC.1,TraesCS2B03G1542400LC.1,TraesCS2B03G1542400LC.1,,144,False,False,,TraesCS2B03G1542400LC.1,,5.56,0.0,0.1116,0.00768245838668,1,1,1,1,1,1,0,0,0,,,
1588,PXD004720,bread wheat,embryo,single,protein,no,TraesCS2B03G1564800.1,TraesCS2B03G1564800.1,TraesCS2B03G1564800.1,,345,False,False,,TraesCS2B03G1564800.1,,3.19,0.0,0.093,0.00768245838668,1,1,1,1,1,1,0,0,0,,,
1589,PXD004720,bread wheat,embryo,single,protein,no,TraesCS2B03G1572400.1,TraesCS2B03G1572400.1,TraesCS2B03G1572400.1,,197,False,False,,TraesCS2B03G1572400.1,,5.08,0.0,0.1841,0.00768245838668,1,1,1,1,1,1,0,0,0,,,
1590,PXD004720,bread wheat,embryo,single,protein,no,TraesCS2D03G0036600.1,TraesCS2D03G0036600.1,TraesCS2D03G0036600.1,,540,False,False,,TraesCS2D03G0036600.1,,1.48,0.0,0.0594,0.00768245838668,1,1,1,1,1,1,0,0,0,,,
1591,PXD004720,bread wheat,embryo,single,protein,no,TraesCS2D03G0076700.1,TraesCS2D03G0076700.1,TraesCS2D03G0076700.1,,356,False,False,,TraesCS2D03G0076700.1,,6.18,0.0,0.1456,0.00768245838668,1,0,1,1,0,1,0,0,0,,,"TraesCS3A03G0482500.1, TraesCS3B03G0572600.1, TraesCS3D03G0444800.1, TraesCS6A03G0417700.1, TraesCS6A03G0672900.1, TraesCS6A03G0672900.2, TraesCS6A03G0673200.1, TraesCS6B03G0506800.1, TraesCS6B03G0802500.1, TraesCS6B03G0802600.1, TraesCS6D03G0354700.1, TraesCS6D03G0563400.1, TraesCS6D03G0563700.1"
1592,PXD004720,bread wheat,embryo,single,protein,no,TraesCS2D03G0108700.1,TraesCS2D03G0108700.1,TraesCS2D03G0108700.1,,915,False,False,,TraesCS2D03G0108700.1,,0.98,0.0,0.1371,0.00768245838668,1,1,1,3,3,3,0,0,0,,,
1593,PXD004720,bread wheat,embryo,single,protein,no,TraesCS2D03G0122200LC.1,TraesCS2D03G0122200LC.1,TraesCS2D03G0122200LC.1,,80,False,False,,TraesCS2D03G0122200LC.1,,15.0,0.0,0.1165,0.00768245838668,1,0,1,1,0,1,0,0,0,2M(15.9949),,TraesCS6A03G0209900LC.1
1594,PXD004720,bread wheat,embryo,single,protein,no,TraesCS2D03G0131700.1,TraesCS2D03G0131700.1,TraesCS2D03G0131700.1,,1007,False,False,,TraesCS2D03G0131700.1,,1.39,0.0,0.1039,0.00768245838668,1,0,1,1,0,1,0,0,0,5M(15.9949),,TraesCS2D03G0132700.1
1595,PXD004720,bread wheat,embryo,single,protein,no,TraesCS2D03G0134300LC.1,TraesCS2D03G0134300LC.1,TraesCS2D03G0134300LC.1,,228,False,False,,TraesCS2D03G0134300LC.1,,7.02,0.0,0.1062,0.00768245838668,1,1,1,1,1,1,0,0,0,11M(15.9949),,
1596,PXD004720,bread wheat,embryo,single,protein,no,TraesCS2D03G0134400LC.1,TraesCS2D03G0134400LC.1,TraesCS2D03G0134400LC.1,,335,False,False,,TraesCS2D03G0134400LC.1,,3.28,0.0,0.1381,0.00768245838668,1,1,1,1,1,1,0,0,0,,,
1597,PXD004720,bread wheat,embryo,single,protein,no,TraesCS2D03G0143700.1,TraesCS2D03G0143700.1,TraesCS2D03G0143700.1,,536,False,False,,TraesCS2D03G0143700.1,,1.31,0.0,0.1188,0.00768245838668,1,1,1,1,1,1,0,0,0,,,
1598,PXD004720,bread wheat,embryo,single,protein,no,TraesCS2D03G0164900.1,TraesCS2D03G0164900.1,TraesCS2D03G0164900.1,,89,False,False,,TraesCS2D03G0164900.1,,8.99,0.0,0.2831,0.00768245838668,1,1,1,1,1,1,0,0,0,"5M(15.9949), 7C(57.0214)",,
1599,PXD004720,bread wheat,embryo,single,protein,no,TraesCS2D03G0290700.1,TraesCS2D03G0290700.1,TraesCS2D03G0290700.1,,372,False,False,,TraesCS2D03G0290700.1,,5.65,0.0,0.0737,0.00768245838668,1,1,1,1,1,1,0,0,0,17M(15.9949),,
1600,PXD004720,bread wheat,embryo,single,protein,no,TraesCS2D03G0295000.1,TraesCS2D03G0295000.1,TraesCS2D03G0295000.1,,685,False,False,,TraesCS2D03G0295000.1,,1.9,0.0,0.0664,0.00768245838668,1,1,1,1,1,1,0,0,0,,,
1601,PXD004720,bread wheat,embryo,single,protein,no,TraesCS2D03G0295200.1,TraesCS2D03G0295200.1,TraesCS2D03G0295200.1,,965,False,False,,TraesCS2D03G0295200.1,,1.76,0.0,0.2467,0.00768245838668,1,1,1,2,2,2,0,0,0,7M(15.9949),,
1602,PXD004720,bread wheat,embryo,single,protein,no,TraesCS2D03G0331900LC.1,TraesCS2D03G0331900LC.1,TraesCS2D03G0331900LC.1,,192,False,False,,TraesCS2D03G0331900LC.1,,3.65,0.0,0.064,0.00768245838668,1,0,1,1,0,1,0,0,0,,,"TraesCS6D03G0716200LC.1, TraesCS7D03G0199100LC.1, TraesCS7D03G0495500LC.1"
1603,PXD004720,bread wheat,embryo,single,protein,no,TraesCS2D03G0377300LC.1,TraesCS2D03G0377300LC.1,TraesCS2D03G0377300LC.1,,125,False,False,,TraesCS2D03G0377300LC.1,,6.4,0.0,0.2491,0.00768245838668,1,1,1,1,1,1,0,0,0,,,
1604,PXD004720,bread wheat,embryo,single,protein,no,TraesCS2D03G0405400LC.1,TraesCS2D03G0405400LC.1,TraesCS2D03G0405400LC.1,,2353,False,False,,TraesCS2D03G0405400LC.1,,0.38,0.0,0.0733,0.00768245838668,1,1,1,1,1,1,0,0,0,,,
1605,PXD004720,bread wheat,embryo,single,protein,no,TraesCS2D03G0446100LC.1,TraesCS2D03G0446100LC.1,TraesCS2D03G0446100LC.1,,223,False,False,,TraesCS2D03G0446100LC.1,,7.17,0.0,0.0505,0.00768245838668,1,1,1,1,1,1,0,0,0,,,
1606,PXD004720,bread wheat,embryo,single,protein,no,TraesCS2D03G0462300LC.1,TraesCS2D03G0462300LC.1,TraesCS2D03G0462300LC.1,,405,False,False,,TraesCS2D03G0462300LC.1,,2.72,0.0,0.2304,0.00768245838668,1,1,1,1,1,1,0,0,0,6M(15.9949),,
1607,PXD004720,bread wheat,embryo,single,protein,no,TraesCS2D03G0491400LC.1,TraesCS2D03G0491400LC.1,TraesCS2D03G0491400LC.1,,337,False,False,,TraesCS2D03G0491400LC.1,,4.15,0.0,0.0521,0.00768245838668,1,1,1,1,1,1,0,0,0,,,
1608,PXD004720,bread wheat,embryo,single,protein,no,TraesCS2D03G0508500LC.1,TraesCS2D03G0508500LC.1,TraesCS2D03G0508500LC.1,,642,False,False,,TraesCS2D03G0508500LC.1,,3.27,0.0,0.0997,0.00768245838668,1,1,1,1,1,1,0,0,0,,,
1609,PXD004720,bread wheat,embryo,single,protein,no,TraesCS2D03G0606100LC.1,TraesCS2D03G0606100LC.1,TraesCS2D03G0606100LC.1,,694,False,False,,TraesCS2D03G0606100LC.1,,1.44,0.0,0.1243,0.00768245838668,1,1,1,1,1,1,0,0,0,9M(15.9949),,
1610,PXD004720,bread wheat,embryo,single,protein,no,TraesCS2D03G0629800LC.2,TraesCS2D03G0629800LC.2,TraesCS2D03G0629800LC.2,,113,False,False,,TraesCS2D03G0629800LC.2,,10.62,0.0,0.1171,0.00768245838668,1,1,1,1,1,1,0,0,0,,,
1611,PXD004720,bread wheat,embryo,single,protein,no,TraesCS2D03G0638100LC.1,TraesCS2D03G0638100LC.1,TraesCS2D03G0638100LC.1,,297,False,False,,TraesCS2D03G0638100LC.1,,2.69,0.0,0.0769,0.00768245838668,1,0,1,1,0,1,0,0,0,,,TraesCS5D03G0307900LC.1
1612,PXD004720,bread wheat,embryo,single,protein,no,TraesCS2D03G0644900.1,TraesCS2D03G0644900.1,TraesCS2D03G0644900.1,,293,False,False,,TraesCS2D03G0644900.1,,9.22,0.0,0.1161,0.00768245838668,1,0,1,1,0,1,0,0,0,N-term(42.0106),,TraesCS2D03G0644900.2
1613,PXD004720,bread wheat,embryo,single,protein,no,TraesCS2D03G0654000LC.1,TraesCS2D03G0654000LC.1,TraesCS2D03G0654000LC.1,,147,False,False,,TraesCS2D03G0654000LC.1,,6.12,0.0,0.316,0.00768245838668,1,1,1,2,2,2,0,0,0,,,
1614,PXD004720,bread wheat,embryo,single,protein,no,TraesCS2D03G0690000LC.1,TraesCS2D03G0690000LC.1,TraesCS2D03G0690000LC.1,,217,False,False,,TraesCS2D03G0690000LC.1,,3.69,0.0,0.1069,0.00768245838668,1,0,1,1,0,1,0,0,0,,,TraesCS2D03G1332200LC.1
1615,PXD004720,bread wheat,embryo,single,protein,no,TraesCS2D03G0743900LC.1,TraesCS2D03G0743900LC.1,TraesCS2D03G0743900LC.1,,194,False,False,,TraesCS2D03G0743900LC.1,,7.22,0.0,0.209,0.00768245838668,1,1,1,1,1,1,0,0,0,,,
1616,PXD004720,bread wheat,embryo,single,protein,no,TraesCS2D03G0771700.1,TraesCS2D03G0771700.1,TraesCS2D03G0771700.1,,383,False,False,,TraesCS2D03G0771700.1,,2.09,0.0,0.1884,0.00768245838668,1,1,1,1,1,1,0,0,0,,,
1617,PXD004720,bread wheat,embryo,single,protein,no,TraesCS2D03G0799900LC.1,TraesCS2D03G0799900LC.1,TraesCS2D03G0799900LC.1,,740,False,False,,TraesCS2D03G0799900LC.1,,1.22,0.0,0.0725,0.00768245838668,1,0,1,1,0,1,0,0,0,,,TraesCS3D03G0322000LC.1
1618,PXD004720,bread wheat,embryo,single,protein,no,TraesCS2D03G0807300LC.1,TraesCS2D03G0807300LC.1,TraesCS2D03G0807300LC.1,,176,False,False,,TraesCS2D03G0807300LC.1,,3.98,0.0,0.1019,0.00768245838668,1,1,1,1,1,1,0,0,0,,,
1619,PXD004720,bread wheat,embryo,single,protein,no,TraesCS2D03G0817700.4,TraesCS2D03G0817700.4,TraesCS2D03G0817700.4,,610,False,False,,TraesCS2D03G0817700.4,,1.15,0.0,0.1472,0.00768245838668,1,0,1,1,0,1,0,0,0,,,decoy_38053
1620,PXD004720,bread wheat,embryo,single,protein,no,TraesCS2D03G0831800LC.1,TraesCS2D03G0831800LC.1,TraesCS2D03G0831800LC.1,,112,False,False,,TraesCS2D03G0831800LC.1,,9.82,0.0,0.0557,0.00768245838668,1,1,1,1,1,1,0,0,0,7M(15.9949),,
1621,PXD004720,bread wheat,embryo,single,protein,no,TraesCS2D03G0906800LC.1,TraesCS2D03G0906800LC.1,TraesCS2D03G0906800LC.1,,600,False,False,,TraesCS2D03G0906800LC.1,,1.5,0.0,0.0984,0.00768245838668,1,1,1,1,1,1,0,0,0,,,
1622,PXD004720,bread wheat,embryo,single,protein,no,TraesCS2D03G0940600LC.1,TraesCS2D03G0940600LC.1,TraesCS2D03G0940600LC.1,,311,False,False,,TraesCS2D03G0940600LC.1,,2.57,0.0,0.1631,0.00768245838668,1,0,1,2,0,2,0,0,0,4M(15.9949),,
1623,PXD004720,bread wheat,embryo,single,protein,no,TraesCS2D03G0940900LC.1,TraesCS2D03G0940900LC.1,TraesCS2D03G0940900LC.1,,204,False,False,,TraesCS2D03G0940900LC.1,,3.92,0.0,0.2148,0.00768245838668,1,1,1,1,1,1,0,0,0,,,
1624,PXD004720,bread wheat,embryo,single,protein,no,TraesCS2D03G0988800.1,TraesCS2D03G0988800.1,TraesCS2D03G0988800.1,,2673,False,False,,TraesCS2D03G0988800.1,,0.52,0.0,0.0,0.00768245838668,2,0,1,2,0,1,0,0,0,,,
1625,PXD004720,bread wheat,embryo,single,protein,no,TraesCS2D03G1135500LC.1,TraesCS2D03G1135500LC.1,TraesCS2D03G1135500LC.1,,52,False,False,,TraesCS2D03G1135500LC.1,,15.38,0.0,0.0719,0.00768245838668,1,1,1,1,1,1,0,0,0,,,
1626,PXD004720,bread wheat,embryo,single,protein,no,TraesCS2D03G1152900.1,TraesCS2D03G1152900.1,TraesCS2D03G1152900.1,,595,False,False,,TraesCS2D03G1152900.1,,2.18,0.0,0.1785,0.00768245838668,1,0,1,1,0,1,0,0,0,,,TraesCS2D03G1152900.2
1627,PXD004720,bread wheat,embryo,single,protein,no,TraesCS2D03G1173100.1,TraesCS2D03G1173100.1,TraesCS2D03G1173100.1,,189,False,False,,TraesCS2D03G1173100.1,,4.76,0.0,0.2445,0.00768245838668,1,1,1,1,1,1,0,0,0,,,
1628,PXD004720,bread wheat,embryo,single,protein,no,TraesCS2D03G1179300.1,TraesCS2D03G1179300.1,TraesCS2D03G1179300.1,,1095,False,False,,TraesCS2D03G1179300.1,,0.82,0.0,0.3066,0.00768245838668,1,1,1,1,1,1,0,0,0,,,
1629,PXD004720,bread wheat,embryo,single,protein,no,TraesCS2D03G1183900LC.1,TraesCS2D03G1183900LC.1,TraesCS2D03G1183900LC.1,,127,False,False,,TraesCS2D03G1183900LC.1,,7.09,0.0,0.0775,0.00768245838668,1,1,1,1,1,1,0,0,0,,,
1630,PXD004720,bread wheat,embryo,single,protein,no,TraesCS2D03G1214600.1,TraesCS2D03G1214600.1,TraesCS2D03G1214600.1,,491,False,False,,TraesCS2D03G1214600.1,,2.04,0.0,0.2363,0.00768245838668,1,1,1,1,1,1,0,0,0,,,
1631,PXD004720,bread wheat,embryo,single,protein,no,TraesCS2D03G1300000.1,TraesCS2D03G1300000.1,TraesCS2D03G1300000.1,,556,False,False,,TraesCS2D03G1300000.1,,5.58,0.0,0.1849,0.00768245838668,1,1,1,1,1,1,0,0,0,,,
1632,PXD004720,bread wheat,embryo,single,protein,no,TraesCS2D03G1341700.1,TraesCS2D03G1341700.1,TraesCS2D03G1341700.1,,368,False,False,,TraesCS2D03G1341700.1,,6.25,0.0,0.051,0.00768245838668,1,1,1,1,1,1,0,0,0,20C(57.0214),,
1633,PXD004720,bread wheat,embryo,single,protein,no,TraesCS3A03G0009400LC.1,TraesCS3A03G0009400LC.1,TraesCS3A03G0009400LC.1,,110,False,False,,TraesCS3A03G0009400LC.1,,6.36,0.0,0.2246,0.00768245838668,1,1,1,1,1,1,0,0,0,,,
1634,PXD004720,bread wheat,embryo,single,protein,no,TraesCS3A03G0015300.1,TraesCS3A03G0015300.1,TraesCS3A03G0015300.1,,404,False,False,,TraesCS3A03G0015300.1,,1.98,0.0,0.0523,0.00768245838668,1,0,1,1,0,1,0,0,0,,,"TraesCS3B03G0015800.1, TraesCS3B03G0034800.1, TraesCS3D03G0012500.1, TraesCS4A03G1108200.1, TraesCS7A03G0104800.1, TraesCS7D03G0094600LC.1"
1635,PXD004720,bread wheat,embryo,single,protein,no,TraesCS3A03G0034700LC.1,TraesCS3A03G0034700LC.1,TraesCS3A03G0034700LC.1,,418,False,False,,TraesCS3A03G0034700LC.1,,1.91,0.0,0.0656,0.00768245838668,1,0,1,1,0,1,0,0,0,,,TraesCS3A03G0034700LC.2
1636,PXD004720,bread wheat,embryo,single,protein,no,TraesCS3A03G0064300LC.1,TraesCS3A03G0064300LC.1,TraesCS3A03G0064300LC.1,,491,False,False,,TraesCS3A03G0064300LC.1,,1.83,0.0,0.0,0.00768245838668,1,0,1,1,0,1,0,0,0,3M(15.9949),,"TraesCS3A03G0064600.1, TraesCS3B03G0074200.1, TraesCS3D03G0052700LC.1"
1637,PXD004720,bread wheat,embryo,single,protein,no,TraesCS3A03G0064400LC.1,TraesCS3A03G0064400LC.1,TraesCS3A03G0064400LC.1,,1200,False,False,,TraesCS3A03G0064400LC.1,,1.08,0.0,0.0548,0.00768245838668,1,1,1,1,1,1,0,0,0,"10C(57.0214), 3M(15.9949)",,
1638,PXD004720,bread wheat,embryo,single,protein,no,TraesCS3A03G0068600LC.1,TraesCS3A03G0068600LC.1,TraesCS3A03G0068600LC.1,,215,False,False,,TraesCS3A03G0068600LC.1,,10.7,0.0,0.1013,0.00768245838668,1,1,1,1,1,1,0,0,0,16M(15.9949),,
1639,PXD004720,bread wheat,embryo,single,protein,no,TraesCS3A03G0071600LC.1,TraesCS3A03G0071600LC.1,TraesCS3A03G0071600LC.1,,233,False,False,,TraesCS3A03G0071600LC.1,,5.15,0.0,0.0546,0.00768245838668,1,1,1,1,1,1,0,0,0,,,
1640,PXD004720,bread wheat,embryo,single,protein,no,TraesCS3A03G0079200.1,TraesCS3A03G0079200.1,TraesCS3A03G0079200.1,,672,False,False,,TraesCS3A03G0079200.1,,1.93,0.0,0.0776,0.00768245838668,1,1,1,1,1,1,0,0,0,,,
1641,PXD004720,bread wheat,embryo,single,protein,no,TraesCS3A03G0088000.1,TraesCS3A03G0088000.1,TraesCS3A03G0088000.1,,514,False,False,,TraesCS3A03G0088000.1,,3.31,0.0,0.0861,0.00768245838668,1,1,1,1,1,1,0,0,0,,,
1642,PXD004720,bread wheat,embryo,single,protein,no,TraesCS3A03G0089000.1,TraesCS3A03G0089000.1,TraesCS3A03G0089000.1,,922,False,False,,TraesCS3A03G0089000.1,,1.19,0.0,0.1834,0.00768245838668,1,0,1,1,0,1,0,0,0,,,"TraesCS3B03G0090600.1, TraesCS3D03G0066900.1"
1643,PXD004720,bread wheat,embryo,single,protein,no,TraesCS3A03G0129200.1,TraesCS3A03G0129200.1,TraesCS3A03G0129200.1,,849,False,False,,TraesCS3A03G0129200.1,,2.0,0.0,0.305,0.00768245838668,1,1,1,1,1,1,0,0,0,10C(57.0214),,
1644,PXD004720,bread wheat,embryo,single,protein,no,TraesCS3A03G0153800.1,TraesCS3A03G0153800.1,TraesCS3A03G0153800.1,,92,False,False,,TraesCS3A03G0153800.1,,15.22,0.0,0.0576,0.00768245838668,1,1,1,1,1,1,0,0,0,N-term(42.0106),,
1645,PXD004720,bread wheat,embryo,single,protein,no,TraesCS3A03G0184500.1,TraesCS3A03G0184500.1,TraesCS3A03G0184500.1,,531,False,False,,TraesCS3A03G0184500.1,,2.26,0.0,0.1156,0.00768245838668,1,0,1,1,0,1,0,0,0,,,TraesCS3D03G0165000.1
1646,PXD004720,bread wheat,embryo,single,protein,no,TraesCS3A03G0199900LC.1,TraesCS3A03G0199900LC.1,TraesCS3A03G0199900LC.1,,140,False,False,,TraesCS3A03G0199900LC.1,,17.86,0.0,0.0635,0.00768245838668,1,1,1,1,1,1,0,0,0,"14M(15.9949), 15M(15.9949)",,
1647,PXD004720,bread wheat,embryo,single,protein,no,TraesCS3A03G0257500.1,TraesCS3A03G0257500.1,TraesCS3A03G0257500.1,,353,False,False,,TraesCS3A03G0257500.1,,2.27,0.0,0.2347,0.00768245838668,1,0,1,2,0,2,0,0,0,,,"TraesCS3B03G0324700.1, TraesCS3D03G0248900.1"
1648,PXD004720,bread wheat,embryo,single,protein,no,TraesCS3A03G0289100LC.1,TraesCS3A03G0289100LC.1,TraesCS3A03G0289100LC.1,,307,False,False,,TraesCS3A03G0289100LC.1,,4.23,0.0,0.1906,0.00768245838668,1,1,1,3,3,3,0,0,0,8C(57.0214),,
1649,PXD004720,bread wheat,embryo,single,protein,no,TraesCS3A03G0320300LC.1,TraesCS3A03G0320300LC.1,TraesCS3A03G0320300LC.1,,156,False,False,,TraesCS3A03G0320300LC.1,,5.77,0.0,0.1592,0.00768245838668,1,1,1,1,1,1,0,0,0,,,
1650,PXD004720,bread wheat,embryo,single,protein,no,TraesCS3A03G0345600LC.1,TraesCS3A03G0345600LC.1,TraesCS3A03G0345600LC.1,,232,False,False,,TraesCS3A03G0345600LC.1,,4.31,0.0,0.2154,0.00768245838668,1,1,1,1,1,1,0,0,0,6M(15.9949),,
1651,PXD004720,bread wheat,embryo,single,protein,no,TraesCS3A03G0362300LC.1,TraesCS3A03G0362300LC.1,TraesCS3A03G0362300LC.1,,179,False,False,,TraesCS3A03G0362300LC.1,,3.91,0.0,0.13,0.00768245838668,1,0,1,1,0,1,0,0,0,,,
1652,PXD004720,bread wheat,embryo,single,protein,no,TraesCS3A03G0362700LC.1,TraesCS3A03G0362700LC.1,TraesCS3A03G0362700LC.1,,610,False,False,,TraesCS3A03G0362700LC.1,,2.62,0.0,0.294,0.00768245838668,1,1,1,1,1,1,0,0,0,,,
1653,PXD004720,bread wheat,embryo,single,protein,no,TraesCS3A03G0381900.1,TraesCS3A03G0381900.1,TraesCS3A03G0381900.1,,308,False,False,,TraesCS3A03G0381900.1,,5.52,0.0,0.1649,0.00768245838668,1,1,1,1,1,1,0,0,0,9M(15.9949),,
1654,PXD004720,bread wheat,embryo,single,protein,no,TraesCS3A03G0389700.1,TraesCS3A03G0389700.1,TraesCS3A03G0389700.1,,256,False,False,,TraesCS3A03G0389700.1,,3.52,0.0,0.1664,0.00768245838668,1,1,1,1,1,1,0,0,0,,,
1655,PXD004720,bread wheat,embryo,single,protein,no,TraesCS3A03G0394600LC.1,TraesCS3A03G0394600LC.1,TraesCS3A03G0394600LC.1,,137,False,False,,TraesCS3A03G0394600LC.1,,10.22,0.0,0.0854,0.00768245838668,1,1,1,1,1,1,0,0,0,,,
1656,PXD004720,bread wheat,embryo,single,protein,no,TraesCS3A03G0435900LC.1,TraesCS3A03G0435900LC.1,TraesCS3A03G0435900LC.1,,364,False,False,,TraesCS3A03G0435900LC.1,,2.75,0.0,0.0662,0.00768245838668,1,1,1,1,1,1,0,0,0,,,
1657,PXD004720,bread wheat,embryo,single,protein,no,TraesCS3A03G0485300.1,TraesCS3A03G0485300.1,TraesCS3A03G0485300.1,,467,False,False,,TraesCS3A03G0485300.1,,2.78,0.0,0.0678,0.00768245838668,1,0,1,1,0,1,0,0,0,,,"TraesCS3B03G0563300.1, TraesCS3B03G0563300.2, TraesCS3B03G0563300.3, TraesCS3D03G0479700.1, TraesCS3D03G0479700.2"
1658,PXD004720,bread wheat,embryo,single,protein,no,TraesCS3A03G0491100LC.1,TraesCS3A03G0491100LC.1,TraesCS3A03G0491100LC.1,,204,False,False,,TraesCS3A03G0491100LC.1,,4.41,0.0,0.1089,0.00768245838668,1,1,1,1,1,1,0,0,0,,,
1659,PXD004720,bread wheat,embryo,single,protein,no,TraesCS3A03G0498200.1,TraesCS3A03G0498200.1,TraesCS3A03G0498200.1,,123,False,False,,TraesCS3A03G0498200.1,,8.13,0.0,0.1244,0.00768245838668,1,1,1,1,1,1,0,0,0,,,
1660,PXD004720,bread wheat,embryo,single,protein,no,TraesCS3A03G0541600.1,TraesCS3A03G0541600.1,TraesCS3A03G0541600.1,,495,False,False,,TraesCS3A03G0541600.1,,2.22,0.0,0.0567,0.00768245838668,1,0,1,1,0,1,0,0,0,,,"TraesCS3B03G0624500.1, TraesCS3D03G0502700.1"
1661,PXD004720,bread wheat,embryo,single,protein,no,TraesCS3A03G0556400.1,TraesCS3A03G0556400.1,TraesCS3A03G0556400.1,,122,False,False,,TraesCS3A03G0556400.1,,9.02,0.0,0.1838,0.00768245838668,1,0,1,1,0,1,0,0,0,,,"TraesCS3B03G0640500.1, TraesCS3D03G0517700.1"
1662,PXD004720,bread wheat,embryo,single,protein,no,TraesCS3A03G0563800LC.1,TraesCS3A03G0563800LC.1,TraesCS3A03G0563800LC.1,,314,False,False,,TraesCS3A03G0563800LC.1,,2.23,0.0,0.0,0.00768245838668,1,0,1,1,0,1,0,0,0,,,"TraesCS3B03G0577600LC.1, TraesCS4B03G0392200LC.1"
1663,PXD004720,bread wheat,embryo,single,protein,no,TraesCS3A03G0564100.1,TraesCS3A03G0564100.1,TraesCS3A03G0564100.1,,297,False,False,,TraesCS3A03G0564100.1,,7.41,0.0,0.171,0.00768245838668,2,0,1,2,0,1,0,0,0,,,"TraesCS3B03G0646500.1, TraesCS3D03G0522900.1"
1664,PXD004720,bread wheat,embryo,single,protein,no,TraesCS3A03G0573800LC.1,TraesCS3A03G0573800LC.1,TraesCS3A03G0573800LC.1,,160,False,False,,TraesCS3A03G0573800LC.1,,7.5,0.0,0.2079,0.00768245838668,1,1,1,1,1,1,0,0,0,,,
1665,PXD004720,bread wheat,embryo,single,protein,no,TraesCS3A03G0574400.1,TraesCS3A03G0574400.1,TraesCS3A03G0574400.1,,1056,False,False,,TraesCS3A03G0574400.1,,0.76,0.0,0.1936,0.00768245838668,1,0,1,1,0,1,0,0,0,,,"TraesCS3A03G0614600.1, TraesCS3B03G0654700.1, TraesCS3D03G0531900.1"
1666,PXD004720,bread wheat,embryo,single,protein,no,TraesCS3A03G0578800.1,TraesCS3A03G0578800.1,TraesCS3A03G0578800.1,,607,False,False,,TraesCS3A03G0578800.1,,1.15,0.0,0.0555,0.00768245838668,1,0,1,1,0,1,0,0,0,,,"TraesCS3B03G0657500.1, TraesCS3B03G0657500.2, TraesCS3D03G0533200.1"
1667,PXD004720,bread wheat,embryo,single,protein,no,TraesCS3A03G0627700LC.1,TraesCS3A03G0627700LC.1,TraesCS3A03G0627700LC.1,,244,False,False,,TraesCS3A03G0627700LC.1,,4.92,0.0,0.0737,0.00768245838668,1,1,1,1,1,1,0,0,0,8C(57.0214),,
1668,PXD004720,bread wheat,embryo,single,protein,no,TraesCS3A03G0652900LC.1,TraesCS3A03G0652900LC.1,TraesCS3A03G0652900LC.1,,101,False,False,,TraesCS3A03G0652900LC.1,,13.86,0.0,0.0817,0.00768245838668,1,1,1,1,1,1,0,0,0,,,
1669,PXD004720,bread wheat,embryo,single,protein,no,TraesCS3A03G0654800.1,TraesCS3A03G0654800.1,TraesCS3A03G0654800.1,,463,False,False,,TraesCS3A03G0654800.1,,2.59,0.0,0.0762,0.00768245838668,1,1,1,1,1,1,0,0,0,,,
1670,PXD004720,bread wheat,embryo,single,protein,no,TraesCS3A03G0665900LC.1,TraesCS3A03G0665900LC.1,TraesCS3A03G0665900LC.1,,72,False,False,,TraesCS3A03G0665900LC.1,,19.44,0.0,0.0659,0.00768245838668,1,1,1,1,1,1,0,0,0,6C(57.0214),,
1671,PXD004720,bread wheat,embryo,single,protein,no,TraesCS3A03G0666700.2,TraesCS3A03G0666700.2,TraesCS3A03G0666700.2,,649,False,False,,TraesCS3A03G0666700.2,,2.16,0.0,0.0582,0.00768245838668,1,0,1,1,0,1,0,0,0,"13C(57.0214), 6C(57.0214), 8C(57.0214)",,TraesCS3A03G0667100.2
1672,PXD004720,bread wheat,embryo,single,protein,no,TraesCS3A03G0700300.1,TraesCS3A03G0700300.1,TraesCS3A03G0700300.1,,493,False,False,,TraesCS3A03G0700300.1,,2.84,0.0,0.12,0.00768245838668,1,0,1,1,0,1,0,0,0,,,"TraesCS3A03G0700300.2, TraesCS3B03G0797800.1, TraesCS3B03G0797800.2, TraesCS3D03G0642400.1, TraesCS3D03G0642400.2, TraesCS3D03G0642400.3, TraesCS3D03G0642400.4"
1673,PXD004720,bread wheat,embryo,single,protein,no,TraesCS3A03G0706600.1,TraesCS3A03G0706600.1,TraesCS3A03G0706600.1,,314,False,False,,TraesCS3A03G0706600.1,,2.23,0.0,0.0784,0.00768245838668,1,0,1,1,0,1,0,0,0,,,"TraesCS3B03G0807900.1, TraesCS3D03G0649100.1"
1674,PXD004720,bread wheat,embryo,single,protein,no,TraesCS3A03G0708700.1,TraesCS3A03G0708700.1,TraesCS3A03G0708700.1,,606,False,False,,TraesCS3A03G0708700.1,,1.65,0.0,0.0695,0.00768245838668,1,0,1,1,0,1,0,0,0,,,"TraesCS3B03G0810200.1, TraesCS3D03G0651800.1"
1675,PXD004720,bread wheat,embryo,single,protein,no,TraesCS3A03G0724500LC.1,TraesCS3A03G0724500LC.1,TraesCS3A03G0724500LC.1,,187,False,False,,TraesCS3A03G0724500LC.1,,6.42,0.0,0.062,0.00768245838668,1,1,1,1,1,1,0,0,0,,,
1676,PXD004720,bread wheat,embryo,single,protein,no,TraesCS3A03G0756600.1,TraesCS3A03G0756600.1,TraesCS3A03G0756600.1,,280,False,False,,TraesCS3A03G0756600.1,,3.57,0.0,0.0728,0.00768245838668,1,0,1,1,0,1,0,0,0,,,"TraesCS3A03G0756600.2, TraesCS3B03G0864700.1, TraesCS3B03G0864700.2, TraesCS3D03G0697500.2, TraesCS3D03G0697500.3"
1677,PXD004720,bread wheat,embryo,single,protein,no,TraesCS3A03G0763500.1,TraesCS3A03G0763500.1,TraesCS3A03G0763500.1,,1315,False,False,,TraesCS3A03G0763500.1,,1.9,0.0,0.0619,0.00768245838668,1,0,1,1,0,1,0,0,0,"19M(15.9949), 9M(15.9949)",,"TraesCS3A03G0763500.2, TraesCS3D03G0705200.1"
1678,PXD004720,bread wheat,embryo,single,protein,no,TraesCS3A03G0774500.1,TraesCS3A03G0774500.1,TraesCS3A03G0774500.1,,533,False,False,,TraesCS3A03G0774500.1,,1.69,0.0,0.0547,0.00768245838668,1,0,1,1,0,1,0,0,0,,,"TraesCS3B03G0891900.1, TraesCS3D03G0715800.1"
1679,PXD004720,bread wheat,embryo,single,protein,no,TraesCS3A03G0778200.1,TraesCS3A03G0778200.1,TraesCS3A03G0778200.1,,262,False,False,,TraesCS3A03G0778200.1,,5.34,0.0,0.0766,0.00768245838668,1,1,1,1,1,1,0,0,0,,,
1680,PXD004720,bread wheat,embryo,single,protein,no,TraesCS3A03G0817300LC.1,TraesCS3A03G0817300LC.1,TraesCS3A03G0817300LC.1,,552,False,False,,TraesCS3A03G0817300LC.1,,1.63,0.0,0.0682,0.00768245838668,1,0,1,1,0,1,0,0,0,,,"TraesCS3B03G0940400LC.1, TraesCS3B03G0940400LC.2, TraesCS3D03G0753600LC.1"
1681,PXD004720,bread wheat,embryo,single,protein,no,TraesCS3A03G0817400.1,TraesCS3A03G0817400.1,TraesCS3A03G0817400.1,,634,False,False,,TraesCS3A03G0817400.1,,1.89,0.0,0.2888,0.00768245838668,1,0,1,1,0,1,0,0,0,,,"TraesCS3B03G0940500.1, TraesCS3D03G0753700.1"
1682,PXD004720,bread wheat,embryo,single,protein,no,TraesCS3A03G0818500.1,TraesCS3A03G0818500.1,TraesCS3A03G0818500.1,,140,False,False,,TraesCS3A03G0818500.1,,9.29,0.0,0.0764,0.00768245838668,1,1,1,1,1,1,0,0,0,,,
1683,PXD004720,bread wheat,embryo,single,protein,no,TraesCS3A03G0831500.1,TraesCS3A03G0831500.1,TraesCS3A03G0831500.1,,212,False,False,,TraesCS3A03G0831500.1,,5.66,0.0,0.1986,0.00768245838668,1,0,1,1,0,1,0,0,0,,,TraesCS3D03G0762900.1
1684,PXD004720,bread wheat,embryo,single,protein,no,TraesCS3A03G0831800LC.1,TraesCS3A03G0831800LC.1,TraesCS3A03G0831800LC.1,,103,False,False,,TraesCS3A03G0831800LC.1,,7.77,0.0,0.2848,0.00768245838668,1,0,1,1,0,1,0,0,0,,,"TraesCS3A03G0949200LC.1, TraesCS5A03G0961300LC.1"
1685,PXD004720,bread wheat,embryo,single,protein,no,TraesCS3A03G0872500.1,TraesCS3A03G0872500.1,TraesCS3A03G0872500.1,,367,False,False,,TraesCS3A03G0872500.1,,3.0,0.0,0.342,0.00768245838668,1,0,1,1,0,1,0,0,0,,,"TraesCS3B03G0996400.1, TraesCS3D03G0799100.1"
1686,PXD004720,bread wheat,embryo,single,protein,no,TraesCS3A03G0918600LC.1,TraesCS3A03G0918600LC.1,TraesCS3A03G0918600LC.1,,186,False,False,,TraesCS3A03G0918600LC.1,,5.38,0.0,0.1227,0.00768245838668,1,0,1,1,0,1,0,0,0,,,"TraesCS6A03G0137200LC.1, TraesCS7D03G1271200LC.1"
1687,PXD004720,bread wheat,embryo,single,protein,no,TraesCS3A03G0919600.1,TraesCS3A03G0919600.1,TraesCS3A03G0919600.1,,358,False,False,,TraesCS3A03G0919600.1,,28.77,0.0,0.208,0.00768245838668,7,0,1,23,0,1,0,0,0,,,
1688,PXD004720,bread wheat,embryo,single,protein,no,TraesCS3A03G0928900.1,TraesCS3A03G0928900.1,TraesCS3A03G0928900.1,,399,False,False,,TraesCS3A03G0928900.1,,4.01,0.0,0.1342,0.00768245838668,1,0,1,1,0,1,0,0,0,,,"TraesCS3B03G1054800.1, TraesCS3D03G0862000.1, TraesCS3D03G0862000.2"
1689,PXD004720,bread wheat,embryo,single,protein,no,TraesCS3A03G0936700.1,TraesCS3A03G0936700.1,TraesCS3A03G0936700.1,,380,False,False,,TraesCS3A03G0936700.1,,2.37,0.0,0.0556,0.00768245838668,1,0,1,1,0,1,0,0,0,,,"TraesCS3A03G0936700.2, TraesCS3B03G1065300.1, TraesCS3D03G0868700.1, TraesCS3D03G0868700.2"
1690,PXD004720,bread wheat,embryo,single,protein,no,TraesCS3A03G0949300LC.1,TraesCS3A03G0949300LC.1,TraesCS3A03G0949300LC.1,,122,False,False,,TraesCS3A03G0949300LC.1,,27.05,0.0,0.1125,0.00768245838668,1,0,1,1,0,1,0,0,0,,,"TraesCS5A03G0390800LC.1, TraesCS5A03G0390800LC.2"
1691,PXD004720,bread wheat,embryo,single,protein,no,TraesCS3A03G0957500LC.1,TraesCS3A03G0957500LC.1,TraesCS3A03G0957500LC.1,,315,False,False,,TraesCS3A03G0957500LC.1,,4.13,0.0,0.0617,0.00768245838668,1,1,1,1,1,1,0,0,0,,,
1692,PXD004720,bread wheat,embryo,single,protein,no,TraesCS3A03G0972800.1,TraesCS3A03G0972800.1,TraesCS3A03G0972800.1,,589,False,False,,TraesCS3A03G0972800.1,,1.36,0.0,0.1176,0.00768245838668,1,0,1,1,0,1,0,0,0,,,"TraesCS3B03G1118800.1, TraesCS3D03G0909400.1, TraesCS3D03G0909400.2"
1693,PXD004720,bread wheat,embryo,single,protein,no,TraesCS3A03G0982800LC.1,TraesCS3A03G0982800LC.1,TraesCS3A03G0982800LC.1,,101,False,False,,TraesCS3A03G0982800LC.1,,6.93,0.0,0.1395,0.00768245838668,1,0,1,1,0,1,0,0,0,,,
1694,PXD004720,bread wheat,embryo,single,protein,no,TraesCS3A03G0989700LC.1,TraesCS3A03G0989700LC.1,TraesCS3A03G0989700LC.1,,261,False,False,,TraesCS3A03G0989700LC.1,,7.28,0.0,0.1975,0.00768245838668,1,1,1,1,1,1,0,0,0,"15M(15.9949), 3M(15.9949)",,
1695,PXD004720,bread wheat,embryo,single,protein,no,TraesCS3A03G0994400.1,TraesCS3A03G0994400.1,TraesCS3A03G0994400.1,,370,False,False,,TraesCS3A03G0994400.1,,3.51,0.0,0.0,0.00768245838668,1,0,1,1,0,1,0,0,0,,,"TraesCS3B03G1142800.1, TraesCS3D03G0926800.1, TraesCS3D03G0926800.2"
1696,PXD004720,bread wheat,embryo,single,protein,no,TraesCS3A03G0999000.1,TraesCS3A03G0999000.1,TraesCS3A03G0999000.1,,210,False,False,,TraesCS3A03G0999000.1,,5.24,0.0,0.1083,0.00768245838668,1,0,1,1,0,1,0,0,0,,,"TraesCS3B03G1151500.1, TraesCS3D03G0932800.1"
1697,PXD004720,bread wheat,embryo,single,protein,no,TraesCS3A03G1030600LC.1,TraesCS3A03G1030600LC.1,TraesCS3A03G1030600LC.1,,898,False,False,,TraesCS3A03G1030600LC.1,,1.67,0.0,0.1175,0.00768245838668,1,1,1,1,1,1,0,0,0,,,
1698,PXD004720,bread wheat,embryo,single,protein,no,TraesCS3A03G1042700.1,TraesCS3A03G1042700.1,TraesCS3A03G1042700.1,,127,False,False,,TraesCS3A03G1042700.1,,7.09,0.0,0.056,0.00768245838668,1,0,1,1,0,1,0,0,0,,,TraesCS3A03G1042900.1
1699,PXD004720,bread wheat,embryo,single,protein,no,TraesCS3A03G1056000.1,TraesCS3A03G1056000.1,TraesCS3A03G1056000.1,,312,False,False,,TraesCS3A03G1056000.1,,4.49,0.0,0.0928,0.00768245838668,1,0,1,1,0,1,0,0,0,11M(15.9949),,"TraesCS3B03G1220600.1, TraesCS3D03G0982400.1"
1700,PXD004720,bread wheat,embryo,single,protein,no,TraesCS3A03G1058200.1,TraesCS3A03G1058200.1,TraesCS3A03G1058200.1,,273,False,False,,TraesCS3A03G1058200.1,,5.86,0.0,0.0973,0.00768245838668,1,1,1,1,1,1,0,0,0,,,
1701,PXD004720,bread wheat,embryo,single,protein,no,TraesCS3A03G1097000.1,TraesCS3A03G1097000.1,TraesCS3A03G1097000.1,,324,False,False,,TraesCS3A03G1097000.1,,3.09,0.0,0.0652,0.00768245838668,1,0,1,1,0,1,0,0,0,,,"TraesCS3A03G1097000.2, TraesCS3A03G1097000.3"
1702,PXD004720,bread wheat,embryo,single,protein,no,TraesCS3A03G1106700.1,TraesCS3A03G1106700.1,TraesCS3A03G1106700.1,,491,False,False,,TraesCS3A03G1106700.1,,1.83,0.0,0.1643,0.00768245838668,1,0,1,1,0,1,0,0,0,,,"TraesCS3B03G1285100.1, TraesCS3D03G1036300.1"
1703,PXD004720,bread wheat,embryo,single,protein,no,TraesCS3A03G1122700.1,TraesCS3A03G1122700.1,TraesCS3A03G1122700.1,,235,False,False,,TraesCS3A03G1122700.1,,6.81,0.0,0.149,0.00768245838668,1,0,1,1,0,1,0,0,0,N-term(42.0106),,"TraesCS3A03G1122700.2, TraesCS3A03G1122700.3"
1704,PXD004720,bread wheat,embryo,single,protein,no,TraesCS3A03G1148400.1,TraesCS3A03G1148400.1,TraesCS3A03G1148400.1,,245,False,False,,TraesCS3A03G1148400.1,,3.67,0.0,0.3168,0.00768245838668,1,0,1,1,0,1,0,0,0,,,"TraesCS3A03G1148500.1, TraesCS3B03G1368300.1, TraesCS3B03G1368800.1, TraesCS3B03G1368800.2, TraesCS3D03G1094500.1, TraesCS3D03G1094500.2, TraesCS3D03G1094600.1"
1705,PXD004720,bread wheat,embryo,single,protein,no,TraesCS3A03G1184200.1,TraesCS3A03G1184200.1,TraesCS3A03G1184200.1,,791,False,False,,TraesCS3A03G1184200.1,,0.88,0.0,0.0,0.00768245838668,1,0,1,1,0,1,0,0,0,,,"TraesCS3B03G0514400.1, TraesCS3B03G1415900.1, TraesCS3B03G1415900.2, TraesCS3D03G1124600.1"
1706,PXD004720,bread wheat,embryo,single,protein,no,TraesCS3A03G1193000LC.1,TraesCS3A03G1193000LC.1,TraesCS3A03G1193000LC.1,,328,False,False,,TraesCS3A03G1193000LC.1,,3.35,0.0,0.0636,0.00768245838668,1,1,1,1,1,1,0,0,0,,,
1707,PXD004720,bread wheat,embryo,single,protein,no,TraesCS3A03G1206700LC.1,TraesCS3A03G1206700LC.1,TraesCS3A03G1206700LC.1,,849,False,False,,TraesCS3A03G1206700LC.1,,1.18,0.0,0.1566,0.00768245838668,1,1,1,1,1,1,0,0,0,,,
1708,PXD004720,bread wheat,embryo,single,protein,no,TraesCS3A03G1217300.1,TraesCS3A03G1217300.1,TraesCS3A03G1217300.1,,579,False,False,,TraesCS3A03G1217300.1,,2.07,0.0,0.2795,0.00768245838668,1,0,1,1,0,1,0,0,0,,,"TraesCS3B03G1460700.1, TraesCS3D03G1160300.1"
1709,PXD004720,bread wheat,embryo,single,protein,no,TraesCS3A03G1228200.1,TraesCS3A03G1228200.1,TraesCS3A03G1228200.1,,370,False,False,,TraesCS3A03G1228200.1,,3.78,0.0,0.0,0.00768245838668,1,0,1,1,0,1,0,0,0,,,"TraesCS3B03G1472800.1, TraesCS3B03G1473400.1"
1710,PXD004720,bread wheat,embryo,single,protein,no,TraesCS3A03G1243600LC.1,TraesCS3A03G1243600LC.1,TraesCS3A03G1243600LC.1,,144,False,False,,TraesCS3A03G1243600LC.1,,8.33,0.0,0.24,0.00768245838668,1,1,1,1,1,1,0,0,0,,,
1711,PXD004720,bread wheat,embryo,single,protein,no,TraesCS3B03G0093800.1,TraesCS3B03G0093800.1,TraesCS3B03G0093800.1,,315,False,False,,TraesCS3B03G0093800.1,,2.54,0.0,0.1261,0.00768245838668,1,1,1,2,2,2,0,0,0,,,
1712,PXD004720,bread wheat,embryo,single,protein,no,TraesCS3B03G0101600.1,TraesCS3B03G0101600.1,TraesCS3B03G0101600.1,,593,False,False,,TraesCS3B03G0101600.1,,1.69,0.0,0.0606,0.00768245838668,1,1,1,1,1,1,0,0,0,,,
1713,PXD004720,bread wheat,embryo,single,protein,no,TraesCS3B03G0103900LC.1,TraesCS3B03G0103900LC.1,TraesCS3B03G0103900LC.1,,225,False,False,,TraesCS3B03G0103900LC.1,,6.67,0.0,0.1253,0.00768245838668,1,1,1,1,1,1,0,0,0,,,
1714,PXD004720,bread wheat,embryo,single,protein,no,TraesCS3B03G0184100LC.1,TraesCS3B03G0184100LC.1,TraesCS3B03G0184100LC.1,,181,False,False,,TraesCS3B03G0184100LC.1,,7.73,0.0,0.092,0.00768245838668,1,1,1,1,1,1,0,0,0,1M(15.9949),,
1715,PXD004720,bread wheat,embryo,single,protein,no,TraesCS3B03G0187200.1,TraesCS3B03G0187200.1,TraesCS3B03G0187200.1,,1016,False,False,,TraesCS3B03G0187200.1,,1.57,0.0,0.346,0.00768245838668,1,1,1,1,1,1,0,0,0,,,
1716,PXD004720,bread wheat,embryo,single,protein,no,TraesCS3B03G0187600.1,TraesCS3B03G0187600.1,TraesCS3B03G0187600.1,,287,False,False,,TraesCS3B03G0187600.1,,2.44,0.0,0.0914,0.00768245838668,1,1,1,1,1,1,0,0,0,,,
1717,PXD004720,bread wheat,embryo,single,protein,no,TraesCS3B03G0203400.1,TraesCS3B03G0203400.1,TraesCS3B03G0203400.1,,988,False,False,,TraesCS3B03G0203400.1,,0.91,0.0,0.0782,0.00768245838668,1,1,1,1,1,1,0,0,0,,,
1718,PXD004720,bread wheat,embryo,single,protein,no,TraesCS3B03G0251800.1,TraesCS3B03G0251800.1,TraesCS3B03G0251800.1,,284,False,False,,TraesCS3B03G0251800.1,,6.69,0.0,0.134,0.00768245838668,1,1,1,1,1,1,0,0,0,,,
1719,PXD004720,bread wheat,embryo,single,protein,no,TraesCS3B03G0323100.1,TraesCS3B03G0323100.1,TraesCS3B03G0323100.1,,539,False,False,,TraesCS3B03G0323100.1,,2.04,0.0,0.1147,0.00768245838668,1,1,1,1,1,1,0,0,0,,,
1720,PXD004720,bread wheat,embryo,single,protein,no,TraesCS3B03G0332800LC.1,TraesCS3B03G0332800LC.1,TraesCS3B03G0332800LC.1,,226,False,False,,TraesCS3B03G0332800LC.1,,3.54,0.0,0.3472,0.00768245838668,1,1,1,1,1,1,0,0,0,,,
1721,PXD004720,bread wheat,embryo,single,protein,no,TraesCS3B03G0367300LC.1,TraesCS3B03G0367300LC.1,TraesCS3B03G0367300LC.1,,186,False,False,,TraesCS3B03G0367300LC.1,,17.74,0.0,0.077,0.00768245838668,1,1,1,1,1,1,0,0,0,,,
1722,PXD004720,bread wheat,embryo,single,protein,no,TraesCS3B03G0369100.1,TraesCS3B03G0369100.1,TraesCS3B03G0369100.1,,239,False,False,,TraesCS3B03G0369100.1,,4.18,0.0,0.0647,0.00768245838668,1,0,1,1,0,1,0,0,0,,,TraesCS3D03G0289200.1
1723,PXD004720,bread wheat,embryo,single,protein,no,TraesCS3B03G0387900.1,TraesCS3B03G0387900.1,TraesCS3B03G0387900.1,,273,False,False,,TraesCS3B03G0387900.1,,2.56,0.0,0.0942,0.00768245838668,1,0,1,1,0,1,0,0,0,,,
1724,PXD004720,bread wheat,embryo,single,protein,no,TraesCS3B03G0496600.1,TraesCS3B03G0496600.1,TraesCS3B03G0496600.1,,1087,False,False,,TraesCS3B03G0496600.1,,0.92,0.0,0.1307,0.00768245838668,1,0,1,1,0,1,0,0,0,,,"TraesCS3B03G0496600.2, TraesCS3B03G0496600.3, TraesCS3B03G0496600.4, TraesCS3B03G0496600.5, TraesCS3D03G0389800.1, TraesCS3D03G0389800.2, TraesCS3D03G0389800.3, TraesCS3D03G0389800.4"
1725,PXD004720,bread wheat,embryo,single,protein,no,TraesCS3B03G0519000.1,TraesCS3B03G0519000.1,TraesCS3B03G0519000.1,,490,False,False,,TraesCS3B03G0519000.1,,2.04,0.0,0.0872,0.00768245838668,1,1,1,1,1,1,0,0,0,,,
1726,PXD004720,bread wheat,embryo,single,protein,no,TraesCS3B03G0519500LC.1,TraesCS3B03G0519500LC.1,TraesCS3B03G0519500LC.1,,166,False,False,,TraesCS3B03G0519500LC.1,,7.83,0.0,0.0612,0.00768245838668,1,0,1,1,0,1,0,0,0,,,"TraesCS3D03G0450300LC.1, TraesCS5B03G0160200.1, TraesCS5D03G0154600.1, TraesCS5D03G0154600.2, TraesCS7B03G0601500LC.1"
1727,PXD004720,bread wheat,embryo,single,protein,no,TraesCS3B03G0531600.1,TraesCS3B03G0531600.1,TraesCS3B03G0531600.1,,346,False,False,,TraesCS3B03G0531600.1,,5.49,0.0,0.1343,0.00768245838668,1,0,1,1,0,1,0,0,0,,,
1728,PXD004720,bread wheat,embryo,single,protein,no,TraesCS3B03G0555200LC.1,TraesCS3B03G0555200LC.1,TraesCS3B03G0555200LC.1,,348,False,False,,TraesCS3B03G0555200LC.1,,4.31,0.0,0.1461,0.00768245838668,1,1,1,1,1,1,0,0,0,,,
1729,PXD004720,bread wheat,embryo,single,protein,no,TraesCS3B03G0571500LC.1,TraesCS3B03G0571500LC.1,TraesCS3B03G0571500LC.1,,375,False,False,,TraesCS3B03G0571500LC.1,,3.47,0.0,0.1185,0.00768245838668,1,1,1,1,1,1,0,0,0,,,
1730,PXD004720,bread wheat,embryo,single,protein,no,TraesCS3B03G0577200LC.1,TraesCS3B03G0577200LC.1,TraesCS3B03G0577200LC.1,,102,False,False,,TraesCS3B03G0577200LC.1,,13.73,0.0,0.0758,0.00768245838668,1,0,1,1,0,1,0,0,0,11C(57.0214),,TraesCS7B03G1027100LC.1
1731,PXD004720,bread wheat,embryo,single,protein,no,TraesCS3B03G0585500.1,TraesCS3B03G0585500.1,TraesCS3B03G0585500.1,,1947,False,False,,TraesCS3B03G0585500.1,,1.03,0.0,0.0559,0.00768245838668,1,0,1,1,0,1,0,0,0,7C(57.0214),,"TraesCS3B03G0585500.2, TraesCS3B03G0585500.3, TraesCS5D03G0260000.1, TraesCS5D03G0260000.2, TraesCS5D03G0260000.3, TraesCS5D03G0260000.4"
1732,PXD004720,bread wheat,embryo,single,protein,no,TraesCS3B03G0598500LC.1,TraesCS3B03G0598500LC.1,TraesCS3B03G0598500LC.1,,121,False,False,,TraesCS3B03G0598500LC.1,,8.26,0.0,0.0678,0.00768245838668,1,1,1,1,1,1,0,0,0,6C(57.0214),,
1733,PXD004720,bread wheat,embryo,single,protein,no,TraesCS3B03G0684900LC.1,TraesCS3B03G0684900LC.1,TraesCS3B03G0684900LC.1,,116,False,False,,TraesCS3B03G0684900LC.1,,7.76,0.0,0.0965,0.00768245838668,1,1,1,1,1,1,0,0,0,,,
1734,PXD004720,bread wheat,embryo,single,protein,no,TraesCS3B03G0688400.1,TraesCS3B03G0688400.1,TraesCS3B03G0688400.1,,1156,False,False,,TraesCS3B03G0688400.1,,0.78,0.0,0.2372,0.00768245838668,1,0,1,1,0,1,0,0,0,,,TraesCS3B03G0688400.2
1735,PXD004720,bread wheat,embryo,single,protein,no,TraesCS3B03G0746900LC.1,TraesCS3B03G0746900LC.1,TraesCS3B03G0746900LC.1,,172,False,False,,TraesCS3B03G0746900LC.1,,5.81,0.0,0.0614,0.00768245838668,1,0,1,1,0,1,0,0,0,,,TraesCS3B03G0747000.1
1736,PXD004720,bread wheat,embryo,single,protein,no,TraesCS3B03G0797300.1,TraesCS3B03G0797300.1,TraesCS3B03G0797300.1,,813,False,False,,TraesCS3B03G0797300.1,,1.35,0.0,0.3178,0.00768245838668,1,0,1,1,0,1,0,0,0,,,TraesCS3B03G0797300.2
1737,PXD004720,bread wheat,embryo,single,protein,no,TraesCS3B03G0816100.1,TraesCS3B03G0816100.1,TraesCS3B03G0816100.1,,1115,False,False,,TraesCS3B03G0816100.1,,0.9,0.0,0.0753,0.00768245838668,1,0,1,1,0,1,0,0,0,,,"TraesCS3B03G0816100.2, TraesCS3B03G0816100.3, TraesCS3B03G0816100.4, TraesCS3D03G0656700.1, TraesCS3D03G0656700.2, TraesCS3D03G0656700.3, TraesCS3D03G0656700.4"
1738,PXD004720,bread wheat,embryo,single,protein,no,TraesCS3B03G0824600LC.1,TraesCS3B03G0824600LC.1,TraesCS3B03G0824600LC.1,,400,False,False,,TraesCS3B03G0824600LC.1,,4.5,0.0,0.1461,0.00768245838668,1,1,1,1,1,1,0,0,0,,,
1739,PXD004720,bread wheat,embryo,single,protein,no,TraesCS3B03G0871100.1,TraesCS3B03G0871100.1,TraesCS3B03G0871100.1,,715,False,False,,TraesCS3B03G0871100.1,,2.8,0.0,0.069,0.00768245838668,1,0,1,1,0,1,0,0,0,,,"TraesCS3B03G0871100.2, TraesCS3B03G0871100.3"
1740,PXD004720,bread wheat,embryo,single,protein,no,TraesCS3B03G0974600.1,TraesCS3B03G0974600.1,TraesCS3B03G0974600.1,,134,False,False,,TraesCS3B03G0974600.1,,16.42,0.0,0.2595,0.00768245838668,2,0,1,2,0,1,0,0,0,,,TraesCS3D03G0779600.1
1741,PXD004720,bread wheat,embryo,single,protein,no,TraesCS3B03G0987900LC.1,TraesCS3B03G0987900LC.1,TraesCS3B03G0987900LC.1,,306,False,False,,TraesCS3B03G0987900LC.1,,2.61,0.0,0.1576,0.00768245838668,1,1,1,1,1,1,0,0,0,,,
1742,PXD004720,bread wheat,embryo,single,protein,no,TraesCS3B03G0996500.1,TraesCS3B03G0996500.1,TraesCS3B03G0996500.1,,492,False,False,,TraesCS3B03G0996500.1,,4.07,0.0,0.1691,0.00768245838668,1,1,1,1,1,1,0,0,0,17C(57.0214),,
1743,PXD004720,bread wheat,embryo,single,protein,no,TraesCS3B03G1064100.1,TraesCS3B03G1064100.1,TraesCS3B03G1064100.1,,350,False,False,,TraesCS3B03G1064100.1,,4.29,0.0,0.0687,0.00768245838668,1,1,1,1,1,1,0,0,0,,,
1744,PXD004720,bread wheat,embryo,single,protein,no,TraesCS3B03G1076500LC.1,TraesCS3B03G1076500LC.1,TraesCS3B03G1076500LC.1,,53,False,False,,TraesCS3B03G1076500LC.1,,15.09,0.0,0.0627,0.00768245838668,1,1,1,1,1,1,0,0,0,,,
1745,PXD004720,bread wheat,embryo,single,protein,no,TraesCS3B03G1140700LC.1,TraesCS3B03G1140700LC.1,TraesCS3B03G1140700LC.1,,249,False,False,,TraesCS3B03G1140700LC.1,,5.22,0.0,0.3375,0.00768245838668,1,1,1,1,1,1,0,0,0,,,
1746,PXD004720,bread wheat,embryo,single,protein,no,TraesCS3B03G1164200.1,TraesCS3B03G1164200.1,TraesCS3B03G1164200.1,,492,False,False,,TraesCS3B03G1164200.1,,1.42,0.0,0.0,0.00768245838668,1,0,1,1,0,1,0,0,0,,,
1747,PXD004720,bread wheat,embryo,single,protein,no,TraesCS3B03G1189400LC.1,TraesCS3B03G1189400LC.1,TraesCS3B03G1189400LC.1,,206,False,False,,TraesCS3B03G1189400LC.1,,3.88,0.0,0.2006,0.00768245838668,1,1,1,2,2,2,0,0,0,,,
1748,PXD004720,bread wheat,embryo,single,protein,no,TraesCS3B03G1245900LC.1,TraesCS3B03G1245900LC.1,TraesCS3B03G1245900LC.1,,232,False,False,,TraesCS3B03G1245900LC.1,,4.31,0.0,0.1932,0.00768245838668,1,1,1,1,1,1,0,0,0,,,
1749,PXD004720,bread wheat,embryo,single,protein,no,TraesCS3B03G1299100LC.1,TraesCS3B03G1299100LC.1,TraesCS3B03G1299100LC.1,,123,False,False,,TraesCS3B03G1299100LC.1,,23.58,0.0,0.2177,0.00768245838668,1,1,1,1,1,1,0,0,0,,,
1750,PXD004720,bread wheat,embryo,single,protein,no,TraesCS3B03G1343100.1,TraesCS3B03G1343100.1,TraesCS3B03G1343100.1,,171,False,False,,TraesCS3B03G1343100.1,,6.43,0.0,0.1498,0.00768245838668,1,0,1,1,0,1,0,0,0,9M(15.9949),,"TraesCS3B03G1343600.1, TraesCS3D03G1075500.1, TraesCS3D03G1076600.1, TraesCSU03G0465000.1"
1751,PXD004720,bread wheat,embryo,single,protein,no,TraesCS3B03G1375500LC.1,TraesCS3B03G1375500LC.1,TraesCS3B03G1375500LC.1,,157,False,False,,TraesCS3B03G1375500LC.1,,7.64,0.0,0.055,0.00768245838668,1,0,1,1,0,1,0,0,0,,,TraesCS4A03G0777700LC.1
1752,PXD004720,bread wheat,embryo,single,protein,no,TraesCS3B03G1385200LC.1,TraesCS3B03G1385200LC.1,TraesCS3B03G1385200LC.1,,115,False,False,,TraesCS3B03G1385200LC.1,,7.83,0.0,0.136,0.00768245838668,1,1,1,1,1,1,0,0,0,,,
1753,PXD004720,bread wheat,embryo,single,protein,no,TraesCS3B03G1394200LC.1,TraesCS3B03G1394200LC.1,TraesCS3B03G1394200LC.1,,310,False,False,,TraesCS3B03G1394200LC.1,,7.42,0.0,0.1369,0.00768245838668,1,1,1,1,1,1,0,0,0,,,
1754,PXD004720,bread wheat,embryo,single,protein,no,TraesCS3B03G1402000.1,TraesCS3B03G1402000.1,TraesCS3B03G1402000.1,,360,False,False,,TraesCS3B03G1402000.1,,3.06,0.0,0.1282,0.00768245838668,1,1,1,1,1,1,0,0,0,,,
1755,PXD004720,bread wheat,embryo,single,protein,no,TraesCS3B03G1422300.1,TraesCS3B03G1422300.1,TraesCS3B03G1422300.1,,125,False,False,,TraesCS3B03G1422300.1,,15.2,0.0,0.0842,0.00768245838668,1,1,1,1,1,1,0,0,0,8C(57.0214),,
1756,PXD004720,bread wheat,embryo,single,protein,no,TraesCS3B03G1425200.1,TraesCS3B03G1425200.1,TraesCS3B03G1425200.1,,884,False,False,,TraesCS3B03G1425200.1,,1.36,0.0,0.2394,0.00768245838668,1,1,1,1,1,1,0,0,0,,,
1757,PXD004720,bread wheat,embryo,single,protein,no,TraesCS3B03G1431100LC.1,TraesCS3B03G1431100LC.1,TraesCS3B03G1431100LC.1,,205,False,False,,TraesCS3B03G1431100LC.1,,6.34,0.0,0.0517,0.00768245838668,1,1,1,1,1,1,0,0,0,,,
1758,PXD004720,bread wheat,embryo,single,protein,no,TraesCS3B03G1462800.1,TraesCS3B03G1462800.1,TraesCS3B03G1462800.1,,441,False,False,,TraesCS3B03G1462800.1,,3.63,0.0,0.0607,0.00768245838668,1,1,1,1,1,1,0,0,0,,,
1759,PXD004720,bread wheat,embryo,single,protein,no,TraesCS3B03G1470500LC.1,TraesCS3B03G1470500LC.1,TraesCS3B03G1470500LC.1,,288,False,False,,TraesCS3B03G1470500LC.1,,3.47,0.0,0.1377,0.00768245838668,1,0,1,1,0,1,0,0,0,,,"TraesCS3B03G1472500.1, TraesCS3B03G1473800.1, TraesCS7A03G0617700.1, TraesCS7A03G0617700.2, TraesCS7B03G0448500.1, TraesCS7B03G0448500.2, TraesCS7D03G0607500.1, TraesCS7D03G0607500.2"
1760,PXD004720,bread wheat,embryo,single,protein,no,TraesCS3B03G1515700.1,TraesCS3B03G1515700.1,TraesCS3B03G1515700.1,,254,False,False,,TraesCS3B03G1515700.1,,11.42,0.0,0.0919,0.00768245838668,1,1,1,1,1,1,0,0,0,,,
1761,PXD004720,bread wheat,embryo,single,protein,no,TraesCS3B03G1520400.1,TraesCS3B03G1520400.1,TraesCS3B03G1520400.1,,771,False,False,,TraesCS3B03G1520400.1,,0.91,0.0,0.2124,0.00768245838668,1,1,1,1,1,1,0,0,0,,,
1762,PXD004720,bread wheat,embryo,single,protein,no,TraesCS3D03G0023200.1,TraesCS3D03G0023200.1,TraesCS3D03G0023200.1,,1039,False,False,,TraesCS3D03G0023200.1,,1.54,0.0,0.307,0.00768245838668,1,1,1,1,1,1,0,0,0,,,
1763,PXD004720,bread wheat,embryo,single,protein,no,TraesCS3D03G0092500.1,TraesCS3D03G0092500.1,TraesCS3D03G0092500.1,,151,False,False,,TraesCS3D03G0092500.1,,6.62,0.0,0.1618,0.00768245838668,1,1,1,1,1,1,0,0,0,,,
1764,PXD004720,bread wheat,embryo,single,protein,no,TraesCS3D03G0106900LC.1,TraesCS3D03G0106900LC.1,TraesCS3D03G0106900LC.1,,251,False,False,,TraesCS3D03G0106900LC.1,,6.37,0.0,0.0882,0.00768245838668,1,1,1,1,1,1,0,0,0,,,
1765,PXD004720,bread wheat,embryo,single,protein,no,TraesCS3D03G0131800.1,TraesCS3D03G0131800.1,TraesCS3D03G0131800.1,,1021,False,False,,TraesCS3D03G0131800.1,,1.37,0.0,0.1546,0.00768245838668,1,1,1,1,1,1,0,0,0,,,
1766,PXD004720,bread wheat,embryo,single,protein,no,TraesCS3D03G0139700LC.2,TraesCS3D03G0139700LC.2,TraesCS3D03G0139700LC.2,,140,False,False,,TraesCS3D03G0139700LC.2,,5.71,0.0,0.1152,0.00768245838668,1,1,1,1,1,1,0,0,0,5C(57.0214),,
1767,PXD004720,bread wheat,embryo,single,protein,no,TraesCS3D03G0159900.1,TraesCS3D03G0159900.1,TraesCS3D03G0159900.1,,533,False,False,,TraesCS3D03G0159900.1,,2.06,0.0,0.056,0.00768245838668,1,0,1,1,0,1,0,0,0,,,"TraesCS6A03G0202100.1, TraesCS6B03G0270100.1"
1768,PXD004720,bread wheat,embryo,single,protein,no,TraesCS3D03G0164200LC.1,TraesCS3D03G0164200LC.1,TraesCS3D03G0164200LC.1,,303,False,False,,TraesCS3D03G0164200LC.1,,2.64,0.0,0.1166,0.00768245838668,1,1,1,1,1,1,0,0,0,,,
1769,PXD004720,bread wheat,embryo,single,protein,no,TraesCS3D03G0174500.1,TraesCS3D03G0174500.1,TraesCS3D03G0174500.1,,1054,False,False,,TraesCS3D03G0174500.1,,1.52,0.0,0.0594,0.00768245838668,1,1,1,1,1,1,0,0,0,,,
1770,PXD004720,bread wheat,embryo,single,protein,no,TraesCS3D03G0238500.1,TraesCS3D03G0238500.1,TraesCS3D03G0238500.1,,162,False,False,,TraesCS3D03G0238500.1,,10.49,0.0,0.2905,0.00768245838668,1,0,1,3,0,3,0,0,0,,,
1771,PXD004720,bread wheat,embryo,single,protein,no,TraesCS3D03G0336000LC.1,TraesCS3D03G0336000LC.1,TraesCS3D03G0336000LC.1,,284,False,False,,TraesCS3D03G0336000LC.1,,3.52,0.0,0.1682,0.00768245838668,1,1,1,1,1,1,0,0,0,,,
1772,PXD004720,bread wheat,embryo,single,protein,no,TraesCS3D03G0337200.1,TraesCS3D03G0337200.1,TraesCS3D03G0337200.1,,601,False,False,,TraesCS3D03G0337200.1,,2.33,0.0,0.0672,0.00768245838668,1,1,1,1,1,1,0,0,0,9C(57.0214),,
1773,PXD004720,bread wheat,embryo,single,protein,no,TraesCS3D03G0366400.1,TraesCS3D03G0366400.1,TraesCS3D03G0366400.1,,455,False,False,,TraesCS3D03G0366400.1,,1.98,0.0,0.2764,0.00768245838668,1,1,1,2,2,2,0,0,0,,,
1774,PXD004720,bread wheat,embryo,single,protein,no,TraesCS3D03G0372200LC.1,TraesCS3D03G0372200LC.1,TraesCS3D03G0372200LC.1,,166,False,False,,TraesCS3D03G0372200LC.1,,7.83,0.0,0.0987,0.00768245838668,1,1,1,1,1,1,0,0,0,2M(15.9949),,
1775,PXD004720,bread wheat,embryo,single,protein,no,TraesCS3D03G0408300.2,TraesCS3D03G0408300.2,TraesCS3D03G0408300.2,,414,False,False,,TraesCS3D03G0408300.2,,1.69,0.0,0.2093,0.00768245838668,1,1,1,1,1,1,0,0,0,,,
1776,PXD004720,bread wheat,embryo,single,protein,no,TraesCS3D03G0547000LC.1,TraesCS3D03G0547000LC.1,TraesCS3D03G0547000LC.1,,98,False,False,,TraesCS3D03G0547000LC.1,,16.33,0.0,0.0874,0.00768245838668,1,1,1,1,1,1,0,0,0,N-term(42.0106),,
1777,PXD004720,bread wheat,embryo,single,protein,no,TraesCS3D03G0626100LC.1,TraesCS3D03G0626100LC.1,TraesCS3D03G0626100LC.1,,484,False,False,,TraesCS3D03G0626100LC.1,,1.65,0.0,0.3323,0.00768245838668,1,1,1,2,2,2,0,0,0,,,
1778,PXD004720,bread wheat,embryo,single,protein,no,TraesCS3D03G0632900.1,TraesCS3D03G0632900.1,TraesCS3D03G0632900.1,,379,False,False,,TraesCS3D03G0632900.1,,3.17,0.0,0.2589,0.00768245838668,1,1,1,1,1,1,0,0,0,,,
1779,PXD004720,bread wheat,embryo,single,protein,no,TraesCS3D03G0675700LC.1,TraesCS3D03G0675700LC.1,TraesCS3D03G0675700LC.1,,91,False,False,,TraesCS3D03G0675700LC.1,,17.58,0.0,0.0843,0.00768245838668,1,1,1,1,1,1,0,0,0,12C(57.0214),,
1780,PXD004720,bread wheat,embryo,single,protein,no,TraesCS3D03G0704300LC.1,TraesCS3D03G0704300LC.1,TraesCS3D03G0704300LC.1,,262,False,False,,TraesCS3D03G0704300LC.1,,8.4,0.0,0.2857,0.00768245838668,1,1,1,1,1,1,0,0,0,"2M(15.9949), 3M(15.9949)",,
1781,PXD004720,bread wheat,embryo,single,protein,no,TraesCS3D03G0706600LC.1,TraesCS3D03G0706600LC.1,TraesCS3D03G0706600LC.1,,100,False,False,,TraesCS3D03G0706600LC.1,,22.0,0.0,0.0976,0.00768245838668,1,1,1,1,1,1,0,0,0,"12C(57.0214), 1C(57.0214)",,
1782,PXD004720,bread wheat,embryo,single,protein,no,TraesCS3D03G0707400LC.1,TraesCS3D03G0707400LC.1,TraesCS3D03G0707400LC.1,,403,False,False,,TraesCS3D03G0707400LC.1,,4.71,0.0,0.147,0.00768245838668,1,1,1,1,1,1,0,0,0,,,
1783,PXD004720,bread wheat,embryo,single,protein,no,TraesCS3D03G0719300LC.1,TraesCS3D03G0719300LC.1,TraesCS3D03G0719300LC.1,,258,False,False,,TraesCS3D03G0719300LC.1,,3.49,0.0,0.1412,0.00768245838668,1,1,1,1,1,1,0,0,0,,,
1784,PXD004720,bread wheat,embryo,single,protein,no,TraesCS3D03G0786200LC.1,TraesCS3D03G0786200LC.1,TraesCS3D03G0786200LC.1,,311,False,False,,TraesCS3D03G0786200LC.1,,5.79,0.0,0.1206,0.00768245838668,1,1,1,1,1,1,0,0,0,,,
1785,PXD004720,bread wheat,embryo,single,protein,no,TraesCS3D03G0804800.1,TraesCS3D03G0804800.1,TraesCS3D03G0804800.1,,497,False,False,,TraesCS3D03G0804800.1,,1.41,0.0,0.2219,0.00768245838668,1,1,1,1,1,1,0,0,0,,,
1786,PXD004720,bread wheat,embryo,single,protein,no,TraesCS3D03G0849400LC.1,TraesCS3D03G0849400LC.1,TraesCS3D03G0849400LC.1,,96,False,False,,TraesCS3D03G0849400LC.1,,32.29,0.0,0.2659,0.00768245838668,1,1,1,1,1,1,0,0,0,N-term(42.0106),,
1787,PXD004720,bread wheat,embryo,single,protein,no,TraesCS3D03G0937800LC.1,TraesCS3D03G0937800LC.1,TraesCS3D03G0937800LC.1,,408,False,False,,TraesCS3D03G0937800LC.1,,3.43,0.0,0.1632,0.00768245838668,1,1,1,1,1,1,0,0,0,,,
1788,PXD004720,bread wheat,embryo,single,protein,no,TraesCS3D03G1021600.1,TraesCS3D03G1021600.1,TraesCS3D03G1021600.1,,373,False,False,,TraesCS3D03G1021600.1,,3.49,0.0,0.1645,0.00768245838668,1,1,1,1,1,1,0,0,0,,,
1789,PXD004720,bread wheat,embryo,single,protein,no,TraesCS3D03G1034500.1,TraesCS3D03G1034500.1,TraesCS3D03G1034500.1,,1467,False,False,,TraesCS3D03G1034500.1,,0.55,0.0,0.1453,0.00768245838668,1,1,1,1,1,1,0,0,0,,,
1790,PXD004720,bread wheat,embryo,single,protein,no,TraesCS3D03G1048900LC.1,TraesCS3D03G1048900LC.1,TraesCS3D03G1048900LC.1,,343,False,False,,TraesCS3D03G1048900LC.1,,2.92,0.0,0.0973,0.00768245838668,1,1,1,1,1,1,0,0,0,,,
1791,PXD004720,bread wheat,embryo,single,protein,no,TraesCS3D03G1073100LC.1,TraesCS3D03G1073100LC.1,TraesCS3D03G1073100LC.1,,118,False,False,,TraesCS3D03G1073100LC.1,,10.17,0.0,0.2422,0.00768245838668,1,1,1,1,1,1,0,0,0,,,
1792,PXD004720,bread wheat,embryo,single,protein,no,TraesCS3D03G1098400LC.1,TraesCS3D03G1098400LC.1,TraesCS3D03G1098400LC.1,,233,False,False,,TraesCS3D03G1098400LC.1,,3.43,0.0,0.0863,0.00768245838668,1,1,1,1,1,1,0,0,0,,,
1793,PXD004720,bread wheat,embryo,single,protein,no,TraesCS3D03G1146300LC.1,TraesCS3D03G1146300LC.1,TraesCS3D03G1146300LC.1,,120,False,False,,TraesCS3D03G1146300LC.1,,11.67,0.0,0.3456,0.00768245838668,1,1,1,1,1,1,0,0,0,,,
1794,PXD004720,bread wheat,embryo,single,protein,no,TraesCS3D03G1188500.1,TraesCS3D03G1188500.1,TraesCS3D03G1188500.1,,454,False,False,,TraesCS3D03G1188500.1,,5.51,0.0,0.0611,0.00768245838668,1,1,1,1,1,1,0,0,0,,,
1795,PXD004720,bread wheat,embryo,single,protein,no,TraesCS3D03G1189500LC.1,TraesCS3D03G1189500LC.1,TraesCS3D03G1189500LC.1,,138,False,False,,TraesCS3D03G1189500LC.1,,5.07,0.0,0.0671,0.00768245838668,1,1,1,1,1,1,0,0,0,,,
1796,PXD004720,bread wheat,embryo,single,protein,no,TraesCS4A03G0000800.1,TraesCS4A03G0000800.1,TraesCS4A03G0000800.1,,596,False,False,,TraesCS4A03G0000800.1,,2.01,0.0,0.1055,0.00768245838668,1,0,1,1,0,1,0,0,0,,,"TraesCS4B03G0000500.1, TraesCS4D03G0000700.1, TraesCS7A03G0702600.1, TraesCS7B03G0502600.1, TraesCS7B03G0502600.2, TraesCS7D03G0687400.1, TraesCS7D03G0687400.2"
1797,PXD004720,bread wheat,embryo,single,protein,no,TraesCS4A03G0001100.1,TraesCS4A03G0001100.1,TraesCS4A03G0001100.1,,681,False,False,,TraesCS4A03G0001100.1,,1.62,0.0,0.0,0.00768245838668,1,0,1,1,0,1,0,0,0,,,
1798,PXD004720,bread wheat,embryo,single,protein,no,TraesCS4A03G0011800.1,TraesCS4A03G0011800.1,TraesCS4A03G0011800.1,,590,False,False,,TraesCS4A03G0011800.1,,1.69,0.0,0.0622,0.00768245838668,1,1,1,1,1,1,0,0,0,,,
1799,PXD004720,bread wheat,embryo,single,protein,no,TraesCS4A03G0039600.1,TraesCS4A03G0039600.1,TraesCS4A03G0039600.1,,222,False,False,,TraesCS4A03G0039600.1,,4.05,0.0,0.0692,0.00768245838668,1,0,1,1,0,1,0,0,0,,,"TraesCS4A03G0039600.2, TraesCS4B03G0745600.1, TraesCS4B03G0745600.2, TraesCS4D03G0665300.1"
1800,PXD004720,bread wheat,embryo,single,protein,no,TraesCS4A03G0040100.1,TraesCS4A03G0040100.1,TraesCS4A03G0040100.1,,124,False,False,,TraesCS4A03G0040100.1,,15.32,0.0,0.2509,0.00768245838668,1,0,1,1,0,1,0,0,0,,,"TraesCS4A03G1015200LC.1, TraesCS5A03G1011100.1, TraesCS6D03G0723800.1"
1801,PXD004720,bread wheat,embryo,single,protein,no,TraesCS4A03G0041500LC.1,TraesCS4A03G0041500LC.1,TraesCS4A03G0041500LC.1,,578,False,False,,TraesCS4A03G0041500LC.1,,1.56,0.0,0.0924,0.00768245838668,1,0,1,1,0,1,0,0,0,,,TraesCS4B03G0743000LC.1
1802,PXD004720,bread wheat,embryo,single,protein,no,TraesCS4A03G0048700.1,TraesCS4A03G0048700.1,TraesCS4A03G0048700.1,,718,False,False,,TraesCS4A03G0048700.1,,2.79,0.0,0.1187,0.00768245838668,1,1,1,1,1,1,0,0,0,,,
1803,PXD004720,bread wheat,embryo,single,protein,no,TraesCS4A03G0087800.1,TraesCS4A03G0087800.1,TraesCS4A03G0087800.1,,590,False,False,,TraesCS4A03G0087800.1,,2.03,0.0,0.0674,0.00768245838668,1,0,1,1,0,1,0,0,0,,,"TraesCS4B03G0693600.1, TraesCS4D03G0621200.1"
1804,PXD004720,bread wheat,embryo,single,protein,no,TraesCS4A03G0106700LC.1,TraesCS4A03G0106700LC.1,TraesCS4A03G0106700LC.1,,141,False,False,,TraesCS4A03G0106700LC.1,,9.93,0.0,0.112,0.00768245838668,1,0,1,1,0,1,0,0,0,"9M(15.9949), N-term(42.0106)",,TraesCSU03G0294000LC.1
1805,PXD004720,bread wheat,embryo,single,protein,no,TraesCS4A03G0112900.1,TraesCS4A03G0112900.1,TraesCS4A03G0112900.1,,511,False,False,,TraesCS4A03G0112900.1,,1.57,0.0,0.1668,0.00768245838668,1,0,1,1,0,1,0,0,0,,,"TraesCS4B03G0668600.1, TraesCS4D03G0592000.1"
1806,PXD004720,bread wheat,embryo,single,protein,no,TraesCS4A03G0125900LC.1,TraesCS4A03G0125900LC.1,TraesCS4A03G0125900LC.1,,145,False,False,,TraesCS4A03G0125900LC.1,,7.59,0.0,0.2072,0.00768245838668,1,1,1,1,1,1,0,0,0,,,
1807,PXD004720,bread wheat,embryo,single,protein,no,TraesCS4A03G0132200.1,TraesCS4A03G0132200.1,TraesCS4A03G0132200.1,,1397,False,False,,TraesCS4A03G0132200.1,,0.79,0.0,0.0836,0.00768245838668,1,0,1,1,0,1,0,0,0,,,"TraesCS4B03G0663700.1, TraesCS4B03G0663700.2"
1808,PXD004720,bread wheat,embryo,single,protein,no,TraesCS4A03G0133500LC.1,TraesCS4A03G0133500LC.1,TraesCS4A03G0133500LC.1,,486,False,False,,TraesCS4A03G0133500LC.1,,2.67,0.0,0.0743,0.00768245838668,1,1,1,1,1,1,0,0,0,,,
1809,PXD004720,bread wheat,embryo,single,protein,no,TraesCS4A03G0162600.1,TraesCS4A03G0162600.1,TraesCS4A03G0162600.1,,652,False,False,,TraesCS4A03G0162600.1,,1.53,0.0,0.1207,0.00768245838668,1,0,1,1,0,1,0,0,0,,,"TraesCS4B03G0615700.1, TraesCS4B03G0615700.2, TraesCS4D03G0544400.1"
1810,PXD004720,bread wheat,embryo,single,protein,no,TraesCS4A03G0212000LC.1,TraesCS4A03G0212000LC.1,TraesCS4A03G0212000LC.1,,82,False,False,,TraesCS4A03G0212000LC.1,,14.63,0.0,0.1141,0.00768245838668,1,1,1,1,1,1,0,0,0,,,
1811,PXD004720,bread wheat,embryo,single,protein,no,TraesCS4A03G0229300.1,TraesCS4A03G0229300.1,TraesCS4A03G0229300.1,,788,False,False,,TraesCS4A03G0229300.1,,0.89,0.0,0.0813,0.00768245838668,1,0,1,1,0,1,0,0,0,,,"TraesCS4B03G0542200.1, TraesCS4B03G0542200.2, TraesCS4D03G0479600.1, TraesCS4D03G0479600.2"
1812,PXD004720,bread wheat,embryo,single,protein,no,TraesCS4A03G0242500LC.1,TraesCS4A03G0242500LC.1,TraesCS4A03G0242500LC.1,,290,False,False,,TraesCS4A03G0242500LC.1,,3.1,0.0,0.1064,0.00768245838668,1,0,1,2,0,2,0,0,0,,,"TraesCS4B03G0525800.1, TraesCS4D03G0464800.1"
1813,PXD004720,bread wheat,embryo,single,protein,no,TraesCS4A03G0243200.1,TraesCS4A03G0243200.1,TraesCS4A03G0243200.1,,1271,False,False,,TraesCS4A03G0243200.1,,1.02,0.0,0.1042,0.00768245838668,1,1,1,1,1,1,0,0,0,,,
1814,PXD004720,bread wheat,embryo,single,protein,no,TraesCS4A03G0251200.3,TraesCS4A03G0251200.3,TraesCS4A03G0251200.3,,594,False,False,,TraesCS4A03G0251200.3,,1.68,0.0,0.0654,0.00768245838668,1,1,1,1,1,1,0,0,0,"2C(57.0214), 9M(15.9949)",,
1815,PXD004720,bread wheat,embryo,single,protein,no,TraesCS4A03G0251700.1,TraesCS4A03G0251700.1,TraesCS4A03G0251700.1,,1008,False,False,,TraesCS4A03G0251700.1,,1.29,0.0,0.11,0.00768245838668,1,0,1,2,0,2,0,0,0,,,"TraesCS4A03G0251700.2, TraesCS4A03G0251700.3, TraesCS4B03G0513700.1, TraesCS4D03G0456400.1, TraesCS4D03G0456400.2"
1816,PXD004720,bread wheat,embryo,single,protein,no,TraesCS4A03G0258100.1,TraesCS4A03G0258100.1,TraesCS4A03G0258100.1,,606,False,False,,TraesCS4A03G0258100.1,,2.48,0.0,0.199,0.00768245838668,1,0,1,1,0,1,0,0,0,,,"TraesCS4A03G0258100.2, TraesCS4B03G0506800.1, TraesCS4B03G0506800.2, TraesCS4D03G0452700.1, TraesCS4D03G0452700.2"
1817,PXD004720,bread wheat,embryo,single,protein,no,TraesCS4A03G0276500.5,TraesCS4A03G0276500.5,TraesCS4A03G0276500.5,,679,False,False,,TraesCS4A03G0276500.5,,2.95,0.0,0.05,0.00768245838668,1,1,1,1,1,1,0,0,0,,,
1818,PXD004720,bread wheat,embryo,single,protein,no,TraesCS4A03G0277100.1,TraesCS4A03G0277100.1,TraesCS4A03G0277100.1,,178,False,False,,TraesCS4A03G0277100.1,,5.62,0.0,0.1921,0.00768245838668,1,1,1,1,1,1,0,0,0,,,
1819,PXD004720,bread wheat,embryo,single,protein,no,TraesCS4A03G0295600.1,TraesCS4A03G0295600.1,TraesCS4A03G0295600.1,,526,False,False,,TraesCS4A03G0295600.1,,1.9,0.0,0.0615,0.00768245838668,1,0,1,1,0,1,0,0,0,2M(15.9949),,"TraesCS4B03G0474100.1, TraesCS4D03G0424300.1"
1820,PXD004720,bread wheat,embryo,single,protein,no,TraesCS4A03G0304700LC.1,TraesCS4A03G0304700LC.1,TraesCS4A03G0304700LC.1,,92,False,False,,TraesCS4A03G0304700LC.1,,11.96,0.0,0.1113,0.00768245838668,1,1,1,1,1,1,0,0,0,,,
1821,PXD004720,bread wheat,embryo,single,protein,no,TraesCS4A03G0313300LC.1,TraesCS4A03G0313300LC.1,TraesCS4A03G0313300LC.1,,343,False,False,,TraesCS4A03G0313300LC.1,,4.08,0.0,0.1324,0.00768245838668,1,1,1,1,1,1,0,0,0,,,
1822,PXD004720,bread wheat,embryo,single,protein,no,TraesCS4A03G0319100.1,TraesCS4A03G0319100.1,TraesCS4A03G0319100.1,,250,False,False,,TraesCS4A03G0319100.1,,3.6,0.0,0.2976,0.00768245838668,1,0,1,1,0,1,0,0,0,,,"TraesCS4A03G0319100.2, TraesCS4B03G0408900.1, TraesCS4D03G0389600.1"
1823,PXD004720,bread wheat,embryo,single,protein,no,TraesCS4A03G0326500.1,TraesCS4A03G0326500.1,TraesCS4A03G0326500.1,,429,False,False,,TraesCS4A03G0326500.1,,2.8,0.0,0.117,0.00768245838668,1,1,1,1,1,1,0,0,0,,,
1824,PXD004720,bread wheat,embryo,single,protein,no,TraesCS4A03G0381500.1,TraesCS4A03G0381500.1,TraesCS4A03G0381500.1,,255,False,False,,TraesCS4A03G0381500.1,,4.31,0.0,0.0837,0.00768245838668,1,0,1,1,0,1,0,0,0,,,"TraesCS4B03G0434300.1, TraesCS4D03G0364300.1, TraesCS4D03G0364300.2"
1825,PXD004720,bread wheat,embryo,single,protein,no,TraesCS4A03G0411400.1,TraesCS4A03G0411400.1,TraesCS4A03G0411400.1,,411,False,False,,TraesCS4A03G0411400.1,,2.92,0.0,0.1428,0.00768245838668,1,0,1,1,0,1,0,0,0,,,TraesCS4A03G0411400.2
1826,PXD004720,bread wheat,embryo,single,protein,no,TraesCS4A03G0483100LC.1,TraesCS4A03G0483100LC.1,TraesCS4A03G0483100LC.1,,608,False,False,,TraesCS4A03G0483100LC.1,,2.14,0.0,0.1873,0.00768245838668,1,1,1,1,1,1,0,0,0,,,
1827,PXD004720,bread wheat,embryo,single,protein,no,TraesCS4A03G0486200.2,TraesCS4A03G0486200.2,TraesCS4A03G0486200.2,,584,False,False,,TraesCS4A03G0486200.2,,2.23,0.0,0.2084,0.00768245838668,1,0,1,1,0,1,0,0,0,,,"TraesCS4A03G0486200.3, TraesCS4A03G0486200.4, TraesCS4B03G0322200.1, TraesCS4B03G0322200.2, TraesCS4B03G0322200.3, TraesCS4D03G0264500.1, TraesCS4D03G0264500.2"
1828,PXD004720,bread wheat,embryo,single,protein,no,TraesCS4A03G0488100LC.1,TraesCS4A03G0488100LC.1,TraesCS4A03G0488100LC.1,,177,False,False,,TraesCS4A03G0488100LC.1,,4.52,0.0,0.1137,0.00768245838668,1,1,1,4,4,4,0,0,0,,,
1829,PXD004720,bread wheat,embryo,single,protein,no,TraesCS4A03G0495000LC.1,TraesCS4A03G0495000LC.1,TraesCS4A03G0495000LC.1,,532,False,False,,TraesCS4A03G0495000LC.1,,3.01,0.0,0.0633,0.00768245838668,1,0,1,1,0,1,0,0,0,"13M(15.9949), 8M(15.9949)",,"TraesCS4B03G0189900LC.1, TraesCS5A03G0724800LC.1, TraesCS6B03G0727300LC.1, TraesCS7A03G0019100LC.1, TraesCS7B03G0101500LC.1"
1830,PXD004720,bread wheat,embryo,single,protein,no,TraesCS4A03G0496500.1,TraesCS4A03G0496500.1,TraesCS4A03G0496500.1,,401,False,False,,TraesCS4A03G0496500.1,,4.24,0.0,0.1141,0.00768245838668,1,1,1,1,1,1,0,0,0,,,
1831,PXD004720,bread wheat,embryo,single,protein,no,TraesCS4A03G0502300.1,TraesCS4A03G0502300.1,TraesCS4A03G0502300.1,,625,False,False,,TraesCS4A03G0502300.1,,1.44,0.0,0.1986,0.00768245838668,1,0,1,1,0,1,0,0,0,,,"TraesCS4B03G0310800.1, TraesCS4D03G0254400.1"
1832,PXD004720,bread wheat,embryo,single,protein,no,TraesCS4A03G0506100.1,TraesCS4A03G0506100.1,TraesCS4A03G0506100.1,,495,False,False,,TraesCS4A03G0506100.1,,4.04,0.0,0.3088,0.00768245838668,1,0,1,1,0,1,0,0,0,,,"TraesCS4A03G0506100.2, TraesCS4A03G0506100.3, TraesCS4A03G0579000.1, TraesCS4A03G0579000.2, TraesCS4A03G0579000.3, TraesCS4A03G0579000.4, TraesCS4B03G0221600.1, TraesCS4D03G0182100.1, TraesCS4D03G0250600.1"
1833,PXD004720,bread wheat,embryo,single,protein,no,TraesCS4A03G0514400LC.1,TraesCS4A03G0514400LC.1,TraesCS4A03G0514400LC.1,,134,False,False,,TraesCS4A03G0514400LC.1,,6.72,0.0,0.0567,0.00768245838668,1,1,1,1,1,1,0,0,0,,,
1834,PXD004720,bread wheat,embryo,single,protein,no,TraesCS4A03G0519000.1,TraesCS4A03G0519000.1,TraesCS4A03G0519000.1,,146,False,False,,TraesCS4A03G0519000.1,,13.7,0.0,0.1955,0.00768245838668,1,1,1,1,1,1,0,0,0,5M(15.9949),,
1835,PXD004720,bread wheat,embryo,single,protein,no,TraesCS4A03G0542200LC.1,TraesCS4A03G0542200LC.1,TraesCS4A03G0542200LC.1,,78,False,False,,TraesCS4A03G0542200LC.1,,14.1,0.0,0.0576,0.00768245838668,1,1,1,1,1,1,0,0,0,,,
1836,PXD004720,bread wheat,embryo,single,protein,no,TraesCS4A03G0553900.1,TraesCS4A03G0553900.1,TraesCS4A03G0553900.1,,389,False,False,,TraesCS4A03G0553900.1,,2.31,0.0,0.2043,0.00768245838668,1,0,1,1,0,1,0,0,0,,,"TraesCS4B03G0254200.1, TraesCS4D03G0217400.1, TraesCS5A03G0304100.1, TraesCS5B03G0324400.1, TraesCS5D03G0326500.1"
1837,PXD004720,bread wheat,embryo,single,protein,no,TraesCS4A03G0555300LC.1,TraesCS4A03G0555300LC.1,TraesCS4A03G0555300LC.1,,420,False,False,,TraesCS4A03G0555300LC.1,,4.76,0.0,0.0512,0.00768245838668,1,1,1,1,1,1,0,0,0,,,
1838,PXD004720,bread wheat,embryo,single,protein,no,TraesCS4A03G0591500.1,TraesCS4A03G0591500.1,TraesCS4A03G0591500.1,,701,False,False,,TraesCS4A03G0591500.1,,2.43,0.0,0.0646,0.00768245838668,1,0,1,1,0,1,0,0,0,,,TraesCS4A03G0591500.2
1839,PXD004720,bread wheat,embryo,single,protein,no,TraesCS4A03G0601200.1,TraesCS4A03G0601200.1,TraesCS4A03G0601200.1,,773,False,False,,TraesCS4A03G0601200.1,,2.59,0.0,0.0895,0.00768245838668,1,0,1,1,0,1,0,0,0,,,TraesCS4B03G0205700.1
1840,PXD004720,bread wheat,embryo,single,protein,no,TraesCS4A03G0603600.1,TraesCS4A03G0603600.1,TraesCS4A03G0603600.1,,278,False,False,,TraesCS4A03G0603600.1,,2.88,0.0,0.0976,0.00768245838668,1,0,1,1,0,1,0,0,0,,,"TraesCS4B03G0202400.1, TraesCS4D03G0169200.1, TraesCS7D03G0227700.1"
1841,PXD004720,bread wheat,embryo,single,protein,no,TraesCS4A03G0623300LC.1,TraesCS4A03G0623300LC.1,TraesCS4A03G0623300LC.1,,439,False,False,,TraesCS4A03G0623300LC.1,,1.82,0.0,0.2909,0.00768245838668,1,1,1,4,4,4,0,0,0,,,
1842,PXD004720,bread wheat,embryo,single,protein,no,TraesCS4A03G0627900.1,TraesCS4A03G0627900.1,TraesCS4A03G0627900.1,,894,False,False,,TraesCS4A03G0627900.1,,1.79,0.0,0.0768,0.00768245838668,1,0,1,1,0,1,0,0,0,,,"TraesCS4A03G0627900.2, TraesCS4B03G0175200.1, TraesCS4D03G0143800.1"
1843,PXD004720,bread wheat,embryo,single,protein,no,TraesCS4A03G0632500LC.1,TraesCS4A03G0632500LC.1,TraesCS4A03G0632500LC.1,,84,False,False,,TraesCS4A03G0632500LC.1,,23.81,0.0,0.1098,0.00768245838668,1,1,1,1,1,1,0,0,0,15C(57.0214),,
1844,PXD004720,bread wheat,embryo,single,protein,no,TraesCS4A03G0688000LC.1,TraesCS4A03G0688000LC.1,TraesCS4A03G0688000LC.1,,125,False,False,,TraesCS4A03G0688000LC.1,,16.0,0.0,0.2097,0.00768245838668,1,1,1,1,1,1,0,0,0,,,
1845,PXD004720,bread wheat,embryo,single,protein,no,TraesCS4A03G0696200.1,TraesCS4A03G0696200.1,TraesCS4A03G0696200.1,,1217,False,False,,TraesCS4A03G0696200.1,,1.31,0.0,0.1002,0.00768245838668,1,0,1,1,0,1,0,0,0,,,"TraesCS4B03G0099300.1, TraesCS4D03G0081900.1"
1846,PXD004720,bread wheat,embryo,single,protein,no,TraesCS4A03G0725700.1,TraesCS4A03G0725700.1,TraesCS4A03G0725700.1,,735,False,False,,TraesCS4A03G0725700.1,,0.95,0.0,0.0622,0.00768245838668,1,0,1,1,0,1,0,0,0,,,"TraesCS4D03G0047800.1, TraesCS4D03G0047800.2"
1847,PXD004720,bread wheat,embryo,single,protein,no,TraesCS4A03G0729600.1,TraesCS4A03G0729600.1,TraesCS4A03G0729600.1,,460,False,False,,TraesCS4A03G0729600.1,,2.17,0.0,0.1021,0.00768245838668,1,0,1,1,0,1,0,0,0,,,"TraesCS4D03G0042700.1, TraesCS4D03G0042700.2"
1848,PXD004720,bread wheat,embryo,single,protein,no,TraesCS4A03G0738800.1,TraesCS4A03G0738800.1,TraesCS4A03G0738800.1,,2619,False,False,,TraesCS4A03G0738800.1,,0.31,0.0,0.1887,0.00768245838668,1,0,1,1,0,1,0,0,0,,,"TraesCS4B03G0053600.1, TraesCS4B03G0053600.2, TraesCS4D03G0036600.1, TraesCS4D03G0036600.2, TraesCS4D03G0036600.3, TraesCS4D03G0036600.4"
1849,PXD004720,bread wheat,embryo,single,protein,no,TraesCS4A03G0768800LC.1,TraesCS4A03G0768800LC.1,TraesCS4A03G0768800LC.1,,249,False,False,,TraesCS4A03G0768800LC.1,,4.02,0.0,0.1313,0.00768245838668,1,1,1,2,2,2,0,0,0,,,
1850,PXD004720,bread wheat,embryo,single,protein,no,TraesCS4A03G0792200LC.1,TraesCS4A03G0792200LC.1,TraesCS4A03G0792200LC.1,,430,False,False,,TraesCS4A03G0792200LC.1,,3.95,0.0,0.0772,0.00768245838668,1,0,1,1,0,1,0,0,0,,,"TraesCS5B03G1359800.1, TraesCS5D03G1205500.1"
1851,PXD004720,bread wheat,embryo,single,protein,no,TraesCS4A03G0793600LC.1,TraesCS4A03G0793600LC.1,TraesCS4A03G0793600LC.1,,291,False,False,,TraesCS4A03G0793600LC.1,,2.41,0.0,0.0836,0.00768245838668,1,1,1,1,1,1,0,0,0,,,
1852,PXD004720,bread wheat,embryo,single,protein,no,TraesCS4A03G0811800.1,TraesCS4A03G0811800.1,TraesCS4A03G0811800.1,,378,False,False,,TraesCS4A03G0811800.1,,2.38,0.0,0.0636,0.00768245838668,1,1,1,1,1,1,0,0,0,,,
1853,PXD004720,bread wheat,embryo,single,protein,no,TraesCS4A03G0834600.1,TraesCS4A03G0834600.1,TraesCS4A03G0834600.1,,531,False,False,,TraesCS4A03G0834600.1,,2.45,0.0,0.1589,0.00768245838668,1,0,1,1,0,1,0,0,0,,,"TraesCS5B03G1307700.1, TraesCS5D03G1168300.1, TraesCS5D03G1168400.1"
1854,PXD004720,bread wheat,embryo,single,protein,no,TraesCS4A03G0842100.1,TraesCS4A03G0842100.1,TraesCS4A03G0842100.1,,670,False,False,,TraesCS4A03G0842100.1,,2.24,0.0,0.0634,0.00768245838668,1,1,1,1,1,1,0,0,0,8C(57.0214),,
1855,PXD004720,bread wheat,embryo,single,protein,no,TraesCS4A03G0853600LC.1,TraesCS4A03G0853600LC.1,TraesCS4A03G0853600LC.1,,162,False,False,,TraesCS4A03G0853600LC.1,,4.94,0.0,0.0535,0.00768245838668,1,1,1,1,1,1,0,0,0,,,
1856,PXD004720,bread wheat,embryo,single,protein,no,TraesCS4A03G0863700.1,TraesCS4A03G0863700.1,TraesCS4A03G0863700.1,,800,False,False,,TraesCS4A03G0863700.1,,1.12,0.0,0.0566,0.00768245838668,1,1,1,1,1,1,0,0,0,,,
1857,PXD004720,bread wheat,embryo,single,protein,no,TraesCS4A03G0864900.1,TraesCS4A03G0864900.1,TraesCS4A03G0864900.1,,677,False,False,,TraesCS4A03G0864900.1,,1.18,0.0,0.0576,0.00768245838668,1,1,1,1,1,1,0,0,0,,,
1858,PXD004720,bread wheat,embryo,single,protein,no,TraesCS4A03G0865900LC.1,TraesCS4A03G0865900LC.1,TraesCS4A03G0865900LC.1,,307,False,False,,TraesCS4A03G0865900LC.1,,3.26,0.0,0.111,0.00768245838668,1,1,1,1,1,1,0,0,0,,,
1859,PXD004720,bread wheat,embryo,single,protein,no,TraesCS4A03G0878700.1,TraesCS4A03G0878700.1,TraesCS4A03G0878700.1,,245,False,False,,TraesCS4A03G0878700.1,,2.86,0.0,0.0589,0.00768245838668,1,0,1,1,0,1,0,0,0,,,"TraesCS4A03G0878700.2, TraesCS4A03G0878700.3, TraesCS5B03G1255000.1, TraesCS5B03G1255000.2, TraesCS5D03G1127400.1"
1860,PXD004720,bread wheat,embryo,single,protein,no,TraesCS4A03G0899800.1,TraesCS4A03G0899800.1,TraesCS4A03G0899800.1,,383,False,False,,TraesCS4A03G0899800.1,,2.87,0.0,0.1838,0.00768245838668,1,0,1,1,0,1,0,0,0,,,"TraesCS5B03G1235600.1, TraesCS5D03G1111200.1"
1861,PXD004720,bread wheat,embryo,single,protein,no,TraesCS4A03G0944000LC.1,TraesCS4A03G0944000LC.1,TraesCS4A03G0944000LC.1,,419,False,False,,TraesCS4A03G0944000LC.1,,7.4,0.0,0.1361,0.00768245838668,1,1,1,1,1,1,0,0,0,26M(15.9949),,
1862,PXD004720,bread wheat,embryo,single,protein,no,TraesCS4A03G0957100LC.1,TraesCS4A03G0957100LC.1,TraesCS4A03G0957100LC.1,,126,False,False,,TraesCS4A03G0957100LC.1,,8.73,0.0,0.0825,0.00768245838668,1,0,1,1,0,1,0,0,0,7M(15.9949),,
1863,PXD004720,bread wheat,embryo,single,protein,no,TraesCS4A03G0969400LC.1,TraesCS4A03G0969400LC.1,TraesCS4A03G0969400LC.1,,279,False,False,,TraesCS4A03G0969400LC.1,,10.39,0.0,0.0872,0.00768245838668,1,1,1,1,1,1,0,0,0,"22M(15.9949), 2M(15.9949)",,
1864,PXD004720,bread wheat,embryo,single,protein,no,TraesCS4A03G1024600.1,TraesCS4A03G1024600.1,TraesCS4A03G1024600.1,,558,False,False,,TraesCS4A03G1024600.1,,1.43,0.0,0.0651,0.00768245838668,1,0,1,1,0,1,0,0,0,,,"TraesCS4B03G0822000.1, TraesCS4B03G0822000.2, TraesCS4D03G0733500.1"
1865,PXD004720,bread wheat,embryo,single,protein,no,TraesCS4A03G1074200.2,TraesCS4A03G1074200.2,TraesCS4A03G1074200.2,,352,False,False,,TraesCS4A03G1074200.2,,5.11,0.0,0.0656,0.00768245838668,1,0,1,1,0,1,0,0,0,,,TraesCS7D03G0117000.1
1866,PXD004720,bread wheat,embryo,single,protein,no,TraesCS4A03G1089300LC.1,TraesCS4A03G1089300LC.1,TraesCS4A03G1089300LC.1,,284,False,False,,TraesCS4A03G1089300LC.1,,2.46,0.0,0.1466,0.00768245838668,1,0,1,1,0,1,0,0,0,,,
1867,PXD004720,bread wheat,embryo,single,protein,no,TraesCS4A03G1107500LC.1,TraesCS4A03G1107500LC.1,TraesCS4A03G1107500LC.1,,109,False,False,,TraesCS4A03G1107500LC.1,,10.09,0.0,0.0716,0.00768245838668,1,1,1,1,1,1,0,0,0,9C(57.0214),,
1868,PXD004720,bread wheat,embryo,single,protein,no,TraesCS4A03G1138500.1,TraesCS4A03G1138500.1,TraesCS4A03G1138500.1,,243,False,False,,TraesCS4A03G1138500.1,,4.94,0.0,0.0622,0.00768245838668,1,0,1,1,0,1,0,0,0,,,TraesCS7A03G0072700.1
1869,PXD004720,bread wheat,embryo,single,protein,no,TraesCS4A03G1163700LC.1,TraesCS4A03G1163700LC.1,TraesCS4A03G1163700LC.1,,191,False,False,,TraesCS4A03G1163700LC.1,,4.71,0.0,0.0947,0.00768245838668,1,1,1,1,1,1,0,0,0,,,
1870,PXD004720,bread wheat,embryo,single,protein,no,TraesCS4A03G1163900LC.1,TraesCS4A03G1163900LC.1,TraesCS4A03G1163900LC.1,,287,False,False,,TraesCS4A03G1163900LC.1,,3.83,0.0,0.0,0.00768245838668,1,0,1,1,0,1,0,0,0,,,
1871,PXD004720,bread wheat,embryo,single,protein,no,TraesCS4A03G1198000.1,TraesCS4A03G1198000.1,TraesCS4A03G1198000.1,,276,False,False,,TraesCS4A03G1198000.1,,4.35,0.0,0.0546,0.00768245838668,1,0,1,1,0,1,0,0,0,,,TraesCS7A03G0036700.2
1872,PXD004720,bread wheat,embryo,single,protein,no,TraesCS4A03G1205300.1,TraesCS4A03G1205300.1,TraesCS4A03G1205300.1,,1251,False,False,,TraesCS4A03G1205300.1,,0.96,0.0,0.0545,0.00768245838668,1,1,1,1,1,1,0,0,0,,,
1873,PXD004720,bread wheat,embryo,single,protein,no,TraesCS4A03G1238400LC.1,TraesCS4A03G1238400LC.1,TraesCS4A03G1238400LC.1,,653,False,False,,TraesCS4A03G1238400LC.1,,1.84,0.0,0.0706,0.00768245838668,1,1,1,1,1,1,0,0,0,,,
1874,PXD004720,bread wheat,embryo,single,protein,no,TraesCS4A03G1245900LC.1,TraesCS4A03G1245900LC.1,TraesCS4A03G1245900LC.1,,125,False,False,,TraesCS4A03G1245900LC.1,,8.0,0.0,0.2465,0.00768245838668,1,1,1,1,1,1,0,0,0,,,
1875,PXD004720,bread wheat,embryo,single,protein,no,TraesCS4B03G0045600LC.1,TraesCS4B03G0045600LC.1,TraesCS4B03G0045600LC.1,,163,False,False,,TraesCS4B03G0045600LC.1,,9.2,0.0,0.0951,0.00768245838668,1,1,1,2,2,2,0,0,0,6M(15.9949),,
1876,PXD004720,bread wheat,embryo,single,protein,no,TraesCS4B03G0056300LC.1,TraesCS4B03G0056300LC.1,TraesCS4B03G0056300LC.1,,265,False,False,,TraesCS4B03G0056300LC.1,,3.02,0.0,0.0611,0.00768245838668,1,1,1,1,1,1,0,0,0,,,
1877,PXD004720,bread wheat,embryo,single,protein,no,TraesCS4B03G0061600.1,TraesCS4B03G0061600.1,TraesCS4B03G0061600.1,,274,False,False,,TraesCS4B03G0061600.1,,2.92,0.0,0.1933,0.00768245838668,1,0,1,1,0,1,0,0,0,,,TraesCS4D03G0041000.1
1878,PXD004720,bread wheat,embryo,single,protein,no,TraesCS4B03G0078800.1,TraesCS4B03G0078800.1,TraesCS4B03G0078800.1,,226,False,False,,TraesCS4B03G0078800.1,,6.64,0.0,0.2487,0.00768245838668,1,0,1,1,0,1,0,0,0,,,TraesCS4D03G0056300.1
1879,PXD004720,bread wheat,embryo,single,protein,no,TraesCS4B03G0133300.1,TraesCS4B03G0133300.1,TraesCS4B03G0133300.1,,453,False,False,,TraesCS4B03G0133300.1,,4.19,0.0,0.1669,0.00768245838668,1,1,1,1,1,1,0,0,0,,,
1880,PXD004720,bread wheat,embryo,single,protein,no,TraesCS4B03G0135800.1,TraesCS4B03G0135800.1,TraesCS4B03G0135800.1,,364,False,False,,TraesCS4B03G0135800.1,,3.57,0.0,0.2022,0.00768245838668,1,0,1,1,0,1,0,0,0,,,TraesCS4D03G0114900.1
1881,PXD004720,bread wheat,embryo,single,protein,no,TraesCS4B03G0141100LC.1,TraesCS4B03G0141100LC.1,TraesCS4B03G0141100LC.1,,218,False,False,,TraesCS4B03G0141100LC.1,,11.47,0.0,0.1088,0.00768245838668,1,1,1,1,1,1,0,0,0,,,
1882,PXD004720,bread wheat,embryo,single,protein,no,TraesCS4B03G0187800.1,TraesCS4B03G0187800.1,TraesCS4B03G0187800.1,,753,False,False,,TraesCS4B03G0187800.1,,1.73,0.0,0.1615,0.00768245838668,1,1,1,1,1,1,0,0,0,,,
1883,PXD004720,bread wheat,embryo,single,protein,no,TraesCS4B03G0196400.1,TraesCS4B03G0196400.1,TraesCS4B03G0196400.1,,604,False,False,,TraesCS4B03G0196400.1,,2.48,0.0,0.1095,0.00768245838668,1,0,1,1,0,1,0,0,0,,,TraesCS4D03G0162200.1
1884,PXD004720,bread wheat,embryo,single,protein,no,TraesCS4B03G0231000.1,TraesCS4B03G0231000.1,TraesCS4B03G0231000.1,,677,False,False,,TraesCS4B03G0231000.1,,2.81,0.0,0.0997,0.00768245838668,1,1,1,1,1,1,0,0,0,8M(15.9949),,
1885,PXD004720,bread wheat,embryo,single,protein,no,TraesCS4B03G0240100.1,TraesCS4B03G0240100.1,TraesCS4B03G0240100.1,,491,False,False,,TraesCS4B03G0240100.1,,2.65,0.0,0.3377,0.00768245838668,1,0,1,1,0,1,0,0,0,"5C(57.0214), 8C(57.0214)",,TraesCS4D03G0203100.1
1886,PXD004720,bread wheat,embryo,single,protein,no,TraesCS4B03G0270600LC.1,TraesCS4B03G0270600LC.1,TraesCS4B03G0270600LC.1,,324,False,False,,TraesCS4B03G0270600LC.1,,3.4,0.0,0.1277,0.00768245838668,1,0,1,1,0,1,0,0,0,,,TraesCS4D03G0230900.1
1887,PXD004720,bread wheat,embryo,single,protein,no,TraesCS4B03G0310200.1,TraesCS4B03G0310200.1,TraesCS4B03G0310200.1,,548,False,False,,TraesCS4B03G0310200.1,,2.55,0.0,0.3068,0.00768245838668,1,1,1,1,1,1,0,0,0,,,
1888,PXD004720,bread wheat,embryo,single,protein,no,TraesCS4B03G0386300LC.1,TraesCS4B03G0386300LC.1,TraesCS4B03G0386300LC.1,,107,False,False,,TraesCS4B03G0386300LC.1,,15.89,0.0,0.2817,0.00768245838668,1,1,1,1,1,1,0,0,0,8C(57.0214),,
1889,PXD004720,bread wheat,embryo,single,protein,no,TraesCS4B03G0438600LC.1,TraesCS4B03G0438600LC.1,TraesCS4B03G0438600LC.1,,936,False,False,,TraesCS4B03G0438600LC.1,,3.21,0.0,0.1451,0.00768245838668,1,1,1,1,1,1,0,0,0,,,
1890,PXD004720,bread wheat,embryo,single,protein,no,TraesCS4B03G0441700LC.1,TraesCS4B03G0441700LC.1,TraesCS4B03G0441700LC.1,,266,False,False,,TraesCS4B03G0441700LC.1,,3.38,0.0,0.1078,0.00768245838668,1,1,1,1,1,1,0,0,0,,,
1891,PXD004720,bread wheat,embryo,single,protein,no,TraesCS4B03G0448600.1,TraesCS4B03G0448600.1,TraesCS4B03G0448600.1,,240,False,False,,TraesCS4B03G0448600.1,,7.08,0.0,0.0782,0.00768245838668,1,1,1,1,1,1,0,0,0,,,
1892,PXD004720,bread wheat,embryo,single,protein,no,TraesCS4B03G0456300LC.1,TraesCS4B03G0456300LC.1,TraesCS4B03G0456300LC.1,,837,False,False,,TraesCS4B03G0456300LC.1,,2.15,0.0,0.0856,0.00768245838668,1,0,1,1,0,1,0,0,0,13C(57.0214),,TraesCS4B03G0456500LC.1
1893,PXD004720,bread wheat,embryo,single,protein,no,TraesCS4B03G0481000LC.1,TraesCS4B03G0481000LC.1,TraesCS4B03G0481000LC.1,,718,False,False,,TraesCS4B03G0481000LC.1,,1.67,0.0,0.0541,0.00768245838668,1,1,1,1,1,1,0,0,0,,,
1894,PXD004720,bread wheat,embryo,single,protein,no,TraesCS4B03G0520400.1,TraesCS4B03G0520400.1,TraesCS4B03G0520400.1,,257,False,False,,TraesCS4B03G0520400.1,,6.61,0.0,0.286,0.00768245838668,1,0,1,1,0,1,0,0,0,,,TraesCS4D03G0459100.1
1895,PXD004720,bread wheat,embryo,single,protein,no,TraesCS4B03G0557500.1,TraesCS4B03G0557500.1,TraesCS4B03G0557500.1,,252,False,False,,TraesCS4B03G0557500.1,,5.95,0.0,0.2113,0.00768245838668,1,1,1,1,1,1,0,0,0,9M(15.9949),,
1896,PXD004720,bread wheat,embryo,single,protein,no,TraesCS4B03G0557700LC.1,TraesCS4B03G0557700LC.1,TraesCS4B03G0557700LC.1,,144,False,False,,TraesCS4B03G0557700LC.1,,6.25,0.0,0.1243,0.00768245838668,1,1,1,1,1,1,0,0,0,,,
1897,PXD004720,bread wheat,embryo,single,protein,no,TraesCS4B03G0558900.1,TraesCS4B03G0558900.1,TraesCS4B03G0558900.1,,227,False,False,,TraesCS4B03G0558900.1,,5.29,0.0,0.1121,0.00768245838668,1,0,1,1,0,1,0,0,0,,,TraesCS4D03G0493900.1
1898,PXD004720,bread wheat,embryo,single,protein,no,TraesCS4B03G0560200LC.1,TraesCS4B03G0560200LC.1,TraesCS4B03G0560200LC.1,,831,False,False,,TraesCS4B03G0560200LC.1,,1.08,0.0,0.1937,0.00768245838668,1,1,1,1,1,1,0,0,0,,,
1899,PXD004720,bread wheat,embryo,single,protein,no,TraesCS4B03G0602700LC.1,TraesCS4B03G0602700LC.1,TraesCS4B03G0602700LC.1,,224,False,False,,TraesCS4B03G0602700LC.1,,4.91,0.0,0.1455,0.00768245838668,1,1,1,1,1,1,0,0,0,N-term(42.0106),,
1900,PXD004720,bread wheat,embryo,single,protein,no,TraesCS4B03G0723100.1,TraesCS4B03G0723100.1,TraesCS4B03G0723100.1,,364,False,False,,TraesCS4B03G0723100.1,,2.75,0.0,0.061,0.00768245838668,1,1,1,1,1,1,0,0,0,,,
1901,PXD004720,bread wheat,embryo,single,protein,no,TraesCS4B03G0727800.1,TraesCS4B03G0727800.1,TraesCS4B03G0727800.1,,767,False,False,,TraesCS4B03G0727800.1,,1.69,0.0,0.1456,0.00768245838668,1,0,1,1,0,1,0,0,0,,,"TraesCS4B03G0727800.2, TraesCS4B03G0727800.3, TraesCS4B03G0727800.4, TraesCS4B03G0727800.5, TraesCS4D03G0647100.1, TraesCS4D03G0647100.2, TraesCS4D03G0647100.3, TraesCS4D03G0647100.4, TraesCS4D03G0647100.5"
1902,PXD004720,bread wheat,embryo,single,protein,no,TraesCS4B03G0745000LC.1,TraesCS4B03G0745000LC.1,TraesCS4B03G0745000LC.1,,132,False,False,,TraesCS4B03G0745000LC.1,,6.82,0.0,0.0795,0.00768245838668,1,1,1,1,1,1,0,0,0,,,
1903,PXD004720,bread wheat,embryo,single,protein,no,TraesCS4B03G0828800LC.1,TraesCS4B03G0828800LC.1,TraesCS4B03G0828800LC.1,,137,False,False,,TraesCS4B03G0828800LC.1,,13.14,0.0,0.0755,0.00768245838668,1,1,1,1,1,1,0,0,0,14M(15.9949),,
1904,PXD004720,bread wheat,embryo,single,protein,no,TraesCS4B03G0843000.1,TraesCS4B03G0843000.1,TraesCS4B03G0843000.1,,99,False,False,,TraesCS4B03G0843000.1,,8.08,0.0,0.1354,0.00768245838668,1,0,1,1,0,1,0,0,0,,,TraesCS4D03G0751700.1
1905,PXD004720,bread wheat,embryo,single,protein,no,TraesCS4B03G0877300LC.1,TraesCS4B03G0877300LC.1,TraesCS4B03G0877300LC.1,,243,False,False,,TraesCS4B03G0877300LC.1,,4.94,0.0,0.0638,0.00768245838668,1,1,1,1,1,1,0,0,0,,,
1906,PXD004720,bread wheat,embryo,single,protein,no,TraesCS4B03G0904100.1,TraesCS4B03G0904100.1,TraesCS4B03G0904100.1,,443,False,False,,TraesCS4B03G0904100.1,,1.81,0.0,0.0505,0.00768245838668,1,1,1,1,1,1,0,0,0,,,
1907,PXD004720,bread wheat,embryo,single,protein,no,TraesCS4B03G0906500.1,TraesCS4B03G0906500.1,TraesCS4B03G0906500.1,,1120,False,False,,TraesCS4B03G0906500.1,,1.07,0.0,0.22,0.00768245838668,1,0,1,1,0,1,0,0,0,,,"TraesCS4B03G0906500.2, TraesCS4D03G0797700.1, TraesCS5A03G1210000.1, TraesCS5A03G1210000.2"
1908,PXD004720,bread wheat,embryo,single,protein,no,TraesCS4B03G0917900.1,TraesCS4B03G0917900.1,TraesCS4B03G0917900.1,,646,False,False,,TraesCS4B03G0917900.1,,1.39,0.0,0.2089,0.00768245838668,1,0,1,1,0,1,0,0,0,,,"TraesCS4B03G0917900.2, TraesCS4D03G0805900.1, TraesCS4D03G0805900.2"
1909,PXD004720,bread wheat,embryo,single,protein,no,TraesCS4B03G0920400.1,TraesCS4B03G0920400.1,TraesCS4B03G0920400.1,,275,False,False,,TraesCS4B03G0920400.1,,2.91,0.0,0.069,0.00768245838668,1,0,1,1,0,1,0,0,0,,,"TraesCS4B03G0920400.2, TraesCS5A03G1154500.1"
1910,PXD004720,bread wheat,embryo,single,protein,no,TraesCS4B03G0920400.3,TraesCS4B03G0920400.3,TraesCS4B03G0920400.3,,352,False,False,,TraesCS4B03G0920400.3,,8.24,0.0,0.0818,0.00768245838668,2,0,1,2,0,1,0,0,0,7M(15.9949),,TraesCS4B03G0920400.4
1911,PXD004720,bread wheat,embryo,single,protein,no,TraesCS4B03G0931900LC.1,TraesCS4B03G0931900LC.1,TraesCS4B03G0931900LC.1,,273,False,False,,TraesCS4B03G0931900LC.1,,3.3,0.0,0.0556,0.00768245838668,1,0,1,1,0,1,0,0,0,,,TraesCS4D03G0816600.1
1912,PXD004720,bread wheat,embryo,single,protein,no,TraesCS4B03G0957000.1,TraesCS4B03G0957000.1,TraesCS4B03G0957000.1,,385,False,False,,TraesCS4B03G0957000.1,,3.9,0.0,0.1214,0.00768245838668,1,0,1,1,0,1,0,0,0,,,"TraesCS4B03G0957000.2, TraesCS5B03G0101900.1, TraesCS6B03G0304200.1, TraesCS6D03G0174100.1, TraesCS6D03G0174100.2"
1913,PXD004720,bread wheat,embryo,single,protein,no,TraesCS4B03G0997400.1,TraesCS4B03G0997400.1,TraesCS4B03G0997400.1,,570,False,False,,TraesCS4B03G0997400.1,,1.75,0.0,0.2458,0.00768245838668,1,1,1,1,1,1,0,0,0,,,
1914,PXD004720,bread wheat,embryo,single,protein,no,TraesCS4D03G0257800.1,TraesCS4D03G0257800.1,TraesCS4D03G0257800.1,,414,False,False,,TraesCS4D03G0257800.1,,3.38,0.0,0.0852,0.00768245838668,1,1,1,1,1,1,0,0,0,,,
1915,PXD004720,bread wheat,embryo,single,protein,no,TraesCS4D03G0306900LC.1,TraesCS4D03G0306900LC.1,TraesCS4D03G0306900LC.1,,123,False,False,,TraesCS4D03G0306900LC.1,,11.38,0.0,0.0713,0.00768245838668,1,1,1,1,1,1,0,0,0,,,
1916,PXD004720,bread wheat,embryo,single,protein,no,TraesCS4D03G0316800LC.1,TraesCS4D03G0316800LC.1,TraesCS4D03G0316800LC.1,,392,False,False,,TraesCS4D03G0316800LC.1,,2.55,0.0,0.072,0.00768245838668,1,1,1,1,1,1,0,0,0,,,
1917,PXD004720,bread wheat,embryo,single,protein,no,TraesCS4D03G0357700.1,TraesCS4D03G0357700.1,TraesCS4D03G0357700.1,,180,False,False,,TraesCS4D03G0357700.1,,5.0,0.0,0.0923,0.00768245838668,1,0,1,1,0,1,0,0,0,,,"TraesCS4D03G0357700.2, TraesCS4D03G0357700.3"
1918,PXD004720,bread wheat,embryo,single,protein,no,TraesCS4D03G0373100LC.1,TraesCS4D03G0373100LC.1,TraesCS4D03G0373100LC.1,,263,False,False,,TraesCS4D03G0373100LC.1,,7.98,0.0,0.0766,0.00768245838668,1,1,1,1,1,1,0,0,0,,,
1919,PXD004720,bread wheat,embryo,single,protein,no,TraesCS4D03G0388700LC.1,TraesCS4D03G0388700LC.1,TraesCS4D03G0388700LC.1,,625,False,False,,TraesCS4D03G0388700LC.1,,1.44,0.0,0.0604,0.00768245838668,1,1,1,1,1,1,0,0,0,,,
1920,PXD004720,bread wheat,embryo,single,protein,no,TraesCS4D03G0420800LC.1,TraesCS4D03G0420800LC.1,TraesCS4D03G0420800LC.1,,113,False,False,,TraesCS4D03G0420800LC.1,,8.85,0.0,0.2465,0.00768245838668,1,1,1,1,1,1,0,0,0,8M(15.9949),,
1921,PXD004720,bread wheat,embryo,single,protein,no,TraesCS4D03G0460400.1,TraesCS4D03G0460400.1,TraesCS4D03G0460400.1,,677,False,False,,TraesCS4D03G0460400.1,,1.03,0.0,0.0,0.00768245838668,1,0,1,1,0,1,0,0,0,,,decoy_167510
1922,PXD004720,bread wheat,embryo,single,protein,no,TraesCS4D03G0478100LC.1,TraesCS4D03G0478100LC.1,TraesCS4D03G0478100LC.1,,151,False,False,,TraesCS4D03G0478100LC.1,,7.28,0.0,0.0684,0.00768245838668,1,1,1,1,1,1,0,0,0,,,
1923,PXD004720,bread wheat,embryo,single,protein,no,TraesCS4D03G0514200LC.1,TraesCS4D03G0514200LC.1,TraesCS4D03G0514200LC.1,,223,False,False,,TraesCS4D03G0514200LC.1,,4.04,0.0,0.0781,0.00768245838668,1,1,1,1,1,1,0,0,0,,,
1924,PXD004720,bread wheat,embryo,single,protein,no,TraesCS4D03G0525300LC.1,TraesCS4D03G0525300LC.1,TraesCS4D03G0525300LC.1,,95,False,False,,TraesCS4D03G0525300LC.1,,15.79,0.0,0.0515,0.00768245838668,1,1,1,1,1,1,0,0,0,,,
1925,PXD004720,bread wheat,embryo,single,protein,no,TraesCS4D03G0541100LC.1,TraesCS4D03G0541100LC.1,TraesCS4D03G0541100LC.1,,147,False,False,,TraesCS4D03G0541100LC.1,,6.12,0.0,0.2718,0.00768245838668,1,0,1,1,0,1,0,0,0,,,TraesCS7D03G0457900LC.1
1926,PXD004720,bread wheat,embryo,single,protein,no,TraesCS4D03G0619400LC.1,TraesCS4D03G0619400LC.1,TraesCS4D03G0619400LC.1,,2382,False,False,,TraesCS4D03G0619400LC.1,,0.42,0.0,0.3444,0.00768245838668,1,1,1,1,1,1,0,0,0,,,
1927,PXD004720,bread wheat,embryo,single,protein,no,TraesCS4D03G0641600.1,TraesCS4D03G0641600.1,TraesCS4D03G0641600.1,,374,False,False,,TraesCS4D03G0641600.1,,2.14,0.0,0.2237,0.00768245838668,1,1,1,1,1,1,0,0,0,5M(15.9949),,
1928,PXD004720,bread wheat,embryo,single,protein,no,TraesCS4D03G0653500LC.1,TraesCS4D03G0653500LC.1,TraesCS4D03G0653500LC.1,,145,False,False,,TraesCS4D03G0653500LC.1,,6.21,0.0,0.082,0.00768245838668,1,1,1,1,1,1,0,0,0,,,
1929,PXD004720,bread wheat,embryo,single,protein,no,TraesCS4D03G0671900.1,TraesCS4D03G0671900.1,TraesCS4D03G0671900.1,,1279,False,False,,TraesCS4D03G0671900.1,,1.17,0.0,0.0535,0.00768245838668,1,0,1,1,0,1,0,0,0,,,"TraesCS4D03G0672000.1, TraesCS4D03G0672000.2"
1930,PXD004720,bread wheat,embryo,single,protein,no,TraesCS4D03G0673100LC.1,TraesCS4D03G0673100LC.1,TraesCS4D03G0673100LC.1,,1586,False,False,,TraesCS4D03G0673100LC.1,,0.76,0.0,0.0548,0.00768245838668,1,0,1,1,0,1,0,0,0,,,
1931,PXD004720,bread wheat,embryo,single,protein,no,TraesCS4D03G0716700.1,TraesCS4D03G0716700.1,TraesCS4D03G0716700.1,,279,False,False,,TraesCS4D03G0716700.1,,2.87,0.0,0.0795,0.00768245838668,1,1,1,1,1,1,0,0,0,,,
1932,PXD004720,bread wheat,embryo,single,protein,no,TraesCS4D03G0747300LC.1,TraesCS4D03G0747300LC.1,TraesCS4D03G0747300LC.1,,318,False,False,,TraesCS4D03G0747300LC.1,,3.46,0.0,0.0625,0.00768245838668,1,1,1,1,1,1,0,0,0,3C(57.0214),,
1933,PXD004720,bread wheat,embryo,single,protein,no,TraesCS4D03G0764500.1,TraesCS4D03G0764500.1,TraesCS4D03G0764500.1,,282,False,False,,TraesCS4D03G0764500.1,,4.96,0.0,0.1606,0.00768245838668,1,0,1,1,0,1,0,0,0,,,
1934,PXD004720,bread wheat,embryo,single,protein,no,TraesCS4D03G0777900LC.1,TraesCS4D03G0777900LC.1,TraesCS4D03G0777900LC.1,,381,False,False,,TraesCS4D03G0777900LC.1,,4.72,0.0,0.0623,0.00768245838668,1,1,1,1,1,1,0,0,0,,,
1935,PXD004720,bread wheat,embryo,single,protein,no,TraesCS4D03G0788900LC.1,TraesCS4D03G0788900LC.1,TraesCS4D03G0788900LC.1,,397,False,False,,TraesCS4D03G0788900LC.1,,3.53,0.0,0.0791,0.00768245838668,1,1,1,1,1,1,0,0,0,,,
1936,PXD004720,bread wheat,embryo,single,protein,no,TraesCS4D03G0803100LC.1,TraesCS4D03G0803100LC.1,TraesCS4D03G0803100LC.1,,212,False,False,,TraesCS4D03G0803100LC.1,,3.77,0.0,0.0521,0.00768245838668,1,1,1,1,1,1,0,0,0,,,
1937,PXD004720,bread wheat,embryo,single,protein,no,TraesCS5A03G0008900.1,TraesCS5A03G0008900.1,TraesCS5A03G0008900.1,,612,False,False,,TraesCS5A03G0008900.1,,2.94,0.0,0.1353,0.00768245838668,1,1,1,1,1,1,0,0,0,,,
1938,PXD004720,bread wheat,embryo,single,protein,no,TraesCS5A03G0019200.1,TraesCS5A03G0019200.1,TraesCS5A03G0019200.1,,390,False,False,,TraesCS5A03G0019200.1,,2.05,0.0,0.136,0.00768245838668,1,0,1,1,0,1,0,0,0,,,TraesCS5D03G0030400.1
1939,PXD004720,bread wheat,embryo,single,protein,no,TraesCS5A03G0031600.1,TraesCS5A03G0031600.1,TraesCS5A03G0031600.1,,402,False,False,,TraesCS5A03G0031600.1,,1.99,0.0,0.0553,0.00768245838668,1,0,1,1,0,1,0,0,0,,,TraesCS5B03G0025700.1
1940,PXD004720,bread wheat,embryo,single,protein,no,TraesCS5A03G0038200LC.1,TraesCS5A03G0038200LC.1,TraesCS5A03G0038200LC.1,,217,False,False,,TraesCS5A03G0038200LC.1,,5.07,0.0,0.0,0.00768245838668,1,0,1,2,0,2,0,0,0,,,"TraesCS5B03G0030800.1, TraesCS5D03G0049400.1, TraesCS5D03G0049400.2"
1941,PXD004720,bread wheat,embryo,single,protein,no,TraesCS5A03G0073400.1,TraesCS5A03G0073400.1,TraesCS5A03G0073400.1,,588,False,False,,TraesCS5A03G0073400.1,,1.19,0.0,0.0,0.00768245838668,1,0,1,1,0,1,0,0,0,,,TraesCS5D03G0097500.1
1942,PXD004720,bread wheat,embryo,single,protein,no,TraesCS5A03G0115800LC.1,TraesCS5A03G0115800LC.1,TraesCS5A03G0115800LC.1,,126,False,False,,TraesCS5A03G0115800LC.1,,8.73,0.0,0.0707,0.00768245838668,1,1,1,1,1,1,0,0,0,,,
1943,PXD004720,bread wheat,embryo,single,protein,no,TraesCS5A03G0136400LC.1,TraesCS5A03G0136400LC.1,TraesCS5A03G0136400LC.1,,128,False,False,,TraesCS5A03G0136400LC.1,,5.47,0.0,0.0721,0.00768245838668,1,1,1,1,1,1,0,0,0,,,
1944,PXD004720,bread wheat,embryo,single,protein,no,TraesCS5A03G0145100LC.1,TraesCS5A03G0145100LC.1,TraesCS5A03G0145100LC.1,,295,False,False,,TraesCS5A03G0145100LC.1,,4.41,0.0,0.0521,0.00768245838668,1,1,1,1,1,1,0,0,0,,,
1945,PXD004720,bread wheat,embryo,single,protein,no,TraesCS5A03G0165600LC.1,TraesCS5A03G0165600LC.1,TraesCS5A03G0165600LC.1,,464,False,False,,TraesCS5A03G0165600LC.1,,1.51,0.0,0.1681,0.00768245838668,1,0,1,1,0,1,0,0,0,,,"TraesCS6B03G1046000LC.1, decoy_101237, decoy_106858, decoy_96087"
1946,PXD004720,bread wheat,embryo,single,protein,no,TraesCS5A03G0170000LC.1,TraesCS5A03G0170000LC.1,TraesCS5A03G0170000LC.1,,266,False,False,,TraesCS5A03G0170000LC.1,,2.63,0.0,0.0858,0.00768245838668,1,1,1,1,1,1,0,0,0,,,
1947,PXD004720,bread wheat,embryo,single,protein,no,TraesCS5A03G0173600.1,TraesCS5A03G0173600.1,TraesCS5A03G0173600.1,,460,False,False,,TraesCS5A03G0173600.1,,1.52,0.0,0.2044,0.00768245838668,1,0,1,1,0,1,0,0,0,,,"TraesCS5A03G0174700.1, TraesCS5A03G0174900.1, TraesCS5B03G0185600.1"
1948,PXD004720,bread wheat,embryo,single,protein,no,TraesCS5A03G0193000.1,TraesCS5A03G0193000.1,TraesCS5A03G0193000.1,,232,False,False,,TraesCS5A03G0193000.1,,6.47,0.0,0.0643,0.00768245838668,1,1,1,1,1,1,0,0,0,,,
1949,PXD004720,bread wheat,embryo,single,protein,no,TraesCS5A03G0276600LC.1,TraesCS5A03G0276600LC.1,TraesCS5A03G0276600LC.1,,189,False,False,,TraesCS5A03G0276600LC.1,,3.7,0.0,0.1397,0.00768245838668,1,0,1,1,0,1,0,0,0,,,TraesCS5D03G0250600LC.1
1950,PXD004720,bread wheat,embryo,single,protein,no,TraesCS5A03G0296300.1,TraesCS5A03G0296300.1,TraesCS5A03G0296300.1,,533,False,False,,TraesCS5A03G0296300.1,,2.25,0.0,0.1063,0.00768245838668,1,0,1,1,0,1,0,0,0,,,TraesCS5D03G0306400.1
1951,PXD004720,bread wheat,embryo,single,protein,no,TraesCS5A03G0315300LC.1,TraesCS5A03G0315300LC.1,TraesCS5A03G0315300LC.1,,206,False,False,,TraesCS5A03G0315300LC.1,,4.37,0.0,0.0922,0.00768245838668,1,1,1,1,1,1,0,0,0,,,
1952,PXD004720,bread wheat,embryo,single,protein,no,TraesCS5A03G0324100.1,TraesCS5A03G0324100.1,TraesCS5A03G0324100.1,,553,False,False,,TraesCS5A03G0324100.1,,1.81,0.0,0.0889,0.00768245838668,1,0,1,1,0,1,0,0,0,,,"TraesCS5B03G0301200.1, TraesCS5B03G0301200.2, TraesCS5D03G0287200.1, TraesCS5D03G0287200.2"
1953,PXD004720,bread wheat,embryo,single,protein,no,TraesCS5A03G0410800.1,TraesCS5A03G0410800.1,TraesCS5A03G0410800.1,,321,False,False,,TraesCS5A03G0410800.1,,5.3,0.0,0.2122,0.00768245838668,1,0,1,1,0,1,0,0,0,,,"TraesCS5B03G0408000.1, TraesCS5B03G0408000.2, TraesCS5D03G0360700.1, TraesCS5D03G0360700.2"
1954,PXD004720,bread wheat,embryo,single,protein,no,TraesCS5A03G0419300.1,TraesCS5A03G0419300.1,TraesCS5A03G0419300.1,,515,False,False,,TraesCS5A03G0419300.1,,2.52,0.0,0.0595,0.00768245838668,1,0,1,1,0,1,0,0,0,,,"TraesCS5B03G0416400.1, TraesCS5D03G0387400.1, TraesCS5D03G0387400.2"
1955,PXD004720,bread wheat,embryo,single,protein,no,TraesCS5A03G0425000.1,TraesCS5A03G0425000.1,TraesCS5A03G0425000.1,,424,False,False,,TraesCS5A03G0425000.1,,3.07,0.0,0.1684,0.00768245838668,1,0,1,1,0,1,0,0,0,,,"TraesCS5A03G0425000.2, TraesCS5A03G0425000.3, TraesCS5B03G0420500.1, TraesCS5B03G0420500.2, TraesCS5D03G0393300.1, TraesCS5D03G0393300.2"
1956,PXD004720,bread wheat,embryo,single,protein,no,TraesCS5A03G0460700.1,TraesCS5A03G0460700.1,TraesCS5A03G0460700.1,,356,False,False,,TraesCS5A03G0460700.1,,2.53,0.0,0.2413,0.00768245838668,1,0,1,1,0,1,0,0,0,,,"TraesCS5B03G0455700.1, TraesCS5D03G0426200.1"
1957,PXD004720,bread wheat,embryo,single,protein,no,TraesCS5A03G0476800.1,TraesCS5A03G0476800.1,TraesCS5A03G0476800.1,,197,False,False,,TraesCS5A03G0476800.1,,4.57,0.0,0.1504,0.00768245838668,1,0,1,1,0,1,0,0,0,,,"TraesCS5A03G0476800.2, TraesCS5A03G0476800.3, TraesCS5A03G0476800.4, TraesCS5D03G0440000.1"
1958,PXD004720,bread wheat,embryo,single,protein,no,TraesCS5A03G0485300LC.1,TraesCS5A03G0485300LC.1,TraesCS5A03G0485300LC.1,,242,False,False,,TraesCS5A03G0485300LC.1,,2.89,0.0,0.1149,0.00768245838668,1,0,1,1,0,1,0,0,0,,,
1959,PXD004720,bread wheat,embryo,single,protein,no,TraesCS5A03G0504200LC.1,TraesCS5A03G0504200LC.1,TraesCS5A03G0504200LC.1,,83,False,False,,TraesCS5A03G0504200LC.1,,15.66,0.0,0.1636,0.00768245838668,1,1,1,1,1,1,0,0,0,,,
1960,PXD004720,bread wheat,embryo,single,protein,no,TraesCS5A03G0523400.2,TraesCS5A03G0523400.2,TraesCS5A03G0523400.2,,284,False,False,,TraesCS5A03G0523400.2,,4.23,0.0,0.0868,0.00768245838668,1,1,1,1,1,1,0,0,0,,,
1961,PXD004720,bread wheat,embryo,single,protein,no,TraesCS5A03G0547000.1,TraesCS5A03G0547000.1,TraesCS5A03G0547000.1,,222,False,False,,TraesCS5A03G0547000.1,,3.6,0.0,0.1061,0.00768245838668,1,0,1,1,0,1,0,0,0,,,TraesCS5D03G0510000.1
1962,PXD004720,bread wheat,embryo,single,protein,no,TraesCS5A03G0561300.1,TraesCS5A03G0561300.1,TraesCS5A03G0561300.1,,124,False,False,,TraesCS5A03G0561300.1,,7.26,0.0,0.0544,0.00768245838668,1,0,1,1,0,1,0,0,0,,,"TraesCS5B03G0572400.1, TraesCS5D03G0527100.1"
1963,PXD004720,bread wheat,embryo,single,protein,no,TraesCS5A03G0579200LC.1,TraesCS5A03G0579200LC.1,TraesCS5A03G0579200LC.1,,423,False,False,,TraesCS5A03G0579200LC.1,,5.2,0.0,0.3215,0.00768245838668,1,1,1,1,1,1,0,0,0,,,
1964,PXD004720,bread wheat,embryo,single,protein,no,TraesCS5A03G0600800.1,TraesCS5A03G0600800.1,TraesCS5A03G0600800.1,,916,False,False,,TraesCS5A03G0600800.1,,0.98,0.0,0.0975,0.00768245838668,1,0,1,1,0,1,0,0,0,,,TraesCS5B03G0618600.1
1965,PXD004720,bread wheat,embryo,single,protein,no,TraesCS5A03G0635500LC.1,TraesCS5A03G0635500LC.1,TraesCS5A03G0635500LC.1,,70,False,False,,TraesCS5A03G0635500LC.1,,12.86,0.0,0.2462,0.00768245838668,1,1,1,1,1,1,0,0,0,4M(15.9949),,
1966,PXD004720,bread wheat,embryo,single,protein,no,TraesCS5A03G0654500.1,TraesCS5A03G0654500.1,TraesCS5A03G0654500.1,,806,False,False,,TraesCS5A03G0654500.1,,2.23,0.0,0.0,0.00768245838668,1,0,1,1,0,1,0,0,0,,,TraesCS5A03G0654500.2
1967,PXD004720,bread wheat,embryo,single,protein,no,TraesCS5A03G0667500.1,TraesCS5A03G0667500.1,TraesCS5A03G0667500.1,,312,False,False,,TraesCS5A03G0667500.1,,4.17,0.0,0.0566,0.00768245838668,1,0,1,1,0,1,0,0,0,,,"TraesCS5B03G0682800LC.1, TraesCS5B03G0682800LC.2, TraesCS5B03G0682800LC.3"
1968,PXD004720,bread wheat,embryo,single,protein,no,TraesCS5A03G0721600.1,TraesCS5A03G0721600.1,TraesCS5A03G0721600.1,,412,False,False,,TraesCS5A03G0721600.1,,3.64,0.0,0.0543,0.00768245838668,1,0,1,1,0,1,0,0,0,4M(15.9949),,"TraesCS5B03G0759300.1, TraesCS5D03G0689000.1"
1969,PXD004720,bread wheat,embryo,single,protein,no,TraesCS5A03G0735300.1,TraesCS5A03G0735300.1,TraesCS5A03G0735300.1,,1200,False,False,,TraesCS5A03G0735300.1,,1.92,0.0,0.1577,0.00768245838668,1,0,1,1,0,1,0,0,0,,,"TraesCS5B03G0766400.1, TraesCS5B03G0766400.2, TraesCS5B03G0766400.3, TraesCS5B03G0766400.4, TraesCS5B03G0766400.5, TraesCS5B03G0766400.6, TraesCS5D03G0695300.1"
1970,PXD004720,bread wheat,embryo,single,protein,no,TraesCS5A03G0807100LC.1,TraesCS5A03G0807100LC.1,TraesCS5A03G0807100LC.1,,244,False,False,,TraesCS5A03G0807100LC.1,,10.25,0.0,0.2196,0.00768245838668,1,1,1,1,1,1,0,0,0,,,
1971,PXD004720,bread wheat,embryo,single,protein,no,TraesCS5A03G0828700LC.1,TraesCS5A03G0828700LC.1,TraesCS5A03G0828700LC.1,,399,False,False,,TraesCS5A03G0828700LC.1,,2.76,0.0,0.0875,0.00768245838668,1,0,1,1,0,1,0,0,0,,,TraesCS5B03G0867600.1
1972,PXD004720,bread wheat,embryo,single,protein,no,TraesCS5A03G0905500.1,TraesCS5A03G0905500.1,TraesCS5A03G0905500.1,,566,False,False,,TraesCS5A03G0905500.1,,2.3,0.0,0.0591,0.00768245838668,1,0,1,1,0,1,0,0,0,,,"TraesCS5B03G0956600.2, TraesCS5B03G0956600.3, TraesCS5B03G0956600.4, TraesCS5B03G0956600.5, TraesCS5D03G0867700.1, TraesCS5D03G0867700.2, TraesCS5D03G0867700.3"
1973,PXD004720,bread wheat,embryo,single,protein,no,TraesCS5A03G0919500LC.1,TraesCS5A03G0919500LC.1,TraesCS5A03G0919500LC.1,,732,False,False,,TraesCS5A03G0919500LC.1,,4.51,0.0,0.1121,0.00768245838668,1,1,1,1,1,1,0,0,0,8C(57.0214),,
1974,PXD004720,bread wheat,embryo,single,protein,no,TraesCS5A03G0929400.1,TraesCS5A03G0929400.1,TraesCS5A03G0929400.1,,582,False,False,,TraesCS5A03G0929400.1,,1.37,0.0,0.0,0.00768245838668,1,0,1,1,0,1,0,0,0,,,"TraesCS5B03G0979800.1, TraesCS5D03G0888400.1"
1975,PXD004720,bread wheat,embryo,single,protein,no,TraesCS5A03G0956000.1,TraesCS5A03G0956000.1,TraesCS5A03G0956000.1,,366,False,False,,TraesCS5A03G0956000.1,,4.37,0.0,0.2003,0.00768245838668,1,0,1,1,0,1,0,0,0,,,"TraesCS5B03G1004200.1, TraesCS5D03G0911300.1, TraesCS5D03G0911300.2"
1976,PXD004720,bread wheat,embryo,single,protein,no,TraesCS5A03G0970300.1,TraesCS5A03G0970300.1,TraesCS5A03G0970300.1,,513,False,False,,TraesCS5A03G0970300.1,,1.95,0.0,0.0894,0.00768245838668,1,0,1,1,0,1,0,0,0,,,TraesCS5B03G1020100.1
1977,PXD004720,bread wheat,embryo,single,protein,no,TraesCS5A03G0978100LC.1,TraesCS5A03G0978100LC.1,TraesCS5A03G0978100LC.1,,300,False,False,,TraesCS5A03G0978100LC.1,,2.67,0.0,0.0727,0.00768245838668,1,1,1,1,1,1,0,0,0,,,
1978,PXD004720,bread wheat,embryo,single,protein,no,TraesCS5A03G1004300.1,TraesCS5A03G1004300.1,TraesCS5A03G1004300.1,,711,False,False,,TraesCS5A03G1004300.1,,1.13,0.0,0.1467,0.00768245838668,1,0,1,2,0,2,0,0,0,,,"TraesCS5A03G1004300.2, TraesCS5A03G1004300.3, TraesCS5B03G1050500.1, TraesCS5B03G1050500.2, TraesCS5D03G0951300.1"
1979,PXD004720,bread wheat,embryo,single,protein,no,TraesCS5A03G1035000.1,TraesCS5A03G1035000.1,TraesCS5A03G1035000.1,,577,False,False,,TraesCS5A03G1035000.1,,3.12,0.0,0.0548,0.00768245838668,1,1,1,1,1,1,0,0,0,,,
1980,PXD004720,bread wheat,embryo,single,protein,no,TraesCS5A03G1046900.1,TraesCS5A03G1046900.1,TraesCS5A03G1046900.1,,346,False,False,,TraesCS5A03G1046900.1,,2.6,0.0,0.0558,0.00768245838668,1,0,1,1,0,1,0,0,0,,,"TraesCS5B03G1102300.1, TraesCS5B03G1102300.2, TraesCS5D03G0991600.1, TraesCS5D03G0991600.2"
1981,PXD004720,bread wheat,embryo,single,protein,no,TraesCS5A03G1058300.1,TraesCS5A03G1058300.1,TraesCS5A03G1058300.1,,793,False,False,,TraesCS5A03G1058300.1,,1.51,0.0,0.0699,0.00768245838668,1,0,1,1,0,1,0,0,0,,,"TraesCS5A03G1058300.2, TraesCS5D03G0996900.1"
1982,PXD004720,bread wheat,embryo,single,protein,no,TraesCS5A03G1058900.1,TraesCS5A03G1058900.1,TraesCS5A03G1058900.1,,1010,False,False,,TraesCS5A03G1058900.1,,0.79,0.0,0.0773,0.00768245838668,1,0,1,1,0,1,0,0,0,,,"TraesCS5A03G1058900.2, TraesCS5A03G1058900.3, TraesCS5A03G1058900.4, TraesCS5D03G0997800.1, TraesCS5D03G0997800.2, TraesCS5D03G0997800.3"
1983,PXD004720,bread wheat,embryo,single,protein,no,TraesCS5A03G1092500LC.1,TraesCS5A03G1092500LC.1,TraesCS5A03G1092500LC.1,,95,False,False,,TraesCS5A03G1092500LC.1,,11.58,0.0,0.0843,0.00768245838668,1,0,1,1,0,1,0,0,0,1M(15.9949),,TraesCS5D03G1050900LC.1
1984,PXD004720,bread wheat,embryo,single,protein,no,TraesCS5A03G1100300.1,TraesCS5A03G1100300.1,TraesCS5A03G1100300.1,,157,False,False,,TraesCS5A03G1100300.1,,5.1,0.0,0.0989,0.00768245838668,1,0,1,1,0,1,0,0,0,,,"TraesCS5B03G1167600.1, TraesCS5D03G1057500.1"
1985,PXD004720,bread wheat,embryo,single,protein,no,TraesCS5A03G1115800.1,TraesCS5A03G1115800.1,TraesCS5A03G1115800.1,,330,False,False,,TraesCS5A03G1115800.1,,5.15,0.0,0.0595,0.00768245838668,1,0,1,1,0,1,0,0,0,,,TraesCS5A03G1115800.2
1986,PXD004720,bread wheat,embryo,single,protein,no,TraesCS5A03G1118300.1,TraesCS5A03G1118300.1,TraesCS5A03G1118300.1,,662,False,False,,TraesCS5A03G1118300.1,,1.51,0.0,0.1249,0.00768245838668,1,0,1,1,0,1,0,0,0,,,"TraesCS5B03G1186500.1, TraesCS5D03G1070200.1"
1987,PXD004720,bread wheat,embryo,single,protein,no,TraesCS5A03G1154300.1,TraesCS5A03G1154300.1,TraesCS5A03G1154300.1,,227,False,False,,TraesCS5A03G1154300.1,,3.52,0.0,0.0504,0.00768245838668,1,1,1,1,1,1,0,0,0,,,
1988,PXD004720,bread wheat,embryo,single,protein,no,TraesCS5A03G1235100.1,TraesCS5A03G1235100.1,TraesCS5A03G1235100.1,,103,False,False,,TraesCS5A03G1235100.1,,26.21,0.0,0.0555,0.00768245838668,1,1,1,1,1,1,0,0,0,"11C(57.0214), N-term(42.0106)",,
1989,PXD004720,bread wheat,embryo,single,protein,no,TraesCS5A03G1253300.1,TraesCS5A03G1253300.1,TraesCS5A03G1253300.1,,89,False,False,,TraesCS5A03G1253300.1,,21.35,0.0,0.1031,0.00768245838668,1,1,1,1,1,1,0,0,0,,,
1990,PXD004720,bread wheat,embryo,single,protein,no,TraesCS5A03G1257600.1,TraesCS5A03G1257600.1,TraesCS5A03G1257600.1,,2404,False,False,,TraesCS5A03G1257600.1,,0.29,0.0,0.1041,0.00768245838668,1,0,1,2,0,2,0,0,0,,,
1991,PXD004720,bread wheat,embryo,single,protein,no,TraesCS5A03G1280100LC.1,TraesCS5A03G1280100LC.1,TraesCS5A03G1280100LC.1,,866,False,False,,TraesCS5A03G1280100LC.1,,0.92,0.0,0.0965,0.00768245838668,1,0,1,1,0,1,0,0,0,2M(15.9949),,TraesCS5A03G1280100LC.2
1992,PXD004720,bread wheat,embryo,single,protein,no,TraesCS5B03G0018300.1,TraesCS5B03G0018300.1,TraesCS5B03G0018300.1,,255,False,False,,TraesCS5B03G0018300.1,,3.92,0.0,0.0694,0.00768245838668,1,0,1,1,0,1,0,0,0,3C(57.0214),,
1993,PXD004720,bread wheat,embryo,single,protein,no,TraesCS5B03G0048200LC.2,TraesCS5B03G0048200LC.2,TraesCS5B03G0048200LC.2,,214,False,False,,TraesCS5B03G0048200LC.2,,4.21,0.0,0.3283,0.00768245838668,1,1,1,1,1,1,0,0,0,1M(15.9949),,
1994,PXD004720,bread wheat,embryo,single,protein,no,TraesCS5B03G0087600.1,TraesCS5B03G0087600.1,TraesCS5B03G0087600.1,,459,False,False,,TraesCS5B03G0087600.1,,3.27,0.0,0.2555,0.00768245838668,1,1,1,1,1,1,0,0,0,,,
1995,PXD004720,bread wheat,embryo,single,protein,no,TraesCS5B03G0102900LC.1,TraesCS5B03G0102900LC.1,TraesCS5B03G0102900LC.1,,169,False,False,,TraesCS5B03G0102900LC.1,,13.02,0.0,0.1457,0.00768245838668,1,1,1,1,1,1,0,0,0,N-term(42.0106),,
1996,PXD004720,bread wheat,embryo,single,protein,no,TraesCS5B03G0108800LC.1,TraesCS5B03G0108800LC.1,TraesCS5B03G0108800LC.1,,230,False,False,,TraesCS5B03G0108800LC.1,,4.78,0.0,0.2473,0.00768245838668,1,1,1,1,1,1,0,0,0,,,
1997,PXD004720,bread wheat,embryo,single,protein,no,TraesCS5B03G0123200LC.1,TraesCS5B03G0123200LC.1,TraesCS5B03G0123200LC.1,,292,False,False,,TraesCS5B03G0123200LC.1,,2.4,0.0,0.0,0.00768245838668,1,0,1,1,0,1,0,0,0,,,"decoy_219291, decoy_243274, decoy_258022, decoy_264447, decoy_32215, decoy_62088, decoy_98869"
1998,PXD004720,bread wheat,embryo,single,protein,no,TraesCS5B03G0152200.1,TraesCS5B03G0152200.1,TraesCS5B03G0152200.1,,111,False,False,,TraesCS5B03G0152200.1,,9.01,0.0,0.3301,0.00768245838668,1,1,1,1,1,1,0,0,0,,,
1999,PXD004720,bread wheat,embryo,single,protein,no,TraesCS5B03G0205600LC.1,TraesCS5B03G0205600LC.1,TraesCS5B03G0205600LC.1,,206,False,False,,TraesCS5B03G0205600LC.1,,8.74,0.0,0.0828,0.00768245838668,1,1,1,1,1,1,0,0,0,1C(57.0214),,
2000,PXD004720,bread wheat,embryo,single,protein,no,TraesCS5B03G0219300LC.1,TraesCS5B03G0219300LC.1,TraesCS5B03G0219300LC.1,,202,False,False,,TraesCS5B03G0219300LC.1,,4.95,0.0,0.1655,0.00768245838668,1,1,1,2,2,2,0,0,0,,,
2001,PXD004720,bread wheat,embryo,single,protein,no,TraesCS5B03G0229800.1,TraesCS5B03G0229800.1,TraesCS5B03G0229800.1,,753,False,False,,TraesCS5B03G0229800.1,,1.33,0.0,0.2629,0.00768245838668,1,1,1,1,1,1,0,0,0,,,
2002,PXD004720,bread wheat,embryo,single,protein,no,TraesCS5B03G0291200LC.1,TraesCS5B03G0291200LC.1,TraesCS5B03G0291200LC.1,,413,False,False,,TraesCS5B03G0291200LC.1,,2.42,0.0,0.0607,0.00768245838668,1,1,1,1,1,1,0,0,0,,,
2003,PXD004720,bread wheat,embryo,single,protein,no,TraesCS5B03G0295700LC.1,TraesCS5B03G0295700LC.1,TraesCS5B03G0295700LC.1,,129,False,False,,TraesCS5B03G0295700LC.1,,10.08,0.0,0.0557,0.00768245838668,1,1,1,1,1,1,0,0,0,,,
2004,PXD004720,bread wheat,embryo,single,protein,no,TraesCS5B03G0326300LC.1,TraesCS5B03G0326300LC.1,TraesCS5B03G0326300LC.1,,117,False,False,,TraesCS5B03G0326300LC.1,,5.98,0.0,0.1285,0.00768245838668,1,0,1,1,0,1,0,0,0,,,
2005,PXD004720,bread wheat,embryo,single,protein,no,TraesCS5B03G0343400LC.1,TraesCS5B03G0343400LC.1,TraesCS5B03G0343400LC.1,,100,False,False,,TraesCS5B03G0343400LC.1,,8.0,0.0,0.1066,0.00768245838668,1,1,1,1,1,1,0,0,0,,,
2006,PXD004720,bread wheat,embryo,single,protein,no,TraesCS5B03G0445800LC.1,TraesCS5B03G0445800LC.1,TraesCS5B03G0445800LC.1,,385,False,False,,TraesCS5B03G0445800LC.1,,2.34,0.0,0.2998,0.00768245838668,1,1,1,1,1,1,0,0,0,,,
2007,PXD004720,bread wheat,embryo,single,protein,no,TraesCS5B03G0463800.1,TraesCS5B03G0463800.1,TraesCS5B03G0463800.1,,86,False,False,,TraesCS5B03G0463800.1,,8.14,0.0,0.1542,0.00768245838668,1,1,1,2,2,2,0,0,0,,,
2008,PXD004720,bread wheat,embryo,single,protein,no,TraesCS5B03G0490900.1,TraesCS5B03G0490900.1,TraesCS5B03G0490900.1,,498,False,False,,TraesCS5B03G0490900.1,,3.82,0.0,0.1374,0.00768245838668,1,1,1,1,1,1,0,0,0,,,
2009,PXD004720,bread wheat,embryo,single,protein,no,TraesCS5B03G0491600LC.1,TraesCS5B03G0491600LC.1,TraesCS5B03G0491600LC.1,,144,False,False,,TraesCS5B03G0491600LC.1,,8.33,0.0,0.2404,0.00768245838668,1,1,1,1,1,1,0,0,0,1M(15.9949),,
2010,PXD004720,bread wheat,embryo,single,protein,no,TraesCS5B03G0493200.1,TraesCS5B03G0493200.1,TraesCS5B03G0493200.1,,1013,False,False,,TraesCS5B03G0493200.1,,0.79,0.0,0.0686,0.00768245838668,1,0,1,1,0,1,0,0,0,,,"TraesCS5B03G0493200.2, TraesCS5B03G0493200.3"
2011,PXD004720,bread wheat,embryo,single,protein,no,TraesCS5B03G0505600LC.1,TraesCS5B03G0505600LC.1,TraesCS5B03G0505600LC.1,,370,False,False,,TraesCS5B03G0505600LC.1,,3.24,0.0,0.0644,0.00768245838668,1,1,1,1,1,1,0,0,0,,,
2012,PXD004720,bread wheat,embryo,single,protein,no,TraesCS5B03G0508100.1,TraesCS5B03G0508100.1,TraesCS5B03G0508100.1,,118,False,False,,TraesCS5B03G0508100.1,,6.78,0.0,0.1164,0.00768245838668,1,1,1,1,1,1,0,0,0,,,
2013,PXD004720,bread wheat,embryo,single,protein,no,TraesCS5B03G0529200LC.1,TraesCS5B03G0529200LC.1,TraesCS5B03G0529200LC.1,,670,False,False,,TraesCS5B03G0529200LC.1,,2.09,0.0,0.2659,0.00768245838668,1,1,1,1,1,1,0,0,0,,,
2014,PXD004720,bread wheat,embryo,single,protein,no,TraesCS5B03G0560500.1,TraesCS5B03G0560500.1,TraesCS5B03G0560500.1,,985,False,False,,TraesCS5B03G0560500.1,,1.52,0.0,0.3058,0.00768245838668,1,0,1,1,0,1,0,0,0,"10C(57.0214), 7M(15.9949)",,TraesCS5D03G0519000.1
2015,PXD004720,bread wheat,embryo,single,protein,no,TraesCS5B03G0577700LC.1,TraesCS5B03G0577700LC.1,TraesCS5B03G0577700LC.1,,652,False,False,,TraesCS5B03G0577700LC.1,,1.53,0.0,0.1299,0.00768245838668,1,1,1,1,1,1,0,0,0,,,
2016,PXD004720,bread wheat,embryo,single,protein,no,TraesCS5B03G0588300LC.1,TraesCS5B03G0588300LC.1,TraesCS5B03G0588300LC.1,,821,False,False,,TraesCS5B03G0588300LC.1,,0.97,0.0,0.0749,0.00768245838668,1,1,1,1,1,1,0,0,0,,,
2017,PXD004720,bread wheat,embryo,single,protein,no,TraesCS5B03G0654600LC.1,TraesCS5B03G0654600LC.1,TraesCS5B03G0654600LC.1,,572,False,False,,TraesCS5B03G0654600LC.1,,1.92,0.0,0.1565,0.00768245838668,1,1,1,1,1,1,0,0,0,,,
2018,PXD004720,bread wheat,embryo,single,protein,no,TraesCS5B03G0670300.1,TraesCS5B03G0670300.1,TraesCS5B03G0670300.1,,371,False,False,,TraesCS5B03G0670300.1,,3.77,0.0,0.1037,0.00768245838668,1,0,1,1,0,1,0,0,0,,,"TraesCS5B03G0670900LC.1, TraesCSU03G0252600.1, TraesCSU03G0268400.1"
2019,PXD004720,bread wheat,embryo,single,protein,no,TraesCS5B03G0684600LC.1,TraesCS5B03G0684600LC.1,TraesCS5B03G0684600LC.1,,845,False,False,,TraesCS5B03G0684600LC.1,,1.07,0.0,0.0856,0.00768245838668,1,1,1,1,1,1,0,0,0,,,
2020,PXD004720,bread wheat,embryo,single,protein,no,TraesCS5B03G0727700.1,TraesCS5B03G0727700.1,TraesCS5B03G0727700.1,,186,False,False,,TraesCS5B03G0727700.1,,8.6,0.0,0.1005,0.00768245838668,1,1,1,1,1,1,0,0,0,6M(15.9949),,
2021,PXD004720,bread wheat,embryo,single,protein,no,TraesCS5B03G0735200.1,TraesCS5B03G0735200.1,TraesCS5B03G0735200.1,,1028,False,False,,TraesCS5B03G0735200.1,,0.97,0.0,0.061,0.00768245838668,1,1,1,1,1,1,0,0,0,,,
2022,PXD004720,bread wheat,embryo,single,protein,no,TraesCS5B03G0759000LC.1,TraesCS5B03G0759000LC.1,TraesCS5B03G0759000LC.1,,139,False,False,,TraesCS5B03G0759000LC.1,,5.76,0.0,0.1356,0.00768245838668,1,1,1,1,1,1,0,0,0,,,
2023,PXD004720,bread wheat,embryo,single,protein,no,TraesCS5B03G0772100.1,TraesCS5B03G0772100.1,TraesCS5B03G0772100.1,,460,False,False,,TraesCS5B03G0772100.1,,4.78,0.0,0.0691,0.00768245838668,1,0,1,1,0,1,0,0,0,16M(15.9949),,TraesCS5D03G0698800.1
2024,PXD004720,bread wheat,embryo,single,protein,no,TraesCS5B03G0783400.1,TraesCS5B03G0783400.1,TraesCS5B03G0783400.1,,934,False,False,,TraesCS5B03G0783400.1,,1.07,0.0,0.1054,0.00768245838668,1,0,1,1,0,1,0,0,0,,,"TraesCS5B03G0783400.2, TraesCS5B03G0783400.3"
2025,PXD004720,bread wheat,embryo,single,protein,no,TraesCS5B03G0783700.1,TraesCS5B03G0783700.1,TraesCS5B03G0783700.1,,423,False,False,,TraesCS5B03G0783700.1,,3.31,0.0,0.2147,0.00768245838668,1,1,1,1,1,1,0,0,0,,,
2026,PXD004720,bread wheat,embryo,single,protein,no,TraesCS5B03G0805500LC.1,TraesCS5B03G0805500LC.1,TraesCS5B03G0805500LC.1,,280,False,False,,TraesCS5B03G0805500LC.1,,13.93,0.0,0.1352,0.00768245838668,1,0,1,1,0,1,0,0,0,,,"TraesCS7D03G0189400LC.1, TraesCS7D03G0189400LC.2"
2027,PXD004720,bread wheat,embryo,single,protein,no,TraesCS5B03G0838000.1,TraesCS5B03G0838000.1,TraesCS5B03G0838000.1,,1116,False,False,,TraesCS5B03G0838000.1,,1.16,0.0,0.0918,0.00768245838668,1,0,1,1,0,1,0,0,0,9C(57.0214),,
2028,PXD004720,bread wheat,embryo,single,protein,no,TraesCS5B03G0862900LC.1,TraesCS5B03G0862900LC.1,TraesCS5B03G0862900LC.1,,133,False,False,,TraesCS5B03G0862900LC.1,,8.27,0.0,0.1102,0.00768245838668,1,0,1,1,0,1,0,0,0,,,TraesCS5B03G0862900LC.2
2029,PXD004720,bread wheat,embryo,single,protein,no,TraesCS5B03G0871200.1,TraesCS5B03G0871200.1,TraesCS5B03G0871200.1,,408,False,False,,TraesCS5B03G0871200.1,,1.96,0.0,0.0792,0.00768245838668,1,1,1,1,1,1,0,0,0,,,
2030,PXD004720,bread wheat,embryo,single,protein,no,TraesCS5B03G0900200LC.1,TraesCS5B03G0900200LC.1,TraesCS5B03G0900200LC.1,,272,False,False,,TraesCS5B03G0900200LC.1,,2.57,0.0,0.0,0.00768245838668,1,0,1,1,0,1,0,0,0,,,
2031,PXD004720,bread wheat,embryo,single,protein,no,TraesCS5B03G0921800.1,TraesCS5B03G0921800.1,TraesCS5B03G0921800.1,,739,False,False,,TraesCS5B03G0921800.1,,2.17,0.0,0.162,0.00768245838668,1,0,1,1,0,1,0,0,0,,,TraesCS5B03G0921800.2
2032,PXD004720,bread wheat,embryo,single,protein,no,TraesCS5B03G0982200LC.1,TraesCS5B03G0982200LC.1,TraesCS5B03G0982200LC.1,,331,False,False,,TraesCS5B03G0982200LC.1,,2.42,0.0,0.1112,0.00768245838668,1,1,1,1,1,1,0,0,0,,,
2033,PXD004720,bread wheat,embryo,single,protein,no,TraesCS5B03G1012700LC.1,TraesCS5B03G1012700LC.1,TraesCS5B03G1012700LC.1,,744,False,False,,TraesCS5B03G1012700LC.1,,1.34,0.0,0.0637,0.00768245838668,1,1,1,1,1,1,0,0,0,,,
2034,PXD004720,bread wheat,embryo,single,protein,no,TraesCS5B03G1031300LC.1,TraesCS5B03G1031300LC.1,TraesCS5B03G1031300LC.1,,408,False,False,,TraesCS5B03G1031300LC.1,,9.31,0.0,0.2332,0.00768245838668,1,1,1,1,1,1,0,0,0,6M(15.9949),,
2035,PXD004720,bread wheat,embryo,single,protein,no,TraesCS5B03G1052000.1,TraesCS5B03G1052000.1,TraesCS5B03G1052000.1,,222,False,False,,TraesCS5B03G1052000.1,,6.76,0.0,0.0878,0.00768245838668,1,0,1,1,0,1,0,0,0,,,TraesCS5D03G0952300.1
2036,PXD004720,bread wheat,embryo,single,protein,no,TraesCS5B03G1059200.1,TraesCS5B03G1059200.1,TraesCS5B03G1059200.1,,1366,False,False,,TraesCS5B03G1059200.1,,0.59,0.0,0.1386,0.00768245838668,1,0,1,1,0,1,0,0,0,,,"TraesCS5D03G0957800.1, TraesCS5D03G0957800.2"
2037,PXD004720,bread wheat,embryo,single,protein,no,TraesCS5B03G1102400LC.1,TraesCS5B03G1102400LC.1,TraesCS5B03G1102400LC.1,,83,False,False,,TraesCS5B03G1102400LC.1,,13.25,0.0,0.1863,0.00768245838668,1,1,1,1,1,1,0,0,0,,,
2038,PXD004720,bread wheat,embryo,single,protein,no,TraesCS5B03G1106800LC.1,TraesCS5B03G1106800LC.1,TraesCS5B03G1106800LC.1,,622,False,False,,TraesCS5B03G1106800LC.1,,1.93,0.0,0.1521,0.00768245838668,1,1,1,1,1,1,0,0,0,,,
2039,PXD004720,bread wheat,embryo,single,protein,no,TraesCS5B03G1132000.1,TraesCS5B03G1132000.1,TraesCS5B03G1132000.1,,453,False,False,,TraesCS5B03G1132000.1,,2.65,0.0,0.1344,0.00768245838668,1,1,1,1,1,1,0,0,0,,,
2040,PXD004720,bread wheat,embryo,single,protein,no,TraesCS5B03G1161200.1,TraesCS5B03G1161200.1,TraesCS5B03G1161200.1,,475,False,False,,TraesCS5B03G1161200.1,,3.16,0.0,0.1547,0.00768245838668,1,1,1,1,1,1,0,0,0,,,
2041,PXD004720,bread wheat,embryo,single,protein,no,TraesCS5B03G1209600LC.1,TraesCS5B03G1209600LC.1,TraesCS5B03G1209600LC.1,,208,False,False,,TraesCS5B03G1209600LC.1,,5.77,0.0,0.0895,0.00768245838668,1,1,1,1,1,1,0,0,0,,,
2042,PXD004720,bread wheat,embryo,single,protein,no,TraesCS5B03G1307300.1,TraesCS5B03G1307300.1,TraesCS5B03G1307300.1,,742,False,False,,TraesCS5B03G1307300.1,,1.08,0.0,0.1811,0.00768245838668,1,1,1,1,1,1,0,0,0,5C(57.0214),,
2043,PXD004720,bread wheat,embryo,single,protein,no,TraesCS5B03G1338000.1,TraesCS5B03G1338000.1,TraesCS5B03G1338000.1,,417,False,False,,TraesCS5B03G1338000.1,,2.88,0.0,0.3265,0.00768245838668,1,1,1,1,1,1,0,0,0,,,
2044,PXD004720,bread wheat,embryo,single,protein,no,TraesCS5B03G1360600LC.1,TraesCS5B03G1360600LC.1,TraesCS5B03G1360600LC.1,,471,False,False,,TraesCS5B03G1360600LC.1,,2.12,0.0,0.0899,0.00768245838668,1,0,1,1,0,1,0,0,0,,,TraesCS5D03G1204400LC.1
2045,PXD004720,bread wheat,embryo,single,protein,no,TraesCS5D03G0096200.1,TraesCS5D03G0096200.1,TraesCS5D03G0096200.1,,460,False,False,,TraesCS5D03G0096200.1,,1.74,0.0,0.1221,0.00768245838668,1,1,1,1,1,1,0,0,0,,,
2046,PXD004720,bread wheat,embryo,single,protein,no,TraesCS5D03G0113200LC.1,TraesCS5D03G0113200LC.1,TraesCS5D03G0113200LC.1,,192,False,False,,TraesCS5D03G0113200LC.1,,8.85,0.0,0.089,0.00768245838668,1,1,1,1,1,1,0,0,0,,,
2047,PXD004720,bread wheat,embryo,single,protein,no,TraesCS5D03G0367000LC.1,TraesCS5D03G0367000LC.1,TraesCS5D03G0367000LC.1,,332,False,False,,TraesCS5D03G0367000LC.1,,4.22,0.0,0.3369,0.00768245838668,1,1,1,1,1,1,0,0,0,,,
2048,PXD004720,bread wheat,embryo,single,protein,no,TraesCS5D03G0394700.1,TraesCS5D03G0394700.1,TraesCS5D03G0394700.1,,498,False,False,,TraesCS5D03G0394700.1,,2.01,0.0,0.0534,0.00768245838668,1,0,1,1,0,1,0,0,0,,,TraesCS5D03G0394700.2
2049,PXD004720,bread wheat,embryo,single,protein,no,TraesCS5D03G0399600.1,TraesCS5D03G0399600.1,TraesCS5D03G0399600.1,,1455,False,False,,TraesCS5D03G0399600.1,,1.37,0.0,0.078,0.00768245838668,1,0,1,1,0,1,0,0,0,,,"TraesCS5D03G0399600.2, TraesCS5D03G0399600.3"
2050,PXD004720,bread wheat,embryo,single,protein,no,TraesCS5D03G0416900.1,TraesCS5D03G0416900.1,TraesCS5D03G0416900.1,,1053,False,False,,TraesCS5D03G0416900.1,,1.23,0.0,0.0737,0.00768245838668,1,1,1,1,1,1,0,0,0,,,
2051,PXD004720,bread wheat,embryo,single,protein,no,TraesCS5D03G0443700LC.1,TraesCS5D03G0443700LC.1,TraesCS5D03G0443700LC.1,,115,False,False,,TraesCS5D03G0443700LC.1,,6.96,0.0,0.0959,0.00768245838668,1,1,1,1,1,1,0,0,0,7C(57.0214),,
2052,PXD004720,bread wheat,embryo,single,protein,no,TraesCS5D03G0445700LC.1,TraesCS5D03G0445700LC.1,TraesCS5D03G0445700LC.1,,231,False,False,,TraesCS5D03G0445700LC.1,,3.46,0.0,0.1641,0.00768245838668,1,1,1,1,1,1,0,0,0,,,
2053,PXD004720,bread wheat,embryo,single,protein,no,TraesCS5D03G0471100LC.1,TraesCS5D03G0471100LC.1,TraesCS5D03G0471100LC.1,,328,False,False,,TraesCS5D03G0471100LC.1,,3.66,0.0,0.0648,0.00768245838668,1,1,1,1,1,1,0,0,0,,,
2054,PXD004720,bread wheat,embryo,single,protein,no,TraesCS5D03G0563600.1,TraesCS5D03G0563600.1,TraesCS5D03G0563600.1,,911,False,False,,TraesCS5D03G0563600.1,,1.98,0.0,0.0693,0.00768245838668,2,1,1,2,1,1,0,0,0,,,
2055,PXD004720,bread wheat,embryo,single,protein,no,TraesCS5D03G0583600.1,TraesCS5D03G0583600.1,TraesCS5D03G0583600.1,,190,False,False,,TraesCS5D03G0583600.1,,5.26,0.0,0.1785,0.00768245838668,1,1,1,1,1,1,0,0,0,N-term(42.0106),,
2056,PXD004720,bread wheat,embryo,single,protein,no,TraesCS5D03G0601300.1,TraesCS5D03G0601300.1,TraesCS5D03G0601300.1,,556,False,False,,TraesCS5D03G0601300.1,,2.52,0.0,0.1401,0.00768245838668,1,1,1,1,1,1,0,0,0,5C(57.0214),,
2057,PXD004720,bread wheat,embryo,single,protein,no,TraesCS5D03G0601900.1,TraesCS5D03G0601900.1,TraesCS5D03G0601900.1,,415,False,False,,TraesCS5D03G0601900.1,,1.69,0.0,0.3012,0.00768245838668,1,1,1,1,1,1,0,0,0,,,
2058,PXD004720,bread wheat,embryo,single,protein,no,TraesCS5D03G0620900LC.1,TraesCS5D03G0620900LC.1,TraesCS5D03G0620900LC.1,,74,False,False,,TraesCS5D03G0620900LC.1,,21.62,0.0,0.1379,0.00768245838668,1,1,1,1,1,1,0,0,0,6M(15.9949),,
2059,PXD004720,bread wheat,embryo,single,protein,no,TraesCS5D03G0679600.1,TraesCS5D03G0679600.1,TraesCS5D03G0679600.1,,560,False,False,,TraesCS5D03G0679600.1,,3.04,0.0,0.1174,0.00768245838668,1,1,1,1,1,1,0,0,0,,,
2060,PXD004720,bread wheat,embryo,single,protein,no,TraesCS5D03G0724300LC.1,TraesCS5D03G0724300LC.1,TraesCS5D03G0724300LC.1,,151,False,False,,TraesCS5D03G0724300LC.1,,7.95,0.0,0.0841,0.00768245838668,1,1,1,1,1,1,0,0,0,,,
2061,PXD004720,bread wheat,embryo,single,protein,no,TraesCS5D03G0741000.1,TraesCS5D03G0741000.1,TraesCS5D03G0741000.1,,322,False,False,,TraesCS5D03G0741000.1,,3.11,0.0,0.2768,0.00768245838668,1,1,1,1,1,1,0,0,0,,,
2062,PXD004720,bread wheat,embryo,single,protein,no,TraesCS5D03G0745700LC.1,TraesCS5D03G0745700LC.1,TraesCS5D03G0745700LC.1,,400,False,False,,TraesCS5D03G0745700LC.1,,3.0,0.0,0.1304,0.00768245838668,1,0,1,1,0,1,0,0,0,3M(15.9949),,TraesCS5D03G0745700LC.2
2063,PXD004720,bread wheat,embryo,single,protein,no,TraesCS5D03G0825900.1,TraesCS5D03G0825900.1,TraesCS5D03G0825900.1,,693,False,False,,TraesCS5D03G0825900.1,,1.59,0.0,0.0659,0.00768245838668,1,1,1,1,1,1,0,0,0,,,
2064,PXD004720,bread wheat,embryo,single,protein,no,TraesCS5D03G0864600.1,TraesCS5D03G0864600.1,TraesCS5D03G0864600.1,,416,False,False,,TraesCS5D03G0864600.1,,2.64,0.0,0.109,0.00768245838668,1,1,1,1,1,1,0,0,0,N-term(42.0106),,
2065,PXD004720,bread wheat,embryo,single,protein,no,TraesCS5D03G0887100LC.1,TraesCS5D03G0887100LC.1,TraesCS5D03G0887100LC.1,,239,False,False,,TraesCS5D03G0887100LC.1,,5.86,0.0,0.2129,0.00768245838668,1,1,1,1,1,1,0,0,0,11C(57.0214),,
2066,PXD004720,bread wheat,embryo,single,protein,no,TraesCS5D03G0894900.1,TraesCS5D03G0894900.1,TraesCS5D03G0894900.1,,611,False,False,,TraesCS5D03G0894900.1,,3.27,0.0,0.0573,0.00768245838668,1,1,1,1,1,1,0,0,0,,,
2067,PXD004720,bread wheat,embryo,single,protein,no,TraesCS5D03G0926400.1,TraesCS5D03G0926400.1,TraesCS5D03G0926400.1,,431,False,False,,TraesCS5D03G0926400.1,,2.32,0.0,0.0616,0.00768245838668,1,1,1,1,1,1,0,0,0,,,
2068,PXD004720,bread wheat,embryo,single,protein,no,TraesCS5D03G0944100.1,TraesCS5D03G0944100.1,TraesCS5D03G0944100.1,,161,False,False,,TraesCS5D03G0944100.1,,8.7,0.0,0.2848,0.00768245838668,1,1,1,1,1,1,0,0,0,12M(15.9949),,
2069,PXD004720,bread wheat,embryo,single,protein,no,TraesCS5D03G0952200.1,TraesCS5D03G0952200.1,TraesCS5D03G0952200.1,,401,False,False,,TraesCS5D03G0952200.1,,4.74,0.0,0.2364,0.00768245838668,1,1,1,1,1,1,0,0,0,1M(15.9949),,
2070,PXD004720,bread wheat,embryo,single,protein,no,TraesCS5D03G0973300LC.1,TraesCS5D03G0973300LC.1,TraesCS5D03G0973300LC.1,,167,False,False,,TraesCS5D03G0973300LC.1,,6.59,0.0,0.1088,0.00768245838668,1,1,1,1,1,1,0,0,0,,,
2071,PXD004720,bread wheat,embryo,single,protein,no,TraesCS5D03G0974400.1,TraesCS5D03G0974400.1,TraesCS5D03G0974400.1,,194,False,False,,TraesCS5D03G0974400.1,,13.92,0.0,0.2312,0.00768245838668,1,1,1,1,1,1,0,0,0,N-term(42.0106),,
2072,PXD004720,bread wheat,embryo,single,protein,no,TraesCS5D03G1068100.1,TraesCS5D03G1068100.1,TraesCS5D03G1068100.1,,301,False,False,,TraesCS5D03G1068100.1,,3.32,0.0,0.068,0.00768245838668,1,1,1,1,1,1,0,0,0,N-term(42.0106),,
2073,PXD004720,bread wheat,embryo,single,protein,no,TraesCS5D03G1091100LC.1,TraesCS5D03G1091100LC.1,TraesCS5D03G1091100LC.1,,200,False,False,,TraesCS5D03G1091100LC.1,,4.0,0.0,0.0816,0.00768245838668,1,1,1,1,1,1,0,0,0,,,
2074,PXD004720,bread wheat,embryo,single,protein,no,TraesCS5D03G1097200.1,TraesCS5D03G1097200.1,TraesCS5D03G1097200.1,,513,False,False,,TraesCS5D03G1097200.1,,1.75,0.0,0.0917,0.00768245838668,1,1,1,1,1,1,0,0,0,5M(15.9949),,
2075,PXD004720,bread wheat,embryo,single,protein,no,TraesCS5D03G1125100.1,TraesCS5D03G1125100.1,TraesCS5D03G1125100.1,,160,False,False,,TraesCS5D03G1125100.1,,5.62,0.0,0.1692,0.00768245838668,1,1,1,1,1,1,0,0,0,,,
2076,PXD004720,bread wheat,embryo,single,protein,no,TraesCS5D03G1128700LC.1,TraesCS5D03G1128700LC.1,TraesCS5D03G1128700LC.1,,188,False,False,,TraesCS5D03G1128700LC.1,,12.77,0.0,0.0821,0.00768245838668,1,1,1,1,1,1,0,0,0,19C(57.0214),,
2077,PXD004720,bread wheat,embryo,single,protein,no,TraesCS5D03G1216800LC.1,TraesCS5D03G1216800LC.1,TraesCS5D03G1216800LC.1,,243,False,False,,TraesCS5D03G1216800LC.1,,4.94,0.0,0.0579,0.00768245838668,1,1,1,1,1,1,0,0,0,,,
2078,PXD004720,bread wheat,embryo,single,protein,no,TraesCS5D03G1225900.1,TraesCS5D03G1225900.1,TraesCS5D03G1225900.1,,945,False,False,,TraesCS5D03G1225900.1,,1.48,0.0,0.3271,0.00768245838668,1,1,1,1,1,1,0,0,0,6M(15.9949),,
2079,PXD004720,bread wheat,embryo,single,protein,no,TraesCS5D03G1233400.2,TraesCS5D03G1233400.2,TraesCS5D03G1233400.2,,549,False,False,,TraesCS5D03G1233400.2,,1.28,0.0,0.0535,0.00768245838668,1,1,1,1,1,1,0,0,0,,,
2080,PXD004720,bread wheat,embryo,single,protein,no,TraesCS6A03G0007600.1,TraesCS6A03G0007600.1,TraesCS6A03G0007600.1,,377,False,False,,TraesCS6A03G0007600.1,,8.22,0.0,0.1989,0.00768245838668,1,1,1,1,1,1,0,0,0,1M(15.9949),,
2081,PXD004720,bread wheat,embryo,single,protein,no,TraesCS6A03G0055200.1,TraesCS6A03G0055200.1,TraesCS6A03G0055200.1,,487,False,False,,TraesCS6A03G0055200.1,,2.05,0.0,0.0801,0.00768245838668,1,0,1,1,0,1,0,0,0,2M(15.9949),,"TraesCS6B03G0082300.1, TraesCS7D03G0466500.1"
2082,PXD004720,bread wheat,embryo,single,protein,no,TraesCS6A03G0102000.1,TraesCS6A03G0102000.1,TraesCS6A03G0102000.1,,1079,False,False,,TraesCS6A03G0102000.1,,1.95,0.0,0.268,0.00768245838668,1,1,1,1,1,1,0,0,0,,,
2083,PXD004720,bread wheat,embryo,single,protein,no,TraesCS6A03G0106800.2,TraesCS6A03G0106800.2,TraesCS6A03G0106800.2,,190,False,False,,TraesCS6A03G0106800.2,,4.21,0.0,0.3363,0.00768245838668,1,0,1,2,0,2,0,0,0,,,"TraesCS6B03G0149300.2, TraesCS6D03G0114100.2"
2084,PXD004720,bread wheat,embryo,single,protein,no,TraesCS6A03G0126500.1,TraesCS6A03G0126500.1,TraesCS6A03G0126500.1,,860,False,False,,TraesCS6A03G0126500.1,,2.21,0.0,0.1241,0.00768245838668,1,1,1,1,1,1,0,0,0,,,
2085,PXD004720,bread wheat,embryo,single,protein,no,TraesCS6A03G0127300.1,TraesCS6A03G0127300.1,TraesCS6A03G0127300.1,,391,False,False,,TraesCS6A03G0127300.1,,6.39,0.0,0.1271,0.00768245838668,1,1,1,1,1,1,0,0,0,"11C(57.0214), 23C(57.0214), 9M(15.9949)",,
2086,PXD004720,bread wheat,embryo,single,protein,no,TraesCS6A03G0154200.1,TraesCS6A03G0154200.1,TraesCS6A03G0154200.1,,171,False,False,,TraesCS6A03G0154200.1,,5.85,0.0,0.0625,0.00768245838668,1,0,1,1,0,1,0,0,0,7C(57.0214),,"TraesCS6B03G0219500.1, TraesCS6B03G0219500.2, TraesCS6D03G0139300.1"
2087,PXD004720,bread wheat,embryo,single,protein,no,TraesCS6A03G0167700LC.1,TraesCS6A03G0167700LC.1,TraesCS6A03G0167700LC.1,,113,False,False,,TraesCS6A03G0167700LC.1,,10.62,0.0,0.1575,0.00768245838668,1,1,1,1,1,1,0,0,0,,,
2088,PXD004720,bread wheat,embryo,single,protein,no,TraesCS6A03G0222000.1,TraesCS6A03G0222000.1,TraesCS6A03G0222000.1,,705,False,False,,TraesCS6A03G0222000.1,,3.12,0.0,0.3083,0.00768245838668,1,0,1,1,0,1,0,0,0,,,TraesCS6D03G0176800.1
2089,PXD004720,bread wheat,embryo,single,protein,no,TraesCS6A03G0224800.1,TraesCS6A03G0224800.1,TraesCS6A03G0224800.1,,251,False,False,,TraesCS6A03G0224800.1,,6.37,0.0,0.0949,0.00768245838668,1,0,1,1,0,1,0,0,0,,,"TraesCS6D03G0182900.1, TraesCSU03G0085300LC.1"
2090,PXD004720,bread wheat,embryo,single,protein,no,TraesCS6A03G0251200.1,TraesCS6A03G0251200.1,TraesCS6A03G0251200.1,,1227,False,False,,TraesCS6A03G0251200.1,,1.55,0.0,0.3434,0.00768245838668,2,0,2,2,0,2,0,0,0,,,"TraesCS6B03G0340800.1, TraesCS6B03G0340800.2, TraesCS6D03G0205800.1, TraesCS6D03G0205800.2"
2091,PXD004720,bread wheat,embryo,single,protein,no,TraesCS6A03G0277200.1,TraesCS6A03G0277200.1,TraesCS6A03G0277200.1,,94,False,False,,TraesCS6A03G0277200.1,,14.89,0.0,0.2595,0.00768245838668,1,1,1,1,1,1,0,0,0,,,
2092,PXD004720,bread wheat,embryo,single,protein,no,TraesCS6A03G0283300LC.1,TraesCS6A03G0283300LC.1,TraesCS6A03G0283300LC.1,,187,False,False,,TraesCS6A03G0283300LC.1,,5.35,0.0,0.0727,0.00768245838668,1,1,1,1,1,1,0,0,0,,,
2093,PXD004720,bread wheat,embryo,single,protein,no,TraesCS6A03G0324200LC.1,TraesCS6A03G0324200LC.1,TraesCS6A03G0324200LC.1,,116,False,False,,TraesCS6A03G0324200LC.1,,9.48,0.0,0.0979,0.00768245838668,1,1,1,1,1,1,0,0,0,,,
2094,PXD004720,bread wheat,embryo,single,protein,no,TraesCS6A03G0354500.1,TraesCS6A03G0354500.1,TraesCS6A03G0354500.1,,642,False,False,,TraesCS6A03G0354500.1,,2.49,0.0,0.1554,0.00768245838668,1,0,1,1,0,1,0,0,0,,,"TraesCS6B03G0449600.1, TraesCS6D03G0308700.1"
2095,PXD004720,bread wheat,embryo,single,protein,no,TraesCS6A03G0362000LC.1,TraesCS6A03G0362000LC.1,TraesCS6A03G0362000LC.1,,473,False,False,,TraesCS6A03G0362000LC.1,,1.69,0.0,0.0619,0.00768245838668,1,1,1,1,1,1,0,0,0,,,
2096,PXD004720,bread wheat,embryo,single,protein,no,TraesCS6A03G0375400LC.1,TraesCS6A03G0375400LC.1,TraesCS6A03G0375400LC.1,,388,False,False,,TraesCS6A03G0375400LC.1,,2.84,0.0,0.0501,0.00768245838668,1,1,1,1,1,1,0,0,0,,,
2097,PXD004720,bread wheat,embryo,single,protein,no,TraesCS6A03G0394600LC.1,TraesCS6A03G0394600LC.1,TraesCS6A03G0394600LC.1,,334,False,False,,TraesCS6A03G0394600LC.1,,2.1,0.0,0.2287,0.00768245838668,1,0,1,2,0,2,0,0,0,,,
2098,PXD004720,bread wheat,embryo,single,protein,no,TraesCS6A03G0435400.1,TraesCS6A03G0435400.1,TraesCS6A03G0435400.1,,220,False,False,,TraesCS6A03G0435400.1,,5.91,0.0,0.0506,0.00768245838668,1,1,1,1,1,1,0,0,0,,,
2099,PXD004720,bread wheat,embryo,single,protein,no,TraesCS6A03G0537200.1,TraesCS6A03G0537200.1,TraesCS6A03G0537200.1,,515,False,False,,TraesCS6A03G0537200.1,,2.14,0.0,0.0914,0.00768245838668,1,0,1,1,0,1,0,0,0,,,TraesCS6D03G0460900.1
2100,PXD004720,bread wheat,embryo,single,protein,no,TraesCS6A03G0566700.1,TraesCS6A03G0566700.1,TraesCS6A03G0566700.1,,471,False,False,,TraesCS6A03G0566700.1,,2.34,0.0,0.2325,0.00768245838668,1,0,1,1,0,1,0,0,0,,,"TraesCS6A03G0566700.2, TraesCS6D03G0470800.1"
2101,PXD004720,bread wheat,embryo,single,protein,no,TraesCS6A03G0596100.1,TraesCS6A03G0596100.1,TraesCS6A03G0596100.1,,410,False,False,,TraesCS6A03G0596100.1,,4.63,0.0,0.0601,0.00768245838668,1,0,1,1,0,1,0,0,0,,,"TraesCS6B03G0725100.1, TraesCS6B03G0725100.2, TraesCS6D03G0495600.1, TraesCS6D03G0495600.2, TraesCS6D03G0495600.3, TraesCS6D03G0495600.4"
2102,PXD004720,bread wheat,embryo,single,protein,no,TraesCS6A03G0607600.1,TraesCS6A03G0607600.1,TraesCS6A03G0607600.1,,1713,False,False,,TraesCS6A03G0607600.1,,0.58,0.0,0.2306,0.00768245838668,1,0,1,1,0,1,0,0,0,,,"TraesCS6A03G0607600.2, TraesCS6A03G0642100.1, TraesCS6B03G0763800.1, TraesCS6B03G0763800.2, TraesCS6D03G0529800.1, TraesCS6D03G0529800.2, TraesCS6D03G0529800.3"
2103,PXD004720,bread wheat,embryo,single,protein,no,TraesCS6A03G0613600.1,TraesCS6A03G0613600.1,TraesCS6A03G0613600.1,,712,False,False,,TraesCS6A03G0613600.1,,2.53,0.0,0.0657,0.00768245838668,1,1,1,1,1,1,0,0,0,17C(57.0214),,
2104,PXD004720,bread wheat,embryo,single,protein,no,TraesCS6A03G0654200LC.1,TraesCS6A03G0654200LC.1,TraesCS6A03G0654200LC.1,,256,False,False,,TraesCS6A03G0654200LC.1,,7.81,0.0,0.1498,0.00768245838668,1,1,1,1,1,1,0,0,0,,,
2105,PXD004720,bread wheat,embryo,single,protein,no,TraesCS6A03G0658700LC.1,TraesCS6A03G0658700LC.1,TraesCS6A03G0658700LC.1,,153,False,False,,TraesCS6A03G0658700LC.1,,9.15,0.0,0.1092,0.00768245838668,1,1,1,2,2,2,0,0,0,"3M(15.9949), 8M(15.9949)",,
2106,PXD004720,bread wheat,embryo,single,protein,no,TraesCS6A03G0668400.1,TraesCS6A03G0668400.1,TraesCS6A03G0668400.1,,897,False,False,,TraesCS6A03G0668400.1,,1.23,0.0,0.0628,0.00768245838668,1,0,1,1,0,1,0,0,0,,,"TraesCS6B03G0808400.1, TraesCS6D03G0558100.1"
2107,PXD004720,bread wheat,embryo,single,protein,no,TraesCS6A03G0685100.1,TraesCS6A03G0685100.1,TraesCS6A03G0685100.1,,356,False,False,,TraesCS6A03G0685100.1,,5.06,0.0,0.0756,0.00768245838668,1,0,1,1,0,1,0,0,0,,,TraesCS6D03G0574600.1
2108,PXD004720,bread wheat,embryo,single,protein,no,TraesCS6A03G0711700LC.1,TraesCS6A03G0711700LC.1,TraesCS6A03G0711700LC.1,,89,False,False,,TraesCS6A03G0711700LC.1,,14.61,0.0,0.1165,0.00768245838668,1,1,1,1,1,1,0,0,0,,,
2109,PXD004720,bread wheat,embryo,single,protein,no,TraesCS6A03G0720000.1,TraesCS6A03G0720000.1,TraesCS6A03G0720000.1,,792,False,False,,TraesCS6A03G0720000.1,,1.89,0.0,0.2429,0.00768245838668,1,0,1,2,0,2,0,0,0,10C(57.0214),,TraesCS6D03G0603000.1
2110,PXD004720,bread wheat,embryo,single,protein,no,TraesCS6A03G0722500.1,TraesCS6A03G0722500.1,TraesCS6A03G0722500.1,,328,False,False,,TraesCS6A03G0722500.1,,2.74,0.0,0.0585,0.00768245838668,1,0,1,1,0,1,0,0,0,6M(15.9949),,"TraesCS6B03G0855900.1, TraesCS6D03G0605200.1"
2111,PXD004720,bread wheat,embryo,single,protein,no,TraesCS6A03G0741800.2,TraesCS6A03G0741800.2,TraesCS6A03G0741800.2,,455,False,False,,TraesCS6A03G0741800.2,,2.42,0.0,0.1773,0.00768245838668,1,1,1,1,1,1,0,0,0,,,
2112,PXD004720,bread wheat,embryo,single,protein,no,TraesCS6A03G0755500LC.1,TraesCS6A03G0755500LC.1,TraesCS6A03G0755500LC.1,,319,False,False,,TraesCS6A03G0755500LC.1,,2.51,0.0,0.2187,0.00768245838668,1,1,1,3,3,3,0,0,0,,,
2113,PXD004720,bread wheat,embryo,single,protein,no,TraesCS6A03G0761400.1,TraesCS6A03G0761400.1,TraesCS6A03G0761400.1,,344,False,False,,TraesCS6A03G0761400.1,,2.91,0.0,0.0502,0.00768245838668,1,0,1,1,0,1,0,0,0,,,"TraesCS6B03G0905700.1, TraesCS6D03G0644000.1"
2114,PXD004720,bread wheat,embryo,single,protein,no,TraesCS6A03G0776900.1,TraesCS6A03G0776900.1,TraesCS6A03G0776900.1,,667,False,False,,TraesCS6A03G0776900.1,,1.2,0.0,0.0996,0.00768245838668,1,1,1,1,1,1,0,0,0,,,
2115,PXD004720,bread wheat,embryo,single,protein,no,TraesCS6A03G0783400.1,TraesCS6A03G0783400.1,TraesCS6A03G0783400.1,,401,False,False,,TraesCS6A03G0783400.1,,2.99,0.0,0.0692,0.00768245838668,1,0,1,1,0,1,0,0,0,N-term(42.0106),,"TraesCS6B03G0929500.1, TraesCS6D03G0662600.1"
2116,PXD004720,bread wheat,embryo,single,protein,no,TraesCS6A03G0812300.1,TraesCS6A03G0812300.1,TraesCS6A03G0812300.1,,859,False,False,,TraesCS6A03G0812300.1,,1.05,0.0,0.0544,0.00768245838668,1,0,1,1,0,1,0,0,0,,,"TraesCS6B03G0963100.1, TraesCS6D03G0686500.1"
2117,PXD004720,bread wheat,embryo,single,protein,no,TraesCS6A03G0820900.1,TraesCS6A03G0820900.1,TraesCS6A03G0820900.1,,533,False,False,,TraesCS6A03G0820900.1,,1.31,0.0,0.1547,0.00768245838668,1,0,1,1,0,1,0,0,0,,,"TraesCS6A03G0820900.2, TraesCS6B03G0974500.1, TraesCS6D03G0694100.1"
2118,PXD004720,bread wheat,embryo,single,protein,no,TraesCS6A03G0857600.1,TraesCS6A03G0857600.1,TraesCS6A03G0857600.1,,797,False,False,,TraesCS6A03G0857600.1,,1.63,0.0,0.079,0.00768245838668,1,0,1,1,0,1,0,0,0,9M(15.9949),,"TraesCS6D03G0726200.1, TraesCS6D03G0726200.2"
2119,PXD004720,bread wheat,embryo,single,protein,no,TraesCS6A03G0864900LC.1,TraesCS6A03G0864900LC.1,TraesCS6A03G0864900LC.1,,431,False,False,,TraesCS6A03G0864900LC.1,,3.48,0.0,0.308,0.00768245838668,1,0,1,1,0,1,0,0,0,,,TraesCS6D03G0733300.1
2120,PXD004720,bread wheat,embryo,single,protein,no,TraesCS6A03G0928300LC.1,TraesCS6A03G0928300LC.1,TraesCS6A03G0928300LC.1,,100,False,False,,TraesCS6A03G0928300LC.1,,14.0,0.0,0.2938,0.00768245838668,1,1,1,1,1,1,0,0,0,,,
2121,PXD004720,bread wheat,embryo,single,protein,no,TraesCS6A03G0939700.1,TraesCS6A03G0939700.1,TraesCS6A03G0939700.1,,565,False,False,,TraesCS6A03G0939700.1,,1.59,0.0,0.2901,0.00768245838668,1,1,1,2,2,2,0,0,0,,,
2122,PXD004720,bread wheat,embryo,single,protein,no,TraesCS6A03G0940700LC.1,TraesCS6A03G0940700LC.1,TraesCS6A03G0940700LC.1,,148,False,False,,TraesCS6A03G0940700LC.1,,9.46,0.0,0.0511,0.00768245838668,1,1,1,1,1,1,0,0,0,,,
2123,PXD004720,bread wheat,embryo,single,protein,no,TraesCS6A03G0942200.1,TraesCS6A03G0942200.1,TraesCS6A03G0942200.1,,75,False,False,,TraesCS6A03G0942200.1,,14.67,0.0,0.0594,0.00768245838668,1,1,1,1,1,1,0,0,0,,,
2124,PXD004720,bread wheat,embryo,single,protein,no,TraesCS6A03G0949200.1,TraesCS6A03G0949200.1,TraesCS6A03G0949200.1,,954,False,False,,TraesCS6A03G0949200.1,,1.78,0.0,0.1863,0.00768245838668,1,1,1,1,1,1,0,0,0,12M(15.9949),,
2125,PXD004720,bread wheat,embryo,single,protein,no,TraesCS6A03G0973300.1,TraesCS6A03G0973300.1,TraesCS6A03G0973300.1,,298,False,False,,TraesCS6A03G0973300.1,,2.68,0.0,0.0573,0.00768245838668,1,0,1,1,0,1,0,0,0,6M(15.9949),,"TraesCS6B03G1190900.1, TraesCS6D03G0854400.1"
2126,PXD004720,bread wheat,embryo,single,protein,no,TraesCS6A03G1013400.1,TraesCS6A03G1013400.1,TraesCS6A03G1013400.1,,304,False,False,,TraesCS6A03G1013400.1,,2.3,0.0,0.0814,0.00768245838668,1,0,1,1,0,1,0,0,0,,,"TraesCS6B03G1248300.1, TraesCS6D03G0892000.1"
2127,PXD004720,bread wheat,embryo,single,protein,no,TraesCS6A03G1022000LC.1,TraesCS6A03G1022000LC.1,TraesCS6A03G1022000LC.1,,122,False,False,,TraesCS6A03G1022000LC.1,,13.11,0.0,0.313,0.00768245838668,1,1,1,1,1,1,0,0,0,"10C(57.0214), 13C(57.0214), 3C(57.0214)",,
2128,PXD004720,bread wheat,embryo,single,protein,no,TraesCS6A03G1026200.1,TraesCS6A03G1026200.1,TraesCS6A03G1026200.1,,259,False,False,,TraesCS6A03G1026200.1,,5.41,0.0,0.2983,0.00768245838668,1,0,1,1,0,1,0,0,0,7M(15.9949),,"TraesCS6A03G1026200.2, TraesCS6B03G1265100.1, TraesCS6D03G0903700.1"
2129,PXD004720,bread wheat,embryo,single,protein,no,TraesCS6B03G0012000.1,TraesCS6B03G0012000.1,TraesCS6B03G0012000.1,,550,False,False,,TraesCS6B03G0012000.1,,1.27,0.0,0.1117,0.00768245838668,1,0,1,1,0,1,0,0,0,,,decoy_101089
2130,PXD004720,bread wheat,embryo,single,protein,no,TraesCS6B03G0013700.1,TraesCS6B03G0013700.1,TraesCS6B03G0013700.1,,927,False,False,,TraesCS6B03G0013700.1,,1.29,0.0,0.079,0.00768245838668,1,1,1,1,1,1,0,0,0,,,
2131,PXD004720,bread wheat,embryo,single,protein,no,TraesCS6B03G0019700.1,TraesCS6B03G0019700.1,TraesCS6B03G0019700.1,,1851,False,False,,TraesCS6B03G0019700.1,,1.84,0.0,0.1527,0.00768245838668,1,0,1,1,0,1,0,0,0,33M(15.9949),,TraesCS6D03G0012900.1
2132,PXD004720,bread wheat,embryo,single,protein,no,TraesCS6B03G0027000LC.1,TraesCS6B03G0027000LC.1,TraesCS6B03G0027000LC.1,,247,False,False,,TraesCS6B03G0027000LC.1,,4.86,0.0,0.0701,0.00768245838668,1,1,1,1,1,1,0,0,0,,,
2133,PXD004720,bread wheat,embryo,single,protein,no,TraesCS6B03G0028200LC.1,TraesCS6B03G0028200LC.1,TraesCS6B03G0028200LC.1,,162,False,False,,TraesCS6B03G0028200LC.1,,5.56,0.0,0.226,0.00768245838668,1,1,1,2,2,2,0,0,0,,,
2134,PXD004720,bread wheat,embryo,single,protein,no,TraesCS6B03G0079400LC.1,TraesCS6B03G0079400LC.1,TraesCS6B03G0079400LC.1,,302,False,False,,TraesCS6B03G0079400LC.1,,3.31,0.0,0.2821,0.00768245838668,1,1,1,1,1,1,0,0,0,,,
2135,PXD004720,bread wheat,embryo,single,protein,no,TraesCS6B03G0080200LC.1,TraesCS6B03G0080200LC.1,TraesCS6B03G0080200LC.1,,1933,False,False,,TraesCS6B03G0080200LC.1,,0.41,0.0,0.2793,0.00768245838668,1,1,1,1,1,1,0,0,0,,,
2136,PXD004720,bread wheat,embryo,single,protein,no,TraesCS6B03G0090200LC.1,TraesCS6B03G0090200LC.1,TraesCS6B03G0090200LC.1,,380,False,False,,TraesCS6B03G0090200LC.1,,2.11,0.0,0.126,0.00768245838668,1,1,1,1,1,1,0,0,0,5M(15.9949),,
2137,PXD004720,bread wheat,embryo,single,protein,no,TraesCS6B03G0098600.1,TraesCS6B03G0098600.1,TraesCS6B03G0098600.1,,993,False,False,,TraesCS6B03G0098600.1,,2.62,0.0,0.0668,0.00768245838668,1,1,1,1,1,1,0,0,0,,,
2138,PXD004720,bread wheat,embryo,single,protein,no,TraesCS6B03G0115700.1,TraesCS6B03G0115700.1,TraesCS6B03G0115700.1,,155,False,False,,TraesCS6B03G0115700.1,,8.39,0.0,0.0872,0.00768245838668,1,1,1,1,1,1,0,0,0,"12C(57.0214), 5M(15.9949), 9C(57.0214)",,
2139,PXD004720,bread wheat,embryo,single,protein,no,TraesCS6B03G0133700.1,TraesCS6B03G0133700.1,TraesCS6B03G0133700.1,,735,False,False,,TraesCS6B03G0133700.1,,2.45,0.0,0.283,0.00768245838668,1,0,1,1,0,1,0,0,0,,,"TraesCS6B03G0196600.1, TraesCS6B03G0196600.2, TraesCS6D03G0100200.2"
2140,PXD004720,bread wheat,embryo,single,protein,no,TraesCS6B03G0166700LC.1,TraesCS6B03G0166700LC.1,TraesCS6B03G0166700LC.1,,506,False,False,,TraesCS6B03G0166700LC.1,,3.95,0.0,0.177,0.00768245838668,1,1,1,1,1,1,0,0,0,,,
2141,PXD004720,bread wheat,embryo,single,protein,no,TraesCS6B03G0167500.1,TraesCS6B03G0167500.1,TraesCS6B03G0167500.1,,337,False,False,,TraesCS6B03G0167500.1,,2.97,0.0,0.085,0.00768245838668,1,1,1,1,1,1,0,0,0,,,
2142,PXD004720,bread wheat,embryo,single,protein,no,TraesCS6B03G0193200LC.1,TraesCS6B03G0193200LC.1,TraesCS6B03G0193200LC.1,,1370,False,False,,TraesCS6B03G0193200LC.1,,1.02,0.0,0.2583,0.00768245838668,1,1,1,1,1,1,0,0,0,5M(15.9949),,
2143,PXD004720,bread wheat,embryo,single,protein,no,TraesCS6B03G0197100.1,TraesCS6B03G0197100.1,TraesCS6B03G0197100.1,,573,False,False,,TraesCS6B03G0197100.1,,3.49,0.0,0.0591,0.00768245838668,1,1,1,1,1,1,0,0,0,,,
2144,PXD004720,bread wheat,embryo,single,protein,no,TraesCS6B03G0218900.1,TraesCS6B03G0218900.1,TraesCS6B03G0218900.1,,857,False,False,,TraesCS6B03G0218900.1,,1.98,0.0,0.1609,0.00768245838668,1,1,1,1,1,1,0,0,0,,,
2145,PXD004720,bread wheat,embryo,single,protein,no,TraesCS6B03G0245100LC.1,TraesCS6B03G0245100LC.1,TraesCS6B03G0245100LC.1,,136,False,False,,TraesCS6B03G0245100LC.1,,7.35,0.0,0.0536,0.00768245838668,1,1,1,1,1,1,0,0,0,,,
2146,PXD004720,bread wheat,embryo,single,protein,no,TraesCS6B03G0257900LC.1,TraesCS6B03G0257900LC.1,TraesCS6B03G0257900LC.1,,118,False,False,,TraesCS6B03G0257900LC.1,,10.17,0.0,0.2984,0.00768245838668,1,1,1,1,1,1,0,0,0,,,
2147,PXD004720,bread wheat,embryo,single,protein,no,TraesCS6B03G0270200.1,TraesCS6B03G0270200.1,TraesCS6B03G0270200.1,,286,False,False,,TraesCS6B03G0270200.1,,4.9,0.0,0.0621,0.00768245838668,1,1,1,1,1,1,0,0,0,,,
2148,PXD004720,bread wheat,embryo,single,protein,no,TraesCS6B03G0291800LC.1,TraesCS6B03G0291800LC.1,TraesCS6B03G0291800LC.1,,110,False,False,,TraesCS6B03G0291800LC.1,,8.18,0.0,0.2506,0.00768245838668,1,1,1,1,1,1,0,0,0,,,
2149,PXD004720,bread wheat,embryo,single,protein,no,TraesCS6B03G0339300.1,TraesCS6B03G0339300.1,TraesCS6B03G0339300.1,,214,False,False,,TraesCS6B03G0339300.1,,6.54,0.0,0.0793,0.00768245838668,1,1,1,1,1,1,0,0,0,,,
2150,PXD004720,bread wheat,embryo,single,protein,no,TraesCS6B03G0339800LC.1,TraesCS6B03G0339800LC.1,TraesCS6B03G0339800LC.1,,878,False,False,,TraesCS6B03G0339800LC.1,,1.03,0.0,0.3301,0.00768245838668,1,1,1,1,1,1,0,0,0,,,
2151,PXD004720,bread wheat,embryo,single,protein,no,TraesCS6B03G0369300LC.1,TraesCS6B03G0369300LC.1,TraesCS6B03G0369300LC.1,,263,False,False,,TraesCS6B03G0369300LC.1,,4.94,0.0,0.1574,0.00768245838668,1,1,1,1,1,1,0,0,0,,,
2152,PXD004720,bread wheat,embryo,single,protein,no,TraesCS6B03G0392900LC.1,TraesCS6B03G0392900LC.1,TraesCS6B03G0392900LC.1,,132,False,False,,TraesCS6B03G0392900LC.1,,8.33,0.0,0.1969,0.00768245838668,1,1,1,1,1,1,0,0,0,,,
2153,PXD004720,bread wheat,embryo,single,protein,no,TraesCS6B03G0533800.1,TraesCS6B03G0533800.1,TraesCS6B03G0533800.1,,532,False,False,,TraesCS6B03G0533800.1,,2.07,0.0,0.0732,0.00768245838668,1,1,1,1,1,1,0,0,0,,,
2154,PXD004720,bread wheat,embryo,single,protein,no,TraesCS6B03G0536700.1,TraesCS6B03G0536700.1,TraesCS6B03G0536700.1,,510,False,False,,TraesCS6B03G0536700.1,,1.96,0.0,0.0984,0.00768245838668,1,1,1,1,1,1,0,0,0,,,
2155,PXD004720,bread wheat,embryo,single,protein,no,TraesCS6B03G0538100LC.1,TraesCS6B03G0538100LC.1,TraesCS6B03G0538100LC.1,,329,False,False,,TraesCS6B03G0538100LC.1,,2.43,0.0,0.0569,0.00768245838668,1,1,1,1,1,1,0,0,0,,,
2156,PXD004720,bread wheat,embryo,single,protein,no,TraesCS6B03G0628800LC.1,TraesCS6B03G0628800LC.1,TraesCS6B03G0628800LC.1,,212,False,False,,TraesCS6B03G0628800LC.1,,5.19,0.0,0.0553,0.00768245838668,1,1,1,1,1,1,0,0,0,7M(15.9949),,
2157,PXD004720,bread wheat,embryo,single,protein,no,TraesCS6B03G0633600LC.1,TraesCS6B03G0633600LC.1,TraesCS6B03G0633600LC.1,,464,False,False,,TraesCS6B03G0633600LC.1,,2.59,0.0,0.0791,0.00768245838668,1,1,1,1,1,1,0,0,0,,,
2158,PXD004720,bread wheat,embryo,single,protein,no,TraesCS6B03G0662900LC.1,TraesCS6B03G0662900LC.1,TraesCS6B03G0662900LC.1,,91,False,False,,TraesCS6B03G0662900LC.1,,16.48,0.0,0.1953,0.00768245838668,1,1,1,1,1,1,0,0,0,1M(15.9949),,
2159,PXD004720,bread wheat,embryo,single,protein,no,TraesCS6B03G0672700.1,TraesCS6B03G0672700.1,TraesCS6B03G0672700.1,,137,False,False,,TraesCS6B03G0672700.1,,5.84,0.0,0.104,0.00768245838668,1,0,1,1,0,1,0,0,0,,,"TraesCS6D03G0405000.1, TraesCS6D03G0405000.2"
2160,PXD004720,bread wheat,embryo,single,protein,no,TraesCS6B03G0673800LC.1,TraesCS6B03G0673800LC.1,TraesCS6B03G0673800LC.1,,196,False,False,,TraesCS6B03G0673800LC.1,,4.59,0.0,0.1491,0.00768245838668,1,1,1,1,1,1,0,0,0,,,
2161,PXD004720,bread wheat,embryo,single,protein,no,TraesCS6B03G0714400.2,TraesCS6B03G0714400.2,TraesCS6B03G0714400.2,,238,False,False,,TraesCS6B03G0714400.2,,4.2,0.0,0.075,0.00768245838668,1,1,1,1,1,1,0,0,0,,,
2162,PXD004720,bread wheat,embryo,single,protein,no,TraesCS6B03G0719500.1,TraesCS6B03G0719500.1,TraesCS6B03G0719500.1,,102,False,False,,TraesCS6B03G0719500.1,,8.82,0.0,0.286,0.00768245838668,1,1,1,1,1,1,0,0,0,,,
2163,PXD004720,bread wheat,embryo,single,protein,no,TraesCS6B03G0747000LC.1,TraesCS6B03G0747000LC.1,TraesCS6B03G0747000LC.1,,312,False,False,,TraesCS6B03G0747000LC.1,,3.85,0.0,0.1784,0.00768245838668,1,1,1,1,1,1,0,0,0,,,
2164,PXD004720,bread wheat,embryo,single,protein,no,TraesCS6B03G0752000.1,TraesCS6B03G0752000.1,TraesCS6B03G0752000.1,,759,False,False,,TraesCS6B03G0752000.1,,1.84,0.0,0.0,0.00768245838668,1,0,1,1,0,1,0,0,0,,,
2165,PXD004720,bread wheat,embryo,single,protein,no,TraesCS6B03G0765100LC.1,TraesCS6B03G0765100LC.1,TraesCS6B03G0765100LC.1,,163,False,False,,TraesCS6B03G0765100LC.1,,10.43,0.0,0.1119,0.00768245838668,1,1,1,2,2,2,0,0,0,9M(15.9949),,
2166,PXD004720,bread wheat,embryo,single,protein,no,TraesCS6B03G0802800.1,TraesCS6B03G0802800.1,TraesCS6B03G0802800.1,,207,False,False,,TraesCS6B03G0802800.1,,5.8,0.0,0.0857,0.00768245838668,1,0,1,1,0,1,0,0,0,,,TraesCS6D03G0562900.1
2167,PXD004720,bread wheat,embryo,single,protein,no,TraesCS6B03G0820400LC.1,TraesCS6B03G0820400LC.1,TraesCS6B03G0820400LC.1,,1374,False,False,,TraesCS6B03G0820400LC.1,,0.66,0.0,0.1835,0.00768245838668,1,1,1,1,1,1,0,0,0,,,
2168,PXD004720,bread wheat,embryo,single,protein,no,TraesCS6B03G0832100.1,TraesCS6B03G0832100.1,TraesCS6B03G0832100.1,,373,False,False,,TraesCS6B03G0832100.1,,3.49,0.0,0.2032,0.00768245838668,1,1,1,1,1,1,0,0,0,,,
2169,PXD004720,bread wheat,embryo,single,protein,no,TraesCS6B03G0848700.1,TraesCS6B03G0848700.1,TraesCS6B03G0848700.1,,614,False,False,,TraesCS6B03G0848700.1,,1.63,0.0,0.223,0.00768245838668,1,1,1,1,1,1,0,0,0,,,
2170,PXD004720,bread wheat,embryo,single,protein,no,TraesCS6B03G0876400LC.1,TraesCS6B03G0876400LC.1,TraesCS6B03G0876400LC.1,,157,False,False,,TraesCS6B03G0876400LC.1,,7.64,0.0,0.0689,0.00768245838668,1,1,1,1,1,1,0,0,0,,,
2171,PXD004720,bread wheat,embryo,single,protein,no,TraesCS6B03G0908600LC.1,TraesCS6B03G0908600LC.1,TraesCS6B03G0908600LC.1,,321,False,False,,TraesCS6B03G0908600LC.1,,2.8,0.0,0.0727,0.00768245838668,1,0,1,1,0,1,0,0,0,,,TraesCS6D03G0649800LC.1
2172,PXD004720,bread wheat,embryo,single,protein,no,TraesCS6B03G0937700.1,TraesCS6B03G0937700.1,TraesCS6B03G0937700.1,,287,False,False,,TraesCS6B03G0937700.1,,3.14,0.0,0.2444,0.00768245838668,1,0,1,1,0,1,0,0,0,,,TraesCS6B03G0937700.2
2173,PXD004720,bread wheat,embryo,single,protein,no,TraesCS6B03G0985000LC.1,TraesCS6B03G0985000LC.1,TraesCS6B03G0985000LC.1,,157,False,False,,TraesCS6B03G0985000LC.1,,5.1,0.0,0.2148,0.00768245838668,1,1,1,1,1,1,0,0,0,3C(57.0214),,
2174,PXD004720,bread wheat,embryo,single,protein,no,TraesCS6B03G0988800LC.1,TraesCS6B03G0988800LC.1,TraesCS6B03G0988800LC.1,,836,False,False,,TraesCS6B03G0988800LC.1,,0.84,0.0,0.0623,0.00768245838668,1,1,1,1,1,1,0,0,0,,,
2175,PXD004720,bread wheat,embryo,single,protein,no,TraesCS6B03G1002300.1,TraesCS6B03G1002300.1,TraesCS6B03G1002300.1,,330,False,False,,TraesCS6B03G1002300.1,,4.24,0.0,0.1354,0.00768245838668,1,1,1,1,1,1,0,0,0,,,
2176,PXD004720,bread wheat,embryo,single,protein,no,TraesCS6B03G1002400LC.1,TraesCS6B03G1002400LC.1,TraesCS6B03G1002400LC.1,,184,False,False,,TraesCS6B03G1002400LC.1,,4.89,0.0,0.06,0.00768245838668,1,1,1,1,1,1,0,0,0,,,
2177,PXD004720,bread wheat,embryo,single,protein,no,TraesCS6B03G1095300.1,TraesCS6B03G1095300.1,TraesCS6B03G1095300.1,,1790,False,False,,TraesCS6B03G1095300.1,,0.89,0.0,0.13,0.00768245838668,1,1,1,1,1,1,0,0,0,,,
2178,PXD004720,bread wheat,embryo,single,protein,no,TraesCS6B03G1115700LC.1,TraesCS6B03G1115700LC.1,TraesCS6B03G1115700LC.1,,936,False,False,,TraesCS6B03G1115700LC.1,,1.71,0.0,0.1044,0.00768245838668,1,1,1,1,1,1,0,0,0,,,
2179,PXD004720,bread wheat,embryo,single,protein,no,TraesCS6B03G1147300LC.1,TraesCS6B03G1147300LC.1,TraesCS6B03G1147300LC.1,,322,False,False,,TraesCS6B03G1147300LC.1,,2.17,0.0,0.1356,0.00768245838668,1,1,1,1,1,1,0,0,0,,,
2180,PXD004720,bread wheat,embryo,single,protein,no,TraesCS6B03G1159100.1,TraesCS6B03G1159100.1,TraesCS6B03G1159100.1,,771,False,False,,TraesCS6B03G1159100.1,,1.43,0.0,0.1524,0.00768245838668,1,0,1,1,0,1,0,0,0,,,"TraesCS6B03G1159100.2, TraesCS6B03G1159100.3, TraesCS6B03G1159100.4, TraesCS6B03G1159100.5, TraesCS6D03G0825900.1"
2181,PXD004720,bread wheat,embryo,single,protein,no,TraesCS6B03G1160100.1,TraesCS6B03G1160100.1,TraesCS6B03G1160100.1,,388,False,False,,TraesCS6B03G1160100.1,,9.54,0.0,0.0653,0.00768245838668,1,1,1,1,1,1,0,0,0,,,
2182,PXD004720,bread wheat,embryo,single,protein,no,TraesCS6B03G1162800LC.1,TraesCS6B03G1162800LC.1,TraesCS6B03G1162800LC.1,,813,False,False,,TraesCS6B03G1162800LC.1,,2.83,0.0,0.2091,0.00768245838668,1,1,1,1,1,1,0,0,0,,,
2183,PXD004720,bread wheat,embryo,single,protein,no,TraesCS6B03G1188100LC.1,TraesCS6B03G1188100LC.1,TraesCS6B03G1188100LC.1,,162,False,False,,TraesCS6B03G1188100LC.1,,11.11,0.0,0.3294,0.00768245838668,1,0,1,1,0,1,0,0,0,,,
2184,PXD004720,bread wheat,embryo,single,protein,no,TraesCS6B03G1219400LC.1,TraesCS6B03G1219400LC.1,TraesCS6B03G1219400LC.1,,249,False,False,,TraesCS6B03G1219400LC.1,,2.81,0.0,0.052,0.00768245838668,1,1,1,1,1,1,0,0,0,,,
2185,PXD004720,bread wheat,embryo,single,protein,no,TraesCS6B03G1223200.1,TraesCS6B03G1223200.1,TraesCS6B03G1223200.1,,483,False,False,,TraesCS6B03G1223200.1,,2.28,0.0,0.1405,0.00768245838668,1,1,1,1,1,1,0,0,0,,,
2186,PXD004720,bread wheat,embryo,single,protein,no,TraesCS6B03G1237900LC.1,TraesCS6B03G1237900LC.1,TraesCS6B03G1237900LC.1,,92,False,False,,TraesCS6B03G1237900LC.1,,11.96,0.0,0.0504,0.00768245838668,1,1,1,1,1,1,0,0,0,,,
2187,PXD004720,bread wheat,embryo,single,protein,no,TraesCS6B03G1240700.1,TraesCS6B03G1240700.1,TraesCS6B03G1240700.1,,851,False,False,,TraesCS6B03G1240700.1,,1.29,0.0,0.1772,0.00768245838668,1,1,1,1,1,1,0,0,0,9C(57.0214),,
2188,PXD004720,bread wheat,embryo,single,protein,no,TraesCS6B03G1241500LC.1,TraesCS6B03G1241500LC.1,TraesCS6B03G1241500LC.1,,551,False,False,,TraesCS6B03G1241500LC.1,,1.27,0.0,0.0687,0.00768245838668,1,1,1,2,2,2,0,0,0,,,
2189,PXD004720,bread wheat,embryo,single,protein,no,TraesCS6B03G1243900.1,TraesCS6B03G1243900.1,TraesCS6B03G1243900.1,,933,False,False,,TraesCS6B03G1243900.1,,1.18,0.0,0.3082,0.00768245838668,1,1,1,1,1,1,0,0,0,,,
2190,PXD004720,bread wheat,embryo,single,protein,no,TraesCS6B03G1269900.1,TraesCS6B03G1269900.1,TraesCS6B03G1269900.1,,921,False,False,,TraesCS6B03G1269900.1,,1.3,0.0,0.0687,0.00768245838668,1,1,1,1,1,1,0,0,0,,,
2191,PXD004720,bread wheat,embryo,single,protein,no,TraesCS6B03G1284200.1,TraesCS6B03G1284200.1,TraesCS6B03G1284200.1,,574,False,False,,TraesCS6B03G1284200.1,,1.57,0.0,0.1537,0.00768245838668,1,0,1,1,0,1,0,0,0,8M(15.9949),,"TraesCS6B03G1284300.1, TraesCS6D03G0914900.1"
2192,PXD004720,bread wheat,embryo,single,protein,no,TraesCS6D03G0017300.1,TraesCS6D03G0017300.1,TraesCS6D03G0017300.1,,628,False,False,,TraesCS6D03G0017300.1,,1.91,0.0,0.0575,0.00768245838668,1,1,1,1,1,1,0,0,0,,,
2193,PXD004720,bread wheat,embryo,single,protein,no,TraesCS6D03G0038900LC.1,TraesCS6D03G0038900LC.1,TraesCS6D03G0038900LC.1,,267,False,False,,TraesCS6D03G0038900LC.1,,8.61,0.0,0.05,0.00768245838668,1,0,1,1,0,1,0,0,0,,,TraesCS6D03G0039100.1
2194,PXD004720,bread wheat,embryo,single,protein,no,TraesCS6D03G0061100LC.1,TraesCS6D03G0061100LC.1,TraesCS6D03G0061100LC.1,,469,False,False,,TraesCS6D03G0061100LC.1,,3.41,0.0,0.3118,0.00768245838668,1,1,1,1,1,1,0,0,0,,,
2195,PXD004720,bread wheat,embryo,single,protein,no,TraesCS6D03G0062700LC.1,TraesCS6D03G0062700LC.1,TraesCS6D03G0062700LC.1,,338,False,False,,TraesCS6D03G0062700LC.1,,2.96,0.0,0.0559,0.00768245838668,1,1,1,2,2,2,0,0,0,,,
2196,PXD004720,bread wheat,embryo,single,protein,no,TraesCS6D03G0077600.1,TraesCS6D03G0077600.1,TraesCS6D03G0077600.1,,321,False,False,,TraesCS6D03G0077600.1,,3.12,0.0,0.0519,0.00768245838668,1,1,1,1,1,1,0,0,0,,,
2197,PXD004720,bread wheat,embryo,single,protein,no,TraesCS6D03G0119200.1,TraesCS6D03G0119200.1,TraesCS6D03G0119200.1,,589,False,False,,TraesCS6D03G0119200.1,,2.04,0.0,0.1029,0.00768245838668,1,0,1,2,0,2,0,0,0,11C(57.0214),,"TraesCS6D03G0119200.2, TraesCS6D03G0119200.3"
2198,PXD004720,bread wheat,embryo,single,protein,no,TraesCS6D03G0163500.1,TraesCS6D03G0163500.1,TraesCS6D03G0163500.1,,95,False,False,,TraesCS6D03G0163500.1,,13.68,0.0,0.1658,0.00768245838668,1,1,1,1,1,1,0,0,0,,,
2199,PXD004720,bread wheat,embryo,single,protein,no,TraesCS6D03G0239800.1,TraesCS6D03G0239800.1,TraesCS6D03G0239800.1,,192,False,False,,TraesCS6D03G0239800.1,,3.65,0.0,0.0836,0.00768245838668,1,1,1,1,1,1,0,0,0,,,
2200,PXD004720,bread wheat,embryo,single,protein,no,TraesCS6D03G0251600.1,TraesCS6D03G0251600.1,TraesCS6D03G0251600.1,,1051,False,False,,TraesCS6D03G0251600.1,,0.95,0.0,0.3153,0.00768245838668,1,0,1,1,0,1,0,0,0,,,TraesCS6D03G0251600.2
2201,PXD004720,bread wheat,embryo,single,protein,no,TraesCS6D03G0254800LC.1,TraesCS6D03G0254800LC.1,TraesCS6D03G0254800LC.1,,242,False,False,,TraesCS6D03G0254800LC.1,,8.26,0.0,0.0751,0.00768245838668,1,1,1,1,1,1,0,0,0,10M(15.9949),,
2202,PXD004720,bread wheat,embryo,single,protein,no,TraesCS6D03G0267500LC.1,TraesCS6D03G0267500LC.1,TraesCS6D03G0267500LC.1,,108,False,False,,TraesCS6D03G0267500LC.1,,13.89,0.0,0.0652,0.00768245838668,1,1,1,1,1,1,0,0,0,,,
2203,PXD004720,bread wheat,embryo,single,protein,no,TraesCS6D03G0293600LC.1,TraesCS6D03G0293600LC.1,TraesCS6D03G0293600LC.1,,968,False,False,,TraesCS6D03G0293600LC.1,,0.72,0.0,0.0,0.00768245838668,1,0,1,1,0,1,0,0,0,,,
2204,PXD004720,bread wheat,embryo,single,protein,no,TraesCS6D03G0296600LC.1,TraesCS6D03G0296600LC.1,TraesCS6D03G0296600LC.1,,206,False,False,,TraesCS6D03G0296600LC.1,,3.88,0.0,0.1644,0.00768245838668,1,1,1,1,1,1,0,0,0,,,
2205,PXD004720,bread wheat,embryo,single,protein,no,TraesCS6D03G0320700LC.1,TraesCS6D03G0320700LC.1,TraesCS6D03G0320700LC.1,,192,False,False,,TraesCS6D03G0320700LC.1,,4.17,0.0,0.0592,0.00768245838668,1,1,1,1,1,1,0,0,0,,,
2206,PXD004720,bread wheat,embryo,single,protein,no,TraesCS6D03G0405700LC.1,TraesCS6D03G0405700LC.1,TraesCS6D03G0405700LC.1,,262,False,False,,TraesCS6D03G0405700LC.1,,4.58,0.0,0.1103,0.00768245838668,1,1,1,1,1,1,0,0,0,,,
2207,PXD004720,bread wheat,embryo,single,protein,no,TraesCS6D03G0429400LC.1,TraesCS6D03G0429400LC.1,TraesCS6D03G0429400LC.1,,158,False,False,,TraesCS6D03G0429400LC.1,,5.7,0.0,0.2301,0.00768245838668,1,1,1,1,1,1,0,0,0,,,
2208,PXD004720,bread wheat,embryo,single,protein,no,TraesCS6D03G0458300LC.1,TraesCS6D03G0458300LC.1,TraesCS6D03G0458300LC.1,,165,False,False,,TraesCS6D03G0458300LC.1,,6.67,0.0,0.1751,0.00768245838668,1,1,1,1,1,1,0,0,0,,,
2209,PXD004720,bread wheat,embryo,single,protein,no,TraesCS6D03G0493400LC.1,TraesCS6D03G0493400LC.1,TraesCS6D03G0493400LC.1,,215,False,False,,TraesCS6D03G0493400LC.1,,5.12,0.0,0.0703,0.00768245838668,1,0,1,1,0,1,0,0,0,,,"TraesCS7A03G0324700.1, TraesCS7D03G0313100LC.1"
2210,PXD004720,bread wheat,embryo,single,protein,no,TraesCS6D03G0515400LC.1,TraesCS6D03G0515400LC.1,TraesCS6D03G0515400LC.1,,91,False,False,,TraesCS6D03G0515400LC.1,,13.19,0.0,0.2462,0.00768245838668,1,1,1,1,1,1,0,0,0,,,
2211,PXD004720,bread wheat,embryo,single,protein,no,TraesCS6D03G0577200.1,TraesCS6D03G0577200.1,TraesCS6D03G0577200.1,,702,False,False,,TraesCS6D03G0577200.1,,1.57,0.0,0.142,0.00768245838668,1,1,1,1,1,1,0,0,0,,,
2212,PXD004720,bread wheat,embryo,single,protein,no,TraesCS6D03G0585200LC.1,TraesCS6D03G0585200LC.1,TraesCS6D03G0585200LC.1,,314,False,False,,TraesCS6D03G0585200LC.1,,2.55,0.0,0.0,0.00768245838668,1,0,1,1,0,1,0,0,0,,,
2213,PXD004720,bread wheat,embryo,single,protein,no,TraesCS6D03G0608900LC.1,TraesCS6D03G0608900LC.1,TraesCS6D03G0608900LC.1,,111,False,False,,TraesCS6D03G0608900LC.1,,10.81,0.0,0.1269,0.00768245838668,1,1,1,1,1,1,0,0,0,,,
2214,PXD004720,bread wheat,embryo,single,protein,no,TraesCS6D03G0618900.1,TraesCS6D03G0618900.1,TraesCS6D03G0618900.1,,345,False,False,,TraesCS6D03G0618900.1,,6.96,0.0,0.0527,0.00768245838668,1,1,1,1,1,1,0,0,0,1C(57.0214),,
2215,PXD004720,bread wheat,embryo,single,protein,no,TraesCS6D03G0666700.1,TraesCS6D03G0666700.1,TraesCS6D03G0666700.1,,642,False,False,,TraesCS6D03G0666700.1,,3.27,0.0,0.0681,0.00768245838668,1,1,1,1,1,1,0,0,0,"1M(15.9949), 5M(15.9949)",,
2216,PXD004720,bread wheat,embryo,single,protein,no,TraesCS6D03G0682200LC.1,TraesCS6D03G0682200LC.1,TraesCS6D03G0682200LC.1,,100,False,False,,TraesCS6D03G0682200LC.1,,8.0,0.0,0.2052,0.00768245838668,1,1,1,1,1,1,0,0,0,,,
2217,PXD004720,bread wheat,embryo,single,protein,no,TraesCS6D03G0721600.1,TraesCS6D03G0721600.1,TraesCS6D03G0721600.1,,383,False,False,,TraesCS6D03G0721600.1,,4.7,0.0,0.2909,0.00768245838668,1,1,1,1,1,1,0,0,0,,,
2218,PXD004720,bread wheat,embryo,single,protein,no,TraesCS6D03G0742200LC.1,TraesCS6D03G0742200LC.1,TraesCS6D03G0742200LC.1,,1512,False,False,,TraesCS6D03G0742200LC.1,,0.6,0.0,0.0772,0.00768245838668,1,1,1,1,1,1,0,0,0,,,
2219,PXD004720,bread wheat,embryo,single,protein,no,TraesCS6D03G0748900.1,TraesCS6D03G0748900.1,TraesCS6D03G0748900.1,,260,False,False,,TraesCS6D03G0748900.1,,7.69,0.0,0.135,0.00768245838668,1,0,1,1,0,1,0,0,0,N-term(42.0106),,TraesCS6D03G0748900.2
2220,PXD004720,bread wheat,embryo,single,protein,no,TraesCS6D03G0783000.1,TraesCS6D03G0783000.1,TraesCS6D03G0783000.1,,1504,False,False,,TraesCS6D03G0783000.1,,1.6,0.0,0.0506,0.00768245838668,1,1,1,1,1,1,0,0,0,,,
2221,PXD004720,bread wheat,embryo,single,protein,no,TraesCS6D03G0787200.1,TraesCS6D03G0787200.1,TraesCS6D03G0787200.1,,928,False,False,,TraesCS6D03G0787200.1,,1.72,0.0,0.0721,0.00768245838668,1,1,1,1,1,1,0,0,0,,,
2222,PXD004720,bread wheat,embryo,single,protein,no,TraesCS6D03G0802400.1,TraesCS6D03G0802400.1,TraesCS6D03G0802400.1,,887,False,False,,TraesCS6D03G0802400.1,,1.35,0.0,0.0885,0.00768245838668,1,0,1,1,0,1,0,0,0,,,TraesCS6D03G0802400.2
2223,PXD004720,bread wheat,embryo,single,protein,no,TraesCS6D03G0839400LC.1,TraesCS6D03G0839400LC.1,TraesCS6D03G0839400LC.1,,133,False,False,,TraesCS6D03G0839400LC.1,,6.02,0.0,0.1402,0.00768245838668,1,1,1,2,2,2,0,0,0,1M(15.9949),,
2224,PXD004720,bread wheat,embryo,single,protein,no,TraesCS6D03G0850000LC.1,TraesCS6D03G0850000LC.1,TraesCS6D03G0850000LC.1,,203,False,False,,TraesCS6D03G0850000LC.1,,5.42,0.0,0.057,0.00768245838668,1,1,1,1,1,1,0,0,0,,,
2225,PXD004720,bread wheat,embryo,single,protein,no,TraesCS6D03G0868600.1,TraesCS6D03G0868600.1,TraesCS6D03G0868600.1,,405,False,False,,TraesCS6D03G0868600.1,,2.96,0.0,0.0582,0.00768245838668,1,0,1,1,0,1,0,0,0,6M(15.9949),,TraesCS6D03G0868600.2
2226,PXD004720,bread wheat,embryo,single,protein,no,TraesCS6D03G0909200LC.1,TraesCS6D03G0909200LC.1,TraesCS6D03G0909200LC.1,,1878,False,False,,TraesCS6D03G0909200LC.1,,0.64,0.0,0.0542,0.00768245838668,1,1,1,1,1,1,0,0,0,,,
2227,PXD004720,bread wheat,embryo,single,protein,no,TraesCS6D03G0932000.1,TraesCS6D03G0932000.1,TraesCS6D03G0932000.1,,1277,False,False,,TraesCS6D03G0932000.1,,1.64,0.0,0.0811,0.00768245838668,1,1,1,1,1,1,0,0,0,13C(57.0214),,
2228,PXD004720,bread wheat,embryo,single,protein,no,TraesCS7A03G0036800LC.1,TraesCS7A03G0036800LC.1,TraesCS7A03G0036800LC.1,,118,False,False,,TraesCS7A03G0036800LC.1,,16.1,0.0,0.2006,0.00768245838668,1,1,1,1,1,1,0,0,0,"12C(57.0214), 2C(57.0214), 4M(15.9949)",,
2229,PXD004720,bread wheat,embryo,single,protein,no,TraesCS7A03G0196400.1,TraesCS7A03G0196400.1,TraesCS7A03G0196400.1,,303,False,False,,TraesCS7A03G0196400.1,,2.31,0.0,0.0647,0.00768245838668,1,0,1,1,0,1,0,0,0,3C(57.0214),,TraesCS7A03G0196600LC.1
2230,PXD004720,bread wheat,embryo,single,protein,no,TraesCS7A03G0214800LC.1,TraesCS7A03G0214800LC.1,TraesCS7A03G0214800LC.1,,460,False,False,,TraesCS7A03G0214800LC.1,,2.39,0.0,0.051,0.00768245838668,1,1,1,1,1,1,0,0,0,,,
2231,PXD004720,bread wheat,embryo,single,protein,no,TraesCS7A03G0219600LC.1,TraesCS7A03G0219600LC.1,TraesCS7A03G0219600LC.1,,155,False,False,,TraesCS7A03G0219600LC.1,,9.68,0.0,0.1044,0.00768245838668,1,1,1,1,1,1,0,0,0,,,
2232,PXD004720,bread wheat,embryo,single,protein,no,TraesCS7A03G0252100LC.1,TraesCS7A03G0252100LC.1,TraesCS7A03G0252100LC.1,,184,False,False,,TraesCS7A03G0252100LC.1,,7.61,0.0,0.1672,0.00768245838668,1,1,1,1,1,1,0,0,0,,,
2233,PXD004720,bread wheat,embryo,single,protein,no,TraesCS7A03G0263300.1,TraesCS7A03G0263300.1,TraesCS7A03G0263300.1,,427,False,False,,TraesCS7A03G0263300.1,,2.11,0.0,0.0,0.00768245838668,1,0,1,1,0,1,0,0,0,,,TraesCS7A03G0263800.1
2234,PXD004720,bread wheat,embryo,single,protein,no,TraesCS7A03G0263500.1,TraesCS7A03G0263500.1,TraesCS7A03G0263500.1,,951,False,False,,TraesCS7A03G0263500.1,,2.52,0.0,0.1574,0.00768245838668,3,1,1,4,2,2,0,0,0,,,
2235,PXD004720,bread wheat,embryo,single,protein,no,TraesCS7A03G0279600LC.1,TraesCS7A03G0279600LC.1,TraesCS7A03G0279600LC.1,,162,False,False,,TraesCS7A03G0279600LC.1,,9.26,0.0,0.1607,0.00768245838668,1,1,1,1,1,1,0,0,0,7M(15.9949),,
2236,PXD004720,bread wheat,embryo,single,protein,no,TraesCS7A03G0281600.1,TraesCS7A03G0281600.1,TraesCS7A03G0281600.1,,1499,False,False,,TraesCS7A03G0281600.1,,0.53,0.0,0.2089,0.00768245838668,1,0,1,1,0,1,0,0,0,,,"TraesCS7B03G0038500.1, TraesCS7D03G0255800.1, TraesCS7D03G0258600.1"
2237,PXD004720,bread wheat,embryo,single,protein,no,TraesCS7A03G0323700LC.1,TraesCS7A03G0323700LC.1,TraesCS7A03G0323700LC.1,,239,False,False,,TraesCS7A03G0323700LC.1,,3.77,0.0,0.1633,0.00768245838668,1,0,1,2,0,2,0,0,0,,,TraesCS7D03G0311400.1
2238,PXD004720,bread wheat,embryo,single,protein,no,TraesCS7A03G0341300.1,TraesCS7A03G0341300.1,TraesCS7A03G0341300.1,,946,False,False,,TraesCS7A03G0341300.1,,0.85,0.0,0.0897,0.00768245838668,1,0,1,1,0,1,0,0,0,,,"TraesCS7B03G0126700.1, TraesCS7D03G0329100.1"
2239,PXD004720,bread wheat,embryo,single,protein,no,TraesCS7A03G0359500.1,TraesCS7A03G0359500.1,TraesCS7A03G0359500.1,,585,False,False,,TraesCS7A03G0359500.1,,1.54,0.0,0.1445,0.00768245838668,1,1,1,1,1,1,0,0,0,,,
2240,PXD004720,bread wheat,embryo,single,protein,no,TraesCS7A03G0366300.1,TraesCS7A03G0366300.1,TraesCS7A03G0366300.1,,358,False,False,,TraesCS7A03G0366300.1,,3.07,0.0,0.0584,0.00768245838668,1,0,1,1,0,1,0,0,0,,,TraesCS7B03G0163100.1
2241,PXD004720,bread wheat,embryo,single,protein,no,TraesCS7A03G0398400.1,TraesCS7A03G0398400.1,TraesCS7A03G0398400.1,,978,False,False,,TraesCS7A03G0398400.1,,2.97,0.0,0.0558,0.00768245838668,1,0,1,1,0,1,0,0,0,,,"TraesCS7A03G0398400.2, TraesCS7B03G0198200.1, TraesCS7D03G0383400.1"
2242,PXD004720,bread wheat,embryo,single,protein,no,TraesCS7A03G0455300.1,TraesCS7A03G0455300.1,TraesCS7A03G0455300.1,,559,False,False,,TraesCS7A03G0455300.1,,2.86,0.0,0.2,0.00768245838668,1,1,1,1,1,1,0,0,0,,,
2243,PXD004720,bread wheat,embryo,single,protein,no,TraesCS7A03G0469100LC.1,TraesCS7A03G0469100LC.1,TraesCS7A03G0469100LC.1,,727,False,False,,TraesCS7A03G0469100LC.1,,1.65,0.0,0.0615,0.00768245838668,1,0,1,1,0,1,0,0,0,,,TraesCS7D03G0449900LC.1
2244,PXD004720,bread wheat,embryo,single,protein,no,TraesCS7A03G0479400.1,TraesCS7A03G0479400.1,TraesCS7A03G0479400.1,,443,False,False,,TraesCS7A03G0479400.1,,2.03,0.0,0.1759,0.00768245838668,1,0,1,1,0,1,0,0,0,,,"TraesCS7B03G0293700.1, TraesCS7D03G0463900.1"
2245,PXD004720,bread wheat,embryo,single,protein,no,TraesCS7A03G0482600LC.1,TraesCS7A03G0482600LC.1,TraesCS7A03G0482600LC.1,,233,False,False,,TraesCS7A03G0482600LC.1,,7.3,0.0,0.1335,0.00768245838668,1,1,1,1,1,1,0,0,0,15C(57.0214),,
2246,PXD004720,bread wheat,embryo,single,protein,no,TraesCS7A03G0482800.1,TraesCS7A03G0482800.1,TraesCS7A03G0482800.1,,408,False,False,,TraesCS7A03G0482800.1,,4.9,0.0,0.0767,0.00768245838668,1,0,1,1,0,1,0,0,0,,,TraesCS7D03G0467000.1
2247,PXD004720,bread wheat,embryo,single,protein,no,TraesCS7A03G0518200.1,TraesCS7A03G0518200.1,TraesCS7A03G0518200.1,,593,False,False,,TraesCS7A03G0518200.1,,2.7,0.0,0.2942,0.00768245838668,1,0,1,1,0,1,0,0,0,,,"TraesCS7B03G0336700.1, TraesCS7B03G0336700.2, TraesCS7B03G0336700.3, TraesCS7D03G0501400.1"
2248,PXD004720,bread wheat,embryo,single,protein,no,TraesCS7A03G0531100.1,TraesCS7A03G0531100.1,TraesCS7A03G0531100.1,,515,False,False,,TraesCS7A03G0531100.1,,3.69,0.0,0.2264,0.00768245838668,1,0,1,2,0,2,0,0,0,17M(15.9949),,TraesCS7D03G0504000.1
2249,PXD004720,bread wheat,embryo,single,protein,no,TraesCS7A03G0605000LC.1,TraesCS7A03G0605000LC.1,TraesCS7A03G0605000LC.1,,65,False,False,,TraesCS7A03G0605000LC.1,,10.77,0.0,0.345,0.00768245838668,1,1,1,3,3,3,0,0,0,6M(15.9949),,
2250,PXD004720,bread wheat,embryo,single,protein,no,TraesCS7A03G0617100LC.1,TraesCS7A03G0617100LC.1,TraesCS7A03G0617100LC.1,,180,False,False,,TraesCS7A03G0617100LC.1,,3.89,0.0,0.2602,0.00768245838668,1,1,1,1,1,1,0,0,0,,,
2251,PXD004720,bread wheat,embryo,single,protein,no,TraesCS7A03G0632200LC.1,TraesCS7A03G0632200LC.1,TraesCS7A03G0632200LC.1,,63,False,False,,TraesCS7A03G0632200LC.1,,12.7,0.0,0.108,0.00768245838668,1,1,1,1,1,1,0,0,0,,,
2252,PXD004720,bread wheat,embryo,single,protein,no,TraesCS7A03G0632700LC.2,TraesCS7A03G0632700LC.2,TraesCS7A03G0632700LC.2,,344,False,False,,TraesCS7A03G0632700LC.2,,9.88,0.0,0.292,0.00768245838668,1,1,1,1,1,1,0,0,0,,,
2253,PXD004720,bread wheat,embryo,single,protein,no,TraesCS7A03G0666500.1,TraesCS7A03G0666500.1,TraesCS7A03G0666500.1,,1279,False,False,,TraesCS7A03G0666500.1,,1.72,0.0,0.1411,0.00768245838668,2,0,2,2,0,2,0,0,0,,,"TraesCS7A03G0666500.2, TraesCS7A03G0666500.3, TraesCS7A03G0666500.4, TraesCS7A03G0666500.5, TraesCS7B03G0477400.1, TraesCS7B03G0477400.2, TraesCS7B03G0477400.3, TraesCS7D03G0639800.1, TraesCS7D03G0639800.2, TraesCS7D03G0639800.3"
2254,PXD004720,bread wheat,embryo,single,protein,no,TraesCS7A03G0685300.1,TraesCS7A03G0685300.1,TraesCS7A03G0685300.1,,678,False,False,,TraesCS7A03G0685300.1,,2.06,0.0,0.0882,0.00768245838668,1,0,1,1,0,1,0,0,0,,,"TraesCS7A03G0685300.2, TraesCS7B03G0512700.1, TraesCS7B03G0512700.2, TraesCS7D03G0673000.1, TraesCS7D03G0673000.2"
2255,PXD004720,bread wheat,embryo,single,protein,no,TraesCS7A03G0706400.1,TraesCS7A03G0706400.1,TraesCS7A03G0706400.1,,688,False,False,,TraesCS7A03G0706400.1,,2.91,0.0,0.1431,0.00768245838668,1,0,1,1,0,1,0,0,0,,,"TraesCS7A03G0706400.2, TraesCS7B03G0545700.1, TraesCS7D03G0666400.1"
2256,PXD004720,bread wheat,embryo,single,protein,no,TraesCS7A03G0721000LC.1,TraesCS7A03G0721000LC.1,TraesCS7A03G0721000LC.1,,91,False,False,,TraesCS7A03G0721000LC.1,,8.79,0.0,0.0,0.00768245838668,1,0,1,1,0,1,0,0,0,,,
2257,PXD004720,bread wheat,embryo,single,protein,no,TraesCS7A03G0721700LC.1,TraesCS7A03G0721700LC.1,TraesCS7A03G0721700LC.1,,90,False,False,,TraesCS7A03G0721700LC.1,,14.44,0.0,0.092,0.00768245838668,1,1,1,1,1,1,0,0,0,,,
2258,PXD004720,bread wheat,embryo,single,protein,no,TraesCS7A03G0766400LC.1,TraesCS7A03G0766400LC.1,TraesCS7A03G0766400LC.1,,183,False,False,,TraesCS7A03G0766400LC.1,,3.83,0.0,0.0528,0.00768245838668,1,1,1,1,1,1,0,0,0,,,
2259,PXD004720,bread wheat,embryo,single,protein,no,TraesCS7A03G0776800.1,TraesCS7A03G0776800.1,TraesCS7A03G0776800.1,,362,False,False,,TraesCS7A03G0776800.1,,3.87,0.0,0.0921,0.00768245838668,1,0,1,1,0,1,0,0,0,,,"TraesCS7B03G0612200.1, TraesCS7B03G0612200.2, TraesCS7D03G0745400.1, TraesCS7D03G0745400.2"
2260,PXD004720,bread wheat,embryo,single,protein,no,TraesCS7A03G0790700.1,TraesCS7A03G0790700.1,TraesCS7A03G0790700.1,,408,False,False,,TraesCS7A03G0790700.1,,2.45,0.0,0.2892,0.00768245838668,1,0,1,2,0,2,0,0,0,,,
2261,PXD004720,bread wheat,embryo,single,protein,no,TraesCS7A03G0796200LC.1,TraesCS7A03G0796200LC.1,TraesCS7A03G0796200LC.1,,112,False,False,,TraesCS7A03G0796200LC.1,,10.71,0.0,0.1175,0.00768245838668,1,1,1,1,1,1,0,0,0,,,
2262,PXD004720,bread wheat,embryo,single,protein,no,TraesCS7A03G0801400LC.1,TraesCS7A03G0801400LC.1,TraesCS7A03G0801400LC.1,,190,False,False,,TraesCS7A03G0801400LC.1,,10.0,0.0,0.1659,0.00768245838668,1,1,1,1,1,1,0,0,0,,,
2263,PXD004720,bread wheat,embryo,single,protein,no,TraesCS7A03G0802000.1,TraesCS7A03G0802000.1,TraesCS7A03G0802000.1,,551,False,False,,TraesCS7A03G0802000.1,,1.63,0.0,0.0731,0.00768245838668,1,1,1,1,1,1,0,0,0,,,
2264,PXD004720,bread wheat,embryo,single,protein,no,TraesCS7A03G0820000.1,TraesCS7A03G0820000.1,TraesCS7A03G0820000.1,,385,False,False,,TraesCS7A03G0820000.1,,2.6,0.0,0.3224,0.00768245838668,1,0,1,1,0,1,0,0,0,,,TraesCS7D03G0804200.1
2265,PXD004720,bread wheat,embryo,single,protein,no,TraesCS7A03G0832300.1,TraesCS7A03G0832300.1,TraesCS7A03G0832300.1,,367,False,False,,TraesCS7A03G0832300.1,,2.45,0.0,0.1738,0.00768245838668,1,1,1,1,1,1,0,0,0,,,
2266,PXD004720,bread wheat,embryo,single,protein,no,TraesCS7A03G0857300.1,TraesCS7A03G0857300.1,TraesCS7A03G0857300.1,,968,False,False,,TraesCS7A03G0857300.1,,1.24,0.0,0.0945,0.00768245838668,1,0,1,1,0,1,0,0,0,,,"TraesCS7B03G0653500.1, TraesCS7D03G0780500.1"
2267,PXD004720,bread wheat,embryo,single,protein,no,TraesCS7A03G0857600.1,TraesCS7A03G0857600.1,TraesCS7A03G0857600.1,,364,False,False,,TraesCS7A03G0857600.1,,4.12,0.0,0.054,0.00768245838668,1,0,1,1,0,1,0,0,0,,,TraesCS7D03G0780300.1
2268,PXD004720,bread wheat,embryo,single,protein,no,TraesCS7A03G0861000LC.1,TraesCS7A03G0861000LC.1,TraesCS7A03G0861000LC.1,,519,False,False,,TraesCS7A03G0861000LC.1,,1.73,0.0,0.2325,0.00768245838668,1,1,1,1,1,1,0,0,0,,,
2269,PXD004720,bread wheat,embryo,single,protein,no,TraesCS7A03G0875800.1,TraesCS7A03G0875800.1,TraesCS7A03G0875800.1,,196,False,False,,TraesCS7A03G0875800.1,,7.65,0.0,0.0586,0.00768245838668,1,1,1,1,1,1,0,0,0,,,
2270,PXD004720,bread wheat,embryo,single,protein,no,TraesCS7A03G0878300.1,TraesCS7A03G0878300.1,TraesCS7A03G0878300.1,,526,False,False,,TraesCS7A03G0878300.1,,5.7,0.0,0.116,0.00768245838668,1,0,1,1,0,1,0,0,0,4C(57.0214),,"TraesCS7A03G0878300.2, TraesCS7B03G0735100.1, TraesCS7B03G0735100.2, TraesCS7D03G0857900.1, TraesCS7D03G0857900.2"
2271,PXD004720,bread wheat,embryo,single,protein,no,TraesCS7A03G0882100LC.1,TraesCS7A03G0882100LC.1,TraesCS7A03G0882100LC.1,,361,False,False,,TraesCS7A03G0882100LC.1,,3.6,0.0,0.1288,0.00768245838668,1,1,1,1,1,1,0,0,0,,,
2272,PXD004720,bread wheat,embryo,single,protein,no,TraesCS7A03G0883400.1,TraesCS7A03G0883400.1,TraesCS7A03G0883400.1,,251,False,False,,TraesCS7A03G0883400.1,,5.98,0.0,0.0735,0.00768245838668,1,1,1,1,1,1,0,0,0,,,
2273,PXD004720,bread wheat,embryo,single,protein,no,TraesCS7A03G0885800.1,TraesCS7A03G0885800.1,TraesCS7A03G0885800.1,,516,False,False,,TraesCS7A03G0885800.1,,1.55,0.0,0.0943,0.00768245838668,1,1,1,1,1,1,0,0,0,,,
2274,PXD004720,bread wheat,embryo,single,protein,no,TraesCS7A03G0926900.1,TraesCS7A03G0926900.1,TraesCS7A03G0926900.1,,602,False,False,,TraesCS7A03G0926900.1,,2.66,0.0,0.1275,0.00768245838668,1,0,1,1,0,1,0,0,0,,,"TraesCS7B03G0774800.1, TraesCS7D03G0890700.1"
2275,PXD004720,bread wheat,embryo,single,protein,no,TraesCS7A03G0950400LC.1,TraesCS7A03G0950400LC.1,TraesCS7A03G0950400LC.1,,286,False,False,,TraesCS7A03G0950400LC.1,,3.5,0.0,0.0625,0.00768245838668,1,1,1,1,1,1,0,0,0,,,
2276,PXD004720,bread wheat,embryo,single,protein,no,TraesCS7A03G0953500.1,TraesCS7A03G0953500.1,TraesCS7A03G0953500.1,,515,False,False,,TraesCS7A03G0953500.1,,2.33,0.0,0.0533,0.00768245838668,1,0,1,1,0,1,0,0,0,,,"TraesCS7B03G0796400.1, TraesCS7D03G0918600.1, TraesCS7D03G0918600.2"
2277,PXD004720,bread wheat,embryo,single,protein,no,TraesCS7A03G0978800.1,TraesCS7A03G0978800.1,TraesCS7A03G0978800.1,,883,False,False,,TraesCS7A03G0978800.1,,1.13,0.0,0.314,0.00768245838668,1,1,1,1,1,1,0,0,0,,,
2278,PXD004720,bread wheat,embryo,single,protein,no,TraesCS7A03G0992100LC.1,TraesCS7A03G0992100LC.1,TraesCS7A03G0992100LC.1,,142,False,False,,TraesCS7A03G0992100LC.1,,7.04,0.0,0.1513,0.00768245838668,1,1,1,1,1,1,0,0,0,,,
2279,PXD004720,bread wheat,embryo,single,protein,no,TraesCS7A03G1000800.1,TraesCS7A03G1000800.1,TraesCS7A03G1000800.1,,571,False,False,,TraesCS7A03G1000800.1,,1.75,0.0,0.0522,0.00768245838668,1,0,1,1,0,1,0,0,0,,,"TraesCS7B03G0839000.1, TraesCS7D03G0956300.1"
2280,PXD004720,bread wheat,embryo,single,protein,no,TraesCS7A03G1004400LC.1,TraesCS7A03G1004400LC.1,TraesCS7A03G1004400LC.1,,232,False,False,,TraesCS7A03G1004400LC.1,,3.88,0.0,0.0644,0.00768245838668,1,1,1,1,1,1,0,0,0,4M(15.9949),,
2281,PXD004720,bread wheat,embryo,single,protein,no,TraesCS7A03G1019000.1,TraesCS7A03G1019000.1,TraesCS7A03G1019000.1,,306,False,False,,TraesCS7A03G1019000.1,,2.61,0.0,0.0,0.00768245838668,1,0,1,1,0,1,0,0,0,,,
2282,PXD004720,bread wheat,embryo,single,protein,no,TraesCS7A03G1021100.1,TraesCS7A03G1021100.1,TraesCS7A03G1021100.1,,523,False,False,,TraesCS7A03G1021100.1,,2.68,0.0,0.0533,0.00768245838668,1,0,1,1,0,1,0,0,0,8C(57.0214),,"TraesCS7B03G0861700.1, TraesCS7D03G0976000LC.1"
2283,PXD004720,bread wheat,embryo,single,protein,no,TraesCS7A03G1027700.1,TraesCS7A03G1027700.1,TraesCS7A03G1027700.1,,320,False,False,,TraesCS7A03G1027700.1,,2.5,0.0,0.1667,0.00768245838668,1,0,1,1,0,1,0,0,0,,,"TraesCS7B03G0873600.1, TraesCS7D03G0987500.1"
2284,PXD004720,bread wheat,embryo,single,protein,no,TraesCS7A03G1047000.1,TraesCS7A03G1047000.1,TraesCS7A03G1047000.1,,320,False,False,,TraesCS7A03G1047000.1,,3.12,0.0,0.0964,0.00768245838668,1,0,1,1,0,1,0,0,0,,,TraesCS7D03G0999600.1
2285,PXD004720,bread wheat,embryo,single,protein,no,TraesCS7A03G1073200.1,TraesCS7A03G1073200.1,TraesCS7A03G1073200.1,,238,False,False,,TraesCS7A03G1073200.1,,13.03,0.0,0.1672,0.00768245838668,1,1,1,1,1,1,0,0,0,,,
2286,PXD004720,bread wheat,embryo,single,protein,no,TraesCS7A03G1073700.1,TraesCS7A03G1073700.1,TraesCS7A03G1073700.1,,341,False,False,,TraesCS7A03G1073700.1,,2.35,0.0,0.1997,0.00768245838668,1,0,1,1,0,1,0,0,0,,,"TraesCS7B03G0917200.1, TraesCS7D03G1023900.1"
2287,PXD004720,bread wheat,embryo,single,protein,no,TraesCS7A03G1080500LC.1,TraesCS7A03G1080500LC.1,TraesCS7A03G1080500LC.1,,296,False,False,,TraesCS7A03G1080500LC.1,,6.76,0.0,0.0592,0.00768245838668,1,1,1,1,1,1,0,0,0,12C(57.0214),,
2288,PXD004720,bread wheat,embryo,single,protein,no,TraesCS7A03G1130000.1,TraesCS7A03G1130000.1,TraesCS7A03G1130000.1,,229,False,False,,TraesCS7A03G1130000.1,,6.99,0.0,0.2734,0.00768245838668,1,0,1,1,0,1,0,0,0,,,TraesCS7B03G0989100.1
2289,PXD004720,bread wheat,embryo,single,protein,no,TraesCS7A03G1148500.1,TraesCS7A03G1148500.1,TraesCS7A03G1148500.1,,434,False,False,,TraesCS7A03G1148500.1,,2.3,0.0,0.1419,0.00768245838668,1,1,1,1,1,1,0,0,0,,,
2290,PXD004720,bread wheat,embryo,single,protein,no,TraesCS7A03G1164300LC.1,TraesCS7A03G1164300LC.1,TraesCS7A03G1164300LC.1,,117,False,False,,TraesCS7A03G1164300LC.1,,17.95,0.0,0.0572,0.00768245838668,1,1,1,1,1,1,0,0,0,"10C(57.0214), 11M(15.9949), 9M(15.9949)",,
2291,PXD004720,bread wheat,embryo,single,protein,no,TraesCS7A03G1173700LC.1,TraesCS7A03G1173700LC.1,TraesCS7A03G1173700LC.1,,276,False,False,,TraesCS7A03G1173700LC.1,,2.54,0.0,0.1307,0.00768245838668,1,1,1,1,1,1,0,0,0,,,
2292,PXD004720,bread wheat,embryo,single,protein,no,TraesCS7A03G1173800.1,TraesCS7A03G1173800.1,TraesCS7A03G1173800.1,,266,False,False,,TraesCS7A03G1173800.1,,3.01,0.0,0.0504,0.00768245838668,1,0,1,1,0,1,0,0,0,,,TraesCS7A03G1173800.2
2293,PXD004720,bread wheat,embryo,single,protein,no,TraesCS7A03G1190800.1,TraesCS7A03G1190800.1,TraesCS7A03G1190800.1,,195,False,False,,TraesCS7A03G1190800.1,,4.1,0.0,0.1371,0.00768245838668,1,0,1,1,0,1,0,0,0,,,TraesCS7B03G1069700.1
2294,PXD004720,bread wheat,embryo,single,protein,no,TraesCS7A03G1208500LC.1,TraesCS7A03G1208500LC.1,TraesCS7A03G1208500LC.1,,274,False,False,,TraesCS7A03G1208500LC.1,,3.65,0.0,0.0733,0.00768245838668,1,0,1,2,0,2,0,0,0,,,TraesCS7A03G1208800.1
2295,PXD004720,bread wheat,embryo,single,protein,no,TraesCS7A03G1253500.1,TraesCS7A03G1253500.1,TraesCS7A03G1253500.1,,500,False,False,,TraesCS7A03G1253500.1,,3.0,0.0,0.0543,0.00768245838668,1,1,1,1,1,1,0,0,0,,,
2296,PXD004720,bread wheat,embryo,single,protein,no,TraesCS7A03G1286700.1,TraesCS7A03G1286700.1,TraesCS7A03G1286700.1,,170,False,False,,TraesCS7A03G1286700.1,,5.88,0.0,0.0633,0.00768245838668,1,1,1,1,1,1,0,0,0,,,
2297,PXD004720,bread wheat,embryo,single,protein,no,TraesCS7A03G1294500.1,TraesCS7A03G1294500.1,TraesCS7A03G1294500.1,,259,False,False,,TraesCS7A03G1294500.1,,6.18,0.0,0.1012,0.00768245838668,1,1,1,1,1,1,0,0,0,,,
2298,PXD004720,bread wheat,embryo,single,protein,no,TraesCS7A03G1308000.1,TraesCS7A03G1308000.1,TraesCS7A03G1308000.1,,535,False,False,,TraesCS7A03G1308000.1,,1.68,0.0,0.0647,0.00768245838668,1,0,1,1,0,1,0,0,0,,,TraesCS7D03G1236900.1
2299,PXD004720,bread wheat,embryo,single,protein,no,TraesCS7A03G1314500LC.1,TraesCS7A03G1314500LC.1,TraesCS7A03G1314500LC.1,,705,False,False,,TraesCS7A03G1314500LC.1,,1.84,0.0,0.0698,0.00768245838668,1,1,1,1,1,1,0,0,0,,,
2300,PXD004720,bread wheat,embryo,single,protein,no,TraesCS7A03G1360900LC.1,TraesCS7A03G1360900LC.1,TraesCS7A03G1360900LC.1,,134,False,False,,TraesCS7A03G1360900LC.1,,16.42,0.0,0.0566,0.00768245838668,1,1,1,1,1,1,0,0,0,,,
2301,PXD004720,bread wheat,embryo,single,protein,no,TraesCS7A03G1368800.1,TraesCS7A03G1368800.1,TraesCS7A03G1368800.1,,410,False,False,,TraesCS7A03G1368800.1,,1.71,0.0,0.1328,0.00768245838668,1,0,1,1,0,1,0,0,0,,,"TraesCS7B03G1311000.1, TraesCS7D03G1295200.1"
2302,PXD004720,bread wheat,embryo,single,protein,no,TraesCS7A03G1382200LC.1,TraesCS7A03G1382200LC.1,TraesCS7A03G1382200LC.1,,181,False,False,,TraesCS7A03G1382200LC.1,,6.63,0.0,0.0707,0.00768245838668,1,1,1,1,1,1,0,0,0,,,
2303,PXD004720,bread wheat,embryo,single,protein,no,TraesCS7B03G0010400.1,TraesCS7B03G0010400.1,TraesCS7B03G0010400.1,,286,False,False,,TraesCS7B03G0010400.1,,3.15,0.0,0.1084,0.00768245838668,1,0,1,1,0,1,0,0,0,,,TraesCS7B03G0010400.2
2304,PXD004720,bread wheat,embryo,single,protein,no,TraesCS7B03G0020600LC.1,TraesCS7B03G0020600LC.1,TraesCS7B03G0020600LC.1,,171,False,False,,TraesCS7B03G0020600LC.1,,7.02,0.0,0.2375,0.00768245838668,1,1,1,1,1,1,0,0,0,,,
2305,PXD004720,bread wheat,embryo,single,protein,no,TraesCS7B03G0020800.1,TraesCS7B03G0020800.1,TraesCS7B03G0020800.1,,859,False,False,,TraesCS7B03G0020800.1,,1.4,0.0,0.2402,0.00768245838668,1,1,1,1,1,1,0,0,0,,,
2306,PXD004720,bread wheat,embryo,single,protein,no,TraesCS7B03G0029500.1,TraesCS7B03G0029500.1,TraesCS7B03G0029500.1,,291,False,False,,TraesCS7B03G0029500.1,,4.81,0.0,0.0711,0.00768245838668,1,1,1,1,1,1,0,0,0,,,
2307,PXD004720,bread wheat,embryo,single,protein,no,TraesCS7B03G0044000LC.1,TraesCS7B03G0044000LC.1,TraesCS7B03G0044000LC.1,,273,False,False,,TraesCS7B03G0044000LC.1,,3.66,0.0,0.1086,0.00768245838668,1,1,1,1,1,1,0,0,0,,,
2308,PXD004720,bread wheat,embryo,single,protein,no,TraesCS7B03G0085700LC.2,TraesCS7B03G0085700LC.2,TraesCS7B03G0085700LC.2,,187,False,False,,TraesCS7B03G0085700LC.2,,6.42,0.0,0.1757,0.00768245838668,1,1,1,1,1,1,0,0,0,8M(15.9949),,
2309,PXD004720,bread wheat,embryo,single,protein,no,TraesCS7B03G0112200.1,TraesCS7B03G0112200.1,TraesCS7B03G0112200.1,,363,False,False,,TraesCS7B03G0112200.1,,3.58,0.0,0.2261,0.00768245838668,1,1,1,1,1,1,0,0,0,,,
2310,PXD004720,bread wheat,embryo,single,protein,no,TraesCS7B03G0115400.1,TraesCS7B03G0115400.1,TraesCS7B03G0115400.1,,253,False,False,,TraesCS7B03G0115400.1,,3.95,0.0,0.1375,0.00768245838668,1,1,1,1,1,1,0,0,0,,,
2311,PXD004720,bread wheat,embryo,single,protein,no,TraesCS7B03G0125900.1,TraesCS7B03G0125900.1,TraesCS7B03G0125900.1,,662,False,False,,TraesCS7B03G0125900.1,,1.81,0.0,0.1425,0.00768245838668,1,0,1,1,0,1,0,0,0,,,"TraesCS7B03G0125900.2, TraesCS7B03G0125900.3, TraesCS7B03G0125900.4, TraesCS7B03G0125900.5"
2312,PXD004720,bread wheat,embryo,single,protein,no,TraesCS7B03G0145600LC.1,TraesCS7B03G0145600LC.1,TraesCS7B03G0145600LC.1,,1806,False,False,,TraesCS7B03G0145600LC.1,,0.5,0.0,0.0501,0.00768245838668,1,1,1,1,1,1,0,0,0,,,
2313,PXD004720,bread wheat,embryo,single,protein,no,TraesCS7B03G0220100.1,TraesCS7B03G0220100.1,TraesCS7B03G0220100.1,,406,False,False,,TraesCS7B03G0220100.1,,2.22,0.0,0.0527,0.00768245838668,1,1,1,1,1,1,0,0,0,4C(57.0214),,
2314,PXD004720,bread wheat,embryo,single,protein,no,TraesCS7B03G0224200LC.1,TraesCS7B03G0224200LC.1,TraesCS7B03G0224200LC.1,,100,False,False,,TraesCS7B03G0224200LC.1,,9.0,0.0,0.1202,0.00768245838668,1,1,1,1,1,1,0,0,0,4C(57.0214),,
2315,PXD004720,bread wheat,embryo,single,protein,no,TraesCS7B03G0379800LC.1,TraesCS7B03G0379800LC.1,TraesCS7B03G0379800LC.1,,180,False,False,,TraesCS7B03G0379800LC.1,,5.56,0.0,0.2104,0.00768245838668,1,1,1,1,1,1,0,0,0,,,
2316,PXD004720,bread wheat,embryo,single,protein,no,TraesCS7B03G0392700.1,TraesCS7B03G0392700.1,TraesCS7B03G0392700.1,,633,False,False,,TraesCS7B03G0392700.1,,3.32,0.0,0.0831,0.00768245838668,1,1,1,1,1,1,0,0,0,,,
2317,PXD004720,bread wheat,embryo,single,protein,no,TraesCS7B03G0426100LC.1,TraesCS7B03G0426100LC.1,TraesCS7B03G0426100LC.1,,220,False,False,,TraesCS7B03G0426100LC.1,,7.27,0.0,0.1865,0.00768245838668,1,1,1,1,1,1,0,0,0,,,
2318,PXD004720,bread wheat,embryo,single,protein,no,TraesCS7B03G0432500.1,TraesCS7B03G0432500.1,TraesCS7B03G0432500.1,,472,False,False,,TraesCS7B03G0432500.1,,3.6,0.0,0.0667,0.00768245838668,1,1,1,1,1,1,0,0,0,N-term(42.0106),,
2319,PXD004720,bread wheat,embryo,single,protein,no,TraesCS7B03G0440500.1,TraesCS7B03G0440500.1,TraesCS7B03G0440500.1,,691,False,False,,TraesCS7B03G0440500.1,,2.75,0.0,0.197,0.00768245838668,1,0,1,1,0,1,0,0,0,,,TraesCS7D03G0600300.1
2320,PXD004720,bread wheat,embryo,single,protein,no,TraesCS7B03G0562300LC.1,TraesCS7B03G0562300LC.1,TraesCS7B03G0562300LC.1,,344,False,False,,TraesCS7B03G0562300LC.1,,3.49,0.0,0.1287,0.00768245838668,1,1,1,1,1,1,0,0,0,8M(15.9949),,
2321,PXD004720,bread wheat,embryo,single,protein,no,TraesCS7B03G0673800.1,TraesCS7B03G0673800.1,TraesCS7B03G0673800.1,,905,False,False,,TraesCS7B03G0673800.1,,0.99,0.0,0.1753,0.00768245838668,1,1,1,1,1,1,0,0,0,,,
2322,PXD004720,bread wheat,embryo,single,protein,no,TraesCS7B03G0711500.1,TraesCS7B03G0711500.1,TraesCS7B03G0711500.1,,398,False,False,,TraesCS7B03G0711500.1,,5.78,0.0,0.0915,0.00768245838668,1,1,1,1,1,1,0,0,0,15M(15.9949),,
2323,PXD004720,bread wheat,embryo,single,protein,no,TraesCS7B03G0754200LC.1,TraesCS7B03G0754200LC.1,TraesCS7B03G0754200LC.1,,282,False,False,,TraesCS7B03G0754200LC.1,,5.32,0.0,0.1986,0.00768245838668,1,1,1,3,3,3,0,0,0,,,
2324,PXD004720,bread wheat,embryo,single,protein,no,TraesCS7B03G0915800LC.1,TraesCS7B03G0915800LC.1,TraesCS7B03G0915800LC.1,,125,False,False,,TraesCS7B03G0915800LC.1,,14.4,0.0,0.1341,0.00768245838668,1,1,1,1,1,1,0,0,0,"1M(15.9949), 5C(57.0214), 8C(57.0214), 9C(57.0214)",,
2325,PXD004720,bread wheat,embryo,single,protein,no,TraesCS7B03G0916500.1,TraesCS7B03G0916500.1,TraesCS7B03G0916500.1,,228,False,False,,TraesCS7B03G0916500.1,,4.39,0.0,0.0736,0.00768245838668,1,1,1,1,1,1,0,0,0,,,
2326,PXD004720,bread wheat,embryo,single,protein,no,TraesCS7B03G0917300.1,TraesCS7B03G0917300.1,TraesCS7B03G0917300.1,,144,False,False,,TraesCS7B03G0917300.1,,13.19,0.0,0.0612,0.00768245838668,1,1,1,1,1,1,0,0,0,9M(15.9949),,
2327,PXD004720,bread wheat,embryo,single,protein,no,TraesCS7B03G0974300.2,TraesCS7B03G0974300.2,TraesCS7B03G0974300.2,,306,False,False,,TraesCS7B03G0974300.2,,4.25,0.0,0.0991,0.00768245838668,1,1,1,1,1,1,0,0,0,,,
2328,PXD004720,bread wheat,embryo,single,protein,no,TraesCS7B03G0983500.1,TraesCS7B03G0983500.1,TraesCS7B03G0983500.1,,993,False,False,,TraesCS7B03G0983500.1,,1.51,0.0,0.0544,0.00768245838668,1,0,1,1,0,1,0,0,0,,,TraesCS7B03G0983500.2
2329,PXD004720,bread wheat,embryo,single,protein,no,TraesCS7B03G1008000LC.1,TraesCS7B03G1008000LC.1,TraesCS7B03G1008000LC.1,,233,False,False,,TraesCS7B03G1008000LC.1,,9.01,0.0,0.0566,0.00768245838668,1,1,1,1,1,1,0,0,0,,,
2330,PXD004720,bread wheat,embryo,single,protein,no,TraesCS7B03G1011500LC.1,TraesCS7B03G1011500LC.1,TraesCS7B03G1011500LC.1,,123,False,False,,TraesCS7B03G1011500LC.1,,9.76,0.0,0.0581,0.00768245838668,1,1,1,1,1,1,0,0,0,,,
2331,PXD004720,bread wheat,embryo,single,protein,no,TraesCS7B03G1075500.1,TraesCS7B03G1075500.1,TraesCS7B03G1075500.1,,537,False,False,,TraesCS7B03G1075500.1,,1.68,0.0,0.1105,0.00768245838668,1,1,1,1,1,1,0,0,0,,,
2332,PXD004720,bread wheat,embryo,single,protein,no,TraesCS7B03G1103700LC.1,TraesCS7B03G1103700LC.1,TraesCS7B03G1103700LC.1,,394,False,False,,TraesCS7B03G1103700LC.1,,5.33,0.0,0.1619,0.00768245838668,2,1,1,2,1,1,0,0,0,,,
2333,PXD004720,bread wheat,embryo,single,protein,no,TraesCS7B03G1106300.1,TraesCS7B03G1106300.1,TraesCS7B03G1106300.1,,440,False,False,,TraesCS7B03G1106300.1,,2.95,0.0,0.0513,0.00768245838668,1,1,1,1,1,1,0,0,0,,,
2334,PXD004720,bread wheat,embryo,single,protein,no,TraesCS7B03G1147600LC.1,TraesCS7B03G1147600LC.1,TraesCS7B03G1147600LC.1,,164,False,False,,TraesCS7B03G1147600LC.1,,6.71,0.0,0.0593,0.00768245838668,1,0,1,1,0,1,0,0,0,,,TraesCS7B03G1152700.1
2335,PXD004720,bread wheat,embryo,single,protein,no,TraesCS7B03G1184600.1,TraesCS7B03G1184600.1,TraesCS7B03G1184600.1,,896,False,False,,TraesCS7B03G1184600.1,,1.67,0.0,0.2049,0.00768245838668,1,1,1,1,1,1,0,0,0,9C(57.0214),,
2336,PXD004720,bread wheat,embryo,single,protein,no,TraesCS7B03G1195600LC.1,TraesCS7B03G1195600LC.1,TraesCS7B03G1195600LC.1,,187,False,False,,TraesCS7B03G1195600LC.1,,5.35,0.0,0.0559,0.00768245838668,1,1,1,1,1,1,0,0,0,,,
2337,PXD004720,bread wheat,embryo,single,protein,no,TraesCS7B03G1212600LC.1,TraesCS7B03G1212600LC.1,TraesCS7B03G1212600LC.1,,476,False,False,,TraesCS7B03G1212600LC.1,,2.1,0.0,0.2703,0.00768245838668,1,1,1,2,2,2,0,0,0,,,
2338,PXD004720,bread wheat,embryo,single,protein,no,TraesCS7B03G1228500LC.1,TraesCS7B03G1228500LC.1,TraesCS7B03G1228500LC.1,,536,False,False,,TraesCS7B03G1228500LC.1,,2.43,0.0,0.1072,0.00768245838668,1,1,1,1,1,1,0,0,0,,,
2339,PXD004720,bread wheat,embryo,single,protein,no,TraesCS7B03G1231100.1,TraesCS7B03G1231100.1,TraesCS7B03G1231100.1,,678,False,False,,TraesCS7B03G1231100.1,,1.77,0.0,0.1149,0.00768245838668,1,1,1,2,2,2,0,0,0,3M(15.9949),,
2340,PXD004720,bread wheat,embryo,single,protein,no,TraesCS7B03G1251300LC.1,TraesCS7B03G1251300LC.1,TraesCS7B03G1251300LC.1,,221,False,False,,TraesCS7B03G1251300LC.1,,4.07,0.0,0.0714,0.00768245838668,1,1,1,1,1,1,0,0,0,5M(15.9949),,
2341,PXD004720,bread wheat,embryo,single,protein,no,TraesCS7B03G1273400.1,TraesCS7B03G1273400.1,TraesCS7B03G1273400.1,,1018,False,False,,TraesCS7B03G1273400.1,,1.47,0.0,0.1958,0.00768245838668,1,0,1,1,0,1,0,0,0,,,TraesCS7D03G1264200.1
2342,PXD004720,bread wheat,embryo,single,protein,no,TraesCS7B03G1306300LC.1,TraesCS7B03G1306300LC.1,TraesCS7B03G1306300LC.1,,1312,False,False,,TraesCS7B03G1306300LC.1,,1.37,0.0,0.1703,0.00768245838668,1,1,1,1,1,1,0,0,0,"14C(57.0214), 9C(57.0214)",,
2343,PXD004720,bread wheat,embryo,single,protein,no,TraesCS7B03G1326500LC.1,TraesCS7B03G1326500LC.1,TraesCS7B03G1326500LC.1,,666,False,False,,TraesCS7B03G1326500LC.1,,1.35,0.0,0.0522,0.00768245838668,1,1,1,1,1,1,0,0,0,,,
2344,PXD004720,bread wheat,embryo,single,protein,no,TraesCS7D03G0019600.1,TraesCS7D03G0019600.1,TraesCS7D03G0019600.1,,302,False,False,,TraesCS7D03G0019600.1,,3.64,0.0,0.0875,0.00768245838668,1,1,1,1,1,1,0,0,0,,,
2345,PXD004720,bread wheat,embryo,single,protein,no,TraesCS7D03G0047700LC.1,TraesCS7D03G0047700LC.1,TraesCS7D03G0047700LC.1,,527,False,False,,TraesCS7D03G0047700LC.1,,1.71,0.0,0.323,0.00768245838668,1,1,1,1,1,1,0,0,0,,,
2346,PXD004720,bread wheat,embryo,single,protein,no,TraesCS7D03G0080700.1,TraesCS7D03G0080700.1,TraesCS7D03G0080700.1,,682,False,False,,TraesCS7D03G0080700.1,,1.61,0.0,0.234,0.00768245838668,1,1,1,1,1,1,0,0,0,,,
2347,PXD004720,bread wheat,embryo,single,protein,no,TraesCS7D03G0090600.1,TraesCS7D03G0090600.1,TraesCS7D03G0090600.1,,267,False,False,,TraesCS7D03G0090600.1,,7.49,0.0,0.3492,0.00768245838668,1,1,1,1,1,1,0,0,0,17C(57.0214),,
2348,PXD004720,bread wheat,embryo,single,protein,no,TraesCS7D03G0098700.1,TraesCS7D03G0098700.1,TraesCS7D03G0098700.1,,252,False,False,,TraesCS7D03G0098700.1,,3.17,0.0,0.1293,0.00768245838668,1,1,1,1,1,1,0,0,0,,,
2349,PXD004720,bread wheat,embryo,single,protein,no,TraesCS7D03G0099200.1,TraesCS7D03G0099200.1,TraesCS7D03G0099200.1,,264,False,False,,TraesCS7D03G0099200.1,,3.79,0.0,0.0759,0.00768245838668,1,1,1,1,1,1,0,0,0,,,
2350,PXD004720,bread wheat,embryo,single,protein,no,TraesCS7D03G0110400.1,TraesCS7D03G0110400.1,TraesCS7D03G0110400.1,,181,False,False,,TraesCS7D03G0110400.1,,6.63,0.0,0.0723,0.00768245838668,1,1,1,1,1,1,0,0,0,,,
2351,PXD004720,bread wheat,embryo,single,protein,no,TraesCS7D03G0145900.1,TraesCS7D03G0145900.1,TraesCS7D03G0145900.1,,244,False,False,,TraesCS7D03G0145900.1,,8.61,0.0,0.1245,0.00768245838668,1,1,1,1,1,1,0,0,0,11M(15.9949),,
2352,PXD004720,bread wheat,embryo,single,protein,no,TraesCS7D03G0206000LC.1,TraesCS7D03G0206000LC.1,TraesCS7D03G0206000LC.1,,267,False,False,,TraesCS7D03G0206000LC.1,,3.0,0.0,0.1597,0.00768245838668,1,1,1,1,1,1,0,0,0,,,
2353,PXD004720,bread wheat,embryo,single,protein,no,TraesCS7D03G0231900LC.1,TraesCS7D03G0231900LC.1,TraesCS7D03G0231900LC.1,,107,False,False,,TraesCS7D03G0231900LC.1,,9.35,0.0,0.3205,0.00768245838668,1,1,1,1,1,1,0,0,0,,,
2354,PXD004720,bread wheat,embryo,single,protein,no,TraesCS7D03G0250100LC.1,TraesCS7D03G0250100LC.1,TraesCS7D03G0250100LC.1,,734,False,False,,TraesCS7D03G0250100LC.1,,2.04,0.0,0.1528,0.00768245838668,1,1,1,1,1,1,0,0,0,,,
2355,PXD004720,bread wheat,embryo,single,protein,no,TraesCS7D03G0272900.2,TraesCS7D03G0272900.2,TraesCS7D03G0272900.2,,1113,False,False,,TraesCS7D03G0272900.2,,0.63,0.0,0.2974,0.00768245838668,1,0,1,2,0,2,0,0,0,,,
2356,PXD004720,bread wheat,embryo,single,protein,no,TraesCS7D03G0298600LC.1,TraesCS7D03G0298600LC.1,TraesCS7D03G0298600LC.1,,338,False,False,,TraesCS7D03G0298600LC.1,,2.66,0.0,0.2888,0.00768245838668,1,1,1,1,1,1,0,0,0,6M(15.9949),,
2357,PXD004720,bread wheat,embryo,single,protein,no,TraesCS7D03G0305100LC.1,TraesCS7D03G0305100LC.1,TraesCS7D03G0305100LC.1,,174,False,False,,TraesCS7D03G0305100LC.1,,10.92,0.0,0.1951,0.00768245838668,1,1,1,1,1,1,0,0,0,1C(57.0214),,
2358,PXD004720,bread wheat,embryo,single,protein,no,TraesCS7D03G0335900.1,TraesCS7D03G0335900.1,TraesCS7D03G0335900.1,,436,False,False,,TraesCS7D03G0335900.1,,2.75,0.0,0.0732,0.00768245838668,1,1,1,1,1,1,0,0,0,7C(57.0214),,
2359,PXD004720,bread wheat,embryo,single,protein,no,TraesCS7D03G0356300LC.1,TraesCS7D03G0356300LC.1,TraesCS7D03G0356300LC.1,,187,False,False,,TraesCS7D03G0356300LC.1,,5.88,0.0,0.2248,0.00768245838668,1,1,1,1,1,1,0,0,0,,,
2360,PXD004720,bread wheat,embryo,single,protein,no,TraesCS7D03G0396900LC.2,TraesCS7D03G0396900LC.2,TraesCS7D03G0396900LC.2,,111,False,False,,TraesCS7D03G0396900LC.2,,18.92,0.0,0.0976,0.00768245838668,1,1,1,1,1,1,0,0,0,15M(15.9949),,
2361,PXD004720,bread wheat,embryo,single,protein,no,TraesCS7D03G0427700.2,TraesCS7D03G0427700.2,TraesCS7D03G0427700.2,,314,False,False,,TraesCS7D03G0427700.2,,2.87,0.0,0.1435,0.00768245838668,1,0,1,1,0,1,0,0,0,,,
2362,PXD004720,bread wheat,embryo,single,protein,no,TraesCS7D03G0430900LC.1,TraesCS7D03G0430900LC.1,TraesCS7D03G0430900LC.1,,1282,False,False,,TraesCS7D03G0430900LC.1,,0.94,0.0,0.0823,0.00768245838668,1,1,1,1,1,1,0,0,0,,,
2363,PXD004720,bread wheat,embryo,single,protein,no,TraesCS7D03G0487300.1,TraesCS7D03G0487300.1,TraesCS7D03G0487300.1,,905,False,False,,TraesCS7D03G0487300.1,,1.55,0.0,0.0861,0.00768245838668,1,1,1,1,1,1,0,0,0,,,
2364,PXD004720,bread wheat,embryo,single,protein,no,TraesCS7D03G0696500LC.1,TraesCS7D03G0696500LC.1,TraesCS7D03G0696500LC.1,,628,False,False,,TraesCS7D03G0696500LC.1,,2.55,0.0,0.1468,0.00768245838668,1,1,1,1,1,1,0,0,0,8C(57.0214),,
2365,PXD004720,bread wheat,embryo,single,protein,no,TraesCS7D03G0727100LC.1,TraesCS7D03G0727100LC.1,TraesCS7D03G0727100LC.1,,169,False,False,,TraesCS7D03G0727100LC.1,,5.33,0.0,0.0664,0.00768245838668,1,1,1,1,1,1,0,0,0,,,
2366,PXD004720,bread wheat,embryo,single,protein,no,TraesCS7D03G0729200.1,TraesCS7D03G0729200.1,TraesCS7D03G0729200.1,,204,False,False,,TraesCS7D03G0729200.1,,5.88,0.0,0.0791,0.00768245838668,1,1,1,1,1,1,0,0,0,,,
2367,PXD004720,bread wheat,embryo,single,protein,no,TraesCS7D03G0732800LC.1,TraesCS7D03G0732800LC.1,TraesCS7D03G0732800LC.1,,1675,False,False,,TraesCS7D03G0732800LC.1,,1.01,0.0,0.0503,0.00768245838668,1,1,1,1,1,1,0,0,0,4M(15.9949),,
2368,PXD004720,bread wheat,embryo,single,protein,no,TraesCS7D03G0764900.1,TraesCS7D03G0764900.1,TraesCS7D03G0764900.1,,462,False,False,,TraesCS7D03G0764900.1,,2.16,0.0,0.0522,0.00768245838668,1,1,1,1,1,1,0,0,0,,,
2369,PXD004720,bread wheat,embryo,single,protein,no,TraesCS7D03G0782600LC.1,TraesCS7D03G0782600LC.1,TraesCS7D03G0782600LC.1,,233,False,False,,TraesCS7D03G0782600LC.1,,5.58,0.0,0.1718,0.00768245838668,1,1,1,1,1,1,0,0,0,,,
2370,PXD004720,bread wheat,embryo,single,protein,no,TraesCS7D03G0791000LC.1,TraesCS7D03G0791000LC.1,TraesCS7D03G0791000LC.1,,52,False,False,,TraesCS7D03G0791000LC.1,,19.23,0.0,0.2488,0.00768245838668,1,1,1,2,2,2,0,0,0,,,
2371,PXD004720,bread wheat,embryo,single,protein,no,TraesCS7D03G0792500.1,TraesCS7D03G0792500.1,TraesCS7D03G0792500.1,,319,False,False,,TraesCS7D03G0792500.1,,6.9,0.0,0.1196,0.00768245838668,1,1,1,1,1,1,0,0,0,"13C(57.0214), 7C(57.0214)",,
2372,PXD004720,bread wheat,embryo,single,protein,no,TraesCS7D03G0816600LC.1,TraesCS7D03G0816600LC.1,TraesCS7D03G0816600LC.1,,328,False,False,,TraesCS7D03G0816600LC.1,,4.27,0.0,0.0816,0.00768245838668,1,1,1,1,1,1,0,0,0,5C(57.0214),,
2373,PXD004720,bread wheat,embryo,single,protein,no,TraesCS7D03G0837600.1,TraesCS7D03G0837600.1,TraesCS7D03G0837600.1,,515,False,False,,TraesCS7D03G0837600.1,,2.33,0.0,0.1862,0.00768245838668,1,1,1,1,1,1,0,0,0,3M(15.9949),,
2374,PXD004720,bread wheat,embryo,single,protein,no,TraesCS7D03G0846100.1,TraesCS7D03G0846100.1,TraesCS7D03G0846100.1,,395,False,False,,TraesCS7D03G0846100.1,,4.56,0.0,0.3356,0.00768245838668,1,1,1,1,1,1,0,0,0,14C(57.0214),,
2375,PXD004720,bread wheat,embryo,single,protein,no,TraesCS7D03G0915600LC.1,TraesCS7D03G0915600LC.1,TraesCS7D03G0915600LC.1,,419,False,False,,TraesCS7D03G0915600LC.1,,3.34,0.0,0.1763,0.00768245838668,1,1,1,1,1,1,0,0,0,,,
2376,PXD004720,bread wheat,embryo,single,protein,no,TraesCS7D03G0917500LC.1,TraesCS7D03G0917500LC.1,TraesCS7D03G0917500LC.1,,1071,False,False,,TraesCS7D03G0917500LC.1,,1.68,0.0,0.2557,0.00768245838668,1,1,1,1,1,1,0,0,0,,,
2377,PXD004720,bread wheat,embryo,single,protein,no,TraesCS7D03G0929900LC.1,TraesCS7D03G0929900LC.1,TraesCS7D03G0929900LC.1,,696,False,False,,TraesCS7D03G0929900LC.1,,2.16,0.0,0.2016,0.00768245838668,1,1,1,1,1,1,0,0,0,,,
2378,PXD004720,bread wheat,embryo,single,protein,no,TraesCS7D03G1004900.1,TraesCS7D03G1004900.1,TraesCS7D03G1004900.1,,666,False,False,,TraesCS7D03G1004900.1,,2.55,0.0,0.0509,0.00768245838668,1,1,1,2,2,2,0,0,0,,,
2379,PXD004720,bread wheat,embryo,single,protein,no,TraesCS7D03G1007900LC.1,TraesCS7D03G1007900LC.1,TraesCS7D03G1007900LC.1,,391,False,False,,TraesCS7D03G1007900LC.1,,2.3,0.0,0.2672,0.00768245838668,1,1,1,1,1,1,0,0,0,,,
2380,PXD004720,bread wheat,embryo,single,protein,no,TraesCS7D03G1012400LC.1,TraesCS7D03G1012400LC.1,TraesCS7D03G1012400LC.1,,250,False,False,,TraesCS7D03G1012400LC.1,,3.2,0.0,0.0,0.00768245838668,1,0,1,1,0,1,0,0,0,,,
2381,PXD004720,bread wheat,embryo,single,protein,no,TraesCS7D03G1017200.1,TraesCS7D03G1017200.1,TraesCS7D03G1017200.1,,426,False,False,,TraesCS7D03G1017200.1,,3.05,0.0,0.1199,0.00768245838668,1,1,1,1,1,1,0,0,0,11C(57.0214),,
2382,PXD004720,bread wheat,embryo,single,protein,no,TraesCS7D03G1031300.1,TraesCS7D03G1031300.1,TraesCS7D03G1031300.1,,678,False,False,,TraesCS7D03G1031300.1,,1.33,0.0,0.0507,0.00768245838668,1,1,1,1,1,1,0,0,0,,,
2383,PXD004720,bread wheat,embryo,single,protein,no,TraesCS7D03G1062900.1,TraesCS7D03G1062900.1,TraesCS7D03G1062900.1,,3196,False,False,,TraesCS7D03G1062900.1,,0.38,0.0,0.0668,0.00768245838668,1,0,1,1,0,1,0,0,0,,,TraesCS7D03G1062900.2
2384,PXD004720,bread wheat,embryo,single,protein,no,TraesCS7D03G1078300LC.1,TraesCS7D03G1078300LC.1,TraesCS7D03G1078300LC.1,,153,False,False,,TraesCS7D03G1078300LC.1,,10.46,0.0,0.0963,0.00768245838668,1,1,1,1,1,1,0,0,0,,,
2385,PXD004720,bread wheat,embryo,single,protein,no,TraesCS7D03G1138700LC.1,TraesCS7D03G1138700LC.1,TraesCS7D03G1138700LC.1,,488,False,False,,TraesCS7D03G1138700LC.1,,2.25,0.0,0.0623,0.00768245838668,1,1,1,1,1,1,0,0,0,5M(15.9949),,
2386,PXD004720,bread wheat,embryo,single,protein,no,TraesCS7D03G1139400.1,TraesCS7D03G1139400.1,TraesCS7D03G1139400.1,,464,False,False,,TraesCS7D03G1139400.1,,3.02,0.0,0.2912,0.00768245838668,1,1,1,1,1,1,0,0,0,10M(15.9949),,
2387,PXD004720,bread wheat,embryo,single,protein,no,TraesCS7D03G1147800LC.1,TraesCS7D03G1147800LC.1,TraesCS7D03G1147800LC.1,,261,False,False,,TraesCS7D03G1147800LC.1,,4.6,0.0,0.0726,0.00768245838668,1,1,1,1,1,1,0,0,0,"2M(15.9949), 4M(15.9949), N-term(42.0106)",,
2388,PXD004720,bread wheat,embryo,single,protein,no,TraesCS7D03G1195000LC.1,TraesCS7D03G1195000LC.1,TraesCS7D03G1195000LC.1,,493,False,False,,TraesCS7D03G1195000LC.1,,1.83,0.0,0.326,0.00768245838668,1,1,1,1,1,1,0,0,0,,,
2389,PXD004720,bread wheat,embryo,single,protein,no,TraesCS7D03G1208400.1,TraesCS7D03G1208400.1,TraesCS7D03G1208400.1,,286,False,False,,TraesCS7D03G1208400.1,,3.85,0.0,0.2707,0.00768245838668,1,1,1,1,1,1,0,0,0,,,
2390,PXD004720,bread wheat,embryo,single,protein,no,TraesCS7D03G1227300LC.1,TraesCS7D03G1227300LC.1,TraesCS7D03G1227300LC.1,,108,False,False,,TraesCS7D03G1227300LC.1,,10.19,0.0,0.2285,0.00768245838668,1,1,1,1,1,1,0,0,0,,,
2391,PXD004720,bread wheat,embryo,single,protein,no,TraesCS7D03G1229500.1,TraesCS7D03G1229500.1,TraesCS7D03G1229500.1,,299,False,False,,TraesCS7D03G1229500.1,,5.35,0.0,0.0917,0.00768245838668,1,1,1,1,1,1,0,0,0,,,
2392,PXD004720,bread wheat,embryo,single,protein,no,TraesCS7D03G1234300.1,TraesCS7D03G1234300.1,TraesCS7D03G1234300.1,,1375,False,False,,TraesCS7D03G1234300.1,,1.02,0.0,0.1499,0.00768245838668,1,1,1,1,1,1,0,0,0,,,
2393,PXD004720,bread wheat,embryo,single,protein,no,TraesCS7D03G1252300LC.1,TraesCS7D03G1252300LC.1,TraesCS7D03G1252300LC.1,,140,False,False,,TraesCS7D03G1252300LC.1,,5.71,0.0,0.1899,0.00768245838668,1,1,1,1,1,1,0,0,0,,,
2394,PXD004720,bread wheat,embryo,single,protein,no,TraesCS7D03G1285300LC.1,TraesCS7D03G1285300LC.1,TraesCS7D03G1285300LC.1,,425,False,False,,TraesCS7D03G1285300LC.1,,4.94,0.0,0.0806,0.00768245838668,1,1,1,1,1,1,0,0,0,,,
2395,PXD004720,bread wheat,embryo,single,protein,no,TraesCSU03G0024100LC.1,TraesCSU03G0024100LC.1,TraesCSU03G0024100LC.1,,240,False,False,,TraesCSU03G0024100LC.1,,6.67,0.0,0.1141,0.00768245838668,1,1,1,1,1,1,0,0,0,,,
2396,PXD004720,bread wheat,embryo,single,protein,no,TraesCSU03G0025200LC.1,TraesCSU03G0025200LC.1,TraesCSU03G0025200LC.1,,946,False,False,,TraesCSU03G0025200LC.1,,1.48,0.0,0.068,0.00768245838668,1,1,1,1,1,1,0,0,0,,,
2397,PXD004720,bread wheat,embryo,single,protein,no,TraesCSU03G0037300.1,TraesCSU03G0037300.1,TraesCSU03G0037300.1,,303,False,False,,TraesCSU03G0037300.1,,3.96,0.0,0.0589,0.00768245838668,1,1,1,1,1,1,0,0,0,,,
2398,PXD004720,bread wheat,embryo,single,protein,no,TraesCSU03G0106700.1,TraesCSU03G0106700.1,TraesCSU03G0106700.1,,1268,False,False,,TraesCSU03G0106700.1,,1.1,0.0,0.0705,0.00768245838668,1,1,1,1,1,1,0,0,0,,,
2399,PXD004720,bread wheat,embryo,single,protein,no,TraesCSU03G0112000LC.1,TraesCSU03G0112000LC.1,TraesCSU03G0112000LC.1,,99,False,False,,TraesCSU03G0112000LC.1,,10.1,0.0,0.1199,0.00768245838668,1,1,1,1,1,1,0,0,0,,,
2400,PXD004720,bread wheat,embryo,single,protein,no,TraesCSU03G0141000.1,TraesCSU03G0141000.1,TraesCSU03G0141000.1,,197,False,False,,TraesCSU03G0141000.1,,6.09,0.0,0.1214,0.00768245838668,1,1,1,1,1,1,0,0,0,,,
2401,PXD004720,bread wheat,embryo,single,protein,no,TraesCSU03G0199900.1,TraesCSU03G0199900.1,TraesCSU03G0199900.1,,142,False,False,,TraesCSU03G0199900.1,,5.63,0.0,0.1765,0.00768245838668,1,1,1,1,1,1,0,0,0,,,
2402,PXD004720,bread wheat,embryo,single,protein,no,TraesCSU03G0303800LC.1,TraesCSU03G0303800LC.1,TraesCSU03G0303800LC.1,,534,False,False,,TraesCSU03G0303800LC.1,,3.75,0.0,0.1946,0.00768245838668,1,1,1,1,1,1,0,0,0,2M(15.9949),,
2403,PXD004720,bread wheat,embryo,single,protein,no,TraesCSU03G0494000LC.1,TraesCSU03G0494000LC.1,TraesCSU03G0494000LC.1,,189,False,False,,TraesCSU03G0494000LC.1,,12.7,0.0,0.1557,0.00768245838668,1,1,1,1,1,1,0,0,0,4C(57.0214),,
